fb,tb,from_name,to_name,r_aa,r_ab,r_ac,r_bb,r_bc,r_cc,x_aa,x_ab,x_ac,x_bb,x_bc,x_cc,r_s1s1,r_s1s2,r_s2s2,x_s1s1,x_s1s2,x_s2s2,primary_phase,type,name,status,s_base,v_ln_base,z_base,phases
1,2,sourcebus,pribus,0.001736111111111111,0.0,0.0,0.0,0.0,0.0,0.003472222222222222,0.0,0.0,0.0,0.0,0.0,0.0,0.0,0.0,0.0,0.0,0.0,,line,pri1,,1000000,4156.921938165306,17.28,a
2,3,pribus,secbus,0.0,0.0,0.0,0.0,0.0,0.0,0.0,0.0,0.0,0.0,0.0,0.0,0.26999999999999996,0.0,0.26999999999999996,0.153,0.0,0.153,a,center_tap_xfmr,xfm1,CLOSED,1000000,160.0,0.0256,s1s2
3,4,secbus,loadbus,0.0,0.0,0.0,0.0,0.0,0.0,0.0,0.0,0.0,0.0,0.0,0.0,2.6736111111111116,0.5208333333333334,2.6736111111111116,1.3194444444444446,0.763888888888889,1.3194444444444446,a,triplex_line,drop1,,1000000,120.0,0.0144,s1s2
