fb,tb,from_name,to_name,raa,rab,rac,rbb,rbc,rcc,xaa,xab,xac,xbb,xbc,xcc,r_s1s1,r_s1s2,r_s2s2,x_s1s1,x_s1s2,x_s2s2,primary_phase,type,name,status,s_base,v_ln_base,z_base,phases
1,2,sourcebus,pribus,4.340277777777777e-05,0.0,0.0,0.0,0.0,0.0,8.680555555555555e-05,0.0,0.0,0.0,0.0,0.0,0.0,0.0,0.0,0.0,0.0,0.0,,line,pri1,,25000,4156.921938165306,691.2,a
2,3,pribus,secbus,0.0,0.0,0.0,0.0,0.0,0.0,0.0,0.0,0.0,0.0,0.0,0.0,0.008999999999999998,0.0,0.008999999999999998,0.005099999999999999,0.0,0.005099999999999999,a,center_tap_xfmr,xfm1,CLOSED,25000,138.5640646055102,0.7680000000000001,s1s2
3,4,secbus,loadbus,0.0,0.0,0.0,0.0,0.0,0.0,0.0,0.0,0.0,0.0,0.0,0.0,0.050130208333333336,0.009765624999999998,0.050130208333333336,0.024739583333333332,0.014322916666666666,0.024739583333333332,a,triplex_line,drop1,,25000,138.5640646055102,0.7680000000000001,s1s2
