id,pl_a,ql_a,pl_b,ql_b,pl_c,ql_c,pl_s1,ql_s1,pl_s2,ql_s2,pl_s1s2,ql_s1s2,cvr_p,cvr_q,name,bus_type,v_a,v_b,v_c,v_ln_base,s_base,v_min,v_max,phases,primary_phase,has_gen,has_load,has_cap,latitude,longitude,load_shape
1,0.0,0.0,0.0,0.0,0.0,0.0,0.0,0.0,0.0,0.0,0.0,0.0,0.0,0.0,sourcebus,SWING,1.05,1.05,1.05,66395.28095680696,1000000.0,0.9,1.05,abc,,False,False,False,46.6965308,-119.0696656,default
2,0.0,0.0,0.0,0.0,0.0,0.0,0.0,0.0,0.0,0.0,0.0,0.0,0.0,0.0,hvmv115_hsb1,PQ,1.0,1.0,1.0,66395.28095680696,1000000.0,0.9,1.05,abc,,False,False,False,46.6960952,-119.0701878,default
3,0.0,0.0,0.0,0.0,0.0,0.0,0.0,0.0,0.0,0.0,0.0,0.0,0.0,0.0,hvmv115_hsb2,PQ,1.0,1.0,1.0,66395.28095680696,1000000.0,0.9,1.05,abc,,False,False,False,46.6956596,-119.07071,default
4,0.0,0.0,0.0,0.0,0.0,0.0,0.0,0.0,0.0,0.0,0.0,0.0,0.0,0.0,regxfmr_hvmv69sub1_lsb1,PQ,1.0,1.0,1.0,39837.16857408418,1000000.0,0.9,1.05,abc,,False,False,False,46.695224,-119.0712322,default
5,0.0,0.0,0.0,0.0,0.0,0.0,0.0,0.0,0.0,0.0,0.0,0.0,0.0,0.0,hvmv69sub1_lsb2,PQ,1.0,1.0,1.0,39837.16857408418,1000000.0,0.9,1.05,abc,,False,False,False,46.69478842,-119.0717544,default
6,0.0,0.0,0.0,0.0,0.0,0.0,0.0,0.0,0.0,0.0,0.0,0.0,0.0,0.0,hvmv69s1s2_1,PQ,1.0,1.0,1.0,39837.16857408418,1000000.0,0.9,1.05,abc,,False,False,False,46.69391722,-119.07071,default
7,0.0,0.0,0.0,0.0,0.0,0.0,0.0,0.0,0.0,0.0,0.0,0.0,0.0,0.0,hvmv69s1s2_2,PQ,1.0,1.0,1.0,39837.16857408418,1000000.0,0.9,1.05,abc,,False,False,False,46.6804138,-119.0691435,default
8,0.0,0.0,0.0,0.0,0.0,0.0,0.0,0.0,0.0,0.0,0.0,0.0,0.0,0.0,hvmv69s1s2_3,PQ,1.0,1.0,1.0,39837.16857408418,1000000.0,0.9,1.05,abc,,False,False,False,46.6717019,-119.0696656,default
9,0.0,0.0,0.0,0.0,0.0,0.0,0.0,0.0,0.0,0.0,0.0,0.0,0.0,0.0,hvmv69s1s2_4,PQ,1.0,1.0,1.0,39837.16857408418,1000000.0,0.9,1.05,abc,,False,False,False,46.66734596,-119.0811537,default
10,0.0,0.0,0.0,0.0,0.0,0.0,0.0,0.0,0.0,0.0,0.0,0.0,0.0,0.0,hvmv69s1s2_5,PQ,1.0,1.0,1.0,39837.16857408418,1000000.0,0.9,1.05,abc,,False,False,False,46.66734596,-119.1072628,default
11,0.0,0.0,0.0,0.0,0.0,0.0,0.0,0.0,0.0,0.0,0.0,0.0,0.0,0.0,hvmv69s1s2_6,PQ,1.0,1.0,1.0,39837.16857408418,1000000.0,0.9,1.05,abc,,False,False,False,46.65427812,-119.1333719,default
12,0.0,0.0,0.0,0.0,0.0,0.0,0.0,0.0,0.0,0.0,0.0,0.0,0.0,0.0,hvmv69s1s2_7,PQ,1.0,1.0,1.0,39837.16857408418,1000000.0,0.9,1.05,abc,,False,False,False,46.64338826,-119.1594811,default
13,0.0,0.0,0.0,0.0,0.0,0.0,0.0,0.0,0.0,0.0,0.0,0.0,0.0,0.0,hvmv69s1s2_8,PQ,1.0,1.0,1.0,39837.16857408418,1000000.0,0.9,1.05,abc,,False,False,False,46.63685434,-119.1751466,default
14,0.0,0.0,0.0,0.0,0.0,0.0,0.0,0.0,0.0,0.0,0.0,0.0,0.0,0.0,hvmv69s1s2_9,PQ,1.0,1.0,1.0,39837.16857408418,1000000.0,0.9,1.05,abc,,False,False,False,46.62901364,-119.190812,default
15,0.0,0.0,0.0,0.0,0.0,0.0,0.0,0.0,0.0,0.0,0.0,0.0,0.0,0.0,hvmv69s1s2_10,PQ,1.0,1.0,1.0,39837.16857408418,1000000.0,0.9,1.05,abc,,False,False,False,46.62073734,-119.2033444,default
16,0.0,0.0,0.0,0.0,0.0,0.0,0.0,0.0,0.0,0.0,0.0,0.0,0.0,0.0,hvmv69sub2_lnb,PQ,1.0,1.0,1.0,39837.16857408418,1000000.0,0.9,1.05,abc,,False,False,False,46.62073734,-119.2047543,default
17,0.0,0.0,0.0,0.0,0.0,0.0,0.0,0.0,0.0,0.0,0.0,0.0,0.0,0.0,hvmv69s2s3_1,PQ,1.0,1.0,1.0,39837.16857408418,1000000.0,0.9,1.05,abc,,False,False,False,46.62073734,-119.2059553,default
18,0.0,0.0,0.0,0.0,0.0,0.0,0.0,0.0,0.0,0.0,0.0,0.0,0.0,0.0,hvmv69s2s3_2,PQ,1.0,1.0,1.0,39837.16857408418,1000000.0,0.9,1.05,abc,,False,False,False,46.679107,-119.2401583,default
19,0.0,0.0,0.0,0.0,0.0,0.0,0.0,0.0,0.0,0.0,0.0,0.0,0.0,0.0,hvmv69sub3_hsb,PQ,1.0,1.0,1.0,39837.16857408418,1000000.0,0.9,1.05,abc,,False,False,False,46.6799782,-119.2404194,default
20,0.0,0.0,0.0,0.0,0.0,0.0,0.0,0.0,0.0,0.0,0.0,0.0,0.0,0.0,regxfmr_hvmv11sub3_lsb,PQ,1.0,1.0,1.0,7199.557856794634,1000000.0,0.9,1.05,abc,,False,False,False,46.68084938,-119.2406805,default
21,0.0,0.0,0.0,0.0,0.0,0.0,0.0,0.0,0.0,0.0,0.0,0.0,0.0,0.0,hvmv11sub3_lsb,PQ,1.0,1.0,1.0,7199.557856794634,1000000.0,0.9,1.05,abc,,False,False,False,46.68172058,-119.2409416,default
22,0.0,0.0,0.0,0.0,0.0,0.0,0.0,0.0,0.0,0.0,0.0,0.0,0.0,0.0,e203026,PQ,1.0,1.0,1.0,7199.557856794634,1000000.0,0.9,1.05,abc,,False,False,False,46.68271272,-119.2412838,default
23,0.0,0.0,0.0,0.0,0.0,0.0,0.0,0.0,0.0,0.0,0.0,0.0,0.0,0.0,m1009650,PQ,1.0,1.0,1.0,7199.557856794634,1000000.0,0.9,1.05,abc,,False,False,False,46.68575126,-119.238392,default
24,0.0,0.0,0.0,0.0,0.0,0.0,0.0,0.0,0.0,0.0,0.0,0.0,0.0,0.0,m1009651,PQ,1.0,1.0,1.0,7199.557856794634,1000000.0,0.9,1.05,abc,,False,False,False,46.68584736,-119.2382887,default
25,0.0,0.0,0.0,0.0,0.0,0.0,0.0,0.0,0.0,0.0,0.0,0.0,0.0,0.0,l2879092,PQ,1.0,1.0,1.0,7199.557856794634,1000000.0,0.9,1.05,c,,False,False,False,46.68654592,-119.2386275,default
26,0.0,0.0,0.0,0.0,0.0,0.0,0.0,0.0,0.0,0.0,0.0,0.0,0.0,0.0,x2879092c,PQ,1.0,1.0,1.0,104.0,1000000.0,0.9,1.05,s1s2,c,False,False,False,46.6862,-119.2386,default
27,0.0,0.0,0.0,0.0,0.0,0.0,0.0087147959530814,0.0021841340646303,0.0014552041939422,0.0003647085989331,0.0,0.0,0.0,0.0,sx2879092c,PQ,1.0,1.0,1.0,104.0,1000000.0,0.9,1.05,s1s2,c,False,True,False,46.6862,-119.2389,default
28,0.0,0.0,0.0,0.0,0.0,0.0,0.0,0.0,0.0,0.0,0.0,0.0,0.0,0.0,m1026655,PQ,1.0,1.0,1.0,7199.557856794634,1000000.0,0.9,1.05,abc,,False,False,False,46.68646472,-119.237501,default
29,0.0,0.0,0.0,0.0,0.0,0.0,0.0,0.0,0.0,0.0,0.0,0.0,0.0,0.0,m1026658,PQ,1.0,1.0,1.0,7199.557856794634,1000000.0,0.9,1.05,abc,,False,False,False,46.68716346,-119.2366095,default
30,0.0,0.0,0.0,0.0,0.0,0.0,0.0,0.0,0.0,0.0,0.0,0.0,0.0,0.0,l2673319,PQ,1.0,1.0,1.0,7199.557856794634,1000000.0,0.9,1.05,abc,,False,False,False,46.6874892,-119.2361939,default
31,0.0,0.0,0.0,0.0,0.0,0.0,0.0,0.0,0.0,0.0,0.0,0.0,0.0,0.0,m1026662,PQ,1.0,1.0,1.0,7199.557856794634,1000000.0,0.9,1.05,abc,,False,False,False,46.688787,-119.2343047,default
32,0.0,0.0,0.0,0.0,0.0,0.0,0.0,0.0,0.0,0.0,0.0,0.0,0.0,0.0,m1026670,PQ,1.0,1.0,1.0,7199.557856794634,1000000.0,0.9,1.05,abc,,False,False,False,46.68936396,-119.2338653,default
33,0.0,0.0,0.0,0.0,0.0,0.0,0.0,0.0,0.0,0.0,0.0,0.0,0.0,0.0,m3036170,PQ,1.0,1.0,1.0,7199.557856794634,1000000.0,0.9,1.05,abc,,False,False,False,46.68952622,-119.2336658,default
34,0.0,0.0,0.0,0.0,0.0,0.0,0.0,0.0,0.0,0.0,0.0,0.0,0.0,0.0,l2691952,PQ,1.0,1.0,1.0,7199.557856794634,1000000.0,0.9,1.05,abc,,False,False,False,46.68954794,-119.2336391,default
35,0.0,0.0,0.0,0.0,0.0,0.0,0.0,0.0,0.0,0.0,0.0,0.0,0.0,0.0,q14414,PQ,1.0,1.0,1.0,7199.557856794634,1000000.0,0.9,1.05,abc,,False,False,False,46.68977908,-119.2331088,default
36,0.0,0.0,0.0,0.0,0.0,0.0,0.0,0.0,0.0,0.0,0.0,0.0,0.0,0.0,d5835167-6_int,PQ,1.0,1.0,1.0,7199.557856794634,1000000.0,0.9,1.05,abc,,False,False,False,46.69043246,-119.2323256,default
37,0.0,0.0,0.0,0.0,0.0,0.0,0.0,0.0,0.0,0.0,0.0,0.0,0.0,0.0,l3048221,PQ,1.0,1.0,1.0,7199.557856794634,1000000.0,0.9,1.05,abc,,False,False,False,46.69095422,-119.2317572,default
38,0.0,0.0,0.0,0.0,0.0,0.0,0.0,0.0,0.0,0.0,0.0,0.0,0.0,0.0,l3047060,PQ,1.0,1.0,1.0,7199.557856794634,1000000.0,0.9,1.05,abc,,False,False,False,46.69217484,-119.2325867,default
39,0.0,0.0,0.0,0.0,0.0,0.0,0.0,0.0,0.0,0.0,0.0,0.0,0.0,0.0,l3047059,PQ,1.0,1.0,1.0,7199.557856794634,1000000.0,0.9,1.05,abc,,False,False,False,46.69348162,-119.233631,default
40,0.0,0.0,0.0,0.0,0.0,0.0,0.0,0.0,0.0,0.0,0.0,0.0,0.0,0.0,l3047058,PQ,1.0,1.0,1.0,7199.557856794634,1000000.0,0.9,1.05,abc,,False,False,False,46.69491544,-119.2343615,default
41,0.0,0.0,0.0,0.0,0.0,0.0,0.0,0.0,0.0,0.0,0.0,0.0,0.0,0.0,m1026732,PQ,1.0,1.0,1.0,7199.557856794634,1000000.0,0.9,1.05,abc,,False,False,False,46.6960205,-119.2347855,default
42,0.0,0.0,0.0,0.0,0.0,0.0,0.0,0.0,0.0,0.0,0.0,0.0,0.0,0.0,l2766747,PQ,1.0,1.0,1.0,7199.557856794634,1000000.0,0.9,1.05,abc,,False,False,False,46.69650362,-119.2349709,default
43,0.0,0.0,0.0,0.0,0.0,0.0,0.0,0.0,0.0,0.0,0.0,0.0,0.0,0.0,l2858163,PQ,1.0,1.0,1.0,7199.557856794634,1000000.0,0.9,1.05,abc,,False,False,False,46.69869482,-119.2358314,default
44,0.0,0.0,0.0,0.0,0.0,0.0,0.0,0.0,0.0,0.0,0.0,0.0,0.0,0.0,l3216346,PQ,1.0,1.0,1.0,7199.557856794634,1000000.0,0.9,1.05,abc,,False,False,False,46.70016138,-119.2372363,default
45,0.0,0.0,0.0,0.0,0.0,0.0,0.0,0.0,0.0,0.0,0.0,0.0,0.0,0.0,m1026767,PQ,1.0,1.0,1.0,7199.557856794634,1000000.0,0.9,1.05,abc,,False,False,False,46.700769,-119.237437,default
46,0.0,0.0,0.0,0.0,0.0,0.0,0.0,0.0,0.0,0.0,0.0,0.0,0.0,0.0,l3029500,PQ,1.0,1.0,1.0,7199.557856794634,1000000.0,0.9,1.05,a,,False,False,False,46.70061858,-119.2349102,default
47,0.0,0.0,0.0,0.0,0.0,0.0,0.0,0.0,0.0,0.0,0.0,0.0,0.0,0.0,m1026764,PQ,1.0,1.0,1.0,7199.557856794634,1000000.0,0.9,1.05,a,,False,False,False,46.70066602,-119.233348,default
48,0.0,0.0,0.0,0.0,0.0,0.0,0.0,0.0,0.0,0.0,0.0,0.0,0.0,0.0,l3178976,PQ,1.0,1.0,1.0,7199.557856794634,1000000.0,0.9,1.05,a,,False,False,False,46.70197088,-119.2334541,default
49,0.0,0.0,0.0,0.0,0.0,0.0,0.0,0.0,0.0,0.0,0.0,0.0,0.0,0.0,m1026779,PQ,1.0,1.0,1.0,7199.557856794634,1000000.0,0.9,1.05,a,,False,False,False,46.70326252,-119.2335541,default
50,0.0,0.0,0.0,0.0,0.0,0.0,0.0,0.0,0.0,0.0,0.0,0.0,0.0,0.0,l2973169,PQ,1.0,1.0,1.0,7199.557856794634,1000000.0,0.9,1.05,a,,False,False,False,46.70397018,-119.2348698,default
51,0.0,0.0,0.0,0.0,0.0,0.0,0.0,0.0,0.0,0.0,0.0,0.0,0.0,0.0,x2973169a,PQ,1.0,1.0,1.0,104.0,1000000.0,0.9,1.05,s1s2,a,False,False,False,46.7036,-119.2349,default
52,0.0,0.0,0.0,0.0,0.0,0.0,0.0028783514693478,0.0007213827957248,0.0024416484262653,0.0006119347089382,0.0,0.0,0.0,0.0,sx2973169a,PQ,1.0,1.0,1.0,104.0,1000000.0,0.9,1.05,s1s2,a,False,True,False,46.7037,-119.2351,default
53,0.0,0.0,0.0,0.0,0.0,0.0,0.0,0.0,0.0,0.0,0.0,0.0,0.0,0.0,x3178976a,PQ,1.0,1.0,1.0,104.0,1000000.0,0.9,1.05,s1s2,a,False,False,False,46.7016,-119.2335,default
54,0.0,0.0,0.0,0.0,0.0,0.0,0.0014983583479279,0.000375523957675,0.0038216415456178,0.0009577935458312,0.0,0.0,0.0,0.0,sx3178976a,PQ,1.0,1.0,1.0,104.0,1000000.0,0.9,1.05,s1s2,a,False,True,False,46.7017,-119.2337,default
55,0.0,0.0,0.0,0.0,0.0,0.0,0.0,0.0,0.0,0.0,0.0,0.0,0.0,0.0,x3029500a,PQ,1.0,1.0,1.0,104.0,1000000.0,0.9,1.05,s1s2,a,False,False,False,46.7003,-119.2349,default
56,0.0,0.0,0.0,0.0,0.0,0.0,0.0076450203292277,0.0019160224815852,0.0012249794769056,0.0003070087623687,0.0,0.0,0.0,0.0,sx3029500a,PQ,1.0,1.0,1.0,104.0,1000000.0,0.9,1.05,s1s2,a,False,True,False,46.7003,-119.2352,default
57,0.0,0.0,0.0,0.0,0.0,0.0,0.0,0.0,0.0,0.0,0.0,0.0,0.0,0.0,m1009698,PQ,1.0,1.0,1.0,7199.557856794634,1000000.0,0.9,1.05,abc,,False,False,False,46.7015245,-119.2384826,default
58,0.0,0.0,0.0,0.0,0.0,0.0,0.0,0.0,0.0,0.0,0.0,0.0,0.0,0.0,l3156034,PQ,1.0,1.0,1.0,7199.557856794634,1000000.0,0.9,1.05,a,,False,False,False,46.70086448,-119.2381333,default
59,0.0,0.0,0.0,0.0,0.0,0.0,0.0,0.0,0.0,0.0,0.0,0.0,0.0,0.0,l3066821,PQ,1.0,1.0,1.0,7199.557856794634,1000000.0,0.9,1.05,a,,False,False,False,46.7007615,-119.2391446,default
60,0.0,0.0,0.0,0.0,0.0,0.0,0.0,0.0,0.0,0.0,0.0,0.0,0.0,0.0,m1009691,PQ,1.0,1.0,1.0,7199.557856794634,1000000.0,0.9,1.05,a,,False,False,False,46.7007896,-119.2402316,default
61,0.0,0.0,0.0,0.0,0.0,0.0,0.0,0.0,0.0,0.0,0.0,0.0,0.0,0.0,l2748140,PQ,1.0,1.0,1.0,7199.557856794634,1000000.0,0.9,1.05,a,,False,False,False,46.70120528,-119.2403575,default
62,0.0,0.0,0.0,0.0,0.0,0.0,0.0,0.0,0.0,0.0,0.0,0.0,0.0,0.0,l3141412,PQ,1.0,1.0,1.0,7199.557856794634,1000000.0,0.9,1.05,a,,False,False,False,46.70088888,-119.2416435,default
63,0.0,0.0,0.0,0.0,0.0,0.0,0.0,0.0,0.0,0.0,0.0,0.0,0.0,0.0,x3141412a,PQ,1.0,1.0,1.0,104.0,1000000.0,0.9,1.05,s1s2,a,False,False,False,46.7005,-119.2416,default
64,0.0,0.0,0.0,0.0,0.0,0.0,0.0017346714954731,0.0004347496083563,0.0035853283987208,0.0008985678951935,0.0,0.0,0.0,0.0,sx3141412a,PQ,1.0,1.0,1.0,104.0,1000000.0,0.9,1.05,s1s2,a,False,True,False,46.7006,-119.2419,default
65,0.0,0.0,0.0,0.0,0.0,0.0,0.0,0.0,0.0,0.0,0.0,0.0,0.0,0.0,x2748140a,PQ,1.0,1.0,1.0,104.0,1000000.0,0.9,1.05,s1s2,a,False,False,False,46.7009,-119.2404,default
66,0.0,0.0,0.0,0.0,0.0,0.0,0.0025783171988911,0.0006461871289581,0.006291682617229,0.0015768441199227,0.0,0.0,0.0,0.0,sx2748140a,PQ,1.0,1.0,1.0,104.0,1000000.0,0.9,1.05,s1s2,a,False,True,False,46.7009,-119.2406,default
67,0.0,0.0,0.0,0.0,0.0,0.0,0.0,0.0,0.0,0.0,0.0,0.0,0.0,0.0,x3066821a,PQ,1.0,1.0,1.0,104.0,1000000.0,0.9,1.05,s1s2,a,False,False,False,46.7004,-119.2391,default
68,0.0,0.0,0.0,0.0,0.0,0.0,0.0076970447956823,0.0019290610397738,0.0011729550096707,0.0002939702032049,0.0,0.0,0.0,0.0,sx3066821a,PQ,1.0,1.0,1.0,104.0,1000000.0,0.9,1.05,s1s2,a,False,True,False,46.7004,-119.2394,default
69,0.0,0.0,0.0,0.0,0.0,0.0,0.0,0.0,0.0,0.0,0.0,0.0,0.0,0.0,x3156034a,PQ,1.0,1.0,1.0,104.0,1000000.0,0.9,1.05,s1s2,a,False,False,False,46.7005,-119.2381,default
70,0.0,0.0,0.0,0.0,0.0,0.0,0.0012603456854728,0.000315872367995,0.0022896542453443,0.0005738413801296,0.0,0.0,0.0,0.0,sx3156034a,PQ,1.0,1.0,1.0,104.0,1000000.0,0.9,1.05,s1s2,a,False,True,False,46.7005,-119.2384,default
71,0.0,0.0,0.0,0.0,0.0,0.0,0.0,0.0,0.0,0.0,0.0,0.0,0.0,0.0,m1009705,PQ,1.0,1.0,1.0,7199.557856794634,1000000.0,0.9,1.05,abc,,False,False,False,46.70219352,-119.2383701,default
72,0.0,0.0,0.0,0.0,0.0,0.0,0.0,0.0,0.0,0.0,0.0,0.0,0.0,0.0,m1009715,PQ,1.0,1.0,1.0,7199.557856794634,1000000.0,0.9,1.05,abc,,False,False,False,46.70334188,-119.2383946,default
73,0.0,0.0,0.0,0.0,0.0,0.0,0.0,0.0,0.0,0.0,0.0,0.0,0.0,0.0,l3010563,PQ,1.0,1.0,1.0,7199.557856794634,1000000.0,0.9,1.05,a,,False,False,False,46.70262986,-119.2386173,default
74,0.0,0.0,0.0,0.0,0.0,0.0,0.0,0.0,0.0,0.0,0.0,0.0,0.0,0.0,l2841623,PQ,1.0,1.0,1.0,7199.557856794634,1000000.0,0.9,1.05,a,,False,False,False,46.70262964,-119.2396714,default
75,0.0,0.0,0.0,0.0,0.0,0.0,0.0,0.0,0.0,0.0,0.0,0.0,0.0,0.0,x2841623a,PQ,1.0,1.0,1.0,104.0,1000000.0,0.9,1.05,s1s2,a,False,False,False,46.7023,-119.2397,default
76,0.0,0.0,0.0,0.0,0.0,0.0,0.0034714827549524,0.0008700354903896,0.0018485171395422,0.0004632820128771,0.0,0.0,0.0,0.0,sx2841623a,PQ,1.0,1.0,1.0,104.0,1000000.0,0.9,1.05,s1s2,a,False,True,False,46.7023,-119.24,default
77,0.0,0.0,0.0,0.0,0.0,0.0,0.0,0.0,0.0,0.0,0.0,0.0,0.0,0.0,x3010563a,PQ,1.0,1.0,1.0,104.0,1000000.0,0.9,1.05,s1s2,a,False,False,False,46.7023,-119.2386,default
78,0.0,0.0,0.0,0.0,0.0,0.0,0.0034484929269014,0.0008642736970426,0.0018715069676639,0.0004690438062664,0.0,0.0,0.0,0.0,sx3010563a,PQ,1.0,1.0,1.0,104.0,1000000.0,0.9,1.05,s1s2,a,False,True,False,46.7023,-119.2389,default
79,0.0,0.0,0.0,0.0,0.0,0.0,0.0,0.0,0.0,0.0,0.0,0.0,0.0,0.0,m1009720,PQ,1.0,1.0,1.0,7199.557856794634,1000000.0,0.9,1.05,abc,,False,False,False,46.70374816,-119.2383667,default
80,0.0,0.0,0.0,0.0,0.0,0.0,0.0,0.0,0.0,0.0,0.0,0.0,0.0,0.0,l3178982,PQ,1.0,1.0,1.0,7199.557856794634,1000000.0,0.9,1.05,a,,False,False,False,46.70382038,-119.2400272,default
81,0.0,0.0,0.0,0.0,0.0,0.0,0.0,0.0,0.0,0.0,0.0,0.0,0.0,0.0,x3178982a,PQ,1.0,1.0,1.0,104.0,1000000.0,0.9,1.05,s1s2,a,False,False,False,46.7035,-119.24,default
82,0.0,0.0,0.0,0.0,0.0,0.0,0.0008047762447337,0.0002016959168974,0.0080652235565062,0.0020213353228891,0.0,0.0,0.0,0.0,sx3178982a,PQ,1.0,1.0,1.0,104.0,1000000.0,0.9,1.05,s1s2,a,False,True,False,46.7035,-119.2403,default
83,0.0,0.0,0.0,0.0,0.0,0.0,0.0,0.0,0.0,0.0,0.0,0.0,0.0,0.0,m1009724,PQ,1.0,1.0,1.0,7199.557856794634,1000000.0,0.9,1.05,abc,,False,False,False,46.70439314,-119.2384707,default
84,0.0,0.0,0.0,0.0,0.0,0.0,0.0,0.0,0.0,0.0,0.0,0.0,0.0,0.0,m1009726,PQ,1.0,1.0,1.0,7199.557856794634,1000000.0,0.9,1.05,abc,,False,False,False,46.70543194,-119.2384245,default
85,0.0,0.0,0.0,0.0,0.0,0.0,0.0,0.0,0.0,0.0,0.0,0.0,0.0,0.0,l3101789,PQ,1.0,1.0,1.0,7199.557856794634,1000000.0,0.9,1.05,a,,False,False,False,46.70565054,-119.2378077,default
86,0.0,0.0,0.0,0.0,0.0,0.0,0.0,0.0,0.0,0.0,0.0,0.0,0.0,0.0,x3101789a,PQ,1.0,1.0,1.0,104.0,1000000.0,0.9,1.05,s1s2,a,False,False,False,46.7053,-119.2378,default
87,0.0,0.0,0.0,0.0,0.0,0.0,0.003937861247646,0.0009869209460915,0.004932138573029,0.0012361103037017,0.0,0.0,0.0,0.0,sx3101789a,PQ,1.0,1.0,1.0,104.0,1000000.0,0.9,1.05,s1s2,a,False,True,False,46.7053,-119.2381,default
88,0.0,0.0,0.0,0.0,0.0,0.0,0.0,0.0,0.0,0.0,0.0,0.0,0.0,0.0,p901972,PQ,1.0,1.0,1.0,7199.557856794634,1000000.0,0.9,1.05,abc,,False,False,False,46.7066612,-119.2388831,default
89,0.0,0.0,0.0,0.0,0.0,0.0,0.0,0.0,0.0,0.0,0.0,0.0,0.0,0.0,m1009742,PQ,1.0,1.0,1.0,7199.557856794634,1000000.0,0.9,1.05,abc,,False,False,False,46.70682942,-119.2388465,default
90,0.0,0.0,0.0,0.0,0.0,0.0,0.0,0.0,0.0,0.0,0.0,0.0,0.0,0.0,n1147857,PQ,1.0,1.0,1.0,7199.557856794634,1000000.0,0.9,1.05,abc,,False,False,False,46.70754484,-119.2384666,default
91,0.0,0.0,0.0,0.0,0.0,0.0,0.0,0.0,0.0,0.0,0.0,0.0,0.0,0.0,m1009770,PQ,1.0,1.0,1.0,7199.557856794634,1000000.0,0.9,1.05,abc,,False,False,False,46.70764996,-119.2384108,default
92,0.0,0.0,0.0,0.0,0.0,0.0,0.0,0.0,0.0,0.0,0.0,0.0,0.0,0.0,l2689691,PQ,1.0,1.0,1.0,7199.557856794634,1000000.0,0.9,1.05,abc,,False,False,False,46.70759942,-119.2393629,default
93,0.0,0.0,0.0,0.0,0.0,0.0,0.0,0.0,0.0,0.0,0.0,0.0,0.0,0.0,m1009763,PQ,1.0,1.0,1.0,7199.557856794634,1000000.0,0.9,1.05,abc,,False,False,False,46.70739112,-119.240763,default
94,0.0,0.0,0.0,0.0,0.0,0.0,0.0,0.0,0.0,0.0,0.0,0.0,0.0,0.0,e182733,PQ,1.0,1.0,1.0,7199.557856794634,1000000.0,0.9,1.05,abc,,False,False,False,46.70671908,-119.2419282,default
95,0.0,0.0,0.0,0.0,0.0,0.0,0.0,0.0,0.0,0.0,0.0,0.0,0.0,0.0,l2673322,PQ,1.0,1.0,1.0,7199.557856794634,1000000.0,0.9,1.05,b,,False,False,False,46.70782934,-119.240596,default
96,0.0,0.0,0.0,0.0,0.0,0.0,0.0,0.0,0.0,0.0,0.0,0.0,0.0,0.0,l2859391,PQ,1.0,1.0,1.0,7199.557856794634,1000000.0,0.9,1.05,b,,False,False,False,46.70822786,-119.2412941,default
97,0.0,0.0,0.0,0.0,0.0,0.0,0.0,0.0,0.0,0.0,0.0,0.0,0.0,0.0,x2859391b,PQ,1.0,1.0,1.0,104.0,1000000.0,0.9,1.05,s1s2,b,False,False,False,46.7079,-119.2413,default
98,0.0,0.0,0.0,0.0,0.0,0.0,0.0042620906520008,0.0010681806966801,0.0054679096567308,0.0013703874530383,0.0,0.0,0.0,0.0,sx2859391b,PQ,1.0,1.0,1.0,104.0,1000000.0,0.9,1.05,s1s2,b,False,True,False,46.7079,-119.2416,default
99,0.0,0.0,0.0,0.0,0.0,0.0,0.0,0.0,0.0,0.0,0.0,0.0,0.0,0.0,x2673322b,PQ,1.0,1.0,1.0,104.0,1000000.0,0.9,1.05,s1s2,b,False,False,False,46.7075,-119.2406,default
100,0.0,0.0,0.0,0.0,0.0,0.0,0.0016036633775813,0.0004019159620266,0.0022863367420476,0.000573010049856,0.0,0.0,0.0,0.0,sx2673322b,PQ,1.0,1.0,1.0,104.0,1000000.0,0.9,1.05,s1s2,b,False,True,False,46.7075,-119.2409,default
101,0.0,0.0,0.0,0.0,0.0,0.0,0.0,0.0,0.0,0.0,0.0,0.0,0.0,0.0,l2766730,PQ,1.0,1.0,1.0,7199.557856794634,1000000.0,0.9,1.05,b,,False,False,False,46.70703554,-119.2407773,default
102,0.0,0.0,0.0,0.0,0.0,0.0,0.0,0.0,0.0,0.0,0.0,0.0,0.0,0.0,x2766730b,PQ,1.0,1.0,1.0,104.0,1000000.0,0.9,1.05,s1s2,b,False,False,False,46.7067,-119.2408,default
103,0.0,0.0,0.0,0.0,0.0,0.0,0.0048386175262193,0.001212671967179,0.0010013826617335,0.0002509701729557,0.0,0.0,0.0,0.0,sx2766730b,PQ,1.0,1.0,1.0,104.0,1000000.0,0.9,1.05,s1s2,b,False,True,False,46.7067,-119.2411,default
104,0.0,0.0,0.0,0.0,0.0,0.0,0.0,0.0,0.0,0.0,0.0,0.0,0.0,0.0,x2689691a,PQ,1.0,1.0,1.0,104.0,1000000.0,0.9,1.05,s1s2,a,False,False,False,46.7072,-119.2394,default
105,0.0,0.0,0.0,0.0,0.0,0.0,0.0056416131071187,0.0014139213610091,0.0032283867115178,0.0008091098867361,0.0,0.0,0.0,0.0,sx2689691a,PQ,1.0,1.0,1.0,104.0,1000000.0,0.9,1.05,s1s2,a,False,True,False,46.7073,-119.2396,default
106,0.0,0.0,0.0,0.0,0.0,0.0,0.0,0.0,0.0,0.0,0.0,0.0,0.0,0.0,m1009771,PQ,1.0,1.0,1.0,7199.557856794634,1000000.0,0.9,1.05,b,,False,False,False,46.70765152,-119.2382636,default
107,0.0,0.0,0.0,0.0,0.0,0.0,0.0,0.0,0.0,0.0,0.0,0.0,0.0,0.0,l2914323,PQ,1.0,1.0,1.0,7199.557856794634,1000000.0,0.9,1.05,b,,False,False,False,46.70766512,-119.2369847,default
108,0.0,0.0,0.0,0.0,0.0,0.0,0.0,0.0,0.0,0.0,0.0,0.0,0.0,0.0,x2914323b,PQ,1.0,1.0,1.0,104.0,1000000.0,0.9,1.05,s1s2,b,False,False,False,46.7073,-119.237,default
109,0.0,0.0,0.0,0.0,0.0,0.0,0.0028475526367287,0.0007136640239595,0.0010424474842224,0.000261261988688,0.0,0.0,0.0,0.0,sx2914323b,PQ,1.0,1.0,1.0,104.0,1000000.0,0.9,1.05,s1s2,b,False,True,False,46.7074,-119.2373,default
110,0.0,0.0,0.0,0.0,0.0,0.0,0.0,0.0,0.0,0.0,0.0,0.0,0.0,0.0,m1009784,PQ,1.0,1.0,1.0,7199.557856794634,1000000.0,0.9,1.05,abc,,False,False,False,46.70851692,-119.2383392,default
111,0.0,0.0,0.0,0.0,0.0,0.0,0.0,0.0,0.0,0.0,0.0,0.0,0.0,0.0,d5621886-1_int,PQ,1.0,1.0,1.0,7199.557856794634,1000000.0,0.9,1.05,abc,,False,False,False,46.71003422,-119.2378242,default
112,0.0,0.0,0.0,0.0,0.0,0.0,0.0,0.0,0.0,0.0,0.0,0.0,0.0,0.0,m1009805,PQ,1.0,1.0,1.0,7199.557856794634,1000000.0,0.9,1.05,abc,,False,False,False,46.71204998,-119.2378258,default
113,0.0,0.0,0.0,0.0,0.0,0.0,0.0,0.0,0.0,0.0,0.0,0.0,0.0,0.0,m1009807,PQ,1.0,1.0,1.0,7199.557856794634,1000000.0,0.9,1.05,abc,,False,False,False,46.71292178,-119.237673,default
114,0.0,0.0,0.0,0.0,0.0,0.0,0.0,0.0,0.0,0.0,0.0,0.0,0.0,0.0,l2673323,PQ,1.0,1.0,1.0,7199.557856794634,1000000.0,0.9,1.05,c,,False,False,False,46.71321898,-119.239353,default
115,0.0,0.0,0.0,0.0,0.0,0.0,0.0,0.0,0.0,0.0,0.0,0.0,0.0,0.0,m1009809,PQ,1.0,1.0,1.0,7199.557856794634,1000000.0,0.9,1.05,c,,False,False,False,46.71341182,-119.2405566,default
116,0.0,0.0,0.0,0.0,0.0,0.0,0.0,0.0,0.0,0.0,0.0,0.0,0.0,0.0,l2710525,PQ,1.0,1.0,1.0,7199.557856794634,1000000.0,0.9,1.05,c,,False,False,False,46.71381226,-119.2420276,default
117,0.0,0.0,0.0,0.0,0.0,0.0,0.0,0.0,0.0,0.0,0.0,0.0,0.0,0.0,x2710525c,PQ,1.0,1.0,1.0,104.0,1000000.0,0.9,1.05,s1s2,c,False,False,False,46.7135,-119.242,default
118,0.0,0.0,0.0,0.0,0.0,0.0,0.0026697922030945,0.0006691131051392,0.0075002079083614,0.0018797296018973,0.0,0.0,0.0,0.0,sx2710525c,PQ,1.0,1.0,1.0,104.0,1000000.0,0.9,1.05,s1s2,c,False,True,False,46.7135,-119.2423,default
119,0.0,0.0,0.0,0.0,0.0,0.0,0.0,0.0,0.0,0.0,0.0,0.0,0.0,0.0,x2673323c,PQ,1.0,1.0,1.0,104.0,1000000.0,0.9,1.05,s1s2,c,False,False,False,46.7129,-119.2394,default
120,0.0,0.0,0.0,0.0,0.0,0.0,0.0003125254062816,7.832626237232608e-05,0.0098574747506121,0.0024705164704224,0.0,0.0,0.0,0.0,sx2673323c,PQ,1.0,1.0,1.0,104.0,1000000.0,0.9,1.05,s1s2,c,False,True,False,46.7129,-119.2396,default
121,0.0,0.0,0.0,0.0,0.0,0.0,0.0,0.0,0.0,0.0,0.0,0.0,0.0,0.0,m1026824,PQ,1.0,1.0,1.0,7199.557856794634,1000000.0,0.9,1.05,abc,,False,False,False,46.71560456,-119.2372769,default
122,0.0,0.0,0.0,0.0,0.0,0.0,0.0,0.0,0.0,0.0,0.0,0.0,0.0,0.0,m1026829,PQ,1.0,1.0,1.0,7199.557856794634,1000000.0,0.9,1.05,abc,,False,False,False,46.7175529,-119.2370358,default
123,0.0,0.0,0.0,0.0,0.0,0.0,0.0,0.0,0.0,0.0,0.0,0.0,0.0,0.0,m1026834,PQ,1.0,1.0,1.0,7199.557856794634,1000000.0,0.9,1.05,abc,,False,False,False,46.71832454,-119.237049,default
124,0.0,0.0,0.0,0.0,0.0,0.0,0.0,0.0,0.0,0.0,0.0,0.0,0.0,0.0,l2876814,PQ,1.0,1.0,1.0,7199.557856794634,1000000.0,0.9,1.05,abc,,False,False,False,46.71946568,-119.2370686,default
125,0.0,0.0,0.0,0.0,0.0,0.0,0.0,0.0,0.0,0.0,0.0,0.0,0.0,0.0,m1026844,PQ,1.0,1.0,1.0,7199.557856794634,1000000.0,0.9,1.05,abc,,False,False,False,46.71950814,-119.2370691,default
126,0.0,0.0,0.0,0.0,0.0,0.0,0.0,0.0,0.0,0.0,0.0,0.0,0.0,0.0,m1026866,PQ,1.0,1.0,1.0,7199.557856794634,1000000.0,0.9,1.05,abc,,False,False,False,46.7214197,-119.2373122,default
127,0.0,0.0,0.0,0.0,0.0,0.0,0.0,0.0,0.0,0.0,0.0,0.0,0.0,0.0,m1026876,PQ,1.0,1.0,1.0,7199.557856794634,1000000.0,0.9,1.05,abc,,False,False,False,46.7229192,-119.2374225,default
128,0.0,0.0,0.0,0.0,0.0,0.0,0.0,0.0,0.0,0.0,0.0,0.0,0.0,0.0,p827514,PQ,1.0,1.0,1.0,7199.557856794634,1000000.0,0.9,1.05,abc,,False,False,False,46.72300352,-119.2373964,default
129,0.0,0.0,0.0,0.0,0.0,0.0,0.0,0.0,0.0,0.0,0.0,0.0,0.0,0.0,l3160102,PQ,1.0,1.0,1.0,7199.557856794634,1000000.0,0.9,1.05,abc,,False,False,False,46.72385102,-119.2371322,default
130,0.0,0.0,0.0,0.0,0.0,0.0,0.0,0.0,0.0,0.0,0.0,0.0,0.0,0.0,m1026891,PQ,1.0,1.0,1.0,7199.557856794634,1000000.0,0.9,1.05,abc,,False,False,False,46.72496366,-119.2364566,default
131,0.0,0.0,0.0,0.0,0.0,0.0,0.0,0.0,0.0,0.0,0.0,0.0,0.0,0.0,d5653457-1_int,PQ,1.0,1.0,1.0,7199.557856794634,1000000.0,0.9,1.05,abc,,False,False,False,46.72528004,-119.2362419,default
132,0.0,0.0,0.0,0.0,0.0,0.0,0.0,0.0,0.0,0.0,0.0,0.0,0.0,0.0,n1147863,PQ,1.0,1.0,1.0,7199.557856794634,1000000.0,0.9,1.05,c,,False,False,False,46.7250594,-119.2365704,default
133,0.0,0.0,0.0,0.0,0.0,0.0,0.0,0.0,0.0,0.0,0.0,0.0,0.0,0.0,l3122817,PQ,1.0,1.0,1.0,7199.557856794634,1000000.0,0.9,1.05,c,,False,False,False,46.725104,-119.2366234,default
134,0.0,0.0,0.0,0.0,0.0,0.0,0.0,0.0,0.0,0.0,0.0,0.0,0.0,0.0,l2673314,PQ,1.0,1.0,1.0,7199.557856794634,1000000.0,0.9,1.05,c,,False,False,False,46.72562136,-119.2373503,default
135,0.0,0.0,0.0,0.0,0.0,0.0,0.0,0.0,0.0,0.0,0.0,0.0,0.0,0.0,x2673314c,PQ,1.0,1.0,1.0,104.0,1000000.0,0.9,1.05,s1s2,c,False,False,False,46.7253,-119.2374,default
136,0.0,0.0,0.0,0.0,0.0,0.0,0.0027143023463094,0.0006802684035702,0.0013556976875065,0.0003397699231545,0.0,0.0,0.0,0.0,sx2673314c,PQ,1.0,1.0,1.0,104.0,1000000.0,0.9,1.05,s1s2,c,False,True,False,46.7253,-119.2376,default
137,0.0,0.0,0.0,0.0,0.0,0.0,0.0,0.0,0.0,0.0,0.0,0.0,0.0,0.0,x3122817c,PQ,1.0,1.0,1.0,104.0,1000000.0,0.9,1.05,s1s2,c,False,False,False,46.7248,-119.2366,default
138,0.0,0.0,0.0,0.0,0.0,0.0,0.0026393328161766,0.0006614792639573,0.0034606672355852,0.000867325107475,0.0,0.0,0.0,0.0,sx3122817c,PQ,1.0,1.0,1.0,104.0,1000000.0,0.9,1.05,s1s2,c,False,True,False,46.7248,-119.2369,default
139,0.0,0.0,0.0,0.0,0.0,0.0,0.0,0.0,0.0,0.0,0.0,0.0,0.0,0.0,x3160102b,PQ,1.0,1.0,1.0,104.0,1000000.0,0.9,1.05,s1s2,b,False,False,False,46.7235,-119.2371,default
140,0.0,0.0,0.0,0.0,0.0,0.0,0.0063904945996306,0.0016016090609624,0.0033395057235733,0.0008369591001905,0.0,0.0,0.0,0.0,sx3160102b,PQ,1.0,1.0,1.0,104.0,1000000.0,0.9,1.05,s1s2,b,False,True,False,46.7235,-119.2374,default
141,0.0,0.0,0.0,0.0,0.0,0.0,0.0,0.0,0.0,0.0,0.0,0.0,0.0,0.0,n1147862,PQ,1.0,1.0,1.0,7199.557856794634,1000000.0,0.9,1.05,a,,False,False,False,46.72139636,-119.2371221,default
142,0.0,0.0,0.0,0.0,0.0,0.0,0.0,0.0,0.0,0.0,0.0,0.0,0.0,0.0,l2685805,PQ,1.0,1.0,1.0,7199.557856794634,1000000.0,0.9,1.05,a,,False,False,False,46.72121036,-119.2356074,default
143,0.0,0.0,0.0,0.0,0.0,0.0,0.0,0.0,0.0,0.0,0.0,0.0,0.0,0.0,x2685805a,PQ,1.0,1.0,1.0,104.0,1000000.0,0.9,1.05,s1s2,a,False,False,False,46.7209,-119.2356,default
144,0.0,0.0,0.0,0.0,0.0,0.0,0.0060472455516854,0.0015155824195278,0.0028227542646537,0.0007074488232862,0.0,0.0,0.0,0.0,sx2685805a,PQ,1.0,1.0,1.0,104.0,1000000.0,0.9,1.05,s1s2,a,False,True,False,46.7209,-119.2359,default
145,0.0,0.0,0.0,0.0,0.0,0.0,0.0,0.0,0.0,0.0,0.0,0.0,0.0,0.0,n1147861,PQ,1.0,1.0,1.0,7199.557856794634,1000000.0,0.9,1.05,c,,False,False,False,46.71953058,-119.2371963,default
146,0.0,0.0,0.0,0.0,0.0,0.0,0.0,0.0,0.0,0.0,0.0,0.0,0.0,0.0,l3122818,PQ,1.0,1.0,1.0,7199.557856794634,1000000.0,0.9,1.05,c,,False,False,False,46.71971162,-119.2382222,default
147,0.0,0.0,0.0,0.0,0.0,0.0,0.0,0.0,0.0,0.0,0.0,0.0,0.0,0.0,x3122818c,PQ,1.0,1.0,1.0,104.0,1000000.0,0.9,1.05,s1s2,c,False,False,False,46.7194,-119.2382,default
148,0.0,0.0,0.0,0.0,0.0,0.0,0.0020182337757853,0.0005058171444759,0.008151766343614,0.0020430255690444,0.0,0.0,0.0,0.0,sx3122818c,PQ,1.0,1.0,1.0,104.0,1000000.0,0.9,1.05,s1s2,c,False,True,False,46.7194,-119.2385,default
149,0.0,0.0,0.0,0.0,0.0,0.0,0.0,0.0,0.0,0.0,0.0,0.0,0.0,0.0,x2876814a,PQ,1.0,1.0,1.0,104.0,1000000.0,0.9,1.05,s1s2,a,False,False,False,46.7191,-119.2371,default
150,0.0,0.0,0.0,0.0,0.0,0.0,0.0006095536119301,0.0001527685178747,0.0029404463165048,0.0007369452264121,0.0,0.0,0.0,0.0,sx2876814a,PQ,1.0,1.0,1.0,104.0,1000000.0,0.9,1.05,s1s2,a,False,True,False,46.7192,-119.2373,default
151,0.0,0.0,0.0,0.0,0.0,0.0,0.0,0.0,0.0,0.0,0.0,0.0,0.0,0.0,n1147860,PQ,1.0,1.0,1.0,7199.557856794634,1000000.0,0.9,1.05,c,,False,False,False,46.71832454,-119.2372018,default
152,0.0,0.0,0.0,0.0,0.0,0.0,0.0,0.0,0.0,0.0,0.0,0.0,0.0,0.0,l3177881,PQ,1.0,1.0,1.0,7199.557856794634,1000000.0,0.9,1.05,c,,False,False,False,46.71832458,-119.237519,default
153,0.0,0.0,0.0,0.0,0.0,0.0,0.0,0.0,0.0,0.0,0.0,0.0,0.0,0.0,x3177881c,PQ,1.0,1.0,1.0,104.0,1000000.0,0.9,1.05,s1s2,c,False,False,False,46.718,-119.2375,default
154,0.0,0.0,0.0,0.0,0.0,0.0,0.0022751707279865,0.0005702116250648,0.0078948293872574,0.0019786310859913,0.0,0.0,0.0,0.0,sx3177881c,PQ,1.0,1.0,1.0,104.0,1000000.0,0.9,1.05,s1s2,c,False,True,False,46.718,-119.2378,default
155,0.0,0.0,0.0,0.0,0.0,0.0,0.0,0.0,0.0,0.0,0.0,0.0,0.0,0.0,n1147859,PQ,1.0,1.0,1.0,7199.557856794634,1000000.0,0.9,1.05,b,,False,False,False,46.7175548,-119.2372144,default
156,0.0,0.0,0.0,0.0,0.0,0.0,0.0,0.0,0.0,0.0,0.0,0.0,0.0,0.0,p827573,PQ,1.0,1.0,1.0,7199.557856794634,1000000.0,0.9,1.05,b,,False,False,False,46.71755608,-119.2373304,default
157,0.0,0.0,0.0,0.0,0.0,0.0,0.0,0.0,0.0,0.0,0.0,0.0,0.0,0.0,l2710542,PQ,1.0,1.0,1.0,7199.557856794634,1000000.0,0.9,1.05,b,,False,False,False,46.71757584,-119.2376904,default
158,0.0,0.0,0.0,0.0,0.0,0.0,0.0,0.0,0.0,0.0,0.0,0.0,0.0,0.0,l2729430,PQ,1.0,1.0,1.0,7199.557856794634,1000000.0,0.9,1.05,b,,False,False,False,46.7176066,-119.2382951,default
159,0.0,0.0,0.0,0.0,0.0,0.0,0.0,0.0,0.0,0.0,0.0,0.0,0.0,0.0,d6017316-1_int,PQ,1.0,1.0,1.0,7199.557856794634,1000000.0,0.9,1.05,b,,False,False,False,46.71787492,-119.2385918,default
160,0.0,0.0,0.0,0.0,0.0,0.0,0.0,0.0,0.0,0.0,0.0,0.0,0.0,0.0,l2766742,PQ,1.0,1.0,1.0,7199.557856794634,1000000.0,0.9,1.05,b,,False,False,False,46.7179813,-119.2401013,default
161,0.0,0.0,0.0,0.0,0.0,0.0,0.0,0.0,0.0,0.0,0.0,0.0,0.0,0.0,m1009820,PQ,1.0,1.0,1.0,7199.557856794634,1000000.0,0.9,1.05,b,,False,False,False,46.71814936,-119.2416341,default
162,0.0,0.0,0.0,0.0,0.0,0.0,0.0,0.0,0.0,0.0,0.0,0.0,0.0,0.0,l3254234,PQ,1.0,1.0,1.0,7199.557856794634,1000000.0,0.9,1.05,b,,False,False,False,46.71826556,-119.2429947,default
163,0.0,0.0,0.0,0.0,0.0,0.0,0.0,0.0,0.0,0.0,0.0,0.0,0.0,0.0,l3104114,PQ,1.0,1.0,1.0,7199.557856794634,1000000.0,0.9,1.05,b,,False,False,False,46.7183495,-119.2444106,default
164,0.0,0.0,0.0,0.0,0.0,0.0,0.0,0.0,0.0,0.0,0.0,0.0,0.0,0.0,m1009824,PQ,1.0,1.0,1.0,7199.557856794634,1000000.0,0.9,1.05,b,,False,False,False,46.71837808,-119.2453616,default
165,0.0,0.0,0.0,0.0,0.0,0.0,0.0,0.0,0.0,0.0,0.0,0.0,0.0,0.0,l2691939,PQ,1.0,1.0,1.0,7199.557856794634,1000000.0,0.9,1.05,b,,False,False,False,46.71932402,-119.2453321,default
166,0.0,0.0,0.0,0.0,0.0,0.0,0.0,0.0,0.0,0.0,0.0,0.0,0.0,0.0,l2860478,PQ,1.0,1.0,1.0,7199.557856794634,1000000.0,0.9,1.05,b,,False,False,False,46.72021176,-119.2454047,default
167,0.0,0.0,0.0,0.0,0.0,0.0,0.0,0.0,0.0,0.0,0.0,0.0,0.0,0.0,l2822858,PQ,1.0,1.0,1.0,7199.557856794634,1000000.0,0.9,1.05,b,,False,False,False,46.72112028,-119.2453549,default
168,0.0,0.0,0.0,0.0,0.0,0.0,0.0,0.0,0.0,0.0,0.0,0.0,0.0,0.0,x2822858b,PQ,1.0,1.0,1.0,104.0,1000000.0,0.9,1.05,s1s2,b,False,False,False,46.7208,-119.2454,default
169,0.0,0.0,0.0,0.0,0.0,0.0,0.0067391804620835,0.001688997986993,0.0029908198771501,0.0007495701830382,0.0,0.0,0.0,0.0,sx2822858b,PQ,1.0,1.0,1.0,104.0,1000000.0,0.9,1.05,s1s2,b,False,True,False,46.7208,-119.2456,default
170,0.0,0.0,0.0,0.0,0.0,0.0,0.0,0.0,0.0,0.0,0.0,0.0,0.0,0.0,x2860478b,PQ,1.0,1.0,1.0,104.0,1000000.0,0.9,1.05,s1s2,b,False,False,False,46.7199,-119.2454,default
171,0.0,0.0,0.0,0.0,0.0,0.0,0.0002037471405432,5.106385125248609e-05,0.0056362530698821,0.0014125783036009,0.0,0.0,0.0,0.0,sx2860478b,PQ,1.0,1.0,1.0,104.0,1000000.0,0.9,1.05,s1s2,b,False,True,False,46.7199,-119.2457,default
172,0.0,0.0,0.0,0.0,0.0,0.0,0.0,0.0,0.0,0.0,0.0,0.0,0.0,0.0,x2691939b,PQ,1.0,1.0,1.0,104.0,1000000.0,0.9,1.05,s1s2,b,False,False,False,46.719,-119.2453,default
173,0.0,0.0,0.0,0.0,0.0,0.0,0.0030168864542513,0.0007561030836398,0.0067131138846058,0.0016824650861833,0.0,0.0,0.0,0.0,sx2691939b,PQ,1.0,1.0,1.0,104.0,1000000.0,0.9,1.05,s1s2,b,False,True,False,46.719,-119.2456,default
174,0.0,0.0,0.0,0.0,0.0,0.0,0.0,0.0,0.0,0.0,0.0,0.0,0.0,0.0,l2822857,PQ,1.0,1.0,1.0,7199.557856794634,1000000.0,0.9,1.05,b,,False,False,False,46.71767016,-119.2450091,default
175,0.0,0.0,0.0,0.0,0.0,0.0,0.0,0.0,0.0,0.0,0.0,0.0,0.0,0.0,x2822857b,PQ,1.0,1.0,1.0,104.0,1000000.0,0.9,1.05,s1s2,b,False,False,False,46.7173,-119.245,default
176,0.0,0.0,0.0,0.0,0.0,0.0,0.0031534317553145,0.000790324566658,0.0026865684400148,0.0006733175796357,0.0,0.0,0.0,0.0,sx2822857b,PQ,1.0,1.0,1.0,104.0,1000000.0,0.9,1.05,s1s2,b,False,True,False,46.7174,-119.2453,default
177,0.0,0.0,0.0,0.0,0.0,0.0,0.0,0.0,0.0,0.0,0.0,0.0,0.0,0.0,l2954338,PQ,1.0,1.0,1.0,7199.557856794634,1000000.0,0.9,1.05,b,,False,False,False,46.71838632,-119.2458877,default
178,0.0,0.0,0.0,0.0,0.0,0.0,0.0,0.0,0.0,0.0,0.0,0.0,0.0,0.0,m1009828,PQ,1.0,1.0,1.0,7199.557856794634,1000000.0,0.9,1.05,b,,False,False,False,46.71844086,-119.2474134,default
179,0.0,0.0,0.0,0.0,0.0,0.0,0.0,0.0,0.0,0.0,0.0,0.0,0.0,0.0,l2766715,PQ,1.0,1.0,1.0,7199.557856794634,1000000.0,0.9,1.05,b,,False,False,False,46.71937742,-119.2477391,default
180,0.0,0.0,0.0,0.0,0.0,0.0,0.0,0.0,0.0,0.0,0.0,0.0,0.0,0.0,x2766715b,PQ,1.0,1.0,1.0,104.0,1000000.0,0.9,1.05,s1s2,b,False,False,False,46.719,-119.2477,default
181,0.0,0.0,0.0,0.0,0.0,0.0,0.0036337484464201,0.000910703288228,0.0022062517513189,0.0005529388594054,0.0,0.0,0.0,0.0,sx2766715b,PQ,1.0,1.0,1.0,104.0,1000000.0,0.9,1.05,s1s2,b,False,True,False,46.7191,-119.248,default
182,0.0,0.0,0.0,0.0,0.0,0.0,0.0,0.0,0.0,0.0,0.0,0.0,0.0,0.0,l3254206,PQ,1.0,1.0,1.0,7199.557856794634,1000000.0,0.9,1.05,b,,False,False,False,46.71838012,-119.2481184,default
183,0.0,0.0,0.0,0.0,0.0,0.0,0.0,0.0,0.0,0.0,0.0,0.0,0.0,0.0,m1009827,PQ,1.0,1.0,1.0,7199.557856794634,1000000.0,0.9,1.05,b,,False,False,False,46.7184239,-119.248965,default
184,0.0,0.0,0.0,0.0,0.0,0.0,0.0,0.0,0.0,0.0,0.0,0.0,0.0,0.0,m1009832,PQ,1.0,1.0,1.0,7199.557856794634,1000000.0,0.9,1.05,b,,False,False,False,46.71877134,-119.2503987,default
185,0.0,0.0,0.0,0.0,0.0,0.0,0.0,0.0,0.0,0.0,0.0,0.0,0.0,0.0,l2860479,PQ,1.0,1.0,1.0,7199.557856794634,1000000.0,0.9,1.05,b,,False,False,False,46.71906972,-119.2498952,default
186,0.0,0.0,0.0,0.0,0.0,0.0,0.0,0.0,0.0,0.0,0.0,0.0,0.0,0.0,x2860479b,PQ,1.0,1.0,1.0,104.0,1000000.0,0.9,1.05,s1s2,b,False,False,False,46.7187,-119.2499,default
187,0.0,0.0,0.0,0.0,0.0,0.0,0.0022528171439709,0.0005646092489052,0.0016371829869898,0.0004103167708665,0.0,0.0,0.0,0.0,sx2860479b,PQ,1.0,1.0,1.0,104.0,1000000.0,0.9,1.05,s1s2,b,False,True,False,46.7188,-119.2502,default
188,0.0,0.0,0.0,0.0,0.0,0.0,0.0,0.0,0.0,0.0,0.0,0.0,0.0,0.0,m1009834,PQ,1.0,1.0,1.0,7199.557856794634,1000000.0,0.9,1.05,b,,False,False,False,46.71902634,-119.2511474,default
189,0.0,0.0,0.0,0.0,0.0,0.0,0.0,0.0,0.0,0.0,0.0,0.0,0.0,0.0,l3178969,PQ,1.0,1.0,1.0,7199.557856794634,1000000.0,0.9,1.05,b,,False,False,False,46.71902642,-119.2511476,default
190,0.0,0.0,0.0,0.0,0.0,0.0,0.0,0.0,0.0,0.0,0.0,0.0,0.0,0.0,l2729401,PQ,1.0,1.0,1.0,7199.557856794634,1000000.0,0.9,1.05,b,,False,False,False,46.71935128,-119.252401,default
191,0.0,0.0,0.0,0.0,0.0,0.0,0.0,0.0,0.0,0.0,0.0,0.0,0.0,0.0,x2729401b,PQ,1.0,1.0,1.0,104.0,1000000.0,0.9,1.05,s1s2,b,False,False,False,46.719,-119.2524,default
192,0.0,0.0,0.0,0.0,0.0,0.0,0.0041539654333885,0.001041081967953,0.001686034768155,0.0004225601819889,0.0,0.0,0.0,0.0,sx2729401b,PQ,1.0,1.0,1.0,104.0,1000000.0,0.9,1.05,s1s2,b,False,True,False,46.719,-119.2527,default
193,0.0,0.0,0.0,0.0,0.0,0.0,0.0,0.0,0.0,0.0,0.0,0.0,0.0,0.0,x3178969b,PQ,1.0,1.0,1.0,104.0,1000000.0,0.9,1.05,s1s2,b,False,False,False,46.7187,-119.2511,default
194,0.0,0.0,0.0,0.0,0.0,0.0,0.005067681352675,0.0012700807858403,0.0007723188552335,0.0001935613677099,0.0,0.0,0.0,0.0,sx3178969b,PQ,1.0,1.0,1.0,104.0,1000000.0,0.9,1.05,s1s2,b,False,True,False,46.7187,-119.2514,default
195,0.0,0.0,0.0,0.0,0.0,0.0,0.0,0.0,0.0,0.0,0.0,0.0,0.0,0.0,m1009838,PQ,1.0,1.0,1.0,7199.557856794634,1000000.0,0.9,1.05,b,,False,False,False,46.71977398,-119.2515057,default
196,0.0,0.0,0.0,0.0,0.0,0.0,0.0,0.0,0.0,0.0,0.0,0.0,0.0,0.0,l2801896,PQ,1.0,1.0,1.0,7199.557856794634,1000000.0,0.9,1.05,b,,False,False,False,46.7200316,-119.2522543,default
197,0.0,0.0,0.0,0.0,0.0,0.0,0.0,0.0,0.0,0.0,0.0,0.0,0.0,0.0,m1009839,PQ,1.0,1.0,1.0,7199.557856794634,1000000.0,0.9,1.05,b,,False,False,False,46.71996382,-119.2535487,default
198,0.0,0.0,0.0,0.0,0.0,0.0,0.0,0.0,0.0,0.0,0.0,0.0,0.0,0.0,l2673326,PQ,1.0,1.0,1.0,7199.557856794634,1000000.0,0.9,1.05,b,,False,False,False,46.7206636,-119.254279,default
199,0.0,0.0,0.0,0.0,0.0,0.0,0.0,0.0,0.0,0.0,0.0,0.0,0.0,0.0,l2691938,PQ,1.0,1.0,1.0,7199.557856794634,1000000.0,0.9,1.05,b,,False,False,False,46.72066382,-119.2550375,default
200,0.0,0.0,0.0,0.0,0.0,0.0,0.0,0.0,0.0,0.0,0.0,0.0,0.0,0.0,m1009840,PQ,1.0,1.0,1.0,7199.557856794634,1000000.0,0.9,1.05,b,,False,False,False,46.72012002,-119.2554245,default
201,0.0,0.0,0.0,0.0,0.0,0.0,0.0,0.0,0.0,0.0,0.0,0.0,0.0,0.0,l2991901,PQ,1.0,1.0,1.0,7199.557856794634,1000000.0,0.9,1.05,b,,False,False,False,46.72011078,-119.2563638,default
202,0.0,0.0,0.0,0.0,0.0,0.0,0.0,0.0,0.0,0.0,0.0,0.0,0.0,0.0,m3037537,PQ,1.0,1.0,1.0,7199.557856794634,1000000.0,0.9,1.05,b,,False,False,False,46.72087766,-119.2641528,default
203,0.0,0.0,0.0,0.0,0.0,0.0,0.0,0.0,0.0,0.0,0.0,0.0,0.0,0.0,l2911069,PQ,1.0,1.0,1.0,7199.557856794634,1000000.0,0.9,1.05,b,,False,False,False,46.72083692,-119.2641619,default
204,0.0,0.0,0.0,0.0,0.0,0.0,0.0,0.0,0.0,0.0,0.0,0.0,0.0,0.0,l2948732,PQ,1.0,1.0,1.0,7199.557856794634,1000000.0,0.9,1.05,b,,False,False,False,46.71781438,-119.2651493,default
205,0.0,0.0,0.0,0.0,0.0,0.0,0.0,0.0,0.0,0.0,0.0,0.0,0.0,0.0,x2948732b,PQ,1.0,1.0,1.0,104.0,1000000.0,0.9,1.05,s1s2,b,False,False,False,46.7175,-119.2651,default
206,0.0,0.0,0.0,0.0,0.0,0.0,9.899711923994857e-06,2.481101900910617e-06,0.0058301005069701,0.0014611610579605,0.0,0.0,0.0,0.0,sx2948732b,PQ,1.0,1.0,1.0,104.0,1000000.0,0.9,1.05,s1s2,b,False,True,False,46.7175,-119.2654,default
207,0.0,0.0,0.0,0.0,0.0,0.0,0.0,0.0,0.0,0.0,0.0,0.0,0.0,0.0,x2911069b,PQ,1.0,1.0,1.0,104.0,1000000.0,0.9,1.05,s1s2,b,False,False,False,46.7205,-119.2642,default
208,0.0,0.0,0.0,0.0,0.0,0.0,0.0057645657359068,0.0014447364943812,7.543448211783515e-05,1.890566497489696e-05,0.0,0.0,0.0,0.0,sx2911069b,PQ,1.0,1.0,1.0,104.0,1000000.0,0.9,1.05,s1s2,b,False,True,False,46.7205,-119.2644,default
209,0.0,0.0,0.0,0.0,0.0,0.0,0.0,0.0,0.0,0.0,0.0,0.0,0.0,0.0,l3231269,PQ,1.0,1.0,1.0,7199.557856794634,1000000.0,0.9,1.05,b,,False,False,False,46.72275468,-119.2646328,default
210,0.0,0.0,0.0,0.0,0.0,0.0,0.0,0.0,0.0,0.0,0.0,0.0,0.0,0.0,x3231269b,PQ,1.0,1.0,1.0,104.0,1000000.0,0.9,1.05,s1s2,b,False,False,False,46.7224,-119.2646,default
211,0.0,0.0,0.0,0.0,0.0,0.0,0.0057652076160229,0.0014448973647455,7.479260206250506e-05,1.874479465516434e-05,0.0,0.0,0.0,0.0,sx3231269b,PQ,1.0,1.0,1.0,104.0,1000000.0,0.9,1.05,s1s2,b,False,True,False,46.7224,-119.2649,default
212,0.0,0.0,0.0,0.0,0.0,0.0,0.0,0.0,0.0,0.0,0.0,0.0,0.0,0.0,x2991901b,PQ,1.0,1.0,1.0,104.0,1000000.0,0.9,1.05,s1s2,b,False,False,False,46.7198,-119.2564,default
213,0.0,0.0,0.0,0.0,0.0,0.0,0.0071114878169633,0.0017823070171809,0.0026185125343064,0.0006562611597556,0.0,0.0,0.0,0.0,sx2991901b,PQ,1.0,1.0,1.0,104.0,1000000.0,0.9,1.05,s1s2,b,False,True,False,46.7198,-119.2566,default
214,0.0,0.0,0.0,0.0,0.0,0.0,0.0,0.0,0.0,0.0,0.0,0.0,0.0,0.0,l3216338,PQ,1.0,1.0,1.0,7199.557856794634,1000000.0,0.9,1.05,b,,False,False,False,46.71881572,-119.2551085,default
215,0.0,0.0,0.0,0.0,0.0,0.0,0.0,0.0,0.0,0.0,0.0,0.0,0.0,0.0,l2973146,PQ,1.0,1.0,1.0,7199.557856794634,1000000.0,0.9,1.05,b,,False,False,False,46.71797856,-119.2551031,default
216,0.0,0.0,0.0,0.0,0.0,0.0,0.0,0.0,0.0,0.0,0.0,0.0,0.0,0.0,x2973146b,PQ,1.0,1.0,1.0,104.0,1000000.0,0.9,1.05,s1s2,b,False,False,False,46.7176,-119.2551,default
217,0.0,0.0,0.0,0.0,0.0,0.0,0.0085174521702611,0.0021346749356864,0.0012125481976339,0.0003038932504748,0.0,0.0,0.0,0.0,sx2973146b,PQ,1.0,1.0,1.0,104.0,1000000.0,0.9,1.05,s1s2,b,False,True,False,46.7177,-119.2554,default
218,0.0,0.0,0.0,0.0,0.0,0.0,0.0,0.0,0.0,0.0,0.0,0.0,0.0,0.0,x3216338b,PQ,1.0,1.0,1.0,104.0,1000000.0,0.9,1.05,s1s2,b,False,False,False,46.7185,-119.2551,default
219,0.0,0.0,0.0,0.0,0.0,0.0,0.0088905012804411,0.0022281698656699,0.0008394990931393,0.0002103983236297,0.0,0.0,0.0,0.0,sx3216338b,PQ,1.0,1.0,1.0,104.0,1000000.0,0.9,1.05,s1s2,b,False,True,False,46.7185,-119.2554,default
220,0.0,0.0,0.0,0.0,0.0,0.0,0.0,0.0,0.0,0.0,0.0,0.0,0.0,0.0,x2691938b,PQ,1.0,1.0,1.0,104.0,1000000.0,0.9,1.05,s1s2,b,False,False,False,46.7203,-119.255,default
221,0.0,0.0,0.0,0.0,0.0,0.0,0.0029263035642043,0.0007334008702003,0.0068036967840509,0.0017051673050647,0.0,0.0,0.0,0.0,sx2691938b,PQ,1.0,1.0,1.0,104.0,1000000.0,0.9,1.05,s1s2,b,False,True,False,46.7203,-119.2553,default
222,0.0,0.0,0.0,0.0,0.0,0.0,0.0,0.0,0.0,0.0,0.0,0.0,0.0,0.0,x2673326b,PQ,1.0,1.0,1.0,104.0,1000000.0,0.9,1.05,s1s2,b,False,False,False,46.7203,-119.2543,default
223,0.0,0.0,0.0,0.0,0.0,0.0,0.0020556901522878,0.0005152045627528,0.0037843100494138,0.0009484375872735,0.0,0.0,0.0,0.0,sx2673326b,PQ,1.0,1.0,1.0,104.0,1000000.0,0.9,1.05,s1s2,b,False,True,False,46.7203,-119.2546,default
224,0.0,0.0,0.0,0.0,0.0,0.0,0.0,0.0,0.0,0.0,0.0,0.0,0.0,0.0,x2801896b,PQ,1.0,1.0,1.0,104.0,1000000.0,0.9,1.05,s1s2,b,False,False,False,46.7197,-119.2523,default
225,0.0,0.0,0.0,0.0,0.0,0.0,0.0017524728353353,0.0004392111327933,0.0040875273669969,0.0010244310175926,0.0,0.0,0.0,0.0,sx2801896b,PQ,1.0,1.0,1.0,104.0,1000000.0,0.9,1.05,s1s2,b,False,True,False,46.7197,-119.2525,default
226,0.0,0.0,0.0,0.0,0.0,0.0,0.0,0.0,0.0,0.0,0.0,0.0,0.0,0.0,l2804245,PQ,1.0,1.0,1.0,7199.557856794634,1000000.0,0.9,1.05,b,,False,False,False,46.71983402,-119.2508101,default
227,0.0,0.0,0.0,0.0,0.0,0.0,0.0,0.0,0.0,0.0,0.0,0.0,0.0,0.0,x2804245b,PQ,1.0,1.0,1.0,104.0,1000000.0,0.9,1.05,s1s2,b,False,False,False,46.7195,-119.2508,default
228,0.0,0.0,0.0,0.0,0.0,0.0,0.0047670692694273,0.0011947402856244,0.004962931069662,0.0012438278845544,0.0,0.0,0.0,0.0,sx2804245b,PQ,1.0,1.0,1.0,104.0,1000000.0,0.9,1.05,s1s2,b,False,True,False,46.7195,-119.2511,default
229,0.0,0.0,0.0,0.0,0.0,0.0,0.0,0.0,0.0,0.0,0.0,0.0,0.0,0.0,m1009843,PQ,1.0,1.0,1.0,7199.557856794634,1000000.0,0.9,1.05,b,,False,False,False,46.72068934,-119.2524845,default
230,0.0,0.0,0.0,0.0,0.0,0.0,0.0,0.0,0.0,0.0,0.0,0.0,0.0,0.0,l3160108,PQ,1.0,1.0,1.0,7199.557856794634,1000000.0,0.9,1.05,b,,False,False,False,46.72112826,-119.2516609,default
231,0.0,0.0,0.0,0.0,0.0,0.0,0.0,0.0,0.0,0.0,0.0,0.0,0.0,0.0,l3029510,PQ,1.0,1.0,1.0,7199.557856794634,1000000.0,0.9,1.05,b,,False,False,False,46.72155678,-119.2507974,default
232,0.0,0.0,0.0,0.0,0.0,0.0,0.0,0.0,0.0,0.0,0.0,0.0,0.0,0.0,l2729409,PQ,1.0,1.0,1.0,7199.557856794634,1000000.0,0.9,1.05,b,,False,False,False,46.72128882,-119.2489727,default
233,0.0,0.0,0.0,0.0,0.0,0.0,0.0,0.0,0.0,0.0,0.0,0.0,0.0,0.0,l2841624,PQ,1.0,1.0,1.0,7199.557856794634,1000000.0,0.9,1.05,b,,False,False,False,46.72098154,-119.2475326,default
234,0.0,0.0,0.0,0.0,0.0,0.0,0.0,0.0,0.0,0.0,0.0,0.0,0.0,0.0,x2841624b,PQ,1.0,1.0,1.0,104.0,1000000.0,0.9,1.05,s1s2,b,False,False,False,46.7206,-119.2475,default
235,0.0,0.0,0.0,0.0,0.0,0.0,0.0022554196257753,0.0005652614918873,0.0035845805751606,0.0008983806577074,0.0,0.0,0.0,0.0,sx2841624b,PQ,1.0,1.0,1.0,104.0,1000000.0,0.9,1.05,s1s2,b,False,True,False,46.7207,-119.2478,default
236,0.0,0.0,0.0,0.0,0.0,0.0,0.0,0.0,0.0,0.0,0.0,0.0,0.0,0.0,x2729409b,PQ,1.0,1.0,1.0,104.0,1000000.0,0.9,1.05,s1s2,b,False,False,False,46.7209,-119.249,default
237,0.0,0.0,0.0,0.0,0.0,0.0,0.0020542574938398,0.0005148455036313,0.0076757428620031,0.0019237226758453,0.0,0.0,0.0,0.0,sx2729409b,PQ,1.0,1.0,1.0,104.0,1000000.0,0.9,1.05,s1s2,b,False,True,False,46.721,-119.2493,default
238,0.0,0.0,0.0,0.0,0.0,0.0,0.0,0.0,0.0,0.0,0.0,0.0,0.0,0.0,x3029510b,PQ,1.0,1.0,1.0,104.0,1000000.0,0.9,1.05,s1s2,b,False,False,False,46.7212,-119.2508,default
239,0.0,0.0,0.0,0.0,0.0,0.0,0.0018975074445666,0.0004755602355687,0.0039424927574685,0.000988081914649,0.0,0.0,0.0,0.0,sx3029510b,PQ,1.0,1.0,1.0,104.0,1000000.0,0.9,1.05,s1s2,b,False,True,False,46.7212,-119.2511,default
240,0.0,0.0,0.0,0.0,0.0,0.0,0.0,0.0,0.0,0.0,0.0,0.0,0.0,0.0,x3160108b,PQ,1.0,1.0,1.0,104.0,1000000.0,0.9,1.05,s1s2,b,False,False,False,46.7208,-119.2517,default
241,0.0,0.0,0.0,0.0,0.0,0.0,0.0050281232162297,0.0012601665749237,0.0095618773175208,0.0023964325707656,0.0,0.0,0.0,0.0,sx3160108b,PQ,1.0,1.0,1.0,104.0,1000000.0,0.9,1.05,s1s2,b,False,True,False,46.7208,-119.2519,default
242,0.0,0.0,0.0,0.0,0.0,0.0,0.0,0.0,0.0,0.0,0.0,0.0,0.0,0.0,l3251806,PQ,1.0,1.0,1.0,7199.557856794634,1000000.0,0.9,1.05,b,,False,False,False,46.72034448,-119.252932,default
243,0.0,0.0,0.0,0.0,0.0,0.0,0.0,0.0,0.0,0.0,0.0,0.0,0.0,0.0,x3251806b,PQ,1.0,1.0,1.0,104.0,1000000.0,0.9,1.05,s1s2,b,False,False,False,46.72,-119.2529,default
244,0.0,0.0,0.0,0.0,0.0,0.0,0.0058325510670333,0.0014617752256802,7.449150320860087e-06,1.8669332154832456e-06,0.0,0.0,0.0,0.0,sx3251806b,PQ,1.0,1.0,1.0,104.0,1000000.0,0.9,1.05,s1s2,b,False,True,False,46.72,-119.2532,default
245,0.0,0.0,0.0,0.0,0.0,0.0,0.0,0.0,0.0,0.0,0.0,0.0,0.0,0.0,m1009855,PQ,1.0,1.0,1.0,7199.557856794634,1000000.0,0.9,1.05,b,,False,False,False,46.721644,-119.2533211,default
246,0.0,0.0,0.0,0.0,0.0,0.0,0.0,0.0,0.0,0.0,0.0,0.0,0.0,0.0,l2748139,PQ,1.0,1.0,1.0,7199.557856794634,1000000.0,0.9,1.05,b,,False,False,False,46.7220799,-119.2523277,default
247,0.0,0.0,0.0,0.0,0.0,0.0,0.0,0.0,0.0,0.0,0.0,0.0,0.0,0.0,x2748139b,PQ,1.0,1.0,1.0,104.0,1000000.0,0.9,1.05,s1s2,b,False,False,False,46.7217,-119.2523,default
248,0.0,0.0,0.0,0.0,0.0,0.0,0.00518620743143,0.0012997862246673,0.0006537927790121,0.000163855930318,0.0,0.0,0.0,0.0,sx2748139b,PQ,1.0,1.0,1.0,104.0,1000000.0,0.9,1.05,s1s2,b,False,True,False,46.7218,-119.2526,default
249,0.0,0.0,0.0,0.0,0.0,0.0,0.0,0.0,0.0,0.0,0.0,0.0,0.0,0.0,l2991927,PQ,1.0,1.0,1.0,7199.557856794634,1000000.0,0.9,1.05,b,,False,False,False,46.72330016,-119.2530337,default
250,0.0,0.0,0.0,0.0,0.0,0.0,0.0,0.0,0.0,0.0,0.0,0.0,0.0,0.0,x2991927b,PQ,1.0,1.0,1.0,104.0,1000000.0,0.9,1.05,s1s2,b,False,False,False,46.723,-119.253,default
251,0.0,0.0,0.0,0.0,0.0,0.0,0.0088091639995912,0.0022077848189474,0.0009208363711666,0.0002307833687926,0.0,0.0,0.0,0.0,sx2991927b,PQ,1.0,1.0,1.0,104.0,1000000.0,0.9,1.05,s1s2,b,False,True,False,46.723,-119.2533,default
252,0.0,0.0,0.0,0.0,0.0,0.0,0.0,0.0,0.0,0.0,0.0,0.0,0.0,0.0,m3019248,PQ,1.0,1.0,1.0,7199.557856794634,1000000.0,0.9,1.05,b,,False,False,False,46.71632094,-119.2485416,default
253,0.0,0.0,0.0,0.0,0.0,0.0,0.0,0.0,0.0,0.0,0.0,0.0,0.0,0.0,m3021569,PQ,1.0,1.0,1.0,7199.557856794634,1000000.0,0.9,1.05,b,,False,False,False,46.71501416,-119.2485419,default
254,0.0,0.0,0.0,0.0,0.0,0.0,0.0,0.0,0.0,0.0,0.0,0.0,0.0,0.0,l3315860,PQ,1.0,1.0,1.0,7199.557856794634,1000000.0,0.9,1.05,b,,False,False,False,46.713481,-119.2496581,default
255,0.0,0.0,0.0,0.0,0.0,0.0,0.0,0.0,0.0,0.0,0.0,0.0,0.0,0.0,x3315860b,PQ,1.0,1.0,1.0,104.0,1000000.0,0.9,1.05,s1s2,b,False,False,False,46.7131,-119.2497,default
256,0.0,0.0,0.0,0.0,0.0,0.0,0.0025032981088076,0.0006273857011342,0.0033367020890393,0.000836256446737,0.0,0.0,0.0,0.0,sx3315860b,PQ,1.0,1.0,1.0,104.0,1000000.0,0.9,1.05,s1s2,b,False,True,False,46.7132,-119.2499,default
257,0.0,0.0,0.0,0.0,0.0,0.0,0.0,0.0,0.0,0.0,0.0,0.0,0.0,0.0,x3254206b,PQ,1.0,1.0,1.0,104.0,1000000.0,0.9,1.05,s1s2,b,False,False,False,46.718,-119.2481,default
258,0.0,0.0,0.0,0.0,0.0,0.0,0.0039920644466172,0.0010005057491938,0.0057379358900268,0.0014380624194873,0.0,0.0,0.0,0.0,sx3254206b,PQ,1.0,1.0,1.0,104.0,1000000.0,0.9,1.05,s1s2,b,False,True,False,46.7181,-119.2484,default
259,0.0,0.0,0.0,0.0,0.0,0.0,0.0,0.0,0.0,0.0,0.0,0.0,0.0,0.0,x2954338b,PQ,1.0,1.0,1.0,104.0,1000000.0,0.9,1.05,s1s2,b,False,False,False,46.718,-119.2459,default
260,0.0,0.0,0.0,0.0,0.0,0.0,0.0032700859083243,0.000819560854285,0.006459914429292,0.0016190073148148,0.0,0.0,0.0,0.0,sx2954338b,PQ,1.0,1.0,1.0,104.0,1000000.0,0.9,1.05,s1s2,b,False,True,False,46.7181,-119.2462,default
261,0.0,0.0,0.0,0.0,0.0,0.0,0.0,0.0,0.0,0.0,0.0,0.0,0.0,0.0,x3104114b,PQ,1.0,1.0,1.0,104.0,1000000.0,0.9,1.05,s1s2,b,False,False,False,46.718,-119.2444,default
262,0.0,0.0,0.0,0.0,0.0,0.0,0.0005595864145205,0.0001402455873068,0.0091704139518764,0.0022983225978176,0.0,0.0,0.0,0.0,sx3104114b,PQ,1.0,1.0,1.0,104.0,1000000.0,0.9,1.05,s1s2,b,False,True,False,46.718,-119.2447,default
263,0.0,0.0,0.0,0.0,0.0,0.0,0.0,0.0,0.0,0.0,0.0,0.0,0.0,0.0,x3254234b,PQ,1.0,1.0,1.0,104.0,1000000.0,0.9,1.05,s1s2,b,False,False,False,46.7179,-119.243,default
264,0.0,0.0,0.0,0.0,0.0,0.0,0.0072920411628121,0.0018275579524703,0.0024379591768991,0.0006110102178592,0.0,0.0,0.0,0.0,sx3254234b,PQ,1.0,1.0,1.0,104.0,1000000.0,0.9,1.05,s1s2,b,False,True,False,46.718,-119.2433,default
265,0.0,0.0,0.0,0.0,0.0,0.0,0.0,0.0,0.0,0.0,0.0,0.0,0.0,0.0,x2766742b,PQ,1.0,1.0,1.0,104.0,1000000.0,0.9,1.05,s1s2,b,False,False,False,46.7176,-119.2401,default
266,0.0,0.0,0.0,0.0,0.0,0.0,0.0031719930164297,0.0007949764568404,0.0026680071740724,0.0006686656868116,0.0,0.0,0.0,0.0,sx2766742b,PQ,1.0,1.0,1.0,104.0,1000000.0,0.9,1.05,s1s2,b,False,True,False,46.7177,-119.2404,default
267,0.0,0.0,0.0,0.0,0.0,0.0,0.0,0.0,0.0,0.0,0.0,0.0,0.0,0.0,x2729430b,PQ,1.0,1.0,1.0,104.0,1000000.0,0.9,1.05,s1s2,b,False,False,False,46.7173,-119.2383,default
268,0.0,0.0,0.0,0.0,0.0,0.0,0.0042584891479926,0.0010672780778155,0.0054715111734502,0.0013712900824769,0.0,0.0,0.0,0.0,sx2729430b,PQ,1.0,1.0,1.0,104.0,1000000.0,0.9,1.05,s1s2,b,False,True,False,46.7173,-119.2386,default
269,0.0,0.0,0.0,0.0,0.0,0.0,0.0,0.0,0.0,0.0,0.0,0.0,0.0,0.0,x2710542b,PQ,1.0,1.0,1.0,104.0,1000000.0,0.9,1.05,s1s2,b,False,False,False,46.7172,-119.2377,default
270,0.0,0.0,0.0,0.0,0.0,0.0,0.0081047168417325,0.0020312336948262,0.0016252834973957,0.0004073344753141,0.0,0.0,0.0,0.0,sx2710542b,PQ,1.0,1.0,1.0,104.0,1000000.0,0.9,1.05,s1s2,b,False,True,False,46.7173,-119.238,default
271,0.0,0.0,0.0,0.0,0.0,0.0,0.0,0.0,0.0,0.0,0.0,0.0,0.0,0.0,p859694,PQ,1.0,1.0,1.0,7199.557856794634,1000000.0,0.9,1.05,c,,False,False,False,46.71563332,-119.2373872,default
272,0.0,0.0,0.0,0.0,0.0,0.0,0.0,0.0,0.0,0.0,0.0,0.0,0.0,0.0,l2746587,PQ,1.0,1.0,1.0,7199.557856794634,1000000.0,0.9,1.05,c,,False,False,False,46.71569208,-119.2376538,default
273,0.0,0.0,0.0,0.0,0.0,0.0,0.0,0.0,0.0,0.0,0.0,0.0,0.0,0.0,n1147858,PQ,1.0,1.0,1.0,7199.557856794634,1000000.0,0.9,1.05,c,,False,False,False,46.71577536,-119.2380318,default
274,0.0,0.0,0.0,0.0,0.0,0.0,0.0,0.0,0.0,0.0,0.0,0.0,0.0,0.0,l2991933,PQ,1.0,1.0,1.0,7199.557856794634,1000000.0,0.9,1.05,c,,False,False,False,46.71596842,-119.2389078,default
275,0.0,0.0,0.0,0.0,0.0,0.0,0.0,0.0,0.0,0.0,0.0,0.0,0.0,0.0,l3122837,PQ,1.0,1.0,1.0,7199.557856794634,1000000.0,0.9,1.05,c,,False,False,False,46.71625246,-119.2402932,default
276,0.0,0.0,0.0,0.0,0.0,0.0,0.0,0.0,0.0,0.0,0.0,0.0,0.0,0.0,l3048222,PQ,1.0,1.0,1.0,7199.557856794634,1000000.0,0.9,1.05,c,,False,False,False,46.71678368,-119.2427967,default
277,0.0,0.0,0.0,0.0,0.0,0.0,0.0,0.0,0.0,0.0,0.0,0.0,0.0,0.0,x3048222c,PQ,1.0,1.0,1.0,104.0,1000000.0,0.9,1.05,s1s2,c,False,False,False,46.7164,-119.2428,default
278,0.0,0.0,0.0,0.0,0.0,0.0,0.0126059950359712,0.003159360705075,0.002654005201877,0.0006651565073635,0.0,0.0,0.0,0.0,sx3048222c,PQ,1.0,1.0,1.0,104.0,1000000.0,0.9,1.05,s1s2,c,False,True,False,46.7165,-119.2431,default
279,0.0,0.0,0.0,0.0,0.0,0.0,0.0,0.0,0.0,0.0,0.0,0.0,0.0,0.0,x3122837c,PQ,1.0,1.0,1.0,104.0,1000000.0,0.9,1.05,s1s2,c,False,False,False,46.7159,-119.2403,default
280,0.0,0.0,0.0,0.0,0.0,0.0,0.0089322424734986,0.0022386313514805,0.0063277576949081,0.0015858858234314,0.0,0.0,0.0,0.0,sx3122837c,PQ,1.0,1.0,1.0,104.0,1000000.0,0.9,1.05,s1s2,c,False,True,False,46.7159,-119.2406,default
281,0.0,0.0,0.0,0.0,0.0,0.0,0.0,0.0,0.0,0.0,0.0,0.0,0.0,0.0,x2991933c,PQ,1.0,1.0,1.0,104.0,1000000.0,0.9,1.05,s1s2,c,False,False,False,46.7156,-119.2389,default
282,0.0,0.0,0.0,0.0,0.0,0.0,0.0126258553587566,0.0031643381577702,0.0077141449053855,0.0019333472632938,0.0,0.0,0.0,0.0,sx2991933c,PQ,1.0,1.0,1.0,104.0,1000000.0,0.9,1.05,s1s2,c,False,True,False,46.7157,-119.2392,default
283,0.0,0.0,0.0,0.0,0.0,0.0,0.0,0.0,0.0,0.0,0.0,0.0,0.0,0.0,x2746587c,PQ,1.0,1.0,1.0,104.0,1000000.0,0.9,1.05,s1s2,c,False,False,False,46.7153,-119.2377,default
284,0.0,0.0,0.0,0.0,0.0,0.0,0.0064587604354303,0.0016187182162244,0.0037112396649283,0.0009301244857318,0.0,0.0,0.0,0.0,sx2746587c,PQ,1.0,1.0,1.0,104.0,1000000.0,0.9,1.05,s1s2,c,False,True,False,46.7154,-119.2379,default
285,0.0,0.0,0.0,0.0,0.0,0.0,0.0,0.0,0.0,0.0,0.0,0.0,0.0,0.0,x3216346a,PQ,1.0,1.0,1.0,104.0,1000000.0,0.9,1.05,s1s2,a,False,False,False,46.6998,-119.2372,default
286,0.0,0.0,0.0,0.0,0.0,0.0,0.0044576192541028,0.0011171845654903,0.0008623806366766,0.0002161329366873,0.0,0.0,0.0,0.0,sx3216346a,PQ,1.0,1.0,1.0,104.0,1000000.0,0.9,1.05,s1s2,a,False,True,False,46.6998,-119.2375,default
287,0.0,0.0,0.0,0.0,0.0,0.0,0.0,0.0,0.0,0.0,0.0,0.0,0.0,0.0,x2858163a,PQ,1.0,1.0,1.0,104.0,1000000.0,0.9,1.05,s1s2,a,False,False,False,46.6983,-119.2358,default
288,0.0,0.0,0.0,0.0,0.0,0.0,0.001028949315763,0.0002578789781943,0.0042910505762512,0.0010754385252607,0.0,0.0,0.0,0.0,sx2858163a,PQ,1.0,1.0,1.0,104.0,1000000.0,0.9,1.05,s1s2,a,False,True,False,46.6984,-119.2361,default
289,0.0,0.0,0.0,0.0,0.0,0.0,0.0,0.0,0.0,0.0,0.0,0.0,0.0,0.0,x2766747a,PQ,1.0,1.0,1.0,104.0,1000000.0,0.9,1.05,s1s2,a,False,False,False,46.6962,-119.235,default
290,0.0,0.0,0.0,0.0,0.0,0.0,0.0014232632142477,0.000356703346208,0.007446736595407,0.0018663279022148,0.0,0.0,0.0,0.0,sx2766747a,PQ,1.0,1.0,1.0,104.0,1000000.0,0.9,1.05,s1s2,a,False,True,False,46.6962,-119.2353,default
291,0.0,0.0,0.0,0.0,0.0,0.0,0.0,0.0,0.0,0.0,0.0,0.0,0.0,0.0,m1026734,PQ,1.0,1.0,1.0,7199.557856794634,1000000.0,0.9,1.05,a,,False,False,False,46.69608578,-119.2359387,default
292,0.0,0.0,0.0,0.0,0.0,0.0,0.0,0.0,0.0,0.0,0.0,0.0,0.0,0.0,l3065696,PQ,1.0,1.0,1.0,7199.557856794634,1000000.0,0.9,1.05,a,,False,False,False,46.69582492,-119.2370447,default
293,0.0,0.0,0.0,0.0,0.0,0.0,0.0,0.0,0.0,0.0,0.0,0.0,0.0,0.0,x3065696a,PQ,1.0,1.0,1.0,104.0,1000000.0,0.9,1.05,s1s2,a,False,False,False,46.6955,-119.237,default
294,0.0,0.0,0.0,0.0,0.0,0.0,0.0085976297545905,0.0021547688820612,0.0002723700428557,6.826235991321309e-05,0.0,0.0,0.0,0.0,sx3065696a,PQ,1.0,1.0,1.0,104.0,1000000.0,0.9,1.05,s1s2,a,False,True,False,46.6955,-119.2373,default
295,0.0,0.0,0.0,0.0,0.0,0.0,0.0,0.0,0.0,0.0,0.0,0.0,0.0,0.0,x3047058a,PQ,1.0,1.0,1.0,104.0,1000000.0,0.9,1.05,s1s2,a,False,False,False,46.6946,-119.2344,default
296,0.0,0.0,0.0,0.0,0.0,0.0,0.0073941497200683,0.0018531483954658,0.0059058500059849,0.0014801453702435,0.0,0.0,0.0,0.0,sx3047058a,PQ,1.0,1.0,1.0,104.0,1000000.0,0.9,1.05,s1s2,a,False,True,False,46.6946,-119.2346,default
297,0.0,0.0,0.0,0.0,0.0,0.0,0.0,0.0,0.0,0.0,0.0,0.0,0.0,0.0,m1026681,PQ,1.0,1.0,1.0,7199.557856794634,1000000.0,0.9,1.05,abc,,False,False,False,46.6915688,-119.2309338,default
298,0.0,0.0,0.0,0.0,0.0,0.0,0.0,0.0,0.0,0.0,0.0,0.0,0.0,0.0,d6108145-1_int,PQ,1.0,1.0,1.0,7199.557856794634,1000000.0,0.9,1.05,abc,,False,False,False,46.69182638,-119.2304979,default
299,0.0,0.0,0.0,0.0,0.0,0.0,0.0,0.0,0.0,0.0,0.0,0.0,0.0,0.0,l2879078,PQ,1.0,1.0,1.0,7199.557856794634,1000000.0,0.9,1.05,abc,,False,False,False,46.69213664,-119.2301729,default
300,0.0,0.0,0.0,0.0,0.0,0.0,0.0,0.0,0.0,0.0,0.0,0.0,0.0,0.0,m1026690,PQ,1.0,1.0,1.0,7199.557856794634,1000000.0,0.9,1.05,abc,,False,False,False,46.69305636,-119.2289441,default
301,0.0,0.0,0.0,0.0,0.0,0.0,0.0,0.0,0.0,0.0,0.0,0.0,0.0,0.0,m1026697,PQ,1.0,1.0,1.0,7199.557856794634,1000000.0,0.9,1.05,abc,,False,False,False,46.69363848,-119.2281469,default
302,0.0,0.0,0.0,0.0,0.0,0.0,0.0,0.0,0.0,0.0,0.0,0.0,0.0,0.0,m1026701,PQ,1.0,1.0,1.0,7199.557856794634,1000000.0,0.9,1.05,abc,,False,False,False,46.69419792,-119.2273419,default
303,0.0,0.0,0.0,0.0,0.0,0.0,0.0,0.0,0.0,0.0,0.0,0.0,0.0,0.0,m1026709,PQ,1.0,1.0,1.0,7199.557856794634,1000000.0,0.9,1.05,abc,,False,False,False,46.69461526,-119.2264713,default
304,0.0,0.0,0.0,0.0,0.0,0.0,0.0,0.0,0.0,0.0,0.0,0.0,0.0,0.0,m1026708,PQ,1.0,1.0,1.0,7199.557856794634,1000000.0,0.9,1.05,abc,,False,False,False,46.69461496,-119.2264588,default
305,0.0,0.0,0.0,0.0,0.0,0.0,0.0,0.0,0.0,0.0,0.0,0.0,0.0,0.0,n1140828,PQ,1.0,1.0,1.0,7199.557856794634,1000000.0,0.9,1.05,abc,,False,False,False,46.69461008,-119.2262503,default
306,0.0,0.0,0.0,0.0,0.0,0.0,0.0,0.0,0.0,0.0,0.0,0.0,0.0,0.0,m1026706,PQ,1.0,1.0,1.0,7199.557856794634,1000000.0,0.9,1.05,abc,,False,False,False,46.69456226,-119.2242075,default
307,0.0,0.0,0.0,0.0,0.0,0.0,0.0,0.0,0.0,0.0,0.0,0.0,0.0,0.0,m1026700,PQ,1.0,1.0,1.0,7199.557856794634,1000000.0,0.9,1.05,abc,,False,False,False,46.6940489,-119.2228782,default
308,0.0,0.0,0.0,0.0,0.0,0.0,0.0,0.0,0.0,0.0,0.0,0.0,0.0,0.0,n1140819,PQ,1.0,1.0,1.0,7199.557856794634,1000000.0,0.9,1.05,abc,,False,False,False,46.69393264,-119.2224384,default
309,0.0,0.0,0.0,0.0,0.0,0.0,0.0,0.0,0.0,0.0,0.0,0.0,0.0,0.0,l2973167,PQ,1.0,1.0,1.0,7199.557856794634,1000000.0,0.9,1.05,abc,,False,False,False,46.69363492,-119.2213116,default
310,0.0,0.0,0.0,0.0,0.0,0.0,0.0,0.0,0.0,0.0,0.0,0.0,0.0,0.0,n1140818,PQ,1.0,1.0,1.0,7199.557856794634,1000000.0,0.9,1.05,abc,,False,False,False,46.69360124,-119.221133,default
311,0.0,0.0,0.0,0.0,0.0,0.0,0.0,0.0,0.0,0.0,0.0,0.0,0.0,0.0,m1026695,PQ,1.0,1.0,1.0,7199.557856794634,1000000.0,0.9,1.05,abc,,False,False,False,46.693402,-119.2200767,default
312,0.0,0.0,0.0,0.0,0.0,0.0,0.0,0.0,0.0,0.0,0.0,0.0,0.0,0.0,n1138594,PQ,1.0,1.0,1.0,7199.557856794634,1000000.0,0.9,1.05,a,,False,False,False,46.69313232,-119.2200522,default
313,0.0,0.0,0.0,0.0,0.0,0.0,0.0,0.0,0.0,0.0,0.0,0.0,0.0,0.0,d5774470-2_int,PQ,1.0,1.0,1.0,7199.557856794634,1000000.0,0.9,1.05,a,,False,False,False,46.69217484,-119.2199498,default
314,0.0,0.0,0.0,0.0,0.0,0.0,0.0,0.0,0.0,0.0,0.0,0.0,0.0,0.0,m1026679,PQ,1.0,1.0,1.0,7199.557856794634,1000000.0,0.9,1.05,a,,False,False,False,46.69113282,-119.2198702,default
315,0.0,0.0,0.0,0.0,0.0,0.0,0.0,0.0,0.0,0.0,0.0,0.0,0.0,0.0,p827537,PQ,1.0,1.0,1.0,7199.557856794634,1000000.0,0.9,1.05,a,,False,False,False,46.69100924,-119.2198347,default
316,0.0,0.0,0.0,0.0,0.0,0.0,0.0,0.0,0.0,0.0,0.0,0.0,0.0,0.0,l3122827,PQ,1.0,1.0,1.0,7199.557856794634,1000000.0,0.9,1.05,a,,False,False,False,46.69004008,-119.2195569,default
317,0.0,0.0,0.0,0.0,0.0,0.0,0.0,0.0,0.0,0.0,0.0,0.0,0.0,0.0,l2954355,PQ,1.0,1.0,1.0,7199.557856794634,1000000.0,0.9,1.05,a,,False,False,False,46.68931934,-119.220065,default
318,0.0,0.0,0.0,0.0,0.0,0.0,0.0,0.0,0.0,0.0,0.0,0.0,0.0,0.0,m1026665,PQ,1.0,1.0,1.0,7199.557856794634,1000000.0,0.9,1.05,a,,False,False,False,46.68900768,-119.2202287,default
319,0.0,0.0,0.0,0.0,0.0,0.0,0.0,0.0,0.0,0.0,0.0,0.0,0.0,0.0,l3232933,PQ,1.0,1.0,1.0,7199.557856794634,1000000.0,0.9,1.05,a,,False,False,False,46.6871588,-119.2213704,default
320,0.0,0.0,0.0,0.0,0.0,0.0,0.0,0.0,0.0,0.0,0.0,0.0,0.0,0.0,m1026660,PQ,1.0,1.0,1.0,7199.557856794634,1000000.0,0.9,1.05,a,,False,False,False,46.68802872,-119.2193665,default
321,0.0,0.0,0.0,0.0,0.0,0.0,0.0,0.0,0.0,0.0,0.0,0.0,0.0,0.0,l3160106,PQ,1.0,1.0,1.0,7199.557856794634,1000000.0,0.9,1.05,a,,False,False,False,46.68736022,-119.2136007,default
322,0.0,0.0,0.0,0.0,0.0,0.0,0.0,0.0,0.0,0.0,0.0,0.0,0.0,0.0,x3160106a,PQ,1.0,1.0,1.0,104.0,1000000.0,0.9,1.05,s1s2,a,False,False,False,46.687,-119.2136,default
323,0.0,0.0,0.0,0.0,0.0,0.0,0.0064922307302433,0.001627106183158,0.0023777690636511,0.0005959250247501,0.0,0.0,0.0,0.0,sx3160106a,PQ,1.0,1.0,1.0,104.0,1000000.0,0.9,1.05,s1s2,a,True,True,False,46.687,-119.2139,default
324,0.0,0.0,0.0,0.0,0.0,0.0,0.0,0.0,0.0,0.0,0.0,0.0,0.0,0.0,m1026657,PQ,1.0,1.0,1.0,7199.557856794634,1000000.0,0.9,1.05,a,,False,False,False,46.68685318,-119.2184115,default
325,0.0,0.0,0.0,0.0,0.0,0.0,0.0,0.0,0.0,0.0,0.0,0.0,0.0,0.0,m1026656,PQ,1.0,1.0,1.0,7199.557856794634,1000000.0,0.9,1.05,a,,False,False,False,46.68678118,-119.2183554,default
326,0.0,0.0,0.0,0.0,0.0,0.0,0.0,0.0,0.0,0.0,0.0,0.0,0.0,0.0,l2729428,PQ,1.0,1.0,1.0,7199.557856794634,1000000.0,0.9,1.05,a,,False,False,False,46.68452172,-119.2166591,default
327,0.0,0.0,0.0,0.0,0.0,0.0,0.0,0.0,0.0,0.0,0.0,0.0,0.0,0.0,m1026648,PQ,1.0,1.0,1.0,7199.557856794634,1000000.0,0.9,1.05,a,,False,False,False,46.68369496,-119.2158764,default
328,0.0,0.0,0.0,0.0,0.0,0.0,0.0,0.0,0.0,0.0,0.0,0.0,0.0,0.0,l2973159,PQ,1.0,1.0,1.0,7199.557856794634,1000000.0,0.9,1.05,a,,False,False,False,46.68455882,-119.2146036,default
329,0.0,0.0,0.0,0.0,0.0,0.0,0.0,0.0,0.0,0.0,0.0,0.0,0.0,0.0,x2973159a,PQ,1.0,1.0,1.0,104.0,1000000.0,0.9,1.05,s1s2,a,False,False,False,46.6842,-119.2146,default
330,0.0,0.0,0.0,0.0,0.0,0.0,0.0049337665617517,0.0012365182835171,0.0003862332971905,9.679917565377675e-05,0.0,0.0,0.0,0.0,sx2973159a,PQ,1.0,1.0,1.0,104.0,1000000.0,0.9,1.05,s1s2,a,False,True,False,46.6842,-119.2149,default
331,0.0,0.0,0.0,0.0,0.0,0.0,0.0,0.0,0.0,0.0,0.0,0.0,0.0,0.0,m1026647,PQ,1.0,1.0,1.0,7199.557856794634,1000000.0,0.9,1.05,a,,False,False,False,46.68301508,-119.2155081,default
332,0.0,0.0,0.0,0.0,0.0,0.0,0.0,0.0,0.0,0.0,0.0,0.0,0.0,0.0,m3036169,PQ,1.0,1.0,1.0,7199.557856794634,1000000.0,0.9,1.05,a,,False,False,False,46.6820261,-119.2141494,default
333,0.0,0.0,0.0,0.0,0.0,0.0,0.0,0.0,0.0,0.0,0.0,0.0,0.0,0.0,l2673317,PQ,1.0,1.0,1.0,7199.557856794634,1000000.0,0.9,1.05,a,,False,False,False,46.68200302,-119.2141145,default
334,0.0,0.0,0.0,0.0,0.0,0.0,0.0,0.0,0.0,0.0,0.0,0.0,0.0,0.0,l2710517,PQ,1.0,1.0,1.0,7199.557856794634,1000000.0,0.9,1.05,a,,False,False,False,46.68111666,-119.2127773,default
335,0.0,0.0,0.0,0.0,0.0,0.0,0.0,0.0,0.0,0.0,0.0,0.0,0.0,0.0,m1026646,PQ,1.0,1.0,1.0,7199.557856794634,1000000.0,0.9,1.05,a,,False,False,False,46.68069798,-119.2121084,default
336,0.0,0.0,0.0,0.0,0.0,0.0,0.0,0.0,0.0,0.0,0.0,0.0,0.0,0.0,l3178978,PQ,1.0,1.0,1.0,7199.557856794634,1000000.0,0.9,1.05,a,,False,False,False,46.67903444,-119.2093964,default
337,0.0,0.0,0.0,0.0,0.0,0.0,0.0,0.0,0.0,0.0,0.0,0.0,0.0,0.0,m1047432,PQ,1.0,1.0,1.0,7199.557856794634,1000000.0,0.9,1.05,a,,False,False,False,46.67768022,-119.207058,default
338,0.0,0.0,0.0,0.0,0.0,0.0,0.0,0.0,0.0,0.0,0.0,0.0,0.0,0.0,l2879075,PQ,1.0,1.0,1.0,7199.557856794634,1000000.0,0.9,1.05,a,,False,False,False,46.67704756,-119.2073918,default
339,0.0,0.0,0.0,0.0,0.0,0.0,0.0,0.0,0.0,0.0,0.0,0.0,0.0,0.0,l3251830,PQ,1.0,1.0,1.0,7199.557856794634,1000000.0,0.9,1.05,a,,False,False,False,46.67626546,-119.2077898,default
340,0.0,0.0,0.0,0.0,0.0,0.0,0.0,0.0,0.0,0.0,0.0,0.0,0.0,0.0,x2879075a,PQ,1.0,1.0,1.0,104.0,1000000.0,0.9,1.05,s1s2,a,False,False,False,46.6767,-119.2074,default
341,0.0,0.0,0.0,0.0,0.0,0.0,0.0018414401651534,0.0004615083446699,0.0034785596989566,0.0008718091176554,0.0,0.0,0.0,0.0,sx2879075a,PQ,1.0,1.0,1.0,104.0,1000000.0,0.9,1.05,s1s2,a,False,True,False,46.6767,-119.2077,default
342,0.0,0.0,0.0,0.0,0.0,0.0,0.0,0.0,0.0,0.0,0.0,0.0,0.0,0.0,m1047433,PQ,1.0,1.0,1.0,7199.557856794634,1000000.0,0.9,1.05,a,,False,False,False,46.67832142,-119.2068973,default
343,0.0,0.0,0.0,0.0,0.0,0.0,0.0,0.0,0.0,0.0,0.0,0.0,0.0,0.0,m1047434,PQ,1.0,1.0,1.0,7199.557856794634,1000000.0,0.9,1.05,a,,False,False,False,46.67947226,-119.2076405,default
344,0.0,0.0,0.0,0.0,0.0,0.0,0.0,0.0,0.0,0.0,0.0,0.0,0.0,0.0,m1047435,PQ,1.0,1.0,1.0,7199.557856794634,1000000.0,0.9,1.05,a,,False,False,False,46.68053392,-119.2083074,default
345,0.0,0.0,0.0,0.0,0.0,0.0,0.0,0.0,0.0,0.0,0.0,0.0,0.0,0.0,l2970841,PQ,1.0,1.0,1.0,7199.557856794634,1000000.0,0.9,1.05,a,,False,False,False,46.6811158,-119.2086764,default
346,0.0,0.0,0.0,0.0,0.0,0.0,0.0,0.0,0.0,0.0,0.0,0.0,0.0,0.0,p903360,PQ,1.0,1.0,1.0,7199.557856794634,1000000.0,0.9,1.05,a,,False,False,False,46.67687062,-119.2055634,default
347,0.0,0.0,0.0,0.0,0.0,0.0,0.0,0.0,0.0,0.0,0.0,0.0,0.0,0.0,m1047430,PQ,1.0,1.0,1.0,7199.557856794634,1000000.0,0.9,1.05,a,,False,False,False,46.67681534,-119.2054108,default
348,0.0,0.0,0.0,0.0,0.0,0.0,0.0,0.0,0.0,0.0,0.0,0.0,0.0,0.0,l2916234,PQ,1.0,1.0,1.0,7199.557856794634,1000000.0,0.9,1.05,a,,False,False,False,46.6757575,-119.2028536,default
349,0.0,0.0,0.0,0.0,0.0,0.0,0.0,0.0,0.0,0.0,0.0,0.0,0.0,0.0,m1047423,PQ,1.0,1.0,1.0,7199.557856794634,1000000.0,0.9,1.05,a,,False,False,False,46.67397156,-119.1989723,default
350,0.0,0.0,0.0,0.0,0.0,0.0,0.0,0.0,0.0,0.0,0.0,0.0,0.0,0.0,m1047420,PQ,1.0,1.0,1.0,7199.557856794634,1000000.0,0.9,1.05,a,,False,False,False,46.67365968,-119.1981928,default
351,0.0,0.0,0.0,0.0,0.0,0.0,0.0,0.0,0.0,0.0,0.0,0.0,0.0,0.0,l2820556,PQ,1.0,1.0,1.0,7199.557856794634,1000000.0,0.9,1.05,a,,False,False,False,46.6722528,-119.1966724,default
352,0.0,0.0,0.0,0.0,0.0,0.0,0.0,0.0,0.0,0.0,0.0,0.0,0.0,0.0,m1047410,PQ,1.0,1.0,1.0,7199.557856794634,1000000.0,0.9,1.05,a,,False,False,False,46.67180308,-119.1962636,default
353,0.0,0.0,0.0,0.0,0.0,0.0,0.0,0.0,0.0,0.0,0.0,0.0,0.0,0.0,m1047409,PQ,1.0,1.0,1.0,7199.557856794634,1000000.0,0.9,1.05,a,,False,False,False,46.67083092,-119.1951638,default
354,0.0,0.0,0.0,0.0,0.0,0.0,0.0,0.0,0.0,0.0,0.0,0.0,0.0,0.0,l2841648,PQ,1.0,1.0,1.0,7199.557856794634,1000000.0,0.9,1.05,a,,False,False,False,46.67125964,-119.1930531,default
355,0.0,0.0,0.0,0.0,0.0,0.0,0.0,0.0,0.0,0.0,0.0,0.0,0.0,0.0,l2710544,PQ,1.0,1.0,1.0,7199.557856794634,1000000.0,0.9,1.05,a,,False,False,False,46.6724554,-119.1936937,default
356,0.0,0.0,0.0,0.0,0.0,0.0,0.0,0.0,0.0,0.0,0.0,0.0,0.0,0.0,x2710544a,PQ,1.0,1.0,1.0,104.0,1000000.0,0.9,1.05,s1s2,a,False,False,False,46.6721,-119.1937,default
357,0.0,0.0,0.0,0.0,0.0,0.0,0.0004733552993745,0.0001186340054717,0.0048466445635509,0.0012146834649005,0.0,0.0,0.0,0.0,sx2710544a,PQ,1.0,1.0,1.0,104.0,1000000.0,0.9,1.05,s1s2,a,True,True,False,46.6721,-119.194,default
358,0.0,0.0,0.0,0.0,0.0,0.0,0.0,0.0,0.0,0.0,0.0,0.0,0.0,0.0,l2841000,PQ,1.0,1.0,1.0,7199.557856794634,1000000.0,0.9,1.05,a,,False,False,False,46.6717019,-119.1918564,default
359,0.0,0.0,0.0,0.0,0.0,0.0,0.0,0.0,0.0,0.0,0.0,0.0,0.0,0.0,x2841648a,PQ,1.0,1.0,1.0,104.0,1000000.0,0.9,1.05,s1s2,a,False,False,False,46.6709,-119.1931,default
360,0.0,0.0,0.0,0.0,0.0,0.0,0.0009574858599426,0.0002399685435484,0.0043625139964869,0.0010933489148592,0.0,0.0,0.0,0.0,sx2841648a,PQ,1.0,1.0,1.0,104.0,1000000.0,0.9,1.05,s1s2,a,False,True,False,46.6709,-119.1933,default
361,0.0,0.0,0.0,0.0,0.0,0.0,0.0,0.0,0.0,0.0,0.0,0.0,0.0,0.0,l3082992,PQ,1.0,1.0,1.0,7199.557856794634,1000000.0,0.9,1.05,a,,False,False,False,46.6700966,-119.1944506,default
362,0.0,0.0,0.0,0.0,0.0,0.0,0.0,0.0,0.0,0.0,0.0,0.0,0.0,0.0,m1047406,PQ,1.0,1.0,1.0,7199.557856794634,1000000.0,0.9,1.05,a,,False,False,False,46.66935902,-119.19394,default
363,0.0,0.0,0.0,0.0,0.0,0.0,0.0,0.0,0.0,0.0,0.0,0.0,0.0,0.0,l2691947,PQ,1.0,1.0,1.0,7199.557856794634,1000000.0,0.9,1.05,a,,False,False,False,46.66845044,-119.1936623,default
364,0.0,0.0,0.0,0.0,0.0,0.0,0.0,0.0,0.0,0.0,0.0,0.0,0.0,0.0,x2691947a,PQ,1.0,1.0,1.0,104.0,1000000.0,0.9,1.05,s1s2,a,False,False,False,46.6681,-119.1937,default
365,0.0,0.0,0.0,0.0,0.0,0.0,0.0014967116453893,0.0003751112450955,0.0020532882635269,0.0005146024746293,0.0,0.0,0.0,0.0,sx2691947a,PQ,1.0,1.0,1.0,104.0,1000000.0,0.9,1.05,s1s2,a,False,True,False,46.6681,-119.1939,default
366,0.0,0.0,0.0,0.0,0.0,0.0,0.0,0.0,0.0,0.0,0.0,0.0,0.0,0.0,l3216348,PQ,1.0,1.0,1.0,7199.557856794634,1000000.0,0.9,1.05,a,,False,False,False,46.66918756,-119.1943968,default
367,0.0,0.0,0.0,0.0,0.0,0.0,0.0,0.0,0.0,0.0,0.0,0.0,0.0,0.0,l2841627,PQ,1.0,1.0,1.0,7199.557856794634,1000000.0,0.9,1.05,a,,False,False,False,46.6681752,-119.1973856,default
368,0.0,0.0,0.0,0.0,0.0,0.0,0.0,0.0,0.0,0.0,0.0,0.0,0.0,0.0,l3254216,PQ,1.0,1.0,1.0,7199.557856794634,1000000.0,0.9,1.05,a,,False,False,False,46.66756576,-119.1990651,default
369,0.0,0.0,0.0,0.0,0.0,0.0,0.0,0.0,0.0,0.0,0.0,0.0,0.0,0.0,m1047401,PQ,1.0,1.0,1.0,7199.557856794634,1000000.0,0.9,1.05,a,,False,False,False,46.66738704,-119.199598,default
370,0.0,0.0,0.0,0.0,0.0,0.0,0.0,0.0,0.0,0.0,0.0,0.0,0.0,0.0,l2748132,PQ,1.0,1.0,1.0,7199.557856794634,1000000.0,0.9,1.05,a,,False,False,False,46.66708818,-119.200489,default
371,0.0,0.0,0.0,0.0,0.0,0.0,0.0,0.0,0.0,0.0,0.0,0.0,0.0,0.0,l2689726,PQ,1.0,1.0,1.0,7199.557856794634,1000000.0,0.9,1.05,a,,False,False,False,46.66577412,-119.2045861,default
372,0.0,0.0,0.0,0.0,0.0,0.0,0.0,0.0,0.0,0.0,0.0,0.0,0.0,0.0,m1047400,PQ,1.0,1.0,1.0,7199.557856794634,1000000.0,0.9,1.05,a,,False,False,False,46.66550766,-119.2068956,default
373,0.0,0.0,0.0,0.0,0.0,0.0,0.0,0.0,0.0,0.0,0.0,0.0,0.0,0.0,x2748132a,PQ,1.0,1.0,1.0,104.0,1000000.0,0.9,1.05,s1s2,a,False,False,False,46.6667,-119.2005,default
374,0.0,0.0,0.0,0.0,0.0,0.0,0.0004380706801016,0.0001097908465378,0.0048819291712543,0.0012235266091153,0.0,0.0,0.0,0.0,sx2748132a,PQ,1.0,1.0,1.0,104.0,1000000.0,0.9,1.05,s1s2,a,False,True,False,46.6668,-119.2008,default
375,0.0,0.0,0.0,0.0,0.0,0.0,0.0,0.0,0.0,0.0,0.0,0.0,0.0,0.0,m1047403,PQ,1.0,1.0,1.0,7199.557856794634,1000000.0,0.9,1.05,a,,False,False,False,46.66800758,-119.199739,default
376,0.0,0.0,0.0,0.0,0.0,0.0,0.0,0.0,0.0,0.0,0.0,0.0,0.0,0.0,m1047404,PQ,1.0,1.0,1.0,7199.557856794634,1000000.0,0.9,1.05,a,,False,False,False,46.66821928,-119.2008862,default
377,0.0,0.0,0.0,0.0,0.0,0.0,0.0,0.0,0.0,0.0,0.0,0.0,0.0,0.0,l3091052,PQ,1.0,1.0,1.0,7199.557856794634,1000000.0,0.9,1.05,a,,False,False,False,46.66795692,-119.2019039,default
378,0.0,0.0,0.0,0.0,0.0,0.0,0.0,0.0,0.0,0.0,0.0,0.0,0.0,0.0,x3091052a,PQ,1.0,1.0,1.0,104.0,1000000.0,0.9,1.05,s1s2,a,False,False,False,46.6676,-119.2019,default
379,0.0,0.0,0.0,0.0,0.0,0.0,0.0020461195874421,0.0005128058378678,0.0112538800058995,0.002820487790691,0.0,0.0,0.0,0.0,sx3091052a,PQ,1.0,1.0,1.0,104.0,1000000.0,0.9,1.05,s1s2,a,False,True,False,46.6676,-119.2022,default
380,0.0,0.0,0.0,0.0,0.0,0.0,0.0,0.0,0.0,0.0,0.0,0.0,0.0,0.0,x3254216a,PQ,1.0,1.0,1.0,104.0,1000000.0,0.9,1.05,s1s2,a,False,False,False,46.6672,-119.1991,default
381,0.0,0.0,0.0,0.0,0.0,0.0,0.0083904099839176,0.0021028346587174,0.0004795897496426,0.0001201965049937,0.0,0.0,0.0,0.0,sx3254216a,PQ,1.0,1.0,1.0,104.0,1000000.0,0.9,1.05,s1s2,a,False,True,False,46.6673,-119.1993,default
382,0.0,0.0,0.0,0.0,0.0,0.0,0.0,0.0,0.0,0.0,0.0,0.0,0.0,0.0,x2841627a,PQ,1.0,1.0,1.0,104.0,1000000.0,0.9,1.05,s1s2,a,False,False,False,46.6678,-119.1974,default
383,0.0,0.0,0.0,0.0,0.0,0.0,0.0027776168099424,0.000696136300873,0.0025423830610674,0.000637181174024,0.0,0.0,0.0,0.0,sx2841627a,PQ,1.0,1.0,1.0,104.0,1000000.0,0.9,1.05,s1s2,a,True,True,False,46.6679,-119.1977,default
384,0.0,0.0,0.0,0.0,0.0,0.0,0.0,0.0,0.0,0.0,0.0,0.0,0.0,0.0,x3216348a,PQ,1.0,1.0,1.0,104.0,1000000.0,0.9,1.05,s1s2,a,False,False,False,46.6688,-119.1944,default
385,0.0,0.0,0.0,0.0,0.0,0.0,0.0019479228251748,0.0004881954149362,0.0033720770452696,0.0008451220596148,0.0,0.0,0.0,0.0,sx3216348a,PQ,1.0,1.0,1.0,104.0,1000000.0,0.9,1.05,s1s2,a,True,True,False,46.6689,-119.1947,default
386,0.0,0.0,0.0,0.0,0.0,0.0,0.0,0.0,0.0,0.0,0.0,0.0,0.0,0.0,x3082992a,PQ,1.0,1.0,1.0,104.0,1000000.0,0.9,1.05,s1s2,a,False,False,False,46.6697,-119.1945,default
387,0.0,0.0,0.0,0.0,0.0,0.0,0.0014152174884722,0.0003546868902781,0.0039047823802529,0.0009786305832998,0.0,0.0,0.0,0.0,sx3082992a,PQ,1.0,1.0,1.0,104.0,1000000.0,0.9,1.05,s1s2,a,True,True,False,46.6698,-119.1947,default
388,0.0,0.0,0.0,0.0,0.0,0.0,0.0,0.0,0.0,0.0,0.0,0.0,0.0,0.0,x2820556a,PQ,1.0,1.0,1.0,104.0,1000000.0,0.9,1.05,s1s2,a,False,False,False,46.6719,-119.1967,default
389,0.0,0.0,0.0,0.0,0.0,0.0,0.0019380781952873,0.0004857281153282,0.0069319215582955,0.001737303059021,0.0,0.0,0.0,0.0,sx2820556a,PQ,1.0,1.0,1.0,104.0,1000000.0,0.9,1.05,s1s2,a,False,True,False,46.6719,-119.197,default
390,0.0,0.0,0.0,0.0,0.0,0.0,0.0,0.0,0.0,0.0,0.0,0.0,0.0,0.0,m1047419,PQ,1.0,1.0,1.0,7199.557856794634,1000000.0,0.9,1.05,a,,False,False,False,46.67348618,-119.1982514,default
391,0.0,0.0,0.0,0.0,0.0,0.0,0.0,0.0,0.0,0.0,0.0,0.0,0.0,0.0,l2973157,PQ,1.0,1.0,1.0,7199.557856794634,1000000.0,0.9,1.05,a,,False,False,False,46.67285366,-119.1985694,default
392,0.0,0.0,0.0,0.0,0.0,0.0,0.0,0.0,0.0,0.0,0.0,0.0,0.0,0.0,x2973157a,PQ,1.0,1.0,1.0,104.0,1000000.0,0.9,1.05,s1s2,a,False,False,False,46.6725,-119.1986,default
393,0.0,0.0,0.0,0.0,0.0,0.0,0.0006043904199573,0.0001514744970952,0.0082656093184386,0.002071556668954,0.0,0.0,0.0,0.0,sx2973157a,PQ,1.0,1.0,1.0,104.0,1000000.0,0.9,1.05,s1s2,a,False,True,False,46.6725,-119.1988,default
394,0.0,0.0,0.0,0.0,0.0,0.0,0.0,0.0,0.0,0.0,0.0,0.0,0.0,0.0,x2916234a,PQ,1.0,1.0,1.0,104.0,1000000.0,0.9,1.05,s1s2,a,False,False,False,46.6754,-119.2029,default
395,0.0,0.0,0.0,0.0,0.0,0.0,0.0018913479743513,0.0004740164183497,0.0016586519362061,0.0004156973021269,0.0,0.0,0.0,0.0,sx2916234a,PQ,1.0,1.0,1.0,104.0,1000000.0,0.9,1.05,s1s2,a,False,True,False,46.6754,-119.2031,default
396,0.0,0.0,0.0,0.0,0.0,0.0,0.0,0.0,0.0,0.0,0.0,0.0,0.0,0.0,x3178978a,PQ,1.0,1.0,1.0,104.0,1000000.0,0.9,1.05,s1s2,a,False,False,False,46.6787,-119.2094,default
397,0.0,0.0,0.0,0.0,0.0,0.0,0.0005391877454188,0.0001351331685446,0.0047808121118003,0.001198184289895,0.0,0.0,0.0,0.0,sx3178978a,PQ,1.0,1.0,1.0,104.0,1000000.0,0.9,1.05,s1s2,a,False,True,False,46.6787,-119.2097,default
398,0.0,0.0,0.0,0.0,0.0,0.0,0.0,0.0,0.0,0.0,0.0,0.0,0.0,0.0,n1139549,PQ,1.0,1.0,1.0,7199.557856794634,1000000.0,0.9,1.05,a,,False,False,False,46.68016354,-119.2121187,default
399,0.0,0.0,0.0,0.0,0.0,0.0,0.0,0.0,0.0,0.0,0.0,0.0,0.0,0.0,l2879074,PQ,1.0,1.0,1.0,7199.557856794634,1000000.0,0.9,1.05,a,,False,False,False,46.67992204,-119.2128138,default
400,0.0,0.0,0.0,0.0,0.0,0.0,0.0,0.0,0.0,0.0,0.0,0.0,0.0,0.0,l3122820,PQ,1.0,1.0,1.0,7199.557856794634,1000000.0,0.9,1.05,a,,False,False,False,46.67900094,-119.2134387,default
401,0.0,0.0,0.0,0.0,0.0,0.0,0.0,0.0,0.0,0.0,0.0,0.0,0.0,0.0,l3141398,PQ,1.0,1.0,1.0,7199.557856794634,1000000.0,0.9,1.05,a,,False,False,False,46.67816956,-119.2136452,default
402,0.0,0.0,0.0,0.0,0.0,0.0,0.0,0.0,0.0,0.0,0.0,0.0,0.0,0.0,x3141398a,PQ,1.0,1.0,1.0,104.0,1000000.0,0.9,1.05,s1s2,a,False,False,False,46.6778,-119.2136,default
403,0.0,0.0,0.0,0.0,0.0,0.0,0.000621727700111,0.0001558196283264,0.0046982721586056,0.0011774978308367,0.0,0.0,0.0,0.0,sx3141398a,PQ,1.0,1.0,1.0,104.0,1000000.0,0.9,1.05,s1s2,a,False,True,False,46.6779,-119.2139,default
404,0.0,0.0,0.0,0.0,0.0,0.0,0.0,0.0,0.0,0.0,0.0,0.0,0.0,0.0,x3122820a,PQ,1.0,1.0,1.0,104.0,1000000.0,0.9,1.05,s1s2,a,False,False,False,46.6787,-119.2134,default
405,0.0,0.0,0.0,0.0,0.0,0.0,0.0084948395850619,0.0021290071817845,0.0003751601570128,9.40239856195604e-05,0.0,0.0,0.0,0.0,sx3122820a,PQ,1.0,1.0,1.0,104.0,1000000.0,0.9,1.05,s1s2,a,False,True,False,46.6787,-119.2137,default
406,0.0,0.0,0.0,0.0,0.0,0.0,0.0,0.0,0.0,0.0,0.0,0.0,0.0,0.0,x2879074a,PQ,1.0,1.0,1.0,104.0,1000000.0,0.9,1.05,s1s2,a,False,False,False,46.6796,-119.2128,default
407,0.0,0.0,0.0,0.0,0.0,0.0,0.0043418370759779,0.001088166791667,0.0009781627854352,0.0002451506690051,0.0,0.0,0.0,0.0,sx2879074a,PQ,1.0,1.0,1.0,104.0,1000000.0,0.9,1.05,s1s2,a,False,True,False,46.6796,-119.2131,default
408,0.0,0.0,0.0,0.0,0.0,0.0,0.0,0.0,0.0,0.0,0.0,0.0,0.0,0.0,x2710517a,PQ,1.0,1.0,1.0,104.0,1000000.0,0.9,1.05,s1s2,a,False,False,False,46.6808,-119.2128,default
409,0.0,0.0,0.0,0.0,0.0,0.0,0.0012025829031115,0.0003013956445505,0.0041174169600795,0.0010319218171063,0.0,0.0,0.0,0.0,sx2710517a,PQ,1.0,1.0,1.0,104.0,1000000.0,0.9,1.05,s1s2,a,False,True,False,46.6808,-119.2131,default
410,0.0,0.0,0.0,0.0,0.0,0.0,0.0,0.0,0.0,0.0,0.0,0.0,0.0,0.0,x2673317a,PQ,1.0,1.0,1.0,104.0,1000000.0,0.9,1.05,s1s2,a,False,False,False,46.6817,-119.2141,default
411,0.0,0.0,0.0,0.0,0.0,0.0,0.0047891723772234,0.0012002795801367,0.0005308274918214,0.000133037892867,0.0,0.0,0.0,0.0,sx2673317a,PQ,1.0,1.0,1.0,104.0,1000000.0,0.9,1.05,s1s2,a,True,True,False,46.6817,-119.2144,default
412,0.0,0.0,0.0,0.0,0.0,0.0,0.0,0.0,0.0,0.0,0.0,0.0,0.0,0.0,n1139550,PQ,1.0,1.0,1.0,7199.557856794634,1000000.0,0.9,1.05,a,,False,False,False,46.68171662,-119.2143007,default
413,0.0,0.0,0.0,0.0,0.0,0.0,0.0,0.0,0.0,0.0,0.0,0.0,0.0,0.0,l3197639,PQ,1.0,1.0,1.0,7199.557856794634,1000000.0,0.9,1.05,a,,False,False,False,46.68139532,-119.2144579,default
414,0.0,0.0,0.0,0.0,0.0,0.0,0.0,0.0,0.0,0.0,0.0,0.0,0.0,0.0,x3197639a,PQ,1.0,1.0,1.0,104.0,1000000.0,0.9,1.05,s1s2,a,False,False,False,46.681,-119.2145,default
415,0.0,0.0,0.0,0.0,0.0,0.0,0.0002603554888461,6.525122747891039e-05,0.0086096442533874,0.0021577799399547,0.0,0.0,0.0,0.0,sx3197639a,PQ,1.0,1.0,1.0,104.0,1000000.0,0.9,1.05,s1s2,a,False,True,False,46.6811,-119.2147,default
416,0.0,0.0,0.0,0.0,0.0,0.0,0.0,0.0,0.0,0.0,0.0,0.0,0.0,0.0,x2729428a,PQ,1.0,1.0,1.0,104.0,1000000.0,0.9,1.05,s1s2,a,False,False,False,46.6842,-119.2167,default
417,0.0,0.0,0.0,0.0,0.0,0.0,0.0030262881699902,0.0007584592108168,0.0022937117083911,0.000574858267189,0.0,0.0,0.0,0.0,sx2729428a,PQ,1.0,1.0,1.0,104.0,1000000.0,0.9,1.05,s1s2,a,True,True,False,46.6842,-119.2169,default
418,0.0,0.0,0.0,0.0,0.0,0.0,0.0,0.0,0.0,0.0,0.0,0.0,0.0,0.0,x2954355a,PQ,1.0,1.0,1.0,104.0,1000000.0,0.9,1.05,s1s2,a,False,False,False,46.689,-119.2201,default
419,0.0,0.0,0.0,0.0,0.0,0.0,0.0003779240954204,9.471669372668031e-05,0.0049420757671059,0.0012386007671452,0.0,0.0,0.0,0.0,sx2954355a,PQ,1.0,1.0,1.0,104.0,1000000.0,0.9,1.05,s1s2,a,False,True,False,46.689,-119.2203,default
420,0.0,0.0,0.0,0.0,0.0,0.0,0.0,0.0,0.0,0.0,0.0,0.0,0.0,0.0,x3122827a,PQ,1.0,1.0,1.0,104.0,1000000.0,0.9,1.05,s1s2,a,False,False,False,46.6897,-119.2196,default
421,0.0,0.0,0.0,0.0,0.0,0.0,0.0042217023270219,0.0010580581933073,0.0046482974557084,0.0011649729954772,0.0,0.0,0.0,0.0,sx3122827a,PQ,1.0,1.0,1.0,104.0,1000000.0,0.9,1.05,s1s2,a,False,True,False,46.6897,-119.2198,default
422,0.0,0.0,0.0,0.0,0.0,0.0,0.0,0.0,0.0,0.0,0.0,0.0,0.0,0.0,n1139551,PQ,1.0,1.0,1.0,7199.557856794634,1000000.0,0.9,1.05,abc,,False,False,False,46.69352872,-119.2197208,default
423,0.0,0.0,0.0,0.0,0.0,0.0,0.0,0.0,0.0,0.0,0.0,0.0,0.0,0.0,m1026702,PQ,1.0,1.0,1.0,7199.557856794634,1000000.0,0.9,1.05,abc,,False,False,False,46.69424732,-119.2176905,default
424,0.0,0.0,0.0,0.0,0.0,0.0,0.0,0.0,0.0,0.0,0.0,0.0,0.0,0.0,l2729414,PQ,1.0,1.0,1.0,7199.557856794634,1000000.0,0.9,1.05,abc,,False,False,False,46.6935647,-119.2174433,default
425,0.0,0.0,0.0,0.0,0.0,0.0,0.0,0.0,0.0,0.0,0.0,0.0,0.0,0.0,x2729414a,PQ,1.0,1.0,1.0,104.0,1000000.0,0.9,1.05,s1s2,a,False,False,False,46.6932,-119.2174,default
426,0.0,0.0,0.0,0.0,0.0,0.0,0.0046989922571997,0.0011776783033732,0.0041710075220385,0.0010453528747424,0.0,0.0,0.0,0.0,sx2729414a,PQ,1.0,1.0,1.0,104.0,1000000.0,0.9,1.05,s1s2,a,False,True,False,46.6932,-119.2177,default
427,0.0,0.0,0.0,0.0,0.0,0.0,0.0,0.0,0.0,0.0,0.0,0.0,0.0,0.0,x2729414b,PQ,1.0,1.0,1.0,104.0,1000000.0,0.9,1.05,s1s2,b,False,False,False,46.6932,-119.2174,default
428,0.0,0.0,0.0,0.0,0.0,0.0,0.0073466785947951,0.0018412513896483,0.002383321796819,0.000597316799693,0.0,0.0,0.0,0.0,sx2729414b,PQ,1.0,1.0,1.0,104.0,1000000.0,0.9,1.05,s1s2,b,False,True,False,46.6932,-119.2177,default
429,0.0,0.0,0.0,0.0,0.0,0.0,0.0,0.0,0.0,0.0,0.0,0.0,0.0,0.0,x2729414c,PQ,1.0,1.0,1.0,104.0,1000000.0,0.9,1.05,s1s2,c,False,False,False,46.6932,-119.2174,default
430,0.0,0.0,0.0,0.0,0.0,0.0,0.0078238124403025,0.001960832599617,0.0023461876516292,0.000588010159049,0.0,0.0,0.0,0.0,sx2729414c,PQ,1.0,1.0,1.0,104.0,1000000.0,0.9,1.05,s1s2,c,False,True,False,46.6932,-119.2177,default
431,0.0,0.0,0.0,0.0,0.0,0.0,0.0,0.0,0.0,0.0,0.0,0.0,0.0,0.0,n1139552,PQ,1.0,1.0,1.0,7199.557856794634,1000000.0,0.9,1.05,abc,,False,False,False,46.69519212,-119.2167039,default
432,0.0,0.0,0.0,0.0,0.0,0.0,0.0,0.0,0.0,0.0,0.0,0.0,0.0,0.0,r18243,PQ,1.0,1.0,1.0,7199.557856794634,1000000.0,0.9,1.05,abc,,False,False,False,46.69552578,-119.2163555,default
433,0.0,0.0,0.0,0.0,0.0,0.0,0.0,0.0,0.0,0.0,0.0,0.0,0.0,0.0,m1026724,PQ,1.0,1.0,1.0,7199.557856794634,1000000.0,0.9,1.05,abc,,False,False,False,46.69559526,-119.2162794,default
434,0.0,0.0,0.0,0.0,0.0,0.0,0.0,0.0,0.0,0.0,0.0,0.0,0.0,0.0,m1026744,PQ,1.0,1.0,1.0,7199.557856794634,1000000.0,0.9,1.05,abc,,False,False,False,46.6977597,-119.2150182,default
435,0.0,0.0,0.0,0.0,0.0,0.0,0.0,0.0,0.0,0.0,0.0,0.0,0.0,0.0,m1026760,PQ,1.0,1.0,1.0,7199.557856794634,1000000.0,0.9,1.05,abc,,False,False,False,46.69925962,-119.2142073,default
436,0.0,0.0,0.0,0.0,0.0,0.0,0.0,0.0,0.0,0.0,0.0,0.0,0.0,0.0,e182732,PQ,1.0,1.0,1.0,7199.557856794634,1000000.0,0.9,1.05,abc,,False,False,False,46.69937644,-119.2141358,default
437,0.0,0.0,0.0,0.0,0.0,0.0,0.0,0.0,0.0,0.0,0.0,0.0,0.0,0.0,d5534970-1_int,PQ,1.0,1.0,1.0,7199.557856794634,1000000.0,0.9,1.05,abc,,False,False,False,46.70001554,-119.213527,default
438,0.0,0.0,0.0,0.0,0.0,0.0,0.0,0.0,0.0,0.0,0.0,0.0,0.0,0.0,l2841633,PQ,1.0,1.0,1.0,7199.557856794634,1000000.0,0.9,1.05,abc,,False,False,False,46.70073276,-119.2133055,default
439,0.0,0.0,0.0,0.0,0.0,0.0,0.0,0.0,0.0,0.0,0.0,0.0,0.0,0.0,m1026769,PQ,1.0,1.0,1.0,7199.557856794634,1000000.0,0.9,1.05,abc,,False,False,False,46.70083834,-119.2132318,default
440,0.0,0.0,0.0,0.0,0.0,0.0,0.0,0.0,0.0,0.0,0.0,0.0,0.0,0.0,d6140776-1_int,PQ,1.0,1.0,1.0,7199.557856794634,1000000.0,0.9,1.05,a,,False,False,False,46.70084318,-119.2132659,default
441,0.0,0.0,0.0,0.0,0.0,0.0,0.0,0.0,0.0,0.0,0.0,0.0,0.0,0.0,e182730,PQ,1.0,1.0,1.0,7199.557856794634,1000000.0,0.9,1.05,a,,False,False,False,46.70095208,-119.2136836,default
442,0.0,0.0,0.0,0.0,0.0,0.0,0.0,0.0,0.0,0.0,0.0,0.0,0.0,0.0,n1142109,PQ,1.0,1.0,1.0,7199.557856794634,1000000.0,0.9,1.05,a,,False,False,False,46.70101366,-119.2137182,default
443,0.0,0.0,0.0,0.0,0.0,0.0,0.0,0.0,0.0,0.0,0.0,0.0,0.0,0.0,l2729429,PQ,1.0,1.0,1.0,7199.557856794634,1000000.0,0.9,1.05,a,,False,False,False,46.7014318,-119.2148074,default
444,0.0,0.0,0.0,0.0,0.0,0.0,0.0,0.0,0.0,0.0,0.0,0.0,0.0,0.0,l3197647,PQ,1.0,1.0,1.0,7199.557856794634,1000000.0,0.9,1.05,a,,False,False,False,46.70300256,-119.2155129,default
445,0.0,0.0,0.0,0.0,0.0,0.0,0.0,0.0,0.0,0.0,0.0,0.0,0.0,0.0,m1026778,PQ,1.0,1.0,1.0,7199.557856794634,1000000.0,0.9,1.05,a,,False,False,False,46.70302434,-119.2155224,default
446,0.0,0.0,0.0,0.0,0.0,0.0,0.0,0.0,0.0,0.0,0.0,0.0,0.0,0.0,x3197647a,PQ,1.0,1.0,1.0,104.0,1000000.0,0.9,1.05,s1s2,a,False,False,False,46.7027,-119.2155,default
447,0.0,0.0,0.0,0.0,0.0,0.0,0.0011343987947323,0.0002843070926028,0.0024156011102003,0.0006054066087814,0.0,0.0,0.0,0.0,sx3197647a,PQ,1.0,1.0,1.0,104.0,1000000.0,0.9,1.05,s1s2,a,False,True,False,46.7027,-119.2158,default
448,0.0,0.0,0.0,0.0,0.0,0.0,0.0,0.0,0.0,0.0,0.0,0.0,0.0,0.0,x2729429a,PQ,1.0,1.0,1.0,104.0,1000000.0,0.9,1.05,s1s2,a,False,False,False,46.7011,-119.2148,default
449,0.0,0.0,0.0,0.0,0.0,0.0,0.0010074391409936,0.0002524880097926,0.0078625605910338,0.0019705431128277,0.0,0.0,0.0,0.0,sx2729429a,PQ,1.0,1.0,1.0,104.0,1000000.0,0.9,1.05,s1s2,a,False,True,False,46.7011,-119.2151,default
450,0.0,0.0,0.0,0.0,0.0,0.0,0.0,0.0,0.0,0.0,0.0,0.0,0.0,0.0,m1026774,PQ,1.0,1.0,1.0,7199.557856794634,1000000.0,0.9,1.05,abc,,False,False,False,46.70241036,-119.2124414,default
451,0.0,0.0,0.0,0.0,0.0,0.0,0.0,0.0,0.0,0.0,0.0,0.0,0.0,0.0,m1026780,PQ,1.0,1.0,1.0,7199.557856794634,1000000.0,0.9,1.05,abc,,False,False,False,46.70380992,-119.2116998,default
452,0.0,0.0,0.0,0.0,0.0,0.0,0.0,0.0,0.0,0.0,0.0,0.0,0.0,0.0,m1026783,PQ,1.0,1.0,1.0,7199.557856794634,1000000.0,0.9,1.05,abc,,False,False,False,46.70404132,-119.2115684,default
453,0.0,0.0,0.0,0.0,0.0,0.0,0.0,0.0,0.0,0.0,0.0,0.0,0.0,0.0,m1026784,PQ,1.0,1.0,1.0,7199.557856794634,1000000.0,0.9,1.05,c,,False,False,False,46.70406514,-119.2117051,default
454,0.0,0.0,0.0,0.0,0.0,0.0,0.0,0.0,0.0,0.0,0.0,0.0,0.0,0.0,n1140523,PQ,1.0,1.0,1.0,7199.557856794634,1000000.0,0.9,1.05,c,,False,False,False,46.70411114,-119.2119685,default
455,0.0,0.0,0.0,0.0,0.0,0.0,0.0,0.0,0.0,0.0,0.0,0.0,0.0,0.0,l2766724,PQ,1.0,1.0,1.0,7199.557856794634,1000000.0,0.9,1.05,c,,False,False,False,46.70417508,-119.2123351,default
456,0.0,0.0,0.0,0.0,0.0,0.0,0.0,0.0,0.0,0.0,0.0,0.0,0.0,0.0,x2766724c,PQ,1.0,1.0,1.0,104.0,1000000.0,0.9,1.05,s1s2,c,False,False,False,46.7038,-119.2123,default
457,0.0,0.0,0.0,0.0,0.0,0.0,0.0002247786703246,5.633485635367759e-05,0.0058752213767885,0.0014724695840323,0.0,0.0,0.0,0.0,sx2766724c,PQ,1.0,1.0,1.0,104.0,1000000.0,0.9,1.05,s1s2,c,False,True,False,46.7039,-119.2126,default
458,0.0,0.0,0.0,0.0,0.0,0.0,0.0,0.0,0.0,0.0,0.0,0.0,0.0,0.0,m1026785,PQ,1.0,1.0,1.0,7199.557856794634,1000000.0,0.9,1.05,abc,,False,False,False,46.70443518,-119.2113768,default
459,0.0,0.0,0.0,0.0,0.0,0.0,0.0,0.0,0.0,0.0,0.0,0.0,0.0,0.0,m1026786,PQ,1.0,1.0,1.0,7199.557856794634,1000000.0,0.9,1.05,abc,,False,False,False,46.7044864,-119.2113519,default
460,0.0,0.0,0.0,0.0,0.0,0.0,0.0,0.0,0.0,0.0,0.0,0.0,0.0,0.0,m1026795,PQ,1.0,1.0,1.0,7199.557856794634,1000000.0,0.9,1.05,abc,,False,False,False,46.70540942,-119.2107414,default
461,0.0,0.0,0.0,0.0,0.0,0.0,0.0,0.0,0.0,0.0,0.0,0.0,0.0,0.0,m1026796,PQ,1.0,1.0,1.0,7199.557856794634,1000000.0,0.9,1.05,abc,,False,False,False,46.70584402,-119.2107322,default
462,0.0,0.0,0.0,0.0,0.0,0.0,0.0,0.0,0.0,0.0,0.0,0.0,0.0,0.0,m1026797,PQ,1.0,1.0,1.0,7199.557856794634,1000000.0,0.9,1.05,abc,,False,False,False,46.70587926,-119.210721,default
463,0.0,0.0,0.0,0.0,0.0,0.0,0.0,0.0,0.0,0.0,0.0,0.0,0.0,0.0,m1026800,PQ,1.0,1.0,1.0,7199.557856794634,1000000.0,0.9,1.05,abc,,False,False,False,46.70667526,-119.2104214,default
464,0.0,0.0,0.0,0.0,0.0,0.0,0.0,0.0,0.0,0.0,0.0,0.0,0.0,0.0,l3254217,PQ,1.0,1.0,1.0,7199.557856794634,1000000.0,0.9,1.05,abc,,False,False,False,46.7075079,-119.2100651,default
465,0.0,0.0,0.0,0.0,0.0,0.0,0.0,0.0,0.0,0.0,0.0,0.0,0.0,0.0,n1140521,PQ,1.0,1.0,1.0,7199.557856794634,1000000.0,0.9,1.05,abc,,False,False,False,46.70775128,-119.2095233,default
466,0.0,0.0,0.0,0.0,0.0,0.0,0.0,0.0,0.0,0.0,0.0,0.0,0.0,0.0,m1026807,PQ,1.0,1.0,1.0,7199.557856794634,1000000.0,0.9,1.05,abc,,False,False,False,46.70787564,-119.2092465,default
467,0.0,0.0,0.0,0.0,0.0,0.0,0.0,0.0,0.0,0.0,0.0,0.0,0.0,0.0,m1026808,PQ,1.0,1.0,1.0,7199.557856794634,1000000.0,0.9,1.05,abc,,False,False,False,46.7079097,-119.2091707,default
468,0.0,0.0,0.0,0.0,0.0,0.0,0.0,0.0,0.0,0.0,0.0,0.0,0.0,0.0,l2822869,PQ,1.0,1.0,1.0,7199.557856794634,1000000.0,0.9,1.05,abc,,False,False,False,46.70876094,-119.2079076,default
469,0.0,0.0,0.0,0.0,0.0,0.0,0.0,0.0,0.0,0.0,0.0,0.0,0.0,0.0,l2841635,PQ,1.0,1.0,1.0,7199.557856794634,1000000.0,0.9,1.05,abc,,False,False,False,46.70922136,-119.2070512,default
470,0.0,0.0,0.0,0.0,0.0,0.0,0.0,0.0,0.0,0.0,0.0,0.0,0.0,0.0,m1047503,PQ,1.0,1.0,1.0,7199.557856794634,1000000.0,0.9,1.05,abc,,False,False,False,46.70940536,-119.206709,default
471,0.0,0.0,0.0,0.0,0.0,0.0,0.0,0.0,0.0,0.0,0.0,0.0,0.0,0.0,l2991914,PQ,1.0,1.0,1.0,7199.557856794634,1000000.0,0.9,1.05,abc,,False,False,False,46.7096814,-119.2061957,default
472,0.0,0.0,0.0,0.0,0.0,0.0,0.0,0.0,0.0,0.0,0.0,0.0,0.0,0.0,d5895780-3_int,PQ,1.0,1.0,1.0,7199.557856794634,1000000.0,0.9,1.05,abc,,False,False,False,46.70985998,-119.2059553,default
473,0.0,0.0,0.0,0.0,0.0,0.0,0.0,0.0,0.0,0.0,0.0,0.0,0.0,0.0,n1140519,PQ,1.0,1.0,1.0,7199.557856794634,1000000.0,0.9,1.05,abc,,False,False,False,46.71009774,-119.2053745,default
474,0.0,0.0,0.0,0.0,0.0,0.0,0.0,0.0,0.0,0.0,0.0,0.0,0.0,0.0,196-35813,PQ,1.0,1.0,1.0,7199.557856794634,1000000.0,0.9,1.05,abc,,False,False,False,46.71015314,-119.2052652,default
475,0.0,0.0,0.0,0.0,0.0,0.0,0.0,0.0,0.0,0.0,0.0,0.0,0.0,0.0,m1047507,PQ,1.0,1.0,1.0,7199.557856794634,1000000.0,0.9,1.05,abc,,False,False,False,46.71053194,-119.2045181,default
476,0.0,0.0,0.0,0.0,0.0,0.0,0.0,0.0,0.0,0.0,0.0,0.0,0.0,0.0,l2820531,PQ,1.0,1.0,1.0,7199.557856794634,1000000.0,0.9,1.05,abc,,False,False,False,46.7103969,-119.2038545,default
477,0.0,0.0,0.0,0.0,0.0,0.0,0.0,0.0,0.0,0.0,0.0,0.0,0.0,0.0,d5742811-3_int,PQ,1.0,1.0,1.0,7199.557856794634,1000000.0,0.9,1.05,abc,,False,False,False,46.71029558,-119.2037622,default
478,0.0,0.0,0.0,0.0,0.0,0.0,0.0,0.0,0.0,0.0,0.0,0.0,0.0,0.0,n1137992,PQ,1.0,1.0,1.0,7199.557856794634,1000000.0,0.9,1.05,abc,,False,False,False,46.70999362,-119.2034335,default
479,0.0,0.0,0.0,0.0,0.0,0.0,0.0,0.0,0.0,0.0,0.0,0.0,0.0,0.0,196-29520,PQ,1.0,1.0,1.0,7199.557856794634,1000000.0,0.9,1.05,abc,,False,False,False,46.7099447,-119.2033824,default
480,0.0,0.0,0.0,0.0,0.0,0.0,0.0,0.0,0.0,0.0,0.0,0.0,0.0,0.0,l3160109,PQ,1.0,1.0,1.0,7199.557856794634,1000000.0,0.9,1.05,abc,,False,False,False,46.70924798,-119.202655,default
481,0.0,0.0,0.0,0.0,0.0,0.0,0.0,0.0,0.0,0.0,0.0,0.0,0.0,0.0,m1047497,PQ,1.0,1.0,1.0,7199.557856794634,1000000.0,0.9,1.05,abc,,False,False,False,46.70843968,-119.2018934,default
482,0.0,0.0,0.0,0.0,0.0,0.0,0.0,0.0,0.0,0.0,0.0,0.0,0.0,0.0,l3104136,PQ,1.0,1.0,1.0,7199.557856794634,1000000.0,0.9,1.05,abc,,False,False,False,46.7081809,-119.2016468,default
483,0.0,0.0,0.0,0.0,0.0,0.0,0.0,0.0,0.0,0.0,0.0,0.0,0.0,0.0,l2822872,PQ,1.0,1.0,1.0,7199.557856794634,1000000.0,0.9,1.05,abc,,False,False,False,46.70667714,-119.1999999,default
484,0.0,0.0,0.0,0.0,0.0,0.0,0.0,0.0,0.0,0.0,0.0,0.0,0.0,0.0,m1047490,PQ,1.0,1.0,1.0,7199.557856794634,1000000.0,0.9,1.05,abc,,False,False,False,46.70537938,-119.1996703,default
485,0.0,0.0,0.0,0.0,0.0,0.0,0.0,0.0,0.0,0.0,0.0,0.0,0.0,0.0,l2726973,PQ,1.0,1.0,1.0,7199.557856794634,1000000.0,0.9,1.05,abc,,False,False,False,46.70463306,-119.1988099,default
486,0.0,0.0,0.0,0.0,0.0,0.0,0.0,0.0,0.0,0.0,0.0,0.0,0.0,0.0,m1047485,PQ,1.0,1.0,1.0,7199.557856794634,1000000.0,0.9,1.05,abc,,False,False,False,46.70397248,-119.1975952,default
487,0.0,0.0,0.0,0.0,0.0,0.0,0.0,0.0,0.0,0.0,0.0,0.0,0.0,0.0,l3122821,PQ,1.0,1.0,1.0,7199.557856794634,1000000.0,0.9,1.05,abc,,False,False,False,46.7031868,-119.1943578,default
488,0.0,0.0,0.0,0.0,0.0,0.0,0.0,0.0,0.0,0.0,0.0,0.0,0.0,0.0,m1047486,PQ,1.0,1.0,1.0,7199.557856794634,1000000.0,0.9,1.05,abc,,False,False,False,46.70397606,-119.1921928,default
489,0.0,0.0,0.0,0.0,0.0,0.0,0.0,0.0,0.0,0.0,0.0,0.0,0.0,0.0,l3177665,PQ,1.0,1.0,1.0,7199.557856794634,1000000.0,0.9,1.05,a,,False,False,False,46.70397502,-119.1925061,default
490,0.0,0.0,0.0,0.0,0.0,0.0,0.0,0.0,0.0,0.0,0.0,0.0,0.0,0.0,x3177665a,PQ,1.0,1.0,1.0,104.0,1000000.0,0.9,1.05,s1s2,a,False,False,False,46.7036,-119.1925,default
491,0.0,0.0,0.0,0.0,0.0,0.0,0.0007954743338841,0.0001993646242789,0.0125045251283581,0.0031339287925434,0.0,0.0,0.0,0.0,sx3177665a,PQ,1.0,1.0,1.0,104.0,1000000.0,0.9,1.05,s1s2,a,False,True,False,46.7037,-119.1928,default
492,0.0,0.0,0.0,0.0,0.0,0.0,0.0,0.0,0.0,0.0,0.0,0.0,0.0,0.0,m1047484,PQ,1.0,1.0,1.0,7199.557856794634,1000000.0,0.9,1.05,abc,,False,False,False,46.70350048,-119.1905822,default
493,0.0,0.0,0.0,0.0,0.0,0.0,0.0,0.0,0.0,0.0,0.0,0.0,0.0,0.0,l3010560,PQ,1.0,1.0,1.0,7199.557856794634,1000000.0,0.9,1.05,abc,,False,False,False,46.70310826,-119.1896857,default
494,0.0,0.0,0.0,0.0,0.0,0.0,0.0,0.0,0.0,0.0,0.0,0.0,0.0,0.0,m1047483,PQ,1.0,1.0,1.0,7199.557856794634,1000000.0,0.9,1.05,abc,,False,False,False,46.70287326,-119.1892032,default
495,0.0,0.0,0.0,0.0,0.0,0.0,0.0,0.0,0.0,0.0,0.0,0.0,0.0,0.0,m1047480,PQ,1.0,1.0,1.0,7199.557856794634,1000000.0,0.9,1.05,abc,,False,False,False,46.70222126,-119.1880859,default
496,0.0,0.0,0.0,0.0,0.0,0.0,0.0,0.0,0.0,0.0,0.0,0.0,0.0,0.0,m1069483,PQ,1.0,1.0,1.0,7199.557856794634,1000000.0,0.9,1.05,abc,,False,False,False,46.70125468,-119.1865142,default
497,0.0,0.0,0.0,0.0,0.0,0.0,0.0,0.0,0.0,0.0,0.0,0.0,0.0,0.0,m1069481,PQ,1.0,1.0,1.0,7199.557856794634,1000000.0,0.9,1.05,abc,,False,False,False,46.70075092,-119.1858838,default
498,0.0,0.0,0.0,0.0,0.0,0.0,0.0,0.0,0.0,0.0,0.0,0.0,0.0,0.0,l2745848,PQ,1.0,1.0,1.0,7199.557856794634,1000000.0,0.9,1.05,abc,,False,False,False,46.7004879,-119.1855484,default
499,0.0,0.0,0.0,0.0,0.0,0.0,0.0,0.0,0.0,0.0,0.0,0.0,0.0,0.0,l2673308,PQ,1.0,1.0,1.0,7199.557856794634,1000000.0,0.9,1.05,abc,,False,False,False,46.69991406,-119.184842,default
500,0.0,0.0,0.0,0.0,0.0,0.0,0.0,0.0,0.0,0.0,0.0,0.0,0.0,0.0,l2991939,PQ,1.0,1.0,1.0,7199.557856794634,1000000.0,0.9,1.05,abc,,False,False,False,46.69861002,-119.1837115,default
501,0.0,0.0,0.0,0.0,0.0,0.0,0.0,0.0,0.0,0.0,0.0,0.0,0.0,0.0,l3216367,PQ,1.0,1.0,1.0,7199.557856794634,1000000.0,0.9,1.05,abc,,False,False,False,46.69744388,-119.1829204,default
502,0.0,0.0,0.0,0.0,0.0,0.0,0.0,0.0,0.0,0.0,0.0,0.0,0.0,0.0,m1069468,PQ,1.0,1.0,1.0,7199.557856794634,1000000.0,0.9,1.05,abc,,False,False,False,46.69692892,-119.1825731,default
503,0.0,0.0,0.0,0.0,0.0,0.0,0.0,0.0,0.0,0.0,0.0,0.0,0.0,0.0,m1069464,PQ,1.0,1.0,1.0,7199.557856794634,1000000.0,0.9,1.05,abc,,False,False,False,46.69613728,-119.1817553,default
504,0.0,0.0,0.0,0.0,0.0,0.0,0.0,0.0,0.0,0.0,0.0,0.0,0.0,0.0,m1069461,PQ,1.0,1.0,1.0,7199.557856794634,1000000.0,0.9,1.05,abc,,False,False,False,46.69513942,-119.1810746,default
505,0.0,0.0,0.0,0.0,0.0,0.0,0.0,0.0,0.0,0.0,0.0,0.0,0.0,0.0,l2876798,PQ,1.0,1.0,1.0,7199.557856794634,1000000.0,0.9,1.05,abc,,False,False,False,46.69503186,-119.1802448,default
506,0.0,0.0,0.0,0.0,0.0,0.0,0.0,0.0,0.0,0.0,0.0,0.0,0.0,0.0,d5803273-1_int,PQ,1.0,1.0,1.0,7199.557856794634,1000000.0,0.9,1.05,abc,,False,False,False,46.69478842,-119.1798462,default
507,0.0,0.0,0.0,0.0,0.0,0.0,0.0,0.0,0.0,0.0,0.0,0.0,0.0,0.0,x2876798b,PQ,1.0,1.0,1.0,104.0,1000000.0,0.9,1.05,s1s2,b,False,False,False,46.6947,-119.1802,default
508,0.0,0.0,0.0,0.0,0.0,0.0,0.0002476116081712,6.205732504467319e-05,0.009482388976221,0.0023765109683213,0.0,0.0,0.0,0.0,sx2876798b,PQ,1.0,1.0,1.0,104.0,1000000.0,0.9,1.05,s1s2,b,False,True,False,46.6947,-119.1805,default
509,0.0,0.0,0.0,0.0,0.0,0.0,0.0,0.0,0.0,0.0,0.0,0.0,0.0,0.0,p827574,PQ,1.0,1.0,1.0,7199.557856794634,1000000.0,0.9,1.05,a,,False,False,False,46.69504106,-119.1811654,default
510,0.0,0.0,0.0,0.0,0.0,0.0,0.0,0.0,0.0,0.0,0.0,0.0,0.0,0.0,l3160123,PQ,1.0,1.0,1.0,7199.557856794634,1000000.0,0.9,1.05,a,,False,False,False,46.69434198,-119.1817878,default
511,0.0,0.0,0.0,0.0,0.0,0.0,0.0,0.0,0.0,0.0,0.0,0.0,0.0,0.0,l2897805,PQ,1.0,1.0,1.0,7199.557856794634,1000000.0,0.9,1.05,a,,False,False,False,46.69330718,-119.1827537,default
512,0.0,0.0,0.0,0.0,0.0,0.0,0.0,0.0,0.0,0.0,0.0,0.0,0.0,0.0,x2897805a,PQ,1.0,1.0,1.0,104.0,1000000.0,0.9,1.05,s1s2,a,False,False,False,46.693,-119.1828,default
513,0.0,0.0,0.0,0.0,0.0,0.0,0.0012787745222359,0.0003204910456849,0.0075912251567736,0.0019025399916661,0.0,0.0,0.0,0.0,sx2897805a,PQ,1.0,1.0,1.0,104.0,1000000.0,0.9,1.05,s1s2,a,False,True,False,46.693,-119.183,default
514,0.0,0.0,0.0,0.0,0.0,0.0,0.0,0.0,0.0,0.0,0.0,0.0,0.0,0.0,x3160123a,PQ,1.0,1.0,1.0,104.0,1000000.0,0.9,1.05,s1s2,a,False,False,False,46.694,-119.1818,default
515,0.0,0.0,0.0,0.0,0.0,0.0,0.0033879591212247,0.0008491024313139,0.0019320407040381,0.0004842149518062,0.0,0.0,0.0,0.0,sx3160123a,PQ,1.0,1.0,1.0,104.0,1000000.0,0.9,1.05,s1s2,a,False,True,False,46.694,-119.1821,default
516,0.0,0.0,0.0,0.0,0.0,0.0,0.0,0.0,0.0,0.0,0.0,0.0,0.0,0.0,p873787,PQ,1.0,1.0,1.0,7199.557856794634,1000000.0,0.9,1.05,b,,False,False,False,46.69604824,-119.1817599,default
517,0.0,0.0,0.0,0.0,0.0,0.0,0.0,0.0,0.0,0.0,0.0,0.0,0.0,0.0,m1069463,PQ,1.0,1.0,1.0,7199.557856794634,1000000.0,0.9,1.05,b,,False,False,False,46.6958395,-119.181776,default
518,0.0,0.0,0.0,0.0,0.0,0.0,0.0,0.0,0.0,0.0,0.0,0.0,0.0,0.0,m1069462,PQ,1.0,1.0,1.0,7199.557856794634,1000000.0,0.9,1.05,b,,False,False,False,46.69582356,-119.1818111,default
519,0.0,0.0,0.0,0.0,0.0,0.0,0.0,0.0,0.0,0.0,0.0,0.0,0.0,0.0,l3216342,PQ,1.0,1.0,1.0,7199.557856794634,1000000.0,0.9,1.05,b,,False,False,False,46.69561862,-119.1822632,default
520,0.0,0.0,0.0,0.0,0.0,0.0,0.0,0.0,0.0,0.0,0.0,0.0,0.0,0.0,l2879063,PQ,1.0,1.0,1.0,7199.557856794634,1000000.0,0.9,1.05,b,,False,False,False,46.6951652,-119.1831734,default
521,0.0,0.0,0.0,0.0,0.0,0.0,0.0,0.0,0.0,0.0,0.0,0.0,0.0,0.0,x2879063b,PQ,1.0,1.0,1.0,104.0,1000000.0,0.9,1.05,s1s2,b,False,False,False,46.6948,-119.1832,default
522,0.0,0.0,0.0,0.0,0.0,0.0,0.0022483226398273,0.0005634828279293,0.0074816779065853,0.0018750854443029,0.0,0.0,0.0,0.0,sx2879063b,PQ,1.0,1.0,1.0,104.0,1000000.0,0.9,1.05,s1s2,b,False,True,False,46.6949,-119.1835,default
523,0.0,0.0,0.0,0.0,0.0,0.0,0.0,0.0,0.0,0.0,0.0,0.0,0.0,0.0,x3216342b,PQ,1.0,1.0,1.0,104.0,1000000.0,0.9,1.05,s1s2,b,False,False,False,46.6953,-119.1823,default
524,0.0,0.0,0.0,0.0,0.0,0.0,0.0031779720015138,0.0007964749457629,0.0065520285343808,0.0016420933205967,0.0,0.0,0.0,0.0,sx3216342b,PQ,1.0,1.0,1.0,104.0,1000000.0,0.9,1.05,s1s2,b,False,True,False,46.6953,-119.1825,default
525,0.0,0.0,0.0,0.0,0.0,0.0,0.0,0.0,0.0,0.0,0.0,0.0,0.0,0.0,p827506,PQ,1.0,1.0,1.0,7199.557856794634,1000000.0,0.9,1.05,a,,False,False,False,46.69694448,-119.1824284,default
526,0.0,0.0,0.0,0.0,0.0,0.0,0.0,0.0,0.0,0.0,0.0,0.0,0.0,0.0,m1069469,PQ,1.0,1.0,1.0,7199.557856794634,1000000.0,0.9,1.05,a,,False,False,False,46.69695728,-119.1823086,default
527,0.0,0.0,0.0,0.0,0.0,0.0,0.0,0.0,0.0,0.0,0.0,0.0,0.0,0.0,m1069467,PQ,1.0,1.0,1.0,7199.557856794634,1000000.0,0.9,1.05,a,,False,False,False,46.6968456,-119.1825791,default
528,0.0,0.0,0.0,0.0,0.0,0.0,0.0,0.0,0.0,0.0,0.0,0.0,0.0,0.0,m1069466,PQ,1.0,1.0,1.0,7199.557856794634,1000000.0,0.9,1.05,a,,False,False,False,46.6966268,-119.1826022,default
529,0.0,0.0,0.0,0.0,0.0,0.0,0.0,0.0,0.0,0.0,0.0,0.0,0.0,0.0,n1139264,PQ,1.0,1.0,1.0,7199.557856794634,1000000.0,0.9,1.05,a,,False,False,False,46.69659888,-119.1830411,default
530,0.0,0.0,0.0,0.0,0.0,0.0,0.0,0.0,0.0,0.0,0.0,0.0,0.0,0.0,m1069465,PQ,1.0,1.0,1.0,7199.557856794634,1000000.0,0.9,1.05,a,,False,False,False,46.69653928,-119.1838382,default
531,0.0,0.0,0.0,0.0,0.0,0.0,0.0,0.0,0.0,0.0,0.0,0.0,0.0,0.0,l3010561,PQ,1.0,1.0,1.0,7199.557856794634,1000000.0,0.9,1.05,a,,False,False,False,46.69638156,-119.1851269,default
532,0.0,0.0,0.0,0.0,0.0,0.0,0.0,0.0,0.0,0.0,0.0,0.0,0.0,0.0,x3010561a,PQ,1.0,1.0,1.0,104.0,1000000.0,0.9,1.05,s1s2,a,False,False,False,46.696,-119.1851,default
533,0.0,0.0,0.0,0.0,0.0,0.0,0.0048489602755204,0.0012152637628792,0.0004710395385479,0.0001180536142043,0.0,0.0,0.0,0.0,sx3010561a,PQ,1.0,1.0,1.0,104.0,1000000.0,0.9,1.05,s1s2,a,False,True,False,46.6961,-119.1854,default
534,0.0,0.0,0.0,0.0,0.0,0.0,0.0,0.0,0.0,0.0,0.0,0.0,0.0,0.0,n1139263,PQ,1.0,1.0,1.0,7199.557856794634,1000000.0,0.9,1.05,a,,False,False,False,46.6969724,-119.182168,default
535,0.0,0.0,0.0,0.0,0.0,0.0,0.0,0.0,0.0,0.0,0.0,0.0,0.0,0.0,l3048227,PQ,1.0,1.0,1.0,7199.557856794634,1000000.0,0.9,1.05,a,,False,False,False,46.69701978,-119.1817265,default
536,0.0,0.0,0.0,0.0,0.0,0.0,0.0,0.0,0.0,0.0,0.0,0.0,0.0,0.0,x3048227a,PQ,1.0,1.0,1.0,104.0,1000000.0,0.9,1.05,s1s2,a,False,False,False,46.6967,-119.1817,default
537,0.0,0.0,0.0,0.0,0.0,0.0,0.0010335412468403,0.0002590298049638,0.0078364584284243,0.0019640012305927,0.0,0.0,0.0,0.0,sx3048227a,PQ,1.0,1.0,1.0,104.0,1000000.0,0.9,1.05,s1s2,a,False,True,False,46.6967,-119.182,default
538,0.0,0.0,0.0,0.0,0.0,0.0,0.0,0.0,0.0,0.0,0.0,0.0,0.0,0.0,x3216367b,PQ,1.0,1.0,1.0,104.0,1000000.0,0.9,1.05,s1s2,b,False,False,False,46.6971,-119.1829,default
539,0.0,0.0,0.0,0.0,0.0,0.0,0.0082824077365943,0.0020757672814852,0.0014475928219836,0.0003628009973598,0.0,0.0,0.0,0.0,sx3216367b,PQ,1.0,1.0,1.0,104.0,1000000.0,0.9,1.05,s1s2,b,False,True,False,46.6971,-119.1832,default
540,0.0,0.0,0.0,0.0,0.0,0.0,0.0,0.0,0.0,0.0,0.0,0.0,0.0,0.0,x2991939b,PQ,1.0,1.0,1.0,104.0,1000000.0,0.9,1.05,s1s2,b,False,False,False,46.6983,-119.1837,default
541,0.0,0.0,0.0,0.0,0.0,0.0,0.0060834303830844,0.0015246515391012,0.0036465701485368,0.0009139167246041,0.0,0.0,0.0,0.0,sx2991939b,PQ,1.0,1.0,1.0,104.0,1000000.0,0.9,1.05,s1s2,b,False,True,False,46.6983,-119.184,default
542,0.0,0.0,0.0,0.0,0.0,0.0,0.0,0.0,0.0,0.0,0.0,0.0,0.0,0.0,x2673308b,PQ,1.0,1.0,1.0,104.0,1000000.0,0.9,1.05,s1s2,b,False,False,False,46.6996,-119.1848,default
543,0.0,0.0,0.0,0.0,0.0,0.0,0.0107676750319141,0.0026986340063663,0.0038223257345824,0.0009579652156862,0.0,0.0,0.0,0.0,sx2673308b,PQ,1.0,1.0,1.0,104.0,1000000.0,0.9,1.05,s1s2,b,True,True,False,46.6996,-119.1851,default
544,0.0,0.0,0.0,0.0,0.0,0.0,0.0,0.0,0.0,0.0,0.0,0.0,0.0,0.0,p827507,PQ,1.0,1.0,1.0,7199.557856794634,1000000.0,0.9,1.05,c,,False,False,False,46.70063336,-119.1859752,default
545,0.0,0.0,0.0,0.0,0.0,0.0,0.0,0.0,0.0,0.0,0.0,0.0,0.0,0.0,n1137956,PQ,1.0,1.0,1.0,7199.557856794634,1000000.0,0.9,1.05,c,,False,False,False,46.70049866,-119.1860799,default
546,0.0,0.0,0.0,0.0,0.0,0.0,0.0,0.0,0.0,0.0,0.0,0.0,0.0,0.0,l3141396,PQ,1.0,1.0,1.0,7199.557856794634,1000000.0,0.9,1.05,c,,False,False,False,46.69988962,-119.1865534,default
547,0.0,0.0,0.0,0.0,0.0,0.0,0.0,0.0,0.0,0.0,0.0,0.0,0.0,0.0,l3066808,PQ,1.0,1.0,1.0,7199.557856794634,1000000.0,0.9,1.05,c,,False,False,False,46.69811478,-119.188292,default
548,0.0,0.0,0.0,0.0,0.0,0.0,0.0,0.0,0.0,0.0,0.0,0.0,0.0,0.0,x3066808c,PQ,1.0,1.0,1.0,104.0,1000000.0,0.9,1.05,s1s2,c,False,False,False,46.6978,-119.1883,default
549,0.0,0.0,0.0,0.0,0.0,0.0,0.0050317022444772,0.0012610637444848,0.0010682977863491,0.0002677407232026,0.0,0.0,0.0,0.0,sx3066808c,PQ,1.0,1.0,1.0,104.0,1000000.0,0.9,1.05,s1s2,c,False,True,False,46.6978,-119.1886,default
550,0.0,0.0,0.0,0.0,0.0,0.0,0.0,0.0,0.0,0.0,0.0,0.0,0.0,0.0,x3141396c,PQ,1.0,1.0,1.0,104.0,1000000.0,0.9,1.05,s1s2,c,False,False,False,46.6995,-119.1866,default
551,0.0,0.0,0.0,0.0,0.0,0.0,0.0044293203575937,0.0011100925764282,0.0016706796669844,0.0004187118875533,0.0,0.0,0.0,0.0,sx3141396c,PQ,1.0,1.0,1.0,104.0,1000000.0,0.9,1.05,s1s2,c,False,True,False,46.6996,-119.1868,default
552,0.0,0.0,0.0,0.0,0.0,0.0,0.0,0.0,0.0,0.0,0.0,0.0,0.0,0.0,p827503,PQ,1.0,1.0,1.0,7199.557856794634,1000000.0,0.9,1.05,c,,False,False,False,46.70133644,-119.1864106,default
553,0.0,0.0,0.0,0.0,0.0,0.0,0.0,0.0,0.0,0.0,0.0,0.0,0.0,0.0,n1137994,PQ,1.0,1.0,1.0,7199.557856794634,1000000.0,0.9,1.05,c,,False,False,False,46.7016397,-119.1860265,default
554,0.0,0.0,0.0,0.0,0.0,0.0,0.0,0.0,0.0,0.0,0.0,0.0,0.0,0.0,m1069484,PQ,1.0,1.0,1.0,7199.557856794634,1000000.0,0.9,1.05,c,,False,False,False,46.70219352,-119.1853251,default
555,0.0,0.0,0.0,0.0,0.0,0.0,0.0,0.0,0.0,0.0,0.0,0.0,0.0,0.0,l2785517,PQ,1.0,1.0,1.0,7199.557856794634,1000000.0,0.9,1.05,c,,False,False,False,46.70344164,-119.1838041,default
556,0.0,0.0,0.0,0.0,0.0,0.0,0.0,0.0,0.0,0.0,0.0,0.0,0.0,0.0,l3066809,PQ,1.0,1.0,1.0,7199.557856794634,1000000.0,0.9,1.05,c,,False,False,False,46.70451188,-119.1826679,default
557,0.0,0.0,0.0,0.0,0.0,0.0,0.0,0.0,0.0,0.0,0.0,0.0,0.0,0.0,m1069487,PQ,1.0,1.0,1.0,7199.557856794634,1000000.0,0.9,1.05,c,,False,False,False,46.70526934,-119.1820648,default
558,0.0,0.0,0.0,0.0,0.0,0.0,0.0,0.0,0.0,0.0,0.0,0.0,0.0,0.0,l2954344,PQ,1.0,1.0,1.0,7199.557856794634,1000000.0,0.9,1.05,c,,False,False,False,46.70514224,-119.1809003,default
559,0.0,0.0,0.0,0.0,0.0,0.0,0.0,0.0,0.0,0.0,0.0,0.0,0.0,0.0,l2897767,PQ,1.0,1.0,1.0,7199.557856794634,1000000.0,0.9,1.05,c,,False,False,False,46.70506308,-119.1800331,default
560,0.0,0.0,0.0,0.0,0.0,0.0,0.0,0.0,0.0,0.0,0.0,0.0,0.0,0.0,l3254208,PQ,1.0,1.0,1.0,7199.557856794634,1000000.0,0.9,1.05,c,,False,False,False,46.70519882,-119.1778102,default
561,0.0,0.0,0.0,0.0,0.0,0.0,0.0,0.0,0.0,0.0,0.0,0.0,0.0,0.0,x3254208c,PQ,1.0,1.0,1.0,104.0,1000000.0,0.9,1.05,s1s2,c,False,False,False,46.7048,-119.1778,default
562,0.0,0.0,0.0,0.0,0.0,0.0,0.0097121996160202,0.0024341072449379,0.000457800502082,0.0001147356465488,0.0,0.0,0.0,0.0,sx3254208c,PQ,1.0,1.0,1.0,104.0,1000000.0,0.9,1.05,s1s2,c,False,True,False,46.7049,-119.1781,default
563,0.0,0.0,0.0,0.0,0.0,0.0,0.0,0.0,0.0,0.0,0.0,0.0,0.0,0.0,x2897767c,PQ,1.0,1.0,1.0,104.0,1000000.0,0.9,1.05,s1s2,c,False,False,False,46.7047,-119.18,default
564,0.0,0.0,0.0,0.0,0.0,0.0,0.0051262189824279,0.0012847518563397,0.0050437810303778,0.0012640909534693,0.0,0.0,0.0,0.0,sx2897767c,PQ,1.0,1.0,1.0,104.0,1000000.0,0.9,1.05,s1s2,c,True,True,False,46.7047,-119.1803,default
565,0.0,0.0,0.0,0.0,0.0,0.0,0.0,0.0,0.0,0.0,0.0,0.0,0.0,0.0,x2954344c,PQ,1.0,1.0,1.0,104.0,1000000.0,0.9,1.05,s1s2,c,False,False,False,46.7048,-119.1809,default
566,0.0,0.0,0.0,0.0,0.0,0.0,0.0004527764885466,0.0001134765097834,0.0097172236291939,0.0024353663815336,0.0,0.0,0.0,0.0,sx2954344c,PQ,1.0,1.0,1.0,104.0,1000000.0,0.9,1.05,s1s2,c,False,True,False,46.7048,-119.1812,default
567,0.0,0.0,0.0,0.0,0.0,0.0,0.0,0.0,0.0,0.0,0.0,0.0,0.0,0.0,m1069488,PQ,1.0,1.0,1.0,7199.557856794634,1000000.0,0.9,1.05,c,,False,False,False,46.7072155,-119.1821032,default
568,0.0,0.0,0.0,0.0,0.0,0.0,0.0,0.0,0.0,0.0,0.0,0.0,0.0,0.0,l2748125,PQ,1.0,1.0,1.0,7199.557856794634,1000000.0,0.9,1.05,c,,False,False,False,46.70724912,-119.181128,default
569,0.0,0.0,0.0,0.0,0.0,0.0,0.0,0.0,0.0,0.0,0.0,0.0,0.0,0.0,l2673303,PQ,1.0,1.0,1.0,7199.557856794634,1000000.0,0.9,1.05,c,,False,False,False,46.70724808,-119.1802038,default
570,0.0,0.0,0.0,0.0,0.0,0.0,0.0,0.0,0.0,0.0,0.0,0.0,0.0,0.0,x2673303c,PQ,1.0,1.0,1.0,104.0,1000000.0,0.9,1.05,s1s2,c,False,False,False,46.7069,-119.1802,default
571,0.0,0.0,0.0,0.0,0.0,0.0,0.0036814144250082,0.0009226496374422,0.0024185855999269,0.0006061548265303,0.0,0.0,0.0,0.0,sx2673303c,PQ,1.0,1.0,1.0,104.0,1000000.0,0.9,1.05,s1s2,c,False,True,False,46.7069,-119.1805,default
572,0.0,0.0,0.0,0.0,0.0,0.0,0.0,0.0,0.0,0.0,0.0,0.0,0.0,0.0,x2748125c,PQ,1.0,1.0,1.0,104.0,1000000.0,0.9,1.05,s1s2,c,False,False,False,46.7069,-119.1811,default
573,0.0,0.0,0.0,0.0,0.0,0.0,0.0056047090132019,0.0014046728078036,0.0045652910380913,0.0011441700461793,0.0,0.0,0.0,0.0,sx2748125c,PQ,1.0,1.0,1.0,104.0,1000000.0,0.9,1.05,s1s2,c,False,True,False,46.7069,-119.1814,default
574,0.0,0.0,0.0,0.0,0.0,0.0,0.0,0.0,0.0,0.0,0.0,0.0,0.0,0.0,m1069489,PQ,1.0,1.0,1.0,7199.557856794634,1000000.0,0.9,1.05,c,,False,False,False,46.70826354,-119.1821168,default
575,0.0,0.0,0.0,0.0,0.0,0.0,0.0,0.0,0.0,0.0,0.0,0.0,0.0,0.0,l2933120,PQ,1.0,1.0,1.0,7199.557856794634,1000000.0,0.9,1.05,c,,False,False,False,46.70931872,-119.1821333,default
576,0.0,0.0,0.0,0.0,0.0,0.0,0.0,0.0,0.0,0.0,0.0,0.0,0.0,0.0,l3104117,PQ,1.0,1.0,1.0,7199.557856794634,1000000.0,0.9,1.05,c,,False,False,False,46.71034118,-119.1790083,default
577,0.0,0.0,0.0,0.0,0.0,0.0,0.0,0.0,0.0,0.0,0.0,0.0,0.0,0.0,m1069494,PQ,1.0,1.0,1.0,7199.557856794634,1000000.0,0.9,1.05,c,,False,False,False,46.7121306,-119.1788058,default
578,0.0,0.0,0.0,0.0,0.0,0.0,0.0,0.0,0.0,0.0,0.0,0.0,0.0,0.0,l2745806,PQ,1.0,1.0,1.0,7199.557856794634,1000000.0,0.9,1.05,c,,False,False,False,46.7121323,-119.1777615,default
579,0.0,0.0,0.0,0.0,0.0,0.0,0.0,0.0,0.0,0.0,0.0,0.0,0.0,0.0,x2745806c,PQ,1.0,1.0,1.0,104.0,1000000.0,0.9,1.05,s1s2,c,False,False,False,46.7118,-119.1778,default
580,0.0,0.0,0.0,0.0,0.0,0.0,0.0029083582736357,0.0007289034556895,0.0072616417936712,0.0018199394077075,0.0,0.0,0.0,0.0,sx2745806c,PQ,1.0,1.0,1.0,104.0,1000000.0,0.9,1.05,s1s2,c,False,True,False,46.7118,-119.178,default
581,0.0,0.0,0.0,0.0,0.0,0.0,0.0,0.0,0.0,0.0,0.0,0.0,0.0,0.0,x3104117c,PQ,1.0,1.0,1.0,104.0,1000000.0,0.9,1.05,s1s2,c,False,False,False,46.71,-119.179,default
582,0.0,0.0,0.0,0.0,0.0,0.0,0.0131466051929781,0.0032948506281472,0.0021133950162764,0.0005296668355411,0.0,0.0,0.0,0.0,sx3104117c,PQ,1.0,1.0,1.0,104.0,1000000.0,0.9,1.05,s1s2,c,False,True,False,46.71,-119.1793,default
583,0.0,0.0,0.0,0.0,0.0,0.0,0.0,0.0,0.0,0.0,0.0,0.0,0.0,0.0,x2933120c,PQ,1.0,1.0,1.0,104.0,1000000.0,0.9,1.05,s1s2,c,False,False,False,46.709,-119.1821,default
584,0.0,0.0,0.0,0.0,0.0,0.0,0.0050212694301909,0.0012584490255177,0.0102387306926597,0.0025660683917028,0.0,0.0,0.0,0.0,sx2933120c,PQ,1.0,1.0,1.0,104.0,1000000.0,0.9,1.05,s1s2,c,False,True,False,46.709,-119.1824,default
585,0.0,0.0,0.0,0.0,0.0,0.0,0.0,0.0,0.0,0.0,0.0,0.0,0.0,0.0,x3066809c,PQ,1.0,1.0,1.0,104.0,1000000.0,0.9,1.05,s1s2,c,False,False,False,46.7042,-119.1827,default
586,0.0,0.0,0.0,0.0,0.0,0.0,0.004996083227648,0.0012521367710257,0.0051739168201606,0.0012967060810163,0.0,0.0,0.0,0.0,sx3066809c,PQ,1.0,1.0,1.0,104.0,1000000.0,0.9,1.05,s1s2,c,False,True,False,46.7042,-119.1829,default
587,0.0,0.0,0.0,0.0,0.0,0.0,0.0,0.0,0.0,0.0,0.0,0.0,0.0,0.0,x2785517c,PQ,1.0,1.0,1.0,104.0,1000000.0,0.9,1.05,s1s2,c,False,False,False,46.7031,-119.1838,default
588,0.0,0.0,0.0,0.0,0.0,0.0,0.0001189018077302,2.979960869739077e-05,0.0039510982164932,0.0009902387849846,0.0,0.0,0.0,0.0,sx2785517c,PQ,1.0,1.0,1.0,104.0,1000000.0,0.9,1.05,s1s2,c,False,True,False,46.7031,-119.1841,default
589,0.0,0.0,0.0,0.0,0.0,0.0,0.0,0.0,0.0,0.0,0.0,0.0,0.0,0.0,p827504,PQ,1.0,1.0,1.0,7199.557856794634,1000000.0,0.9,1.05,a,,False,False,False,46.70238304,-119.1879915,default
590,0.0,0.0,0.0,0.0,0.0,0.0,0.0,0.0,0.0,0.0,0.0,0.0,0.0,0.0,n1137957,PQ,1.0,1.0,1.0,7199.557856794634,1000000.0,0.9,1.05,a,,False,False,False,46.70250152,-119.1879224,default
591,0.0,0.0,0.0,0.0,0.0,0.0,0.0,0.0,0.0,0.0,0.0,0.0,0.0,0.0,l3104119,PQ,1.0,1.0,1.0,7199.557856794634,1000000.0,0.9,1.05,a,,False,False,False,46.70306728,-119.1875921,default
592,0.0,0.0,0.0,0.0,0.0,0.0,0.0,0.0,0.0,0.0,0.0,0.0,0.0,0.0,x3104119a,PQ,1.0,1.0,1.0,104.0,1000000.0,0.9,1.05,s1s2,a,False,False,False,46.7027,-119.1876,default
593,0.0,0.0,0.0,0.0,0.0,0.0,0.0087723785769688,0.0021985648828969,9.76210816402336e-05,2.446614477655018e-05,0.0,0.0,0.0,0.0,sx3104119a,PQ,1.0,1.0,1.0,104.0,1000000.0,0.9,1.05,s1s2,a,False,True,False,46.7028,-119.1879,default
594,0.0,0.0,0.0,0.0,0.0,0.0,0.0,0.0,0.0,0.0,0.0,0.0,0.0,0.0,p827505,PQ,1.0,1.0,1.0,7199.557856794634,1000000.0,0.9,1.05,c,,False,False,False,46.70276294,-119.1892253,default
595,0.0,0.0,0.0,0.0,0.0,0.0,0.0,0.0,0.0,0.0,0.0,0.0,0.0,0.0,n1137958,PQ,1.0,1.0,1.0,7199.557856794634,1000000.0,0.9,1.05,c,,False,False,False,46.70269846,-119.1892386,default
596,0.0,0.0,0.0,0.0,0.0,0.0,0.0,0.0,0.0,0.0,0.0,0.0,0.0,0.0,m1047478,PQ,1.0,1.0,1.0,7199.557856794634,1000000.0,0.9,1.05,c,,False,False,False,46.70144904,-119.1894974,default
597,0.0,0.0,0.0,0.0,0.0,0.0,0.0,0.0,0.0,0.0,0.0,0.0,0.0,0.0,l2766716,PQ,1.0,1.0,1.0,7199.557856794634,1000000.0,0.9,1.05,c,,False,False,False,46.70084436,-119.1895682,default
598,0.0,0.0,0.0,0.0,0.0,0.0,0.0,0.0,0.0,0.0,0.0,0.0,0.0,0.0,l3235245,PQ,1.0,1.0,1.0,7199.557856794634,1000000.0,0.9,1.05,c,,False,False,False,46.70083504,-119.1907447,default
599,0.0,0.0,0.0,0.0,0.0,0.0,0.0,0.0,0.0,0.0,0.0,0.0,0.0,0.0,x3235245c,PQ,1.0,1.0,1.0,104.0,1000000.0,0.9,1.05,s1s2,c,False,False,False,46.7005,-119.1907,default
600,0.0,0.0,0.0,0.0,0.0,0.0,0.0050768341009224,0.0012723748558065,0.0010231659300078,0.0002564296110745,0.0,0.0,0.0,0.0,sx3235245c,PQ,1.0,1.0,1.0,104.0,1000000.0,0.9,1.05,s1s2,c,False,True,False,46.7005,-119.191,default
601,0.0,0.0,0.0,0.0,0.0,0.0,0.0,0.0,0.0,0.0,0.0,0.0,0.0,0.0,x2766716c,PQ,1.0,1.0,1.0,104.0,1000000.0,0.9,1.05,s1s2,c,False,False,False,46.7005,-119.1896,default
602,0.0,0.0,0.0,0.0,0.0,0.0,0.0052652932079254,0.0013196071716738,0.0008347068254149,0.0002091972966248,0.0,0.0,0.0,0.0,sx2766716c,PQ,1.0,1.0,1.0,104.0,1000000.0,0.9,1.05,s1s2,c,False,True,False,46.7005,-119.1898,default
603,0.0,0.0,0.0,0.0,0.0,0.0,0.0,0.0,0.0,0.0,0.0,0.0,0.0,0.0,l3254209,PQ,1.0,1.0,1.0,7199.557856794634,1000000.0,0.9,1.05,c,,False,False,False,46.70166366,-119.1899463,default
604,0.0,0.0,0.0,0.0,0.0,0.0,0.0,0.0,0.0,0.0,0.0,0.0,0.0,0.0,x3254209c,PQ,1.0,1.0,1.0,104.0,1000000.0,0.9,1.05,s1s2,c,False,False,False,46.7013,-119.1899,default
605,0.0,0.0,0.0,0.0,0.0,0.0,0.0060750445053614,0.001522550013091,0.0091849555864766,0.002301967385434,0.0,0.0,0.0,0.0,sx3254209c,PQ,1.0,1.0,1.0,104.0,1000000.0,0.9,1.05,s1s2,c,False,True,False,46.7013,-119.1902,default
606,0.0,0.0,0.0,0.0,0.0,0.0,0.0,0.0,0.0,0.0,0.0,0.0,0.0,0.0,x3010560b,PQ,1.0,1.0,1.0,104.0,1000000.0,0.9,1.05,s1s2,b,False,False,False,46.7028,-119.1897,default
607,0.0,0.0,0.0,0.0,0.0,0.0,0.0034236744041976,0.0008580537789619,0.0063063261261059,0.0015805144844906,0.0,0.0,0.0,0.0,sx3010560b,PQ,1.0,1.0,1.0,104.0,1000000.0,0.9,1.05,s1s2,b,False,True,False,46.7028,-119.19,default
608,0.0,0.0,0.0,0.0,0.0,0.0,0.0,0.0,0.0,0.0,0.0,0.0,0.0,0.0,p827502,PQ,1.0,1.0,1.0,7199.557856794634,1000000.0,0.9,1.05,a,,False,False,False,46.7038301,-119.1921881,default
609,0.0,0.0,0.0,0.0,0.0,0.0,0.0,0.0,0.0,0.0,0.0,0.0,0.0,0.0,n1137993,PQ,1.0,1.0,1.0,7199.557856794634,1000000.0,0.9,1.05,a,,False,False,False,46.70349712,-119.1921775,default
610,0.0,0.0,0.0,0.0,0.0,0.0,0.0,0.0,0.0,0.0,0.0,0.0,0.0,0.0,l2860482,PQ,1.0,1.0,1.0,7199.557856794634,1000000.0,0.9,1.05,a,,False,False,False,46.70257816,-119.1921482,default
611,0.0,0.0,0.0,0.0,0.0,0.0,0.0,0.0,0.0,0.0,0.0,0.0,0.0,0.0,l3254204,PQ,1.0,1.0,1.0,7199.557856794634,1000000.0,0.9,1.05,a,,False,False,False,46.69378298,-119.1913662,default
612,0.0,0.0,0.0,0.0,0.0,0.0,0.0,0.0,0.0,0.0,0.0,0.0,0.0,0.0,x3254204a,PQ,1.0,1.0,1.0,104.0,1000000.0,0.9,1.05,s1s2,a,False,False,False,46.6934,-119.1914,default
613,0.0,0.0,0.0,0.0,0.0,0.0,0.0031808803915285,0.0007972036205151,0.0021391194356326,0.0005361137645595,0.0,0.0,0.0,0.0,sx3254204a,PQ,1.0,1.0,1.0,104.0,1000000.0,0.9,1.05,s1s2,a,False,True,False,46.6935,-119.1916,default
614,0.0,0.0,0.0,0.0,0.0,0.0,0.0,0.0,0.0,0.0,0.0,0.0,0.0,0.0,x2860482a,PQ,1.0,1.0,1.0,104.0,1000000.0,0.9,1.05,s1s2,a,False,False,False,46.7022,-119.1921,default
615,0.0,0.0,0.0,0.0,0.0,0.0,0.0057579001528932,0.0014430655292392,0.0031120995488733,0.0007799655218652,0.0,0.0,0.0,0.0,sx2860482a,PQ,1.0,1.0,1.0,104.0,1000000.0,0.9,1.05,s1s2,a,False,True,False,46.7023,-119.1924,default
616,0.0,0.0,0.0,0.0,0.0,0.0,0.0,0.0,0.0,0.0,0.0,0.0,0.0,0.0,x3122821b,PQ,1.0,1.0,1.0,104.0,1000000.0,0.9,1.05,s1s2,b,False,False,False,46.7028,-119.1944,default
617,0.0,0.0,0.0,0.0,0.0,0.0,0.0008197667793378,0.0002054529425783,0.0089102337850282,0.0022331153412399,0.0,0.0,0.0,0.0,sx3122821b,PQ,1.0,1.0,1.0,104.0,1000000.0,0.9,1.05,s1s2,b,False,True,False,46.7029,-119.1946,default
618,0.0,0.0,0.0,0.0,0.0,0.0,0.0,0.0,0.0,0.0,0.0,0.0,0.0,0.0,x2726973a,PQ,1.0,1.0,1.0,104.0,1000000.0,0.9,1.05,s1s2,a,False,False,False,46.7043,-119.1988,default
619,0.0,0.0,0.0,0.0,0.0,0.0,0.003649093742162,0.0009145489277714,0.0052209059657203,0.0013084821275957,0.0,0.0,0.0,0.0,sx2726973a,PQ,1.0,1.0,1.0,104.0,1000000.0,0.9,1.05,s1s2,a,False,True,False,46.7043,-119.1991,default
620,0.0,0.0,0.0,0.0,0.0,0.0,0.0,0.0,0.0,0.0,0.0,0.0,0.0,0.0,p1164481,PQ,1.0,1.0,1.0,7199.557856794634,1000000.0,0.9,1.05,a,,False,False,False,46.70491926,-119.1995764,default
621,0.0,0.0,0.0,0.0,0.0,0.0,0.0,0.0,0.0,0.0,0.0,0.0,0.0,0.0,l3729297,PQ,1.0,1.0,1.0,7199.557856794634,1000000.0,0.9,1.05,a,,False,False,False,46.7044848,-119.2003216,default
622,0.0,0.0,0.0,0.0,0.0,0.0,0.0,0.0,0.0,0.0,0.0,0.0,0.0,0.0,l3729298,PQ,1.0,1.0,1.0,7199.557856794634,1000000.0,0.9,1.05,a,,False,False,False,46.7042535,-119.2013574,default
623,0.0,0.0,0.0,0.0,0.0,0.0,0.0,0.0,0.0,0.0,0.0,0.0,0.0,0.0,l3727707,PQ,1.0,1.0,1.0,7199.557856794634,1000000.0,0.9,1.05,a,,False,False,False,46.70423802,-119.2023781,default
624,0.0,0.0,0.0,0.0,0.0,0.0,0.0,0.0,0.0,0.0,0.0,0.0,0.0,0.0,l3727708,PQ,1.0,1.0,1.0,7199.557856794634,1000000.0,0.9,1.05,a,,False,False,False,46.70347456,-119.2026077,default
625,0.0,0.0,0.0,0.0,0.0,0.0,0.0,0.0,0.0,0.0,0.0,0.0,0.0,0.0,m3949157,PQ,1.0,1.0,1.0,7199.557856794634,1000000.0,0.9,1.05,a,,False,False,False,46.70340692,-119.2026391,default
626,0.0,0.0,0.0,0.0,0.0,0.0,0.0,0.0,0.0,0.0,0.0,0.0,0.0,0.0,l3727709,PQ,1.0,1.0,1.0,7199.557856794634,1000000.0,0.9,1.05,a,,False,False,False,46.7037165,-119.2036538,default
627,0.0,0.0,0.0,0.0,0.0,0.0,0.0,0.0,0.0,0.0,0.0,0.0,0.0,0.0,l3727710,PQ,1.0,1.0,1.0,7199.557856794634,1000000.0,0.9,1.05,a,,False,False,False,46.7041162,-119.204796,default
628,0.0,0.0,0.0,0.0,0.0,0.0,0.0,0.0,0.0,0.0,0.0,0.0,0.0,0.0,x3727710a,PQ,1.0,1.0,1.0,104.0,1000000.0,0.9,1.05,s1s2,a,False,False,False,46.7038,-119.2048,default
629,0.0,0.0,0.0,0.0,0.0,0.0,0.0113800471433509,0.0028521081049893,0.0019199523480869,0.0004811853278321,0.0,0.0,0.0,0.0,sx3727710a,PQ,1.0,1.0,1.0,104.0,1000000.0,0.9,1.05,s1s2,a,False,True,False,46.7038,-119.2051,default
630,0.0,0.0,0.0,0.0,0.0,0.0,0.0,0.0,0.0,0.0,0.0,0.0,0.0,0.0,x3727709a,PQ,1.0,1.0,1.0,104.0,1000000.0,0.9,1.05,s1s2,a,False,False,False,46.7034,-119.2037,default
631,0.0,0.0,0.0,0.0,0.0,0.0,0.0040144180645913,0.0010061078182559,0.0092855814640942,0.0023271856340293,0.0,0.0,0.0,0.0,sx3727709a,PQ,1.0,1.0,1.0,104.0,1000000.0,0.9,1.05,s1s2,a,False,True,False,46.7034,-119.2039,default
632,0.0,0.0,0.0,0.0,0.0,0.0,0.0,0.0,0.0,0.0,0.0,0.0,0.0,0.0,l3727711,PQ,1.0,1.0,1.0,7199.557856794634,1000000.0,0.9,1.05,a,,False,False,False,46.70285354,-119.2021228,default
633,0.0,0.0,0.0,0.0,0.0,0.0,0.0,0.0,0.0,0.0,0.0,0.0,0.0,0.0,l3727712,PQ,1.0,1.0,1.0,7199.557856794634,1000000.0,0.9,1.05,a,,False,False,False,46.70286508,-119.2013937,default
634,0.0,0.0,0.0,0.0,0.0,0.0,0.0,0.0,0.0,0.0,0.0,0.0,0.0,0.0,x3727712a,PQ,1.0,1.0,1.0,104.0,1000000.0,0.9,1.05,s1s2,a,False,False,False,46.7025,-119.2014,default
635,0.0,0.0,0.0,0.0,0.0,0.0,0.0038943032238548,0.0009760042044077,0.0049756964818071,0.0012470268493073,0.0,0.0,0.0,0.0,sx3727712a,PQ,1.0,1.0,1.0,104.0,1000000.0,0.9,1.05,s1s2,a,False,True,False,46.7026,-119.2017,default
636,0.0,0.0,0.0,0.0,0.0,0.0,0.0,0.0,0.0,0.0,0.0,0.0,0.0,0.0,x3727711a,PQ,1.0,1.0,1.0,104.0,1000000.0,0.9,1.05,s1s2,a,False,False,False,46.7025,-119.2021,default
637,0.0,0.0,0.0,0.0,0.0,0.0,0.0001575288845474,3.948045263544519e-05,0.0051624709275312,0.0012938369244958,0.0,0.0,0.0,0.0,sx3727711a,PQ,1.0,1.0,1.0,104.0,1000000.0,0.9,1.05,s1s2,a,False,True,False,46.7025,-119.2024,default
638,0.0,0.0,0.0,0.0,0.0,0.0,0.0,0.0,0.0,0.0,0.0,0.0,0.0,0.0,l3728037,PQ,1.0,1.0,1.0,7199.557856794634,1000000.0,0.9,1.05,a,,False,False,False,46.70196928,-119.2031775,default
639,0.0,0.0,0.0,0.0,0.0,0.0,0.0,0.0,0.0,0.0,0.0,0.0,0.0,0.0,m3949154,PQ,1.0,1.0,1.0,7199.557856794634,1000000.0,0.9,1.05,a,,False,False,False,46.70048752,-119.2031936,default
640,0.0,0.0,0.0,0.0,0.0,0.0,0.0,0.0,0.0,0.0,0.0,0.0,0.0,0.0,l3728038,PQ,1.0,1.0,1.0,7199.557856794634,1000000.0,0.9,1.05,a,,False,False,False,46.7005208,-119.2032447,default
641,0.0,0.0,0.0,0.0,0.0,0.0,0.0,0.0,0.0,0.0,0.0,0.0,0.0,0.0,l3728039,PQ,1.0,1.0,1.0,7199.557856794634,1000000.0,0.9,1.05,a,,False,False,False,46.70120856,-119.2043204,default
642,0.0,0.0,0.0,0.0,0.0,0.0,0.0,0.0,0.0,0.0,0.0,0.0,0.0,0.0,l3728040,PQ,1.0,1.0,1.0,7199.557856794634,1000000.0,0.9,1.05,a,,False,False,False,46.70176698,-119.2051083,default
643,0.0,0.0,0.0,0.0,0.0,0.0,0.0,0.0,0.0,0.0,0.0,0.0,0.0,0.0,l3728041,PQ,1.0,1.0,1.0,7199.557856794634,1000000.0,0.9,1.05,a,,False,False,False,46.7020571,-119.2056604,default
644,0.0,0.0,0.0,0.0,0.0,0.0,0.0,0.0,0.0,0.0,0.0,0.0,0.0,0.0,x3728041a,PQ,1.0,1.0,1.0,104.0,1000000.0,0.9,1.05,s1s2,a,False,False,False,46.7017,-119.2057,default
645,0.0,0.0,0.0,0.0,0.0,0.0,0.0047682578967006,0.0011950378490545,0.0041017418077273,0.001027993203723,0.0,0.0,0.0,0.0,sx3728041a,PQ,1.0,1.0,1.0,104.0,1000000.0,0.9,1.05,s1s2,a,False,True,False,46.7017,-119.2059,default
646,0.0,0.0,0.0,0.0,0.0,0.0,0.0,0.0,0.0,0.0,0.0,0.0,0.0,0.0,x3728040a,PQ,1.0,1.0,1.0,104.0,1000000.0,0.9,1.05,s1s2,a,False,False,False,46.7014,-119.2051,default
647,0.0,0.0,0.0,0.0,0.0,0.0,0.003849975679534,0.0009648946792482,0.009450023844527,0.0023683987702321,0.0,0.0,0.0,0.0,sx3728040a,PQ,1.0,1.0,1.0,104.0,1000000.0,0.9,1.05,s1s2,a,False,True,False,46.7015,-119.2054,default
648,0.0,0.0,0.0,0.0,0.0,0.0,0.0,0.0,0.0,0.0,0.0,0.0,0.0,0.0,x3728039a,PQ,1.0,1.0,1.0,104.0,1000000.0,0.9,1.05,s1s2,a,False,False,False,46.7009,-119.2043,default
649,0.0,0.0,0.0,0.0,0.0,0.0,0.0132713124914415,0.0033261037792861,2.868694583362452e-05,7.18962503041313e-06,0.0,0.0,0.0,0.0,sx3728039a,PQ,1.0,1.0,1.0,104.0,1000000.0,0.9,1.05,s1s2,a,False,True,False,46.7009,-119.2046,default
650,0.0,0.0,0.0,0.0,0.0,0.0,0.0,0.0,0.0,0.0,0.0,0.0,0.0,0.0,x3728038a,PQ,1.0,1.0,1.0,104.0,1000000.0,0.9,1.05,s1s2,a,False,False,False,46.7002,-119.2032,default
651,0.0,0.0,0.0,0.0,0.0,0.0,0.0032434237624386,0.0008128784659537,0.0056265759392618,0.0014101525854556,0.0,0.0,0.0,0.0,sx3728038a,PQ,1.0,1.0,1.0,104.0,1000000.0,0.9,1.05,s1s2,a,False,True,False,46.7002,-119.2035,default
652,0.0,0.0,0.0,0.0,0.0,0.0,0.0,0.0,0.0,0.0,0.0,0.0,0.0,0.0,l3728042,PQ,1.0,1.0,1.0,7199.557856794634,1000000.0,0.9,1.05,a,,False,False,False,46.70072622,-119.2019725,default
653,0.0,0.0,0.0,0.0,0.0,0.0,0.0,0.0,0.0,0.0,0.0,0.0,0.0,0.0,l3728043,PQ,1.0,1.0,1.0,7199.557856794634,1000000.0,0.9,1.05,a,,False,False,False,46.70056858,-119.2008556,default
654,0.0,0.0,0.0,0.0,0.0,0.0,0.0,0.0,0.0,0.0,0.0,0.0,0.0,0.0,x3728043a,PQ,1.0,1.0,1.0,104.0,1000000.0,0.9,1.05,s1s2,a,False,False,False,46.7002,-119.2009,default
655,0.0,0.0,0.0,0.0,0.0,0.0,0.0049337147066393,0.0012365052441045,0.0083662848843019,0.002096788264793,0.0,0.0,0.0,0.0,sx3728043a,PQ,1.0,1.0,1.0,104.0,1000000.0,0.9,1.05,s1s2,a,True,True,False,46.7003,-119.2011,default
656,0.0,0.0,0.0,0.0,0.0,0.0,0.0,0.0,0.0,0.0,0.0,0.0,0.0,0.0,x3728042a,PQ,1.0,1.0,1.0,104.0,1000000.0,0.9,1.05,s1s2,a,False,False,False,46.7004,-119.202,default
657,0.0,0.0,0.0,0.0,0.0,0.0,0.0048121437779899,0.0012060366893076,0.0084878557572943,0.0021272567661749,0.0,0.0,0.0,0.0,sx3728042a,PQ,1.0,1.0,1.0,104.0,1000000.0,0.9,1.05,s1s2,a,False,True,False,46.7004,-119.2023,default
658,0.0,0.0,0.0,0.0,0.0,0.0,0.0,0.0,0.0,0.0,0.0,0.0,0.0,0.0,x3728037a,PQ,1.0,1.0,1.0,104.0,1000000.0,0.9,1.05,s1s2,a,False,False,False,46.7016,-119.2032,default
659,0.0,0.0,0.0,0.0,0.0,0.0,0.0009246225209485,0.0002317322044674,0.0079453771550296,0.0019912988332598,0.0,0.0,0.0,0.0,sx3728037a,PQ,1.0,1.0,1.0,104.0,1000000.0,0.9,1.05,s1s2,a,False,True,False,46.7017,-119.2035,default
660,0.0,0.0,0.0,0.0,0.0,0.0,0.0,0.0,0.0,0.0,0.0,0.0,0.0,0.0,x3727708a,PQ,1.0,1.0,1.0,104.0,1000000.0,0.9,1.05,s1s2,a,False,False,False,46.7031,-119.2026,default
661,0.0,0.0,0.0,0.0,0.0,0.0,0.0041530471814539,0.0010408515373434,0.0011669526411793,0.0002924658455842,0.0,0.0,0.0,0.0,sx3727708a,PQ,1.0,1.0,1.0,104.0,1000000.0,0.9,1.05,s1s2,a,False,True,False,46.7032,-119.2029,default
662,0.0,0.0,0.0,0.0,0.0,0.0,0.0,0.0,0.0,0.0,0.0,0.0,0.0,0.0,x3727707a,PQ,1.0,1.0,1.0,104.0,1000000.0,0.9,1.05,s1s2,a,False,False,False,46.7039,-119.2024,default
663,0.0,0.0,0.0,0.0,0.0,0.0,0.0047003768660342,0.0011780252630482,0.0041696228409308,0.001045005791508,0.0,0.0,0.0,0.0,sx3727707a,PQ,1.0,1.0,1.0,104.0,1000000.0,0.9,1.05,s1s2,a,False,True,False,46.7039,-119.2027,default
664,0.0,0.0,0.0,0.0,0.0,0.0,0.0,0.0,0.0,0.0,0.0,0.0,0.0,0.0,x3729298a,PQ,1.0,1.0,1.0,104.0,1000000.0,0.9,1.05,s1s2,a,False,False,False,46.7039,-119.2014,default
665,0.0,0.0,0.0,0.0,0.0,0.0,0.0105030559912927,0.0026323134507477,0.0027969435208992,0.0007009799933596,0.0,0.0,0.0,0.0,sx3729298a,PQ,1.0,1.0,1.0,104.0,1000000.0,0.9,1.05,s1s2,a,False,True,False,46.7039,-119.2016,default
666,0.0,0.0,0.0,0.0,0.0,0.0,0.0,0.0,0.0,0.0,0.0,0.0,0.0,0.0,x3729297a,PQ,1.0,1.0,1.0,104.0,1000000.0,0.9,1.05,s1s2,a,False,False,False,46.7041,-119.2003,default
667,0.0,0.0,0.0,0.0,0.0,0.0,0.0003566241716503,8.937842599411375e-05,0.0085133754970776,0.0021336526083533,0.0,0.0,0.0,0.0,sx3729297a,PQ,1.0,1.0,1.0,104.0,1000000.0,0.9,1.05,s1s2,a,False,True,False,46.7042,-119.2006,default
668,0.0,0.0,0.0,0.0,0.0,0.0,0.0,0.0,0.0,0.0,0.0,0.0,0.0,0.0,x2822872b,PQ,1.0,1.0,1.0,104.0,1000000.0,0.9,1.05,s1s2,b,False,False,False,46.7063,-119.2,default
669,0.0,0.0,0.0,0.0,0.0,0.0,0.003419379847824,0.0008569774620041,0.0063106206743961,0.0015815908005988,0.0,0.0,0.0,0.0,sx2822872b,PQ,1.0,1.0,1.0,104.0,1000000.0,0.9,1.05,s1s2,b,False,True,False,46.7064,-119.2003,default
670,0.0,0.0,0.0,0.0,0.0,0.0,0.0,0.0,0.0,0.0,0.0,0.0,0.0,0.0,x3104136b,PQ,1.0,1.0,1.0,104.0,1000000.0,0.9,1.05,s1s2,b,False,False,False,46.7078,-119.2016,default
671,0.0,0.0,0.0,0.0,0.0,0.0,0.0043392370222187,0.0010875154306257,0.0015007632865821,0.0003761267744496,0.0,0.0,0.0,0.0,sx3104136b,PQ,1.0,1.0,1.0,104.0,1000000.0,0.9,1.05,s1s2,b,False,True,False,46.7079,-119.2019,default
672,0.0,0.0,0.0,0.0,0.0,0.0,0.0,0.0,0.0,0.0,0.0,0.0,0.0,0.0,p901912,PQ,1.0,1.0,1.0,7199.557856794634,1000000.0,0.9,1.05,b,,False,False,False,46.70832904,-119.2019255,default
673,0.0,0.0,0.0,0.0,0.0,0.0,0.0,0.0,0.0,0.0,0.0,0.0,0.0,0.0,l3195365,PQ,1.0,1.0,1.0,7199.557856794634,1000000.0,0.9,1.05,b,,False,False,False,46.70780894,-119.2020749,default
674,0.0,0.0,0.0,0.0,0.0,0.0,0.0,0.0,0.0,0.0,0.0,0.0,0.0,0.0,x3160109b,PQ,1.0,1.0,1.0,104.0,1000000.0,0.9,1.05,s1s2,b,False,False,False,46.7089,-119.2027,default
675,0.0,0.0,0.0,0.0,0.0,0.0,0.0041978939783874,0.0010520915171111,0.0055321065359087,0.0013864767426069,0.0,0.0,0.0,0.0,sx3160109b,PQ,1.0,1.0,1.0,104.0,1000000.0,0.9,1.05,s1s2,b,False,True,False,46.7089,-119.2029,default
676,0.0,0.0,0.0,0.0,0.0,0.0,0.0,0.0,0.0,0.0,0.0,0.0,0.0,0.0,x2820531b,PQ,1.0,1.0,1.0,104.0,1000000.0,0.9,1.05,s1s2,b,False,False,False,46.71,-119.2039,default
677,0.0,0.0,0.0,0.0,0.0,0.0,0.0013395921906704,0.0003357334850411,0.0083904083522045,0.0021028347912146,0.0,0.0,0.0,0.0,sx2820531b,PQ,1.0,1.0,1.0,104.0,1000000.0,0.9,1.05,s1s2,b,False,True,False,46.7101,-119.2041,default
678,0.0,0.0,0.0,0.0,0.0,0.0,0.0,0.0,0.0,0.0,0.0,0.0,0.0,0.0,m1047513,PQ,1.0,1.0,1.0,7199.557856794634,1000000.0,0.9,1.05,abc,,False,False,False,46.71104494,-119.2034981,default
679,0.0,0.0,0.0,0.0,0.0,0.0,0.0,0.0,0.0,0.0,0.0,0.0,0.0,0.0,m1047515,PQ,1.0,1.0,1.0,7199.557856794634,1000000.0,0.9,1.05,abc,,False,False,False,46.71184712,-119.2018241,default
680,0.0,0.0,0.0,0.0,0.0,0.0,0.0,0.0,0.0,0.0,0.0,0.0,0.0,0.0,n1144665,PQ,1.0,1.0,1.0,7199.557856794634,1000000.0,0.9,1.05,abc,,False,False,False,46.71200746,-119.2013961,default
681,0.0,0.0,0.0,0.0,0.0,0.0,0.0,0.0,0.0,0.0,0.0,0.0,0.0,0.0,l2897777,PQ,1.0,1.0,1.0,7199.557856794634,1000000.0,0.9,1.05,abc,,False,False,False,46.7121662,-119.2009723,default
682,0.0,0.0,0.0,0.0,0.0,0.0,0.0,0.0,0.0,0.0,0.0,0.0,0.0,0.0,e206209,PQ,1.0,1.0,1.0,7199.557856794634,1000000.0,0.9,1.05,abc,,False,False,False,46.7126478,-119.199167,default
683,0.0,0.0,0.0,0.0,0.0,0.0,0.0,0.0,0.0,0.0,0.0,0.0,0.0,0.0,d6108141-1_int,PQ,1.0,1.0,1.0,7199.557856794634,1000000.0,0.9,1.05,abc,,False,False,False,46.71277846,-119.198697,default
684,0.0,0.0,0.0,0.0,0.0,0.0,0.0,0.0,0.0,0.0,0.0,0.0,0.0,0.0,m1047521,PQ,1.0,1.0,1.0,7199.557856794634,1000000.0,0.9,1.05,abc,,False,False,False,46.7128388,-119.1986262,default
685,0.0,0.0,0.0,0.0,0.0,0.0,0.0,0.0,0.0,0.0,0.0,0.0,0.0,0.0,l2954353,PQ,1.0,1.0,1.0,7199.557856794634,1000000.0,0.9,1.05,a,,False,False,False,46.71300812,-119.1986409,default
686,0.0,0.0,0.0,0.0,0.0,0.0,0.0,0.0,0.0,0.0,0.0,0.0,0.0,0.0,x2954353a,PQ,1.0,1.0,1.0,104.0,1000000.0,0.9,1.05,s1s2,a,False,False,False,46.7127,-119.1986,default
687,0.0,0.0,0.0,0.0,0.0,0.0,0.000417226156395,0.0001045667115668,0.008452773509127,0.0021184643073517,0.0,0.0,0.0,0.0,sx2954353a,PQ,1.0,1.0,1.0,104.0,1000000.0,0.9,1.05,s1s2,a,False,True,False,46.7127,-119.1989,default
688,0.0,0.0,0.0,0.0,0.0,0.0,0.0,0.0,0.0,0.0,0.0,0.0,0.0,0.0,m1047520,PQ,1.0,1.0,1.0,7199.557856794634,1000000.0,0.9,1.05,abc,,False,False,False,46.71286558,-119.1973393,default
689,0.0,0.0,0.0,0.0,0.0,0.0,0.0,0.0,0.0,0.0,0.0,0.0,0.0,0.0,m1047522,PQ,1.0,1.0,1.0,7199.557856794634,1000000.0,0.9,1.05,abc,,False,False,False,46.7128621,-119.1968605,default
690,0.0,0.0,0.0,0.0,0.0,0.0,0.0,0.0,0.0,0.0,0.0,0.0,0.0,0.0,d6077791-3_int,PQ,1.0,1.0,1.0,7199.557856794634,1000000.0,0.9,1.05,abc,,False,False,False,46.71308338,-119.196295,default
691,0.0,0.0,0.0,0.0,0.0,0.0,0.0,0.0,0.0,0.0,0.0,0.0,0.0,0.0,n1136663,PQ,1.0,1.0,1.0,7199.557856794634,1000000.0,0.9,1.05,abc,,False,False,False,46.71318156,-119.1961462,default
692,0.0,0.0,0.0,0.0,0.0,0.0,0.0,0.0,0.0,0.0,0.0,0.0,0.0,0.0,m1047534,PQ,1.0,1.0,1.0,7199.557856794634,1000000.0,0.9,1.05,abc,,False,False,False,46.71395636,-119.1944139,default
693,0.0,0.0,0.0,0.0,0.0,0.0,0.0,0.0,0.0,0.0,0.0,0.0,0.0,0.0,m1047550,PQ,1.0,1.0,1.0,7199.557856794634,1000000.0,0.9,1.05,abc,,False,False,False,46.71468446,-119.1929448,default
694,0.0,0.0,0.0,0.0,0.0,0.0,0.0,0.0,0.0,0.0,0.0,0.0,0.0,0.0,m1047558,PQ,1.0,1.0,1.0,7199.557856794634,1000000.0,0.9,1.05,abc,,False,False,False,46.71505906,-119.1921198,default
695,0.0,0.0,0.0,0.0,0.0,0.0,0.0,0.0,0.0,0.0,0.0,0.0,0.0,0.0,m1047568,PQ,1.0,1.0,1.0,7199.557856794634,1000000.0,0.9,1.05,abc,,False,False,False,46.71587864,-119.190919,default
696,0.0,0.0,0.0,0.0,0.0,0.0,0.0,0.0,0.0,0.0,0.0,0.0,0.0,0.0,p827527,PQ,1.0,1.0,1.0,7199.557856794634,1000000.0,0.9,1.05,abc,,False,False,False,46.71572562,-119.1907477,default
697,0.0,0.0,0.0,0.0,0.0,0.0,0.0,0.0,0.0,0.0,0.0,0.0,0.0,0.0,n1136658,PQ,1.0,1.0,1.0,7199.557856794634,1000000.0,0.9,1.05,abc,,False,False,False,46.71571116,-119.1906439,default
698,0.0,0.0,0.0,0.0,0.0,0.0,0.0,0.0,0.0,0.0,0.0,0.0,0.0,0.0,m1047566,PQ,1.0,1.0,1.0,7199.557856794634,1000000.0,0.9,1.05,abc,,False,False,False,46.71561,-119.1899191,default
699,0.0,0.0,0.0,0.0,0.0,0.0,0.0,0.0,0.0,0.0,0.0,0.0,0.0,0.0,n1137995,PQ,1.0,1.0,1.0,7199.557856794634,1000000.0,0.9,1.05,a,,False,False,False,46.71552476,-119.1898977,default
700,0.0,0.0,0.0,0.0,0.0,0.0,0.0,0.0,0.0,0.0,0.0,0.0,0.0,0.0,l3141401,PQ,1.0,1.0,1.0,7199.557856794634,1000000.0,0.9,1.05,a,,False,False,False,46.7151667,-119.1898076,default
701,0.0,0.0,0.0,0.0,0.0,0.0,0.0,0.0,0.0,0.0,0.0,0.0,0.0,0.0,x3141401a,PQ,1.0,1.0,1.0,104.0,1000000.0,0.9,1.05,s1s2,a,False,False,False,46.7148,-119.1898,default
702,0.0,0.0,0.0,0.0,0.0,0.0,0.0048075805070919,0.0012048930091658,0.0040624191933953,0.0010181380184745,0.0,0.0,0.0,0.0,sx3141401a,PQ,1.0,1.0,1.0,104.0,1000000.0,0.9,1.05,s1s2,a,False,True,False,46.7149,-119.1901,default
703,0.0,0.0,0.0,0.0,0.0,0.0,0.0,0.0,0.0,0.0,0.0,0.0,0.0,0.0,q14733,PQ,1.0,1.0,1.0,7199.557856794634,1000000.0,0.9,1.05,abc,,False,False,False,46.7159583,-119.1908382,default
704,0.0,0.0,0.0,0.0,0.0,0.0,0.0,0.0,0.0,0.0,0.0,0.0,0.0,0.0,d5860423-3_int,PQ,1.0,1.0,1.0,7199.557856794634,1000000.0,0.9,1.05,abc,,False,False,False,46.71621966,-119.1903943,default
705,0.0,0.0,0.0,0.0,0.0,0.0,0.0,0.0,0.0,0.0,0.0,0.0,0.0,0.0,190-8593,PQ,1.0,1.0,1.0,7199.557856794634,1000000.0,0.9,1.05,abc,,False,False,False,46.71630678,-119.1902789,default
706,0.0,0.0,0.0,0.0,0.0,0.0,0.0,0.0,0.0,0.0,0.0,0.0,0.0,0.0,regxfmr_190-8593,PQ,1.0,1.0,1.0,7199.557856794634,1000000.0,0.9,1.05,abc,,False,False,False,46.71669882,-119.1897677,default
707,0.0,0.0,0.0,0.0,0.0,0.0,0.0,0.0,0.0,0.0,0.0,0.0,0.0,0.0,m1047575,PQ,1.0,1.0,1.0,7199.557856794634,1000000.0,0.9,1.05,abc,,False,False,False,46.71678594,-119.1896632,default
708,0.0,0.0,0.0,0.0,0.0,0.0,0.0,0.0,0.0,0.0,0.0,0.0,0.0,0.0,d5860450-1_int,PQ,1.0,1.0,1.0,7199.557856794634,1000000.0,0.9,1.05,abc,,False,False,False,46.71722154,-119.1892455,default
709,0.0,0.0,0.0,0.0,0.0,0.0,0.0,0.0,0.0,0.0,0.0,0.0,0.0,0.0,l2841632,PQ,1.0,1.0,1.0,7199.557856794634,1000000.0,0.9,1.05,abc,,False,False,False,46.7176347,-119.1887776,default
710,0.0,0.0,0.0,0.0,0.0,0.0,0.0,0.0,0.0,0.0,0.0,0.0,0.0,0.0,m1047574,PQ,1.0,1.0,1.0,7199.557856794634,1000000.0,0.9,1.05,abc,,False,False,False,46.71780014,-119.1886324,default
711,0.0,0.0,0.0,0.0,0.0,0.0,0.0,0.0,0.0,0.0,0.0,0.0,0.0,0.0,m1069500,PQ,1.0,1.0,1.0,7199.557856794634,1000000.0,0.9,1.05,abc,,False,False,False,46.71861344,-119.1876533,default
712,0.0,0.0,0.0,0.0,0.0,0.0,0.0,0.0,0.0,0.0,0.0,0.0,0.0,0.0,m1069504,PQ,1.0,1.0,1.0,7199.557856794634,1000000.0,0.9,1.05,abc,,False,False,False,46.71966492,-119.1863303,default
713,0.0,0.0,0.0,0.0,0.0,0.0,0.0,0.0,0.0,0.0,0.0,0.0,0.0,0.0,l2691967,PQ,1.0,1.0,1.0,7199.557856794634,1000000.0,0.9,1.05,abc,,False,False,False,46.72010556,-119.1857518,default
714,0.0,0.0,0.0,0.0,0.0,0.0,0.0,0.0,0.0,0.0,0.0,0.0,0.0,0.0,r42246,PQ,1.0,1.0,1.0,7199.557856794634,1000000.0,0.9,1.05,abc,,False,False,True,46.72052652,-119.1852282,default
715,0.0,0.0,0.0,0.0,0.0,0.0,0.0,0.0,0.0,0.0,0.0,0.0,0.0,0.0,q16642_cap,PQ,1.0,1.0,1.0,7199.557856794634,1000000.0,0.9,1.05,abc,,False,False,False,46.7206,-119.18515,default
716,0.0,0.0,0.0,0.0,0.0,0.0,0.0,0.0,0.0,0.0,0.0,0.0,0.0,0.0,q16642,PQ,1.0,1.0,1.0,7199.557856794634,1000000.0,0.9,1.05,abc,,False,False,False,46.72066274,-119.1851203,default
717,0.0,0.0,0.0,0.0,0.0,0.0,0.0,0.0,0.0,0.0,0.0,0.0,0.0,0.0,d6290228-6_int,PQ,1.0,1.0,1.0,7199.557856794634,1000000.0,0.9,1.05,abc,,False,False,False,46.7210112,-119.1846503,default
718,0.0,0.0,0.0,0.0,0.0,0.0,0.0,0.0,0.0,0.0,0.0,0.0,0.0,0.0,n1136657,PQ,1.0,1.0,1.0,7199.557856794634,1000000.0,0.9,1.05,abc,,False,False,False,46.72109942,-119.1845154,default
719,0.0,0.0,0.0,0.0,0.0,0.0,0.0,0.0,0.0,0.0,0.0,0.0,0.0,0.0,m1069514,PQ,1.0,1.0,1.0,7199.557856794634,1000000.0,0.9,1.05,abc,,False,False,False,46.72122086,-119.1843644,default
720,0.0,0.0,0.0,0.0,0.0,0.0,0.0,0.0,0.0,0.0,0.0,0.0,0.0,0.0,m1069515,PQ,1.0,1.0,1.0,7199.557856794634,1000000.0,0.9,1.05,abc,,False,False,False,46.72148718,-119.183648,default
721,0.0,0.0,0.0,0.0,0.0,0.0,0.0,0.0,0.0,0.0,0.0,0.0,0.0,0.0,n1136367,PQ,1.0,1.0,1.0,7199.557856794634,1000000.0,0.9,1.05,abc,,False,False,False,46.72185592,-119.1831585,default
722,0.0,0.0,0.0,0.0,0.0,0.0,0.0,0.0,0.0,0.0,0.0,0.0,0.0,0.0,m1069517,PQ,1.0,1.0,1.0,7199.557856794634,1000000.0,0.9,1.05,abc,,False,False,False,46.72213072,-119.1827936,default
723,0.0,0.0,0.0,0.0,0.0,0.0,0.0,0.0,0.0,0.0,0.0,0.0,0.0,0.0,m1069518,PQ,1.0,1.0,1.0,7199.557856794634,1000000.0,0.9,1.05,abc,,False,False,False,46.72239706,-119.18252,default
724,0.0,0.0,0.0,0.0,0.0,0.0,0.0,0.0,0.0,0.0,0.0,0.0,0.0,0.0,n1136366,PQ,1.0,1.0,1.0,7199.557856794634,1000000.0,0.9,1.05,abc,,False,False,False,46.72257568,-119.1823365,default
725,0.0,0.0,0.0,0.0,0.0,0.0,0.0,0.0,0.0,0.0,0.0,0.0,0.0,0.0,l2916620,PQ,1.0,1.0,1.0,7199.557856794634,1000000.0,0.9,1.05,abc,,False,False,False,46.72262718,-119.1822836,default
726,0.0,0.0,0.0,0.0,0.0,0.0,0.0,0.0,0.0,0.0,0.0,0.0,0.0,0.0,x2916620a,PQ,1.0,1.0,1.0,104.0,1000000.0,0.9,1.05,s1s2,a,False,False,False,46.7223,-119.1823,default
727,0.0,0.0,0.0,0.0,0.0,0.0,0.0019903220031186,0.0004988216111456,0.0015596778814543,0.0003908920431233,0.0,0.0,0.0,0.0,sx2916620a,PQ,1.0,1.0,1.0,104.0,1000000.0,0.9,1.05,s1s2,a,False,True,False,46.7223,-119.1826,default
728,0.0,0.0,0.0,0.0,0.0,0.0,0.0,0.0,0.0,0.0,0.0,0.0,0.0,0.0,x2916620b,PQ,1.0,1.0,1.0,104.0,1000000.0,0.9,1.05,s1s2,b,False,False,False,46.7223,-119.1823,default
729,0.0,0.0,0.0,0.0,0.0,0.0,0.0033717972938602,0.0008450521666475,0.0005182029408698,0.0001298739151125,0.0,0.0,0.0,0.0,sx2916620b,PQ,1.0,1.0,1.0,104.0,1000000.0,0.9,1.05,s1s2,b,False,True,False,46.7223,-119.1826,default
730,0.0,0.0,0.0,0.0,0.0,0.0,0.0,0.0,0.0,0.0,0.0,0.0,0.0,0.0,x2916620c,PQ,1.0,1.0,1.0,104.0,1000000.0,0.9,1.05,s1s2,c,False,False,False,46.7223,-119.1823,default
731,0.0,0.0,0.0,0.0,0.0,0.0,0.0005428895738623,0.0001360609840731,0.0035271104287321,0.0008839774083485,0.0,0.0,0.0,0.0,sx2916620c,PQ,1.0,1.0,1.0,104.0,1000000.0,0.9,1.05,s1s2,c,False,True,False,46.7223,-119.1826,default
732,0.0,0.0,0.0,0.0,0.0,0.0,0.0,0.0,0.0,0.0,0.0,0.0,0.0,0.0,n1136365,PQ,1.0,1.0,1.0,7199.557856794634,1000000.0,0.9,1.05,abc,,False,False,False,46.72192582,-119.1823456,default
733,0.0,0.0,0.0,0.0,0.0,0.0,0.0,0.0,0.0,0.0,0.0,0.0,0.0,0.0,m1069516,PQ,1.0,1.0,1.0,7199.557856794634,1000000.0,0.9,1.05,abc,,False,False,False,46.72157256,-119.1815733,default
734,0.0,0.0,0.0,0.0,0.0,0.0,0.0,0.0,0.0,0.0,0.0,0.0,0.0,0.0,m1069513,PQ,1.0,1.0,1.0,7199.557856794634,1000000.0,0.9,1.05,abc,,False,False,False,46.72096106,-119.1802548,default
735,0.0,0.0,0.0,0.0,0.0,0.0,0.0,0.0,0.0,0.0,0.0,0.0,0.0,0.0,l2766738,PQ,1.0,1.0,1.0,7199.557856794634,1000000.0,0.9,1.05,abc,,False,False,False,46.72058436,-119.1794188,default
736,0.0,0.0,0.0,0.0,0.0,0.0,0.0,0.0,0.0,0.0,0.0,0.0,0.0,0.0,m1069509,PQ,1.0,1.0,1.0,7199.557856794634,1000000.0,0.9,1.05,abc,,False,False,False,46.7202013,-119.1783532,default
737,0.0,0.0,0.0,0.0,0.0,0.0,0.0,0.0,0.0,0.0,0.0,0.0,0.0,0.0,m1069505,PQ,1.0,1.0,1.0,7199.557856794634,1000000.0,0.9,1.05,abc,,False,False,False,46.7198764,-119.1779839,default
738,0.0,0.0,0.0,0.0,0.0,0.0,0.0,0.0,0.0,0.0,0.0,0.0,0.0,0.0,n1134478,PQ,1.0,1.0,1.0,7199.557856794634,1000000.0,0.9,1.05,abc,,False,False,False,46.71976022,-119.1778509,default
739,0.0,0.0,0.0,0.0,0.0,0.0,0.0,0.0,0.0,0.0,0.0,0.0,0.0,0.0,m1069503,PQ,1.0,1.0,1.0,7199.557856794634,1000000.0,0.9,1.05,abc,,False,False,False,46.71951076,-119.1775653,default
740,0.0,0.0,0.0,0.0,0.0,0.0,0.0,0.0,0.0,0.0,0.0,0.0,0.0,0.0,e182729,PQ,1.0,1.0,1.0,7199.557856794634,1000000.0,0.9,1.05,abc,,False,False,False,46.71943204,-119.177475,default
741,0.0,0.0,0.0,0.0,0.0,0.0,0.0,0.0,0.0,0.0,0.0,0.0,0.0,0.0,n1134479,PQ,1.0,1.0,1.0,7199.557856794634,1000000.0,0.9,1.05,abc,,False,False,False,46.71982278,-119.1772562,default
742,0.0,0.0,0.0,0.0,0.0,0.0,0.0,0.0,0.0,0.0,0.0,0.0,0.0,0.0,d5682346-3_int,PQ,1.0,1.0,1.0,7199.557856794634,1000000.0,0.9,1.05,abc,,False,False,False,46.7200529,-119.1770264,default
743,0.0,0.0,0.0,0.0,0.0,0.0,0.0,0.0,0.0,0.0,0.0,0.0,0.0,0.0,e206211,PQ,1.0,1.0,1.0,7199.557856794634,1000000.0,0.9,1.05,abc,,False,False,False,46.72052072,-119.1765649,default
744,0.0,0.0,0.0,0.0,0.0,0.0,0.0,0.0,0.0,0.0,0.0,0.0,0.0,0.0,n1134480,PQ,1.0,1.0,1.0,7199.557856794634,1000000.0,0.9,1.05,abc,,False,False,False,46.72218234,-119.1750581,default
745,0.0,0.0,0.0,0.0,0.0,0.0,0.0,0.0,0.0,0.0,0.0,0.0,0.0,0.0,m1069519,PQ,1.0,1.0,1.0,7199.557856794634,1000000.0,0.9,1.05,abc,,False,False,False,46.72243256,-119.1749296,default
746,0.0,0.0,0.0,0.0,0.0,0.0,0.0,0.0,0.0,0.0,0.0,0.0,0.0,0.0,n1136354,PQ,1.0,1.0,1.0,7199.557856794634,1000000.0,0.9,1.05,abc,,False,False,False,46.72440184,-119.1738687,default
747,0.0,0.0,0.0,0.0,0.0,0.0,0.0,0.0,0.0,0.0,0.0,0.0,0.0,0.0,l2748144,PQ,1.0,1.0,1.0,7199.557856794634,1000000.0,0.9,1.05,abc,,False,False,False,46.72453878,-119.1737714,default
748,0.0,0.0,0.0,0.0,0.0,0.0,0.0,0.0,0.0,0.0,0.0,0.0,0.0,0.0,m1069533,PQ,1.0,1.0,1.0,7199.557856794634,1000000.0,0.9,1.05,abc,,False,False,False,46.72606758,-119.1729139,default
749,0.0,0.0,0.0,0.0,0.0,0.0,0.0,0.0,0.0,0.0,0.0,0.0,0.0,0.0,196-29521,PQ,1.0,1.0,1.0,7199.557856794634,1000000.0,0.9,1.05,b,,False,False,False,46.72619648,-119.1731927,default
750,0.0,0.0,0.0,0.0,0.0,0.0,0.0,0.0,0.0,0.0,0.0,0.0,0.0,0.0,n1136355,PQ,1.0,1.0,1.0,7199.557856794634,1000000.0,0.9,1.05,b,,False,False,False,46.72626948,-119.1733449,default
751,0.0,0.0,0.0,0.0,0.0,0.0,0.0,0.0,0.0,0.0,0.0,0.0,0.0,0.0,l2783231,PQ,1.0,1.0,1.0,7199.557856794634,1000000.0,0.9,1.05,b,,False,False,False,46.72678554,-119.1744211,default
752,0.0,0.0,0.0,0.0,0.0,0.0,0.0,0.0,0.0,0.0,0.0,0.0,0.0,0.0,l3254227,PQ,1.0,1.0,1.0,7199.557856794634,1000000.0,0.9,1.05,b,,False,False,False,46.72780936,-119.1767166,default
753,0.0,0.0,0.0,0.0,0.0,0.0,0.0,0.0,0.0,0.0,0.0,0.0,0.0,0.0,m1069550,PQ,1.0,1.0,1.0,7199.557856794634,1000000.0,0.9,1.05,b,,False,False,False,46.72809598,-119.1774534,default
754,0.0,0.0,0.0,0.0,0.0,0.0,0.0,0.0,0.0,0.0,0.0,0.0,0.0,0.0,m1069544,PQ,1.0,1.0,1.0,7199.557856794634,1000000.0,0.9,1.05,b,,False,False,False,46.72697964,-119.1783173,default
755,0.0,0.0,0.0,0.0,0.0,0.0,0.0,0.0,0.0,0.0,0.0,0.0,0.0,0.0,l2804272,PQ,1.0,1.0,1.0,7199.557856794634,1000000.0,0.9,1.05,b,,False,False,False,46.72685894,-119.1780892,default
756,0.0,0.0,0.0,0.0,0.0,0.0,0.0,0.0,0.0,0.0,0.0,0.0,0.0,0.0,l2841641,PQ,1.0,1.0,1.0,7199.557856794634,1000000.0,0.9,1.05,b,,False,False,False,46.72629158,-119.1769099,default
757,0.0,0.0,0.0,0.0,0.0,0.0,0.0,0.0,0.0,0.0,0.0,0.0,0.0,0.0,x2841641b,PQ,1.0,1.0,1.0,104.0,1000000.0,0.9,1.05,s1s2,b,False,False,False,46.7259,-119.1769,default
758,0.0,0.0,0.0,0.0,0.0,0.0,0.0024639927716377,0.0006175348819607,0.0033760075934668,0.00084610737424,0.0,0.0,0.0,0.0,sx2841641b,PQ,1.0,1.0,1.0,104.0,1000000.0,0.9,1.05,s1s2,b,False,True,False,46.726,-119.1772,default
759,0.0,0.0,0.0,0.0,0.0,0.0,0.0,0.0,0.0,0.0,0.0,0.0,0.0,0.0,x2804272b,PQ,1.0,1.0,1.0,104.0,1000000.0,0.9,1.05,s1s2,b,False,False,False,46.7265,-119.1781,default
760,0.0,0.0,0.0,0.0,0.0,0.0,0.001327076258507,0.000332596701137,0.0045129240957057,0.0011310455331147,0.0,0.0,0.0,0.0,sx2804272b,PQ,1.0,1.0,1.0,104.0,1000000.0,0.9,1.05,s1s2,b,True,True,False,46.7265,-119.1784,default
761,0.0,0.0,0.0,0.0,0.0,0.0,0.0,0.0,0.0,0.0,0.0,0.0,0.0,0.0,m1069543,PQ,1.0,1.0,1.0,7199.557856794634,1000000.0,0.9,1.05,b,,False,False,False,46.7269413,-119.178347,default
762,0.0,0.0,0.0,0.0,0.0,0.0,0.0,0.0,0.0,0.0,0.0,0.0,0.0,0.0,m1069535,PQ,1.0,1.0,1.0,7199.557856794634,1000000.0,0.9,1.05,b,,False,False,False,46.726153,-119.1790155,default
763,0.0,0.0,0.0,0.0,0.0,0.0,0.0,0.0,0.0,0.0,0.0,0.0,0.0,0.0,l2804271,PQ,1.0,1.0,1.0,7199.557856794634,1000000.0,0.9,1.05,b,,False,False,False,46.72573554,-119.1773518,default
764,0.0,0.0,0.0,0.0,0.0,0.0,0.0,0.0,0.0,0.0,0.0,0.0,0.0,0.0,m1069530,PQ,1.0,1.0,1.0,7199.557856794634,1000000.0,0.9,1.05,b,,False,False,False,46.7251356,-119.1799047,default
765,0.0,0.0,0.0,0.0,0.0,0.0,0.0,0.0,0.0,0.0,0.0,0.0,0.0,0.0,m1069526,PQ,1.0,1.0,1.0,7199.557856794634,1000000.0,0.9,1.05,b,,False,False,False,46.7248271,-119.1801754,default
766,0.0,0.0,0.0,0.0,0.0,0.0,0.0,0.0,0.0,0.0,0.0,0.0,0.0,0.0,l2673331,PQ,1.0,1.0,1.0,7199.557856794634,1000000.0,0.9,1.05,b,,False,False,False,46.7243881,-119.1797778,default
767,0.0,0.0,0.0,0.0,0.0,0.0,0.0,0.0,0.0,0.0,0.0,0.0,0.0,0.0,x2673331b,PQ,1.0,1.0,1.0,104.0,1000000.0,0.9,1.05,s1s2,b,False,False,False,46.724,-119.1798,default
768,0.0,0.0,0.0,0.0,0.0,0.0,0.0022378087531957,0.0005608478017139,0.017212192544076,0.0043137826253362,0.0,0.0,0.0,0.0,sx2673331b,PQ,1.0,1.0,1.0,104.0,1000000.0,0.9,1.05,s1s2,b,True,True,False,46.7241,-119.1801,default
769,0.0,0.0,0.0,0.0,0.0,0.0,0.0,0.0,0.0,0.0,0.0,0.0,0.0,0.0,m1069551,PQ,1.0,1.0,1.0,7199.557856794634,1000000.0,0.9,1.05,b,,False,False,False,46.72810156,-119.1775241,default
770,0.0,0.0,0.0,0.0,0.0,0.0,0.0,0.0,0.0,0.0,0.0,0.0,0.0,0.0,m1069555,PQ,1.0,1.0,1.0,7199.557856794634,1000000.0,0.9,1.05,b,,False,False,False,46.72858654,-119.1782966,default
771,0.0,0.0,0.0,0.0,0.0,0.0,0.0,0.0,0.0,0.0,0.0,0.0,0.0,0.0,l3085410,PQ,1.0,1.0,1.0,7199.557856794634,1000000.0,0.9,1.05,b,,False,False,False,46.72918022,-119.1778717,default
772,0.0,0.0,0.0,0.0,0.0,0.0,0.0,0.0,0.0,0.0,0.0,0.0,0.0,0.0,l2860499,PQ,1.0,1.0,1.0,7199.557856794634,1000000.0,0.9,1.05,b,,False,False,False,46.73000498,-119.1787796,default
773,0.0,0.0,0.0,0.0,0.0,0.0,0.0,0.0,0.0,0.0,0.0,0.0,0.0,0.0,x2860499b,PQ,1.0,1.0,1.0,104.0,1000000.0,0.9,1.05,s1s2,b,False,False,False,46.7297,-119.1788,default
774,0.0,0.0,0.0,0.0,0.0,0.0,0.0098491025108356,0.0024684181001255,0.009600898784288,0.0024062123732831,0.0,0.0,0.0,0.0,sx2860499b,PQ,1.0,1.0,1.0,104.0,1000000.0,0.9,1.05,s1s2,b,False,True,False,46.7297,-119.1791,default
775,0.0,0.0,0.0,0.0,0.0,0.0,0.0,0.0,0.0,0.0,0.0,0.0,0.0,0.0,x3085410b,PQ,1.0,1.0,1.0,104.0,1000000.0,0.9,1.05,s1s2,b,False,False,False,46.7288,-119.1779,default
776,0.0,0.0,0.0,0.0,0.0,0.0,7.288123538618653e-05,1.826576149775012e-05,0.0057671191353073,0.0014453764820222,0.0,0.0,0.0,0.0,sx3085410b,PQ,1.0,1.0,1.0,104.0,1000000.0,0.9,1.05,s1s2,b,True,True,False,46.7289,-119.1782,default
777,0.0,0.0,0.0,0.0,0.0,0.0,0.0,0.0,0.0,0.0,0.0,0.0,0.0,0.0,m1069557,PQ,1.0,1.0,1.0,7199.557856794634,1000000.0,0.9,1.05,b,,False,False,False,46.72895396,-119.1789358,default
778,0.0,0.0,0.0,0.0,0.0,0.0,0.0,0.0,0.0,0.0,0.0,0.0,0.0,0.0,m1069554,PQ,1.0,1.0,1.0,7199.557856794634,1000000.0,0.9,1.05,b,,False,False,False,46.7281874,-119.1787932,default
779,0.0,0.0,0.0,0.0,0.0,0.0,0.0,0.0,0.0,0.0,0.0,0.0,0.0,0.0,l3160115,PQ,1.0,1.0,1.0,7199.557856794634,1000000.0,0.9,1.05,b,,False,False,False,46.72771684,-119.1787057,default
780,0.0,0.0,0.0,0.0,0.0,0.0,0.0,0.0,0.0,0.0,0.0,0.0,0.0,0.0,l2935567,PQ,1.0,1.0,1.0,7199.557856794634,1000000.0,0.9,1.05,b,,False,False,False,46.726759,-119.179466,default
781,0.0,0.0,0.0,0.0,0.0,0.0,0.0,0.0,0.0,0.0,0.0,0.0,0.0,0.0,x2935567b,PQ,1.0,1.0,1.0,104.0,1000000.0,0.9,1.05,s1s2,b,False,False,False,46.7264,-119.1795,default
782,0.0,0.0,0.0,0.0,0.0,0.0,0.0038858013544822,0.000973873752931,0.0019541990141147,0.00048976850528,0.0,0.0,0.0,0.0,sx2935567b,PQ,1.0,1.0,1.0,104.0,1000000.0,0.9,1.05,s1s2,b,False,True,False,46.7264,-119.1797,default
783,0.0,0.0,0.0,0.0,0.0,0.0,0.0,0.0,0.0,0.0,0.0,0.0,0.0,0.0,x3160115b,PQ,1.0,1.0,1.0,104.0,1000000.0,0.9,1.05,s1s2,b,False,False,False,46.7274,-119.1787,default
784,0.0,0.0,0.0,0.0,0.0,0.0,0.0163509119809003,0.0040979254193751,0.0030990894517163,0.0007767051274216,0.0,0.0,0.0,0.0,sx3160115b,PQ,1.0,1.0,1.0,104.0,1000000.0,0.9,1.05,s1s2,b,False,True,False,46.7274,-119.179,default
785,0.0,0.0,0.0,0.0,0.0,0.0,0.0,0.0,0.0,0.0,0.0,0.0,0.0,0.0,m1069558,PQ,1.0,1.0,1.0,7199.557856794634,1000000.0,0.9,1.05,b,,False,False,False,46.7295239,-119.1799345,default
786,0.0,0.0,0.0,0.0,0.0,0.0,0.0,0.0,0.0,0.0,0.0,0.0,0.0,0.0,l3254229,PQ,1.0,1.0,1.0,7199.557856794634,1000000.0,0.9,1.05,b,,False,False,False,46.72986458,-119.1804558,default
787,0.0,0.0,0.0,0.0,0.0,0.0,0.0,0.0,0.0,0.0,0.0,0.0,0.0,0.0,m1069565,PQ,1.0,1.0,1.0,7199.557856794634,1000000.0,0.9,1.05,b,,False,False,False,46.73023592,-119.1810736,default
788,0.0,0.0,0.0,0.0,0.0,0.0,0.0,0.0,0.0,0.0,0.0,0.0,0.0,0.0,l2785536,PQ,1.0,1.0,1.0,7199.557856794634,1000000.0,0.9,1.05,b,,False,False,False,46.7326225,-119.1797096,default
789,0.0,0.0,0.0,0.0,0.0,0.0,0.0,0.0,0.0,0.0,0.0,0.0,0.0,0.0,x2785536b,PQ,1.0,1.0,1.0,104.0,1000000.0,0.9,1.05,s1s2,b,False,False,False,46.7323,-119.1797,default
790,0.0,0.0,0.0,0.0,0.0,0.0,0.002872897881185,0.0007200161771324,0.0029671024849729,0.0007436260796963,0.0,0.0,0.0,0.0,sx2785536b,PQ,1.0,1.0,1.0,104.0,1000000.0,0.9,1.05,s1s2,b,False,True,False,46.7323,-119.18,default
791,0.0,0.0,0.0,0.0,0.0,0.0,0.0,0.0,0.0,0.0,0.0,0.0,0.0,0.0,l2989596,PQ,1.0,1.0,1.0,7199.557856794634,1000000.0,0.9,1.05,b,,False,False,False,46.7288323,-119.1816039,default
792,0.0,0.0,0.0,0.0,0.0,0.0,0.0,0.0,0.0,0.0,0.0,0.0,0.0,0.0,l2822873,PQ,1.0,1.0,1.0,7199.557856794634,1000000.0,0.9,1.05,b,,False,False,False,46.72903886,-119.1831017,default
793,0.0,0.0,0.0,0.0,0.0,0.0,0.0,0.0,0.0,0.0,0.0,0.0,0.0,0.0,x2822873b,PQ,1.0,1.0,1.0,104.0,1000000.0,0.9,1.05,s1s2,b,False,False,False,46.7287,-119.1831,default
794,0.0,0.0,0.0,0.0,0.0,0.0,0.0030771627360121,0.0007712097844233,0.0008128375102499,0.0002037163100891,0.0,0.0,0.0,0.0,sx2822873b,PQ,1.0,1.0,1.0,104.0,1000000.0,0.9,1.05,s1s2,b,False,True,False,46.7287,-119.1834,default
795,0.0,0.0,0.0,0.0,0.0,0.0,0.0,0.0,0.0,0.0,0.0,0.0,0.0,0.0,l3178988,PQ,1.0,1.0,1.0,7199.557856794634,1000000.0,0.9,1.05,b,,False,False,False,46.73027246,-119.1813784,default
796,0.0,0.0,0.0,0.0,0.0,0.0,0.0,0.0,0.0,0.0,0.0,0.0,0.0,0.0,x3178988b,PQ,1.0,1.0,1.0,104.0,1000000.0,0.9,1.05,s1s2,b,False,False,False,46.7299,-119.1814,default
797,0.0,0.0,0.0,0.0,0.0,0.0,0.0009440749268669,0.0002366075115468,0.0029459253183549,0.0007383185823689,0.0,0.0,0.0,0.0,sx3178988b,PQ,1.0,1.0,1.0,104.0,1000000.0,0.9,1.05,s1s2,b,False,True,False,46.73,-119.1817,default
798,0.0,0.0,0.0,0.0,0.0,0.0,0.0,0.0,0.0,0.0,0.0,0.0,0.0,0.0,m1069572,PQ,1.0,1.0,1.0,7199.557856794634,1000000.0,0.9,1.05,b,,False,False,False,46.73116866,-119.181903,default
799,0.0,0.0,0.0,0.0,0.0,0.0,0.0,0.0,0.0,0.0,0.0,0.0,0.0,0.0,l3066826,PQ,1.0,1.0,1.0,7199.557856794634,1000000.0,0.9,1.05,b,,False,False,False,46.73238132,-119.1820816,default
800,0.0,0.0,0.0,0.0,0.0,0.0,0.0,0.0,0.0,0.0,0.0,0.0,0.0,0.0,x3066826b,PQ,1.0,1.0,1.0,104.0,1000000.0,0.9,1.05,s1s2,b,False,False,False,46.732,-119.1821,default
801,0.0,0.0,0.0,0.0,0.0,0.0,0.009033372773402,0.002263976936807,0.0055566281882341,0.0013926224801075,0.0,0.0,0.0,0.0,sx3066826b,PQ,1.0,1.0,1.0,104.0,1000000.0,0.9,1.05,s1s2,b,False,True,False,46.7321,-119.1824,default
802,0.0,0.0,0.0,0.0,0.0,0.0,0.0,0.0,0.0,0.0,0.0,0.0,0.0,0.0,m1069574,PQ,1.0,1.0,1.0,7199.557856794634,1000000.0,0.9,1.05,b,,False,False,False,46.73132412,-119.1825555,default
803,0.0,0.0,0.0,0.0,0.0,0.0,0.0,0.0,0.0,0.0,0.0,0.0,0.0,0.0,l2710530,PQ,1.0,1.0,1.0,7199.557856794634,1000000.0,0.9,1.05,b,,False,False,False,46.73077396,-119.1831087,default
804,0.0,0.0,0.0,0.0,0.0,0.0,0.0,0.0,0.0,0.0,0.0,0.0,0.0,0.0,x2710530b,PQ,1.0,1.0,1.0,104.0,1000000.0,0.9,1.05,s1s2,b,False,False,False,46.7304,-119.1831,default
805,0.0,0.0,0.0,0.0,0.0,0.0,0.0054507808792413,0.0013660946519938,0.0003892195073542,9.75476164503649e-05,0.0,0.0,0.0,0.0,sx2710530b,PQ,1.0,1.0,1.0,104.0,1000000.0,0.9,1.05,s1s2,b,False,True,False,46.7305,-119.1834,default
806,0.0,0.0,0.0,0.0,0.0,0.0,0.0,0.0,0.0,0.0,0.0,0.0,0.0,0.0,x3254229b,PQ,1.0,1.0,1.0,104.0,1000000.0,0.9,1.05,s1s2,b,False,False,False,46.7295,-119.1805,default
807,0.0,0.0,0.0,0.0,0.0,0.0,0.0082608045618324,0.0020703530721354,0.0014691960927329,0.0003682152976219,0.0,0.0,0.0,0.0,sx3254229b,PQ,1.0,1.0,1.0,104.0,1000000.0,0.9,1.05,s1s2,b,False,True,False,46.7295,-119.1807,default
808,0.0,0.0,0.0,0.0,0.0,0.0,0.0,0.0,0.0,0.0,0.0,0.0,0.0,0.0,m1069560,PQ,1.0,1.0,1.0,7199.557856794634,1000000.0,0.9,1.05,b,,False,False,False,46.72959064,-119.176443,default
809,0.0,0.0,0.0,0.0,0.0,0.0,0.0,0.0,0.0,0.0,0.0,0.0,0.0,0.0,l3176660,PQ,1.0,1.0,1.0,7199.557856794634,1000000.0,0.9,1.05,b,,False,False,False,46.72910848,-119.1752091,default
810,0.0,0.0,0.0,0.0,0.0,0.0,0.0,0.0,0.0,0.0,0.0,0.0,0.0,0.0,x3176660b,PQ,1.0,1.0,1.0,104.0,1000000.0,0.9,1.05,s1s2,b,False,False,False,46.7288,-119.1752,default
811,0.0,0.0,0.0,0.0,0.0,0.0,0.0035510281734862,0.0008899716732542,0.002288972195549,0.0005736705851675,0.0,0.0,0.0,0.0,sx3176660b,PQ,1.0,1.0,1.0,104.0,1000000.0,0.9,1.05,s1s2,b,False,True,False,46.7288,-119.1755,default
812,0.0,0.0,0.0,0.0,0.0,0.0,0.0,0.0,0.0,0.0,0.0,0.0,0.0,0.0,m1069567,PQ,1.0,1.0,1.0,7199.557856794634,1000000.0,0.9,1.05,b,,False,False,False,46.73059106,-119.1757304,default
813,0.0,0.0,0.0,0.0,0.0,0.0,0.0,0.0,0.0,0.0,0.0,0.0,0.0,0.0,l2691966,PQ,1.0,1.0,1.0,7199.557856794634,1000000.0,0.9,1.05,b,,False,False,False,46.73136094,-119.1767906,default
814,0.0,0.0,0.0,0.0,0.0,0.0,0.0,0.0,0.0,0.0,0.0,0.0,0.0,0.0,x2691966b,PQ,1.0,1.0,1.0,104.0,1000000.0,0.9,1.05,s1s2,b,False,False,False,46.731,-119.1768,default
815,0.0,0.0,0.0,0.0,0.0,0.0,0.0144756195147778,0.0036279327475756,0.0049743818681003,0.0012466977724167,0.0,0.0,0.0,0.0,sx2691966b,PQ,1.0,1.0,1.0,104.0,1000000.0,0.9,1.05,s1s2,b,False,True,False,46.731,-119.1771,default
816,0.0,0.0,0.0,0.0,0.0,0.0,0.0,0.0,0.0,0.0,0.0,0.0,0.0,0.0,m1069582,PQ,1.0,1.0,1.0,7199.557856794634,1000000.0,0.9,1.05,b,,False,False,False,46.73248386,-119.1744202,default
817,0.0,0.0,0.0,0.0,0.0,0.0,0.0,0.0,0.0,0.0,0.0,0.0,0.0,0.0,d6231996-1_int,PQ,1.0,1.0,1.0,7199.557856794634,1000000.0,0.9,1.05,b,,False,False,False,46.73255446,-119.1746766,default
818,0.0,0.0,0.0,0.0,0.0,0.0,0.0,0.0,0.0,0.0,0.0,0.0,0.0,0.0,e206614,PQ,1.0,1.0,1.0,7199.557856794634,1000000.0,0.9,1.05,b,,False,False,False,46.73262982,-119.1747797,default
819,0.0,0.0,0.0,0.0,0.0,0.0,0.0,0.0,0.0,0.0,0.0,0.0,0.0,0.0,l3082983,PQ,1.0,1.0,1.0,7199.557856794634,1000000.0,0.9,1.05,b,,False,False,False,46.7329045,-119.1750038,default
820,0.0,0.0,0.0,0.0,0.0,0.0,0.0,0.0,0.0,0.0,0.0,0.0,0.0,0.0,m1069588,PQ,1.0,1.0,1.0,7199.557856794634,1000000.0,0.9,1.05,b,,False,False,False,46.73317754,-119.1752266,default
821,0.0,0.0,0.0,0.0,0.0,0.0,0.0,0.0,0.0,0.0,0.0,0.0,0.0,0.0,l2804270,PQ,1.0,1.0,1.0,7199.557856794634,1000000.0,0.9,1.05,b,,False,False,False,46.73308676,-119.1753897,default
822,0.0,0.0,0.0,0.0,0.0,0.0,0.0,0.0,0.0,0.0,0.0,0.0,0.0,0.0,l3104145,PQ,1.0,1.0,1.0,7199.557856794634,1000000.0,0.9,1.05,b,,False,False,False,46.73241338,-119.1766814,default
823,0.0,0.0,0.0,0.0,0.0,0.0,0.0,0.0,0.0,0.0,0.0,0.0,0.0,0.0,x3104145b,PQ,1.0,1.0,1.0,104.0,1000000.0,0.9,1.05,s1s2,b,False,False,False,46.7321,-119.1767,default
824,0.0,0.0,0.0,0.0,0.0,0.0,0.0019702251337066,0.0004937850309323,0.0038697752444127,0.0009698572324529,0.0,0.0,0.0,0.0,sx3104145b,PQ,1.0,1.0,1.0,104.0,1000000.0,0.9,1.05,s1s2,b,False,True,False,46.7321,-119.177,default
825,0.0,0.0,0.0,0.0,0.0,0.0,0.0,0.0,0.0,0.0,0.0,0.0,0.0,0.0,x2804270b,PQ,1.0,1.0,1.0,104.0,1000000.0,0.9,1.05,s1s2,b,False,False,False,46.7327,-119.1754,default
826,0.0,0.0,0.0,0.0,0.0,0.0,0.0056113233123777,0.0014063303872507,0.0002286770863308,5.731188781308804e-05,0.0,0.0,0.0,0.0,sx2804270b,PQ,1.0,1.0,1.0,104.0,1000000.0,0.9,1.05,s1s2,b,False,True,False,46.7328,-119.1757,default
827,0.0,0.0,0.0,0.0,0.0,0.0,0.0,0.0,0.0,0.0,0.0,0.0,0.0,0.0,m1069590,PQ,1.0,1.0,1.0,7199.557856794634,1000000.0,0.9,1.05,b,,False,False,False,46.73422862,-119.176638,default
828,0.0,0.0,0.0,0.0,0.0,0.0,0.0,0.0,0.0,0.0,0.0,0.0,0.0,0.0,l2801902,PQ,1.0,1.0,1.0,7199.557856794634,1000000.0,0.9,1.05,b,,False,False,False,46.73433256,-119.1765265,default
829,0.0,0.0,0.0,0.0,0.0,0.0,0.0,0.0,0.0,0.0,0.0,0.0,0.0,0.0,x2801902b,PQ,1.0,1.0,1.0,104.0,1000000.0,0.9,1.05,s1s2,b,False,False,False,46.734,-119.1765,default
830,0.0,0.0,0.0,0.0,0.0,0.0,0.0091335709025818,0.0022890889640277,0.0054564300888726,0.0013675104685817,0.0,0.0,0.0,0.0,sx2801902b,PQ,1.0,1.0,1.0,104.0,1000000.0,0.9,1.05,s1s2,b,False,True,False,46.734,-119.1768,default
831,0.0,0.0,0.0,0.0,0.0,0.0,0.0,0.0,0.0,0.0,0.0,0.0,0.0,0.0,l3122835,PQ,1.0,1.0,1.0,7199.557856794634,1000000.0,0.9,1.05,b,,False,False,False,46.73410218,-119.1784865,default
832,0.0,0.0,0.0,0.0,0.0,0.0,0.0,0.0,0.0,0.0,0.0,0.0,0.0,0.0,x3122835b,PQ,1.0,1.0,1.0,104.0,1000000.0,0.9,1.05,s1s2,b,False,False,False,46.7338,-119.1785,default
833,0.0,0.0,0.0,0.0,0.0,0.0,0.0004961642473072,0.0001243504985926,0.0053438361492492,0.0013392917751956,0.0,0.0,0.0,0.0,sx3122835b,PQ,1.0,1.0,1.0,104.0,1000000.0,0.9,1.05,s1s2,b,False,True,False,46.7338,-119.1788,default
834,0.0,0.0,0.0,0.0,0.0,0.0,0.0,0.0,0.0,0.0,0.0,0.0,0.0,0.0,m1069595,PQ,1.0,1.0,1.0,7199.557856794634,1000000.0,0.9,1.05,b,,False,False,False,46.73555618,-119.1783239,default
835,0.0,0.0,0.0,0.0,0.0,0.0,0.0,0.0,0.0,0.0,0.0,0.0,0.0,0.0,l2916619,PQ,1.0,1.0,1.0,7199.557856794634,1000000.0,0.9,1.05,b,,False,False,False,46.7362456,-119.1785539,default
836,0.0,0.0,0.0,0.0,0.0,0.0,0.0,0.0,0.0,0.0,0.0,0.0,0.0,0.0,l2727008,PQ,1.0,1.0,1.0,7199.557856794634,1000000.0,0.9,1.05,b,,False,False,False,46.737201,-119.1797292,default
837,0.0,0.0,0.0,0.0,0.0,0.0,0.0,0.0,0.0,0.0,0.0,0.0,0.0,0.0,m1069629,PQ,1.0,1.0,1.0,7199.557856794634,1000000.0,0.9,1.05,b,,False,False,False,46.7395509,-119.1812617,default
838,0.0,0.0,0.0,0.0,0.0,0.0,0.0,0.0,0.0,0.0,0.0,0.0,0.0,0.0,m1069632,PQ,1.0,1.0,1.0,7199.557856794634,1000000.0,0.9,1.05,b,,False,False,False,46.74058004,-119.1824011,default
839,0.0,0.0,0.0,0.0,0.0,0.0,0.0,0.0,0.0,0.0,0.0,0.0,0.0,0.0,l2726974,PQ,1.0,1.0,1.0,7199.557856794634,1000000.0,0.9,1.05,b,,False,False,False,46.7411027,-119.1823006,default
840,0.0,0.0,0.0,0.0,0.0,0.0,0.0,0.0,0.0,0.0,0.0,0.0,0.0,0.0,l2916618,PQ,1.0,1.0,1.0,7199.557856794634,1000000.0,0.9,1.05,b,,False,False,False,46.7417862,-119.1835897,default
841,0.0,0.0,0.0,0.0,0.0,0.0,0.0,0.0,0.0,0.0,0.0,0.0,0.0,0.0,x2916618b,PQ,1.0,1.0,1.0,104.0,1000000.0,0.9,1.05,s1s2,b,False,False,False,46.7414,-119.1836,default
842,0.0,0.0,0.0,0.0,0.0,0.0,0.0063268915572595,0.0015856687104421,0.0082631094473219,0.0020709307287751,0.0,0.0,0.0,0.0,sx2916618b,PQ,1.0,1.0,1.0,104.0,1000000.0,0.9,1.05,s1s2,b,False,True,False,46.7415,-119.1839,default
843,0.0,0.0,0.0,0.0,0.0,0.0,0.0,0.0,0.0,0.0,0.0,0.0,0.0,0.0,x2726974b,PQ,1.0,1.0,1.0,104.0,1000000.0,0.9,1.05,s1s2,b,False,False,False,46.7408,-119.1823,default
844,0.0,0.0,0.0,0.0,0.0,0.0,0.000120392490795,3.0173206367161743e-05,0.0096096082325826,0.0024083952008026,0.0,0.0,0.0,0.0,sx2726974b,PQ,1.0,1.0,1.0,104.0,1000000.0,0.9,1.05,s1s2,b,False,True,False,46.7408,-119.1826,default
845,0.0,0.0,0.0,0.0,0.0,0.0,0.0,0.0,0.0,0.0,0.0,0.0,0.0,0.0,l2954361,PQ,1.0,1.0,1.0,7199.557856794634,1000000.0,0.9,1.05,b,,False,False,False,46.73949226,-119.1829968,default
846,0.0,0.0,0.0,0.0,0.0,0.0,0.0,0.0,0.0,0.0,0.0,0.0,0.0,0.0,m1069627,PQ,1.0,1.0,1.0,7199.557856794634,1000000.0,0.9,1.05,b,,False,False,False,46.73874152,-119.1832247,default
847,0.0,0.0,0.0,0.0,0.0,0.0,0.0,0.0,0.0,0.0,0.0,0.0,0.0,0.0,l2897791,PQ,1.0,1.0,1.0,7199.557856794634,1000000.0,0.9,1.05,b,,False,False,False,46.7370816,-119.1820092,default
848,0.0,0.0,0.0,0.0,0.0,0.0,0.0,0.0,0.0,0.0,0.0,0.0,0.0,0.0,m1069613,PQ,1.0,1.0,1.0,7199.557856794634,1000000.0,0.9,1.05,b,,False,False,False,46.73704108,-119.1820188,default
849,0.0,0.0,0.0,0.0,0.0,0.0,0.0,0.0,0.0,0.0,0.0,0.0,0.0,0.0,m1069597,PQ,1.0,1.0,1.0,7199.557856794634,1000000.0,0.9,1.05,b,,False,False,False,46.73565694,-119.1823586,default
850,0.0,0.0,0.0,0.0,0.0,0.0,0.0,0.0,0.0,0.0,0.0,0.0,0.0,0.0,l2785535,PQ,1.0,1.0,1.0,7199.557856794634,1000000.0,0.9,1.05,b,,False,False,False,46.73517148,-119.1823378,default
851,0.0,0.0,0.0,0.0,0.0,0.0,0.0,0.0,0.0,0.0,0.0,0.0,0.0,0.0,x2785535b,PQ,1.0,1.0,1.0,104.0,1000000.0,0.9,1.05,s1s2,b,False,False,False,46.7348,-119.1823,default
852,0.0,0.0,0.0,0.0,0.0,0.0,9.504814894382414e-05,2.3821314632755025e-05,0.0144949530216742,0.0036327782149063,0.0,0.0,0.0,0.0,sx2785535b,PQ,1.0,1.0,1.0,104.0,1000000.0,0.9,1.05,s1s2,b,False,True,False,46.7349,-119.1826,default
853,0.0,0.0,0.0,0.0,0.0,0.0,0.0,0.0,0.0,0.0,0.0,0.0,0.0,0.0,l3197653,PQ,1.0,1.0,1.0,7199.557856794634,1000000.0,0.9,1.05,b,,False,False,False,46.73543244,-119.1840796,default
854,0.0,0.0,0.0,0.0,0.0,0.0,0.0,0.0,0.0,0.0,0.0,0.0,0.0,0.0,x3197653b,PQ,1.0,1.0,1.0,104.0,1000000.0,0.9,1.05,s1s2,b,False,False,False,46.7351,-119.1841,default
855,0.0,0.0,0.0,0.0,0.0,0.0,0.0053533522713429,0.0013416767371038,0.0043766483855533,0.0010968916331073,0.0,0.0,0.0,0.0,sx3197653b,PQ,1.0,1.0,1.0,104.0,1000000.0,0.9,1.05,s1s2,b,False,True,False,46.7351,-119.1844,default
856,0.0,0.0,0.0,0.0,0.0,0.0,0.0,0.0,0.0,0.0,0.0,0.0,0.0,0.0,x2897791b,PQ,1.0,1.0,1.0,104.0,1000000.0,0.9,1.05,s1s2,b,False,False,False,46.7367,-119.182,default
857,0.0,0.0,0.0,0.0,0.0,0.0,0.0141910079896176,0.0035566023952126,0.0003989931661951,9.999712626791706e-05,0.0,0.0,0.0,0.0,sx2897791b,PQ,1.0,1.0,1.0,104.0,1000000.0,0.9,1.05,s1s2,b,False,True,False,46.7368,-119.1823,default
858,0.0,0.0,0.0,0.0,0.0,0.0,0.0,0.0,0.0,0.0,0.0,0.0,0.0,0.0,l3254228,PQ,1.0,1.0,1.0,7199.557856794634,1000000.0,0.9,1.05,b,,False,False,False,46.73815526,-119.1837046,default
859,0.0,0.0,0.0,0.0,0.0,0.0,0.0,0.0,0.0,0.0,0.0,0.0,0.0,0.0,x3254228b,PQ,1.0,1.0,1.0,104.0,1000000.0,0.9,1.05,s1s2,b,False,False,False,46.7378,-119.1837,default
860,0.0,0.0,0.0,0.0,0.0,0.0,0.0054574225590868,0.0013677592134117,0.0042725780964478,0.0010708091560225,0.0,0.0,0.0,0.0,sx3254228b,PQ,1.0,1.0,1.0,104.0,1000000.0,0.9,1.05,s1s2,b,False,True,False,46.7378,-119.184,default
861,0.0,0.0,0.0,0.0,0.0,0.0,0.0,0.0,0.0,0.0,0.0,0.0,0.0,0.0,x2954361b,PQ,1.0,1.0,1.0,104.0,1000000.0,0.9,1.05,s1s2,b,False,False,False,46.7391,-119.183,default
862,0.0,0.0,0.0,0.0,0.0,0.0,0.0020259407604864,0.0005077486845205,0.0077040599184375,0.0019308196979329,0.0,0.0,0.0,0.0,sx2954361b,PQ,1.0,1.0,1.0,104.0,1000000.0,0.9,1.05,s1s2,b,False,True,False,46.7392,-119.1833,default
863,0.0,0.0,0.0,0.0,0.0,0.0,0.0,0.0,0.0,0.0,0.0,0.0,0.0,0.0,m1069640,PQ,1.0,1.0,1.0,7199.557856794634,1000000.0,0.9,1.05,b,,False,False,False,46.7414389,-119.1803257,default
864,0.0,0.0,0.0,0.0,0.0,0.0,0.0,0.0,0.0,0.0,0.0,0.0,0.0,0.0,l2804269,PQ,1.0,1.0,1.0,7199.557856794634,1000000.0,0.9,1.05,b,,False,False,False,46.74256596,-119.1799609,default
865,0.0,0.0,0.0,0.0,0.0,0.0,0.0,0.0,0.0,0.0,0.0,0.0,0.0,0.0,l2989564,PQ,1.0,1.0,1.0,7199.557856794634,1000000.0,0.9,1.05,b,,False,False,False,46.74322522,-119.1806724,default
866,0.0,0.0,0.0,0.0,0.0,0.0,0.0,0.0,0.0,0.0,0.0,0.0,0.0,0.0,l2897789,PQ,1.0,1.0,1.0,7199.557856794634,1000000.0,0.9,1.05,b,,False,False,False,46.74464142,-119.1801026,default
867,0.0,0.0,0.0,0.0,0.0,0.0,0.0,0.0,0.0,0.0,0.0,0.0,0.0,0.0,m1069662,PQ,1.0,1.0,1.0,7199.557856794634,1000000.0,0.9,1.05,b,,False,False,False,46.74545316,-119.179713,default
868,0.0,0.0,0.0,0.0,0.0,0.0,0.0,0.0,0.0,0.0,0.0,0.0,0.0,0.0,l2935547,PQ,1.0,1.0,1.0,7199.557856794634,1000000.0,0.9,1.05,b,,False,False,False,46.74609892,-119.1804195,default
869,0.0,0.0,0.0,0.0,0.0,0.0,0.0,0.0,0.0,0.0,0.0,0.0,0.0,0.0,x2935547b,PQ,1.0,1.0,1.0,104.0,1000000.0,0.9,1.05,s1s2,b,False,False,False,46.7457,-119.1804,default
870,0.0,0.0,0.0,0.0,0.0,0.0,0.0049732903396253,0.0012464242289222,0.0008667100592614,0.0002172180458247,0.0,0.0,0.0,0.0,sx2935547b,PQ,1.0,1.0,1.0,104.0,1000000.0,0.9,1.05,s1s2,b,False,True,False,46.7458,-119.1807,default
871,0.0,0.0,0.0,0.0,0.0,0.0,0.0,0.0,0.0,0.0,0.0,0.0,0.0,0.0,x2897789b,PQ,1.0,1.0,1.0,104.0,1000000.0,0.9,1.05,s1s2,b,False,False,False,46.7443,-119.1801,default
872,0.0,0.0,0.0,0.0,0.0,0.0,0.004327662691067,0.0010846146459438,0.001512337681246,0.0003790275971347,0.0,0.0,0.0,0.0,sx2897789b,PQ,1.0,1.0,1.0,104.0,1000000.0,0.9,1.05,s1s2,b,True,True,False,46.7443,-119.1804,default
873,0.0,0.0,0.0,0.0,0.0,0.0,0.0,0.0,0.0,0.0,0.0,0.0,0.0,0.0,x2989564b,PQ,1.0,1.0,1.0,104.0,1000000.0,0.9,1.05,s1s2,b,False,False,False,46.7429,-119.1807,default
874,0.0,0.0,0.0,0.0,0.0,0.0,0.0024608418590082,0.0006167451911249,0.0033791585264026,0.000846897075976,0.0,0.0,0.0,0.0,sx2989564b,PQ,1.0,1.0,1.0,104.0,1000000.0,0.9,1.05,s1s2,b,False,True,False,46.7429,-119.181,default
875,0.0,0.0,0.0,0.0,0.0,0.0,0.0,0.0,0.0,0.0,0.0,0.0,0.0,0.0,x2804269b,PQ,1.0,1.0,1.0,104.0,1000000.0,0.9,1.05,s1s2,b,False,False,False,46.7422,-119.18,default
876,0.0,0.0,0.0,0.0,0.0,0.0,0.0062684883216833,0.0015710314847139,0.0034615123366777,0.0008675368861602,0.0,0.0,0.0,0.0,sx2804269b,PQ,1.0,1.0,1.0,104.0,1000000.0,0.9,1.05,s1s2,b,False,True,False,46.7423,-119.1802,default
877,0.0,0.0,0.0,0.0,0.0,0.0,0.0,0.0,0.0,0.0,0.0,0.0,0.0,0.0,l3160113,PQ,1.0,1.0,1.0,7199.557856794634,1000000.0,0.9,1.05,b,,False,False,False,46.74080658,-119.1789021,default
878,0.0,0.0,0.0,0.0,0.0,0.0,0.0,0.0,0.0,0.0,0.0,0.0,0.0,0.0,x3160113b,PQ,1.0,1.0,1.0,104.0,1000000.0,0.9,1.05,s1s2,b,False,False,False,46.7405,-119.1789,default
879,0.0,0.0,0.0,0.0,0.0,0.0,0.0014520979107457,0.0003639300844433,0.0082779027312272,0.0020746382506898,0.0,0.0,0.0,0.0,sx3160113b,PQ,1.0,1.0,1.0,104.0,1000000.0,0.9,1.05,s1s2,b,True,True,False,46.7405,-119.1792,default
880,0.0,0.0,0.0,0.0,0.0,0.0,0.0,0.0,0.0,0.0,0.0,0.0,0.0,0.0,x2916619b,PQ,1.0,1.0,1.0,104.0,1000000.0,0.9,1.05,s1s2,b,False,False,False,46.7359,-119.1786,default
881,0.0,0.0,0.0,0.0,0.0,0.0,0.0031786911804283,0.0007966552123063,0.0065513094732607,0.0016419131563487,0.0,0.0,0.0,0.0,sx2916619b,PQ,1.0,1.0,1.0,104.0,1000000.0,0.9,1.05,s1s2,b,False,True,False,46.7359,-119.1788,default
882,0.0,0.0,0.0,0.0,0.0,0.0,0.0,0.0,0.0,0.0,0.0,0.0,0.0,0.0,m1069607,PQ,1.0,1.0,1.0,7199.557856794634,1000000.0,0.9,1.05,b,,False,False,False,46.7368496,-119.1766015,default
883,0.0,0.0,0.0,0.0,0.0,0.0,0.0,0.0,0.0,0.0,0.0,0.0,0.0,0.0,l2916617,PQ,1.0,1.0,1.0,7199.557856794634,1000000.0,0.9,1.05,b,,False,False,False,46.73649702,-119.1771053,default
884,0.0,0.0,0.0,0.0,0.0,0.0,0.0,0.0,0.0,0.0,0.0,0.0,0.0,0.0,x2916617b,PQ,1.0,1.0,1.0,104.0,1000000.0,0.9,1.05,s1s2,b,False,False,False,46.7361,-119.1771,default
885,0.0,0.0,0.0,0.0,0.0,0.0,0.0095959265464242,0.0024049662439732,0.0001340741673172,3.360215814898537e-05,0.0,0.0,0.0,0.0,sx2916617b,PQ,1.0,1.0,1.0,104.0,1000000.0,0.9,1.05,s1s2,b,False,True,False,46.7362,-119.1774,default
886,0.0,0.0,0.0,0.0,0.0,0.0,0.0,0.0,0.0,0.0,0.0,0.0,0.0,0.0,m1069619,PQ,1.0,1.0,1.0,7199.557856794634,1000000.0,0.9,1.05,b,,False,False,False,46.73722826,-119.1762699,default
887,0.0,0.0,0.0,0.0,0.0,0.0,0.0,0.0,0.0,0.0,0.0,0.0,0.0,0.0,m1069620,PQ,1.0,1.0,1.0,7199.557856794634,1000000.0,0.9,1.05,b,,False,False,False,46.73725918,-119.1762428,default
888,0.0,0.0,0.0,0.0,0.0,0.0,0.0,0.0,0.0,0.0,0.0,0.0,0.0,0.0,m1069610,PQ,1.0,1.0,1.0,7199.557856794634,1000000.0,0.9,1.05,b,,False,False,False,46.73698316,-119.17616,default
889,0.0,0.0,0.0,0.0,0.0,0.0,0.0,0.0,0.0,0.0,0.0,0.0,0.0,0.0,l2991929,PQ,1.0,1.0,1.0,7199.557856794634,1000000.0,0.9,1.05,b,,False,False,False,46.73718252,-119.1754125,default
890,0.0,0.0,0.0,0.0,0.0,0.0,0.0,0.0,0.0,0.0,0.0,0.0,0.0,0.0,x2991929b,PQ,1.0,1.0,1.0,104.0,1000000.0,0.9,1.05,s1s2,b,False,False,False,46.7368,-119.1754,default
891,0.0,0.0,0.0,0.0,0.0,0.0,0.0035724904450764,0.0008953506252247,0.0061575102048876,0.001543217741421,0.0,0.0,0.0,0.0,sx2991929b,PQ,1.0,1.0,1.0,104.0,1000000.0,0.9,1.05,s1s2,b,False,True,False,46.7369,-119.1757,default
892,0.0,0.0,0.0,0.0,0.0,0.0,0.0,0.0,0.0,0.0,0.0,0.0,0.0,0.0,m1069600,PQ,1.0,1.0,1.0,7199.557856794634,1000000.0,0.9,1.05,b,,False,False,False,46.73643056,-119.1753527,default
893,0.0,0.0,0.0,0.0,0.0,0.0,0.0,0.0,0.0,0.0,0.0,0.0,0.0,0.0,l3102793,PQ,1.0,1.0,1.0,7199.557856794634,1000000.0,0.9,1.05,b,,False,False,False,46.73705194,-119.1746974,default
894,0.0,0.0,0.0,0.0,0.0,0.0,0.0,0.0,0.0,0.0,0.0,0.0,0.0,0.0,x3102793b,PQ,1.0,1.0,1.0,104.0,1000000.0,0.9,1.05,s1s2,b,False,False,False,46.7367,-119.1747,default
895,0.0,0.0,0.0,0.0,0.0,0.0,0.0015090156849867,0.0003781950304913,0.0082209849946113,0.0020603733526754,0.0,0.0,0.0,0.0,sx3102793b,PQ,1.0,1.0,1.0,104.0,1000000.0,0.9,1.05,s1s2,b,False,True,False,46.7367,-119.175,default
896,0.0,0.0,0.0,0.0,0.0,0.0,0.0,0.0,0.0,0.0,0.0,0.0,0.0,0.0,x3082983b,PQ,1.0,1.0,1.0,104.0,1000000.0,0.9,1.05,s1s2,b,False,False,False,46.7326,-119.175,default
897,0.0,0.0,0.0,0.0,0.0,0.0,0.0086661872522632,0.0021719515714134,0.0010638134268872,0.0002666168117008,0.0,0.0,0.0,0.0,sx3082983b,PQ,1.0,1.0,1.0,104.0,1000000.0,0.9,1.05,s1s2,b,False,True,False,46.7326,-119.1753,default
898,0.0,0.0,0.0,0.0,0.0,0.0,0.0,0.0,0.0,0.0,0.0,0.0,0.0,0.0,l2933165,PQ,1.0,1.0,1.0,7199.557856794634,1000000.0,0.9,1.05,b,,False,False,False,46.73325542,-119.1738614,default
899,0.0,0.0,0.0,0.0,0.0,0.0,0.0,0.0,0.0,0.0,0.0,0.0,0.0,0.0,l3235273,PQ,1.0,1.0,1.0,7199.557856794634,1000000.0,0.9,1.05,b,,False,False,False,46.73489988,-119.1735388,default
900,0.0,0.0,0.0,0.0,0.0,0.0,0.0,0.0,0.0,0.0,0.0,0.0,0.0,0.0,x3235273b,PQ,1.0,1.0,1.0,104.0,1000000.0,0.9,1.05,s1s2,b,False,False,False,46.7345,-119.1735,default
901,0.0,0.0,0.0,0.0,0.0,0.0,0.0079972819404984,0.0020043080707247,0.0017327187230403,0.0004342603037385,0.0,0.0,0.0,0.0,sx3235273b,PQ,1.0,1.0,1.0,104.0,1000000.0,0.9,1.05,s1s2,b,False,True,False,46.7346,-119.1738,default
902,0.0,0.0,0.0,0.0,0.0,0.0,0.0,0.0,0.0,0.0,0.0,0.0,0.0,0.0,l2973171,PQ,1.0,1.0,1.0,7199.557856794634,1000000.0,0.9,1.05,b,,False,False,False,46.73248564,-119.1748695,default
903,0.0,0.0,0.0,0.0,0.0,0.0,0.0,0.0,0.0,0.0,0.0,0.0,0.0,0.0,x2973171b,PQ,1.0,1.0,1.0,104.0,1000000.0,0.9,1.05,s1s2,b,False,False,False,46.7321,-119.1749,default
904,0.0,0.0,0.0,0.0,0.0,0.0,0.0051817794733775,0.0012986765307906,0.004548221160484,0.0011398918271375,0.0,0.0,0.0,0.0,sx2973171b,PQ,1.0,1.0,1.0,104.0,1000000.0,0.9,1.05,s1s2,b,False,True,False,46.7322,-119.1751,default
905,0.0,0.0,0.0,0.0,0.0,0.0,0.0,0.0,0.0,0.0,0.0,0.0,0.0,0.0,x3254227b,PQ,1.0,1.0,1.0,104.0,1000000.0,0.9,1.05,s1s2,b,False,False,False,46.7275,-119.1767,default
906,0.0,0.0,0.0,0.0,0.0,0.0,0.0011314296908942,0.00028356304775,0.0027585705507755,0.0006913630442141,0.0,0.0,0.0,0.0,sx3254227b,PQ,1.0,1.0,1.0,104.0,1000000.0,0.9,1.05,s1s2,b,False,True,False,46.7275,-119.177,default
907,0.0,0.0,0.0,0.0,0.0,0.0,0.0,0.0,0.0,0.0,0.0,0.0,0.0,0.0,x2783231b,PQ,1.0,1.0,1.0,104.0,1000000.0,0.9,1.05,s1s2,b,False,False,False,46.7264,-119.1744,default
908,0.0,0.0,0.0,0.0,0.0,0.0,0.009693250776463,0.0024293579871283,3.674989609065267e-05,9.210393321048137e-06,0.0,0.0,0.0,0.0,sx2783231b,PQ,1.0,1.0,1.0,104.0,1000000.0,0.9,1.05,s1s2,b,False,True,False,46.7265,-119.1747,default
909,0.0,0.0,0.0,0.0,0.0,0.0,0.0,0.0,0.0,0.0,0.0,0.0,0.0,0.0,n1136356,PQ,1.0,1.0,1.0,7199.557856794634,1000000.0,0.9,1.05,abc,,False,False,False,46.7276346,-119.1721328,default
910,0.0,0.0,0.0,0.0,0.0,0.0,0.0,0.0,0.0,0.0,0.0,0.0,0.0,0.0,m1069549,PQ,1.0,1.0,1.0,7199.557856794634,1000000.0,0.9,1.05,abc,,False,False,False,46.72797514,-119.1719631,default
911,0.0,0.0,0.0,0.0,0.0,0.0,0.0,0.0,0.0,0.0,0.0,0.0,0.0,0.0,m1069556,PQ,1.0,1.0,1.0,7199.557856794634,1000000.0,0.9,1.05,abc,,False,False,False,46.72882094,-119.1719502,default
912,0.0,0.0,0.0,0.0,0.0,0.0,0.0,0.0,0.0,0.0,0.0,0.0,0.0,0.0,m1069564,PQ,1.0,1.0,1.0,7199.557856794634,1000000.0,0.9,1.05,abc,,False,False,False,46.7301144,-119.1719305,default
913,0.0,0.0,0.0,0.0,0.0,0.0,0.0,0.0,0.0,0.0,0.0,0.0,0.0,0.0,l3104144,PQ,1.0,1.0,1.0,7199.557856794634,1000000.0,0.9,1.05,a,,False,False,False,46.72958466,-119.1721018,default
914,0.0,0.0,0.0,0.0,0.0,0.0,0.0,0.0,0.0,0.0,0.0,0.0,0.0,0.0,x3104144a,PQ,1.0,1.0,1.0,104.0,1000000.0,0.9,1.05,s1s2,a,False,False,False,46.7292,-119.1721,default
915,0.0,0.0,0.0,0.0,0.0,0.0,0.0004891393370885,0.0001225898491848,0.0030608605504932,0.0007671238096764,0.0,0.0,0.0,0.0,sx3104144a,PQ,1.0,1.0,1.0,104.0,1000000.0,0.9,1.05,s1s2,a,True,True,False,46.7293,-119.1724,default
916,0.0,0.0,0.0,0.0,0.0,0.0,0.0,0.0,0.0,0.0,0.0,0.0,0.0,0.0,n1136361,PQ,1.0,1.0,1.0,7199.557856794634,1000000.0,0.9,1.05,a,,False,False,False,46.72998972,-119.1722662,default
917,0.0,0.0,0.0,0.0,0.0,0.0,0.0,0.0,0.0,0.0,0.0,0.0,0.0,0.0,l3160114,PQ,1.0,1.0,1.0,7199.557856794634,1000000.0,0.9,1.05,a,,False,False,False,46.72969976,-119.1730472,default
918,0.0,0.0,0.0,0.0,0.0,0.0,0.0,0.0,0.0,0.0,0.0,0.0,0.0,0.0,x3160114a,PQ,1.0,1.0,1.0,104.0,1000000.0,0.9,1.05,s1s2,a,False,False,False,46.7293,-119.173,default
919,0.0,0.0,0.0,0.0,0.0,0.0,0.0012373728416061,0.0003101148015876,0.0040826269796637,0.0010232025528107,0.0,0.0,0.0,0.0,sx3160114a,PQ,1.0,1.0,1.0,104.0,1000000.0,0.9,1.05,s1s2,a,False,True,False,46.7294,-119.1733,default
920,0.0,0.0,0.0,0.0,0.0,0.0,0.0,0.0,0.0,0.0,0.0,0.0,0.0,0.0,n1136363,PQ,1.0,1.0,1.0,7199.557856794634,1000000.0,0.9,1.05,abc,,False,False,False,46.73062782,-119.171928,default
921,0.0,0.0,0.0,0.0,0.0,0.0,0.0,0.0,0.0,0.0,0.0,0.0,0.0,0.0,r18245,PQ,1.0,1.0,1.0,7199.557856794634,1000000.0,0.9,1.05,abc,,False,False,False,46.73142998,-119.1719241,default
922,0.0,0.0,0.0,0.0,0.0,0.0,0.0,0.0,0.0,0.0,0.0,0.0,0.0,0.0,e182746,PQ,1.0,1.0,1.0,7199.557856794634,1000000.0,0.9,1.05,abc,,False,False,False,46.731888,-119.1719177,default
923,0.0,0.0,0.0,0.0,0.0,0.0,0.0,0.0,0.0,0.0,0.0,0.0,0.0,0.0,p901933,PQ,1.0,1.0,1.0,7199.557856794634,1000000.0,0.9,1.05,a,,False,False,False,46.73009012,-119.1718223,default
924,0.0,0.0,0.0,0.0,0.0,0.0,0.0,0.0,0.0,0.0,0.0,0.0,0.0,0.0,m1069563,PQ,1.0,1.0,1.0,7199.557856794634,1000000.0,0.9,1.05,a,,False,False,False,46.7300595,-119.1716858,default
925,0.0,0.0,0.0,0.0,0.0,0.0,0.0,0.0,0.0,0.0,0.0,0.0,0.0,0.0,n1136360,PQ,1.0,1.0,1.0,7199.557856794634,1000000.0,0.9,1.05,a,,False,False,False,46.7302439,-119.1722223,default
926,0.0,0.0,0.0,0.0,0.0,0.0,0.0,0.0,0.0,0.0,0.0,0.0,0.0,0.0,l2729424,PQ,1.0,1.0,1.0,7199.557856794634,1000000.0,0.9,1.05,a,,False,False,False,46.73054416,-119.1728988,default
927,0.0,0.0,0.0,0.0,0.0,0.0,0.0,0.0,0.0,0.0,0.0,0.0,0.0,0.0,x2729424a,PQ,1.0,1.0,1.0,104.0,1000000.0,0.9,1.05,s1s2,a,False,False,False,46.7302,-119.1729,default
928,0.0,0.0,0.0,0.0,0.0,0.0,0.0036038100145555,0.0009031997358442,0.0017161898095269,0.0004301176201812,0.0,0.0,0.0,0.0,sx2729424a,PQ,1.0,1.0,1.0,104.0,1000000.0,0.9,1.05,s1s2,a,False,True,False,46.7302,-119.1732,default
929,0.0,0.0,0.0,0.0,0.0,0.0,0.0,0.0,0.0,0.0,0.0,0.0,0.0,0.0,n1136362,PQ,1.0,1.0,1.0,7199.557856794634,1000000.0,0.9,1.05,a,,False,False,False,46.72998868,-119.17137,default
930,0.0,0.0,0.0,0.0,0.0,0.0,0.0,0.0,0.0,0.0,0.0,0.0,0.0,0.0,l3197652,PQ,1.0,1.0,1.0,7199.557856794634,1000000.0,0.9,1.05,a,,False,False,False,46.72988706,-119.170917,default
931,0.0,0.0,0.0,0.0,0.0,0.0,0.0,0.0,0.0,0.0,0.0,0.0,0.0,0.0,l2748143,PQ,1.0,1.0,1.0,7199.557856794634,1000000.0,0.9,1.05,a,,False,False,False,46.73005576,-119.1704347,default
932,0.0,0.0,0.0,0.0,0.0,0.0,0.0,0.0,0.0,0.0,0.0,0.0,0.0,0.0,l3251854,PQ,1.0,1.0,1.0,7199.557856794634,1000000.0,0.9,1.05,a,,False,False,False,46.73101406,-119.1704347,default
933,0.0,0.0,0.0,0.0,0.0,0.0,0.0,0.0,0.0,0.0,0.0,0.0,0.0,0.0,x3251854a,PQ,1.0,1.0,1.0,104.0,1000000.0,0.9,1.05,s1s2,a,False,False,False,46.7307,-119.1704,default
934,0.0,0.0,0.0,0.0,0.0,0.0,0.0082374584559452,0.0020645012481391,0.0006325412133629,0.0001585297388612,0.0,0.0,0.0,0.0,sx3251854a,PQ,1.0,1.0,1.0,104.0,1000000.0,0.9,1.05,s1s2,a,False,True,False,46.7307,-119.1707,default
935,0.0,0.0,0.0,0.0,0.0,0.0,0.0,0.0,0.0,0.0,0.0,0.0,0.0,0.0,x2748143a,PQ,1.0,1.0,1.0,104.0,1000000.0,0.9,1.05,s1s2,a,False,False,False,46.7297,-119.1704,default
936,0.0,0.0,0.0,0.0,0.0,0.0,0.0021588266245464,0.000541052846713,0.0067111730935997,0.001681978185034,0.0,0.0,0.0,0.0,sx2748143a,PQ,1.0,1.0,1.0,104.0,1000000.0,0.9,1.05,s1s2,a,True,True,False,46.7297,-119.1707,default
937,0.0,0.0,0.0,0.0,0.0,0.0,0.0,0.0,0.0,0.0,0.0,0.0,0.0,0.0,x3197652a,PQ,1.0,1.0,1.0,104.0,1000000.0,0.9,1.05,s1s2,a,False,False,False,46.7295,-119.1709,default
938,0.0,0.0,0.0,0.0,0.0,0.0,0.0013081117067095,0.0003278436293519,0.0075618879736086,0.0018951873638678,0.0,0.0,0.0,0.0,sx3197652a,PQ,1.0,1.0,1.0,104.0,1000000.0,0.9,1.05,s1s2,a,False,True,False,46.7296,-119.1712,default
939,0.0,0.0,0.0,0.0,0.0,0.0,0.0,0.0,0.0,0.0,0.0,0.0,0.0,0.0,p901932,PQ,1.0,1.0,1.0,7199.557856794634,1000000.0,0.9,1.05,c,,False,False,False,46.72882106,-119.1720608,default
940,0.0,0.0,0.0,0.0,0.0,0.0,0.0,0.0,0.0,0.0,0.0,0.0,0.0,0.0,n1136359,PQ,1.0,1.0,1.0,7199.557856794634,1000000.0,0.9,1.05,c,,False,False,False,46.7288212,-119.1721461,default
941,0.0,0.0,0.0,0.0,0.0,0.0,0.0,0.0,0.0,0.0,0.0,0.0,0.0,0.0,l3008237,PQ,1.0,1.0,1.0,7199.557856794634,1000000.0,0.9,1.05,c,,False,False,False,46.72882186,-119.1726395,default
942,0.0,0.0,0.0,0.0,0.0,0.0,0.0,0.0,0.0,0.0,0.0,0.0,0.0,0.0,x3008237c,PQ,1.0,1.0,1.0,104.0,1000000.0,0.9,1.05,s1s2,c,False,False,False,46.7285,-119.1726,default
943,0.0,0.0,0.0,0.0,0.0,0.0,0.0036522723293774,0.0009153459415055,0.0065177276691031,0.0016334969186001,0.0,0.0,0.0,0.0,sx3008237c,PQ,1.0,1.0,1.0,104.0,1000000.0,0.9,1.05,s1s2,c,False,True,False,46.7285,-119.1729,default
944,0.0,0.0,0.0,0.0,0.0,0.0,0.0,0.0,0.0,0.0,0.0,0.0,0.0,0.0,p901931,PQ,1.0,1.0,1.0,7199.557856794634,1000000.0,0.9,1.05,c,,False,False,False,46.72791086,-119.1719068,default
945,0.0,0.0,0.0,0.0,0.0,0.0,0.0,0.0,0.0,0.0,0.0,0.0,0.0,0.0,m1069548,PQ,1.0,1.0,1.0,7199.557856794634,1000000.0,0.9,1.05,c,,False,False,False,46.72785484,-119.1718577,default
946,0.0,0.0,0.0,0.0,0.0,0.0,0.0,0.0,0.0,0.0,0.0,0.0,0.0,0.0,n1136357,PQ,1.0,1.0,1.0,7199.557856794634,1000000.0,0.9,1.05,c,,False,False,False,46.72763948,-119.1716691,default
947,0.0,0.0,0.0,0.0,0.0,0.0,0.0,0.0,0.0,0.0,0.0,0.0,0.0,0.0,l2897790,PQ,1.0,1.0,1.0,7199.557856794634,1000000.0,0.9,1.05,c,,False,False,False,46.7271781,-119.171265,default
948,0.0,0.0,0.0,0.0,0.0,0.0,0.0,0.0,0.0,0.0,0.0,0.0,0.0,0.0,l2935566,PQ,1.0,1.0,1.0,7199.557856794634,1000000.0,0.9,1.05,c,,False,False,False,46.72641968,-119.1704716,default
949,0.0,0.0,0.0,0.0,0.0,0.0,0.0,0.0,0.0,0.0,0.0,0.0,0.0,0.0,x2935566c,PQ,1.0,1.0,1.0,104.0,1000000.0,0.9,1.05,s1s2,c,False,False,False,46.7261,-119.1705,default
950,0.0,0.0,0.0,0.0,0.0,0.0,0.0090301545464312,0.0022631706090125,0.0011398454905669,0.000285672273739,0.0,0.0,0.0,0.0,sx2935566c,PQ,1.0,1.0,1.0,104.0,1000000.0,0.9,1.05,s1s2,c,False,True,False,46.7261,-119.1708,default
951,0.0,0.0,0.0,0.0,0.0,0.0,0.0,0.0,0.0,0.0,0.0,0.0,0.0,0.0,x2897790c,PQ,1.0,1.0,1.0,104.0,1000000.0,0.9,1.05,s1s2,c,False,False,False,46.7268,-119.1713,default
952,0.0,0.0,0.0,0.0,0.0,0.0,0.0031675768663733,0.0007938697790618,0.0070024231367522,0.0017549730837418,0.0,0.0,0.0,0.0,sx2897790c,PQ,1.0,1.0,1.0,104.0,1000000.0,0.9,1.05,s1s2,c,False,True,False,46.7269,-119.1715,default
953,0.0,0.0,0.0,0.0,0.0,0.0,0.0,0.0,0.0,0.0,0.0,0.0,0.0,0.0,n1136358,PQ,1.0,1.0,1.0,7199.557856794634,1000000.0,0.9,1.05,c,,False,False,False,46.7279568,-119.17212,default
954,0.0,0.0,0.0,0.0,0.0,0.0,0.0,0.0,0.0,0.0,0.0,0.0,0.0,0.0,l2729423,PQ,1.0,1.0,1.0,7199.557856794634,1000000.0,0.9,1.05,c,,False,False,False,46.72791918,-119.1724425,default
955,0.0,0.0,0.0,0.0,0.0,0.0,0.0,0.0,0.0,0.0,0.0,0.0,0.0,0.0,x2729423c,PQ,1.0,1.0,1.0,104.0,1000000.0,0.9,1.05,s1s2,c,False,False,False,46.7276,-119.1724,default
956,0.0,0.0,0.0,0.0,0.0,0.0,0.0014541409919919,0.000364442170507,0.0046458590047995,0.001164362298962,0.0,0.0,0.0,0.0,sx2729423c,PQ,1.0,1.0,1.0,104.0,1000000.0,0.9,1.05,s1s2,c,False,True,False,46.7276,-119.1727,default
957,0.0,0.0,0.0,0.0,0.0,0.0,0.0,0.0,0.0,0.0,0.0,0.0,0.0,0.0,p895117,PQ,1.0,1.0,1.0,7199.557856794634,1000000.0,0.9,1.05,b,,False,False,False,46.72598074,-119.1728103,default
958,0.0,0.0,0.0,0.0,0.0,0.0,0.0,0.0,0.0,0.0,0.0,0.0,0.0,0.0,m1069532,PQ,1.0,1.0,1.0,7199.557856794634,1000000.0,0.9,1.05,b,,False,False,False,46.72592824,-119.1727477,default
959,0.0,0.0,0.0,0.0,0.0,0.0,0.0,0.0,0.0,0.0,0.0,0.0,0.0,0.0,l2691965,PQ,1.0,1.0,1.0,7199.557856794634,1000000.0,0.9,1.05,b,,False,False,False,46.7267432,-119.1723851,default
960,0.0,0.0,0.0,0.0,0.0,0.0,0.0,0.0,0.0,0.0,0.0,0.0,0.0,0.0,x2691965b,PQ,1.0,1.0,1.0,104.0,1000000.0,0.9,1.05,s1s2,b,False,False,False,46.7264,-119.1724,default
961,0.0,0.0,0.0,0.0,0.0,0.0,0.0016867863849776,0.0004227485747434,0.0002632137331687,6.596758848910033e-05,0.0,0.0,0.0,0.0,sx2691965b,PQ,1.0,1.0,1.0,104.0,1000000.0,0.9,1.05,s1s2,b,False,True,False,46.7264,-119.1727,default
962,0.0,0.0,0.0,0.0,0.0,0.0,0.0,0.0,0.0,0.0,0.0,0.0,0.0,0.0,l2785534,PQ,1.0,1.0,1.0,7199.557856794634,1000000.0,0.9,1.05,b,,False,False,False,46.72585542,-119.1720537,default
963,0.0,0.0,0.0,0.0,0.0,0.0,0.0,0.0,0.0,0.0,0.0,0.0,0.0,0.0,x2785534b,PQ,1.0,1.0,1.0,104.0,1000000.0,0.9,1.05,s1s2,b,False,False,False,46.7255,-119.1721,default
964,0.0,0.0,0.0,0.0,0.0,0.0,0.0083570129846362,0.002094465174159,0.0013729876486839,0.0003441031847358,0.0,0.0,0.0,0.0,sx2785534b,PQ,1.0,1.0,1.0,104.0,1000000.0,0.9,1.05,s1s2,b,False,True,False,46.7255,-119.1723,default
965,0.0,0.0,0.0,0.0,0.0,0.0,0.0,0.0,0.0,0.0,0.0,0.0,0.0,0.0,x2748144a,PQ,1.0,1.0,1.0,104.0,1000000.0,0.9,1.05,s1s2,a,False,False,False,46.7242,-119.1738,default
966,0.0,0.0,0.0,0.0,0.0,0.0,0.0074051806733384,0.0018559128225884,0.0014648190094667,0.0003671181736325,0.0,0.0,0.0,0.0,sx2748144a,PQ,1.0,1.0,1.0,104.0,1000000.0,0.9,1.05,s1s2,a,False,True,False,46.7242,-119.1741,default
967,0.0,0.0,0.0,0.0,0.0,0.0,0.0,0.0,0.0,0.0,0.0,0.0,0.0,0.0,p901927,PQ,1.0,1.0,1.0,7199.557856794634,1000000.0,0.9,1.05,b,,False,False,False,46.72247024,-119.1747959,default
968,0.0,0.0,0.0,0.0,0.0,0.0,0.0,0.0,0.0,0.0,0.0,0.0,0.0,0.0,n1136353,PQ,1.0,1.0,1.0,7199.557856794634,1000000.0,0.9,1.05,b,,False,False,False,46.72254494,-119.1745307,default
969,0.0,0.0,0.0,0.0,0.0,0.0,0.0,0.0,0.0,0.0,0.0,0.0,0.0,0.0,l2820535,PQ,1.0,1.0,1.0,7199.557856794634,1000000.0,0.9,1.05,b,,False,False,False,46.72259346,-119.1743586,default
970,0.0,0.0,0.0,0.0,0.0,0.0,0.0,0.0,0.0,0.0,0.0,0.0,0.0,0.0,x2820535b,PQ,1.0,1.0,1.0,104.0,1000000.0,0.9,1.05,s1s2,b,False,False,False,46.7222,-119.1744,default
971,0.0,0.0,0.0,0.0,0.0,0.0,0.0043775530851721,0.0010971183623158,0.0053524475100267,0.0013414499701771,0.0,0.0,0.0,0.0,sx2820535b,PQ,1.0,1.0,1.0,104.0,1000000.0,0.9,1.05,s1s2,b,False,True,False,46.7223,-119.1746,default
972,0.0,0.0,0.0,0.0,0.0,0.0,0.0,0.0,0.0,0.0,0.0,0.0,0.0,0.0,x2766738c,PQ,1.0,1.0,1.0,104.0,1000000.0,0.9,1.05,s1s2,c,False,False,False,46.7202,-119.1794,default
973,0.0,0.0,0.0,0.0,0.0,0.0,0.0021976228030964,0.0005507763185091,0.0079723772220117,0.0019980665513442,0.0,0.0,0.0,0.0,sx2766738c,PQ,1.0,1.0,1.0,104.0,1000000.0,0.9,1.05,s1s2,c,False,True,False,46.7203,-119.1797,default
974,0.0,0.0,0.0,0.0,0.0,0.0,0.0,0.0,0.0,0.0,0.0,0.0,0.0,0.0,p827548,PQ,1.0,1.0,1.0,7199.557856794634,1000000.0,0.9,1.05,a,,False,False,False,46.7213108,-119.1844259,default
975,0.0,0.0,0.0,0.0,0.0,0.0,0.0,0.0,0.0,0.0,0.0,0.0,0.0,0.0,n1136368,PQ,1.0,1.0,1.0,7199.557856794634,1000000.0,0.9,1.05,a,,False,False,False,46.72140608,-119.1844912,default
976,0.0,0.0,0.0,0.0,0.0,0.0,0.0,0.0,0.0,0.0,0.0,0.0,0.0,0.0,l2897792,PQ,1.0,1.0,1.0,7199.557856794634,1000000.0,0.9,1.05,a,,False,False,False,46.72149372,-119.1845512,default
977,0.0,0.0,0.0,0.0,0.0,0.0,0.0,0.0,0.0,0.0,0.0,0.0,0.0,0.0,l2785538,PQ,1.0,1.0,1.0,7199.557856794634,1000000.0,0.9,1.05,a,,False,False,False,46.72263132,-119.1854177,default
978,0.0,0.0,0.0,0.0,0.0,0.0,0.0,0.0,0.0,0.0,0.0,0.0,0.0,0.0,l2897793,PQ,1.0,1.0,1.0,7199.557856794634,1000000.0,0.9,1.05,a,,False,False,False,46.72344326,-119.1859739,default
979,0.0,0.0,0.0,0.0,0.0,0.0,0.0,0.0,0.0,0.0,0.0,0.0,0.0,0.0,m1069521,PQ,1.0,1.0,1.0,7199.557856794634,1000000.0,0.9,1.05,a,,False,False,False,46.72376608,-119.1861797,default
980,0.0,0.0,0.0,0.0,0.0,0.0,0.0,0.0,0.0,0.0,0.0,0.0,0.0,0.0,l3254231,PQ,1.0,1.0,1.0,7199.557856794634,1000000.0,0.9,1.05,a,,False,False,False,46.72386248,-119.1870269,default
981,0.0,0.0,0.0,0.0,0.0,0.0,0.0,0.0,0.0,0.0,0.0,0.0,0.0,0.0,x3254231a,PQ,1.0,1.0,1.0,104.0,1000000.0,0.9,1.05,s1s2,a,False,False,False,46.7235,-119.187,default
982,0.0,0.0,0.0,0.0,0.0,0.0,0.0035001991694649,0.0008772324283448,4.980071341456341e-05,1.2481232891439408e-05,0.0,0.0,0.0,0.0,sx3254231a,PQ,1.0,1.0,1.0,104.0,1000000.0,0.9,1.05,s1s2,a,True,True,False,46.7235,-119.1873,default
983,0.0,0.0,0.0,0.0,0.0,0.0,0.0,0.0,0.0,0.0,0.0,0.0,0.0,0.0,m1069524,PQ,1.0,1.0,1.0,7199.557856794634,1000000.0,0.9,1.05,a,,False,False,False,46.72468348,-119.1874518,default
984,0.0,0.0,0.0,0.0,0.0,0.0,0.0,0.0,0.0,0.0,0.0,0.0,0.0,0.0,l2820533,PQ,1.0,1.0,1.0,7199.557856794634,1000000.0,0.9,1.05,a,,False,False,False,46.72529912,-119.1867129,default
985,0.0,0.0,0.0,0.0,0.0,0.0,0.0,0.0,0.0,0.0,0.0,0.0,0.0,0.0,x2820533a,PQ,1.0,1.0,1.0,104.0,1000000.0,0.9,1.05,s1s2,a,False,False,False,46.7249,-119.1867,default
986,0.0,0.0,0.0,0.0,0.0,0.0,0.0048488196318736,0.0012152285000978,0.0040211800673921,0.0010078025165648,0.0,0.0,0.0,0.0,sx2820533a,PQ,1.0,1.0,1.0,104.0,1000000.0,0.9,1.05,s1s2,a,False,True,False,46.725,-119.187,default
987,0.0,0.0,0.0,0.0,0.0,0.0,0.0,0.0,0.0,0.0,0.0,0.0,0.0,0.0,l3254230,PQ,1.0,1.0,1.0,7199.557856794634,1000000.0,0.9,1.05,a,,False,False,False,46.7246945,-119.1874671,default
988,0.0,0.0,0.0,0.0,0.0,0.0,0.0,0.0,0.0,0.0,0.0,0.0,0.0,0.0,m1047711,PQ,1.0,1.0,1.0,7199.557856794634,1000000.0,0.9,1.05,a,,False,False,False,46.72543812,-119.1888218,default
989,0.0,0.0,0.0,0.0,0.0,0.0,0.0,0.0,0.0,0.0,0.0,0.0,0.0,0.0,m1047718,PQ,1.0,1.0,1.0,7199.557856794634,1000000.0,0.9,1.05,a,,False,False,False,46.72657166,-119.189434,default
990,0.0,0.0,0.0,0.0,0.0,0.0,0.0,0.0,0.0,0.0,0.0,0.0,0.0,0.0,m1047721,PQ,1.0,1.0,1.0,7199.557856794634,1000000.0,0.9,1.05,a,,False,False,False,46.72734932,-119.1894711,default
991,0.0,0.0,0.0,0.0,0.0,0.0,0.0,0.0,0.0,0.0,0.0,0.0,0.0,0.0,m1047723,PQ,1.0,1.0,1.0,7199.557856794634,1000000.0,0.9,1.05,a,,False,False,False,46.72865702,-119.1899303,default
992,0.0,0.0,0.0,0.0,0.0,0.0,0.0,0.0,0.0,0.0,0.0,0.0,0.0,0.0,m1047729,PQ,1.0,1.0,1.0,7199.557856794634,1000000.0,0.9,1.05,a,,False,False,False,46.72982154,-119.190677,default
993,0.0,0.0,0.0,0.0,0.0,0.0,0.0,0.0,0.0,0.0,0.0,0.0,0.0,0.0,l2973150,PQ,1.0,1.0,1.0,7199.557856794634,1000000.0,0.9,1.05,a,,False,False,False,46.73047154,-119.1916603,default
994,0.0,0.0,0.0,0.0,0.0,0.0,0.0,0.0,0.0,0.0,0.0,0.0,0.0,0.0,m1047733,PQ,1.0,1.0,1.0,7199.557856794634,1000000.0,0.9,1.05,a,,False,False,False,46.73142326,-119.1928151,default
995,0.0,0.0,0.0,0.0,0.0,0.0,0.0,0.0,0.0,0.0,0.0,0.0,0.0,0.0,l3066804,PQ,1.0,1.0,1.0,7199.557856794634,1000000.0,0.9,1.05,a,,False,False,False,46.73289344,-119.193047,default
996,0.0,0.0,0.0,0.0,0.0,0.0,0.0,0.0,0.0,0.0,0.0,0.0,0.0,0.0,x3066804a,PQ,1.0,1.0,1.0,104.0,1000000.0,0.9,1.05,s1s2,a,False,False,False,46.7325,-119.193,default
997,0.0,0.0,0.0,0.0,0.0,0.0,0.0068924867820829,0.0017274196634696,0.0064075127519484,0.0016058737402757,0.0,0.0,0.0,0.0,sx3066804a,PQ,1.0,1.0,1.0,104.0,1000000.0,0.9,1.05,s1s2,a,False,True,False,46.7326,-119.1933,default
998,0.0,0.0,0.0,0.0,0.0,0.0,0.0,0.0,0.0,0.0,0.0,0.0,0.0,0.0,x2973150a,PQ,1.0,1.0,1.0,104.0,1000000.0,0.9,1.05,s1s2,a,False,False,False,46.7301,-119.1917,default
999,0.0,0.0,0.0,0.0,0.0,0.0,0.0015544781022758,0.0003895888565452,0.0037655217184034,0.000943728505098,0.0,0.0,0.0,0.0,sx2973150a,PQ,1.0,1.0,1.0,104.0,1000000.0,0.9,1.05,s1s2,a,False,True,False,46.7302,-119.1919,default
1000,0.0,0.0,0.0,0.0,0.0,0.0,0.0,0.0,0.0,0.0,0.0,0.0,0.0,0.0,x3254230a,PQ,1.0,1.0,1.0,104.0,1000000.0,0.9,1.05,s1s2,a,False,False,False,46.7243,-119.1875,default
1001,0.0,0.0,0.0,0.0,0.0,0.0,0.0012216513768685,0.0003061746326007,0.0005483485656342,0.0001374290767971,0.0,0.0,0.0,0.0,sx3254230a,PQ,1.0,1.0,1.0,104.0,1000000.0,0.9,1.05,s1s2,a,False,True,False,46.7244,-119.1877,default
1002,0.0,0.0,0.0,0.0,0.0,0.0,0.0,0.0,0.0,0.0,0.0,0.0,0.0,0.0,x2897793a,PQ,1.0,1.0,1.0,104.0,1000000.0,0.9,1.05,s1s2,a,False,False,False,46.7231,-119.186,default
1003,0.0,0.0,0.0,0.0,0.0,0.0,0.0013160488661385,0.0003298328691906,0.0022339510175844,0.0005598807852457,0.0,0.0,0.0,0.0,sx2897793a,PQ,1.0,1.0,1.0,104.0,1000000.0,0.9,1.05,s1s2,a,False,True,False,46.7231,-119.1863,default
1004,0.0,0.0,0.0,0.0,0.0,0.0,0.0,0.0,0.0,0.0,0.0,0.0,0.0,0.0,x2785538a,PQ,1.0,1.0,1.0,104.0,1000000.0,0.9,1.05,s1s2,a,False,False,False,46.7223,-119.1854,default
1005,0.0,0.0,0.0,0.0,0.0,0.0,0.008667675680872,0.0021723238615999,0.0002023240088003,5.0707166789735805e-05,0.0,0.0,0.0,0.0,sx2785538a,PQ,1.0,1.0,1.0,104.0,1000000.0,0.9,1.05,s1s2,a,True,True,False,46.7223,-119.1857,default
1006,0.0,0.0,0.0,0.0,0.0,0.0,0.0,0.0,0.0,0.0,0.0,0.0,0.0,0.0,x2897792a,PQ,1.0,1.0,1.0,104.0,1000000.0,0.9,1.05,s1s2,a,False,False,False,46.7211,-119.1846,default
1007,0.0,0.0,0.0,0.0,0.0,0.0,0.0047783244599987,0.0011975607580866,0.0005416753661472,0.0001357566174659,0.0,0.0,0.0,0.0,sx2897792a,PQ,1.0,1.0,1.0,104.0,1000000.0,0.9,1.05,s1s2,a,True,True,False,46.7212,-119.1848,default
1008,0.0,0.0,0.0,0.0,0.0,0.0,0.0,0.0,0.0,0.0,0.0,0.0,0.0,0.0,x2691967b,PQ,1.0,1.0,1.0,104.0,1000000.0,0.9,1.05,s1s2,b,False,False,False,46.7198,-119.1858,default
1009,0.0,0.0,0.0,0.0,0.0,0.0,0.0032196439918674,0.0008069189458169,0.0026203563492055,0.0006567232856101,0.0,0.0,0.0,0.0,sx2691967b,PQ,1.0,1.0,1.0,104.0,1000000.0,0.9,1.05,s1s2,b,False,True,False,46.7198,-119.186,default
1010,0.0,0.0,0.0,0.0,0.0,0.0,0.0,0.0,0.0,0.0,0.0,0.0,0.0,0.0,l3197654,PQ,1.0,1.0,1.0,7199.557856794634,1000000.0,0.9,1.05,a,,False,False,False,46.72013396,-119.1868665,default
1011,0.0,0.0,0.0,0.0,0.0,0.0,0.0,0.0,0.0,0.0,0.0,0.0,0.0,0.0,x3197654a,PQ,1.0,1.0,1.0,104.0,1000000.0,0.9,1.05,s1s2,a,False,False,False,46.7198,-119.1869,default
1012,0.0,0.0,0.0,0.0,0.0,0.0,0.0008294477022906,0.0002078791479534,0.0080405519690933,0.0020151518554168,0.0,0.0,0.0,0.0,sx3197654a,PQ,1.0,1.0,1.0,104.0,1000000.0,0.9,1.05,s1s2,a,False,True,False,46.7198,-119.1871,default
1013,0.0,0.0,0.0,0.0,0.0,0.0,0.0,0.0,0.0,0.0,0.0,0.0,0.0,0.0,p827549,PQ,1.0,1.0,1.0,7199.557856794634,1000000.0,0.9,1.05,a,,False,False,False,46.71864692,-119.1877205,default
1014,0.0,0.0,0.0,0.0,0.0,0.0,0.0,0.0,0.0,0.0,0.0,0.0,0.0,0.0,n1140518,PQ,1.0,1.0,1.0,7199.557856794634,1000000.0,0.9,1.05,a,,False,False,False,46.71880866,-119.188045,default
1015,0.0,0.0,0.0,0.0,0.0,0.0,0.0,0.0,0.0,0.0,0.0,0.0,0.0,0.0,l2764403,PQ,1.0,1.0,1.0,7199.557856794634,1000000.0,0.9,1.05,a,,False,False,False,46.71910326,-119.1886363,default
1016,0.0,0.0,0.0,0.0,0.0,0.0,0.0,0.0,0.0,0.0,0.0,0.0,0.0,0.0,m1047623,PQ,1.0,1.0,1.0,7199.557856794634,1000000.0,0.9,1.05,a,,False,False,False,46.71953462,-119.189502,default
1017,0.0,0.0,0.0,0.0,0.0,0.0,0.0,0.0,0.0,0.0,0.0,0.0,0.0,0.0,l2748157,PQ,1.0,1.0,1.0,7199.557856794634,1000000.0,0.9,1.05,a,,False,False,False,46.719548,-119.1905857,default
1018,0.0,0.0,0.0,0.0,0.0,0.0,0.0,0.0,0.0,0.0,0.0,0.0,0.0,0.0,x2748157a,PQ,1.0,1.0,1.0,104.0,1000000.0,0.9,1.05,s1s2,a,False,False,False,46.7192,-119.1906,default
1019,0.0,0.0,0.0,0.0,0.0,0.0,0.0075246364892782,0.0018858512847456,0.0057753630474083,0.0014474421272869,0.0,0.0,0.0,0.0,sx2748157a,PQ,1.0,1.0,1.0,104.0,1000000.0,0.9,1.05,s1s2,a,False,True,False,46.7192,-119.1909,default
1020,0.0,0.0,0.0,0.0,0.0,0.0,0.0,0.0,0.0,0.0,0.0,0.0,0.0,0.0,l3008279,PQ,1.0,1.0,1.0,7199.557856794634,1000000.0,0.9,1.05,a,,False,False,False,46.7203792,-119.1894481,default
1021,0.0,0.0,0.0,0.0,0.0,0.0,0.0,0.0,0.0,0.0,0.0,0.0,0.0,0.0,l2785537,PQ,1.0,1.0,1.0,7199.557856794634,1000000.0,0.9,1.05,a,,False,False,False,46.72170324,-119.1894845,default
1022,0.0,0.0,0.0,0.0,0.0,0.0,0.0,0.0,0.0,0.0,0.0,0.0,0.0,0.0,x2785537a,PQ,1.0,1.0,1.0,104.0,1000000.0,0.9,1.05,s1s2,a,False,False,False,46.7214,-119.1895,default
1023,0.0,0.0,0.0,0.0,0.0,0.0,0.0025928987630766,0.0006498415536658,0.0027271010621363,0.0006834758132875,0.0,0.0,0.0,0.0,sx2785537a,PQ,1.0,1.0,1.0,104.0,1000000.0,0.9,1.05,s1s2,a,False,True,False,46.7214,-119.1898,default
1024,0.0,0.0,0.0,0.0,0.0,0.0,0.0,0.0,0.0,0.0,0.0,0.0,0.0,0.0,x2764403a,PQ,1.0,1.0,1.0,104.0,1000000.0,0.9,1.05,s1s2,a,False,False,False,46.7188,-119.1886,default
1025,0.0,0.0,0.0,0.0,0.0,0.0,0.0024054487703539,0.0006028621683157,0.0064645509218204,0.0016201688486484,0.0,0.0,0.0,0.0,sx2764403a,PQ,1.0,1.0,1.0,104.0,1000000.0,0.9,1.05,s1s2,a,False,True,False,46.7188,-119.1889,default
1026,0.0,0.0,0.0,0.0,0.0,0.0,0.0,0.0,0.0,0.0,0.0,0.0,0.0,0.0,x2841632b,PQ,1.0,1.0,1.0,104.0,1000000.0,0.9,1.05,s1s2,b,False,False,False,46.7173,-119.1888,default
1027,0.0,0.0,0.0,0.0,0.0,0.0,0.008917037835624,0.0022348206214514,0.0008129627714154,0.0002037476993615,0.0,0.0,0.0,0.0,sx2841632b,PQ,1.0,1.0,1.0,104.0,1000000.0,0.9,1.05,s1s2,b,False,True,False,46.7173,-119.1891,default
1028,0.0,0.0,0.0,0.0,0.0,0.0,0.0,0.0,0.0,0.0,0.0,0.0,0.0,0.0,n1136659,PQ,1.0,1.0,1.0,7199.557856794634,1000000.0,0.9,1.05,a,,False,False,False,46.71525826,-119.1922638,default
1029,0.0,0.0,0.0,0.0,0.0,0.0,0.0,0.0,0.0,0.0,0.0,0.0,0.0,0.0,l3104129,PQ,1.0,1.0,1.0,7199.557856794634,1000000.0,0.9,1.05,a,,False,False,False,46.71639478,-119.193086,default
1030,0.0,0.0,0.0,0.0,0.0,0.0,0.0,0.0,0.0,0.0,0.0,0.0,0.0,0.0,x3104129a,PQ,1.0,1.0,1.0,104.0,1000000.0,0.9,1.05,s1s2,a,False,False,False,46.716,-119.1931,default
1031,0.0,0.0,0.0,0.0,0.0,0.0,0.0012361832556063,0.0003098166681738,0.0120638162096948,0.0030234767189322,0.0,0.0,0.0,0.0,sx3104129a,PQ,1.0,1.0,1.0,104.0,1000000.0,0.9,1.05,s1s2,a,False,True,False,46.7161,-119.1934,default
1032,0.0,0.0,0.0,0.0,0.0,0.0,0.0,0.0,0.0,0.0,0.0,0.0,0.0,0.0,n1137996,PQ,1.0,1.0,1.0,7199.557856794634,1000000.0,0.9,1.05,c,,False,False,False,46.71501232,-119.192032,default
1033,0.0,0.0,0.0,0.0,0.0,0.0,0.0,0.0,0.0,0.0,0.0,0.0,0.0,0.0,l3178979,PQ,1.0,1.0,1.0,7199.557856794634,1000000.0,0.9,1.05,c,,False,False,False,46.71495626,-119.1919268,default
1034,0.0,0.0,0.0,0.0,0.0,0.0,0.0,0.0,0.0,0.0,0.0,0.0,0.0,0.0,x3178979c,PQ,1.0,1.0,1.0,104.0,1000000.0,0.9,1.05,s1s2,c,False,False,False,46.7146,-119.1919,default
1035,0.0,0.0,0.0,0.0,0.0,0.0,0.0071515296367363,0.001792342687738,0.0081084704096122,0.0020321747104359,0.0,0.0,0.0,0.0,sx3178979c,PQ,1.0,1.0,1.0,104.0,1000000.0,0.9,1.05,s1s2,c,False,True,False,46.7146,-119.1922,default
1036,0.0,0.0,0.0,0.0,0.0,0.0,0.0,0.0,0.0,0.0,0.0,0.0,0.0,0.0,n1136660,PQ,1.0,1.0,1.0,7199.557856794634,1000000.0,0.9,1.05,a,,False,False,False,46.71407472,-119.1945079,default
1037,0.0,0.0,0.0,0.0,0.0,0.0,0.0,0.0,0.0,0.0,0.0,0.0,0.0,0.0,l3010568,PQ,1.0,1.0,1.0,7199.557856794634,1000000.0,0.9,1.05,a,,False,False,False,46.7145465,-119.194883,default
1038,0.0,0.0,0.0,0.0,0.0,0.0,0.0,0.0,0.0,0.0,0.0,0.0,0.0,0.0,x3010568a,PQ,1.0,1.0,1.0,104.0,1000000.0,0.9,1.05,s1s2,a,False,False,False,46.7142,-119.1949,default
1039,0.0,0.0,0.0,0.0,0.0,0.0,0.0002603353966998,6.524618808640636e-05,0.0086096642631526,0.0021577848228362,0.0,0.0,0.0,0.0,sx3010568a,PQ,1.0,1.0,1.0,104.0,1000000.0,0.9,1.05,s1s2,a,False,True,False,46.7142,-119.1952,default
1040,0.0,0.0,0.0,0.0,0.0,0.0,0.0,0.0,0.0,0.0,0.0,0.0,0.0,0.0,n1136661,PQ,1.0,1.0,1.0,7199.557856794634,1000000.0,0.9,1.05,c,,False,False,False,46.7138719,-119.1943239,default
1041,0.0,0.0,0.0,0.0,0.0,0.0,0.0,0.0,0.0,0.0,0.0,0.0,0.0,0.0,l3029505,PQ,1.0,1.0,1.0,7199.557856794634,1000000.0,0.9,1.05,c,,False,False,False,46.7135814,-119.1940144,default
1042,0.0,0.0,0.0,0.0,0.0,0.0,0.0,0.0,0.0,0.0,0.0,0.0,0.0,0.0,l2673318,PQ,1.0,1.0,1.0,7199.557856794634,1000000.0,0.9,1.05,c,,False,False,False,46.71322434,-119.192564,default
1043,0.0,0.0,0.0,0.0,0.0,0.0,0.0,0.0,0.0,0.0,0.0,0.0,0.0,0.0,x2673318c,PQ,1.0,1.0,1.0,104.0,1000000.0,0.9,1.05,s1s2,c,False,False,False,46.7129,-119.1926,default
1044,0.0,0.0,0.0,0.0,0.0,0.0,0.0067519438028166,0.0016921969964952,0.0034180561884439,0.0008566458141996,0.0,0.0,0.0,0.0,sx2673318c,PQ,1.0,1.0,1.0,104.0,1000000.0,0.9,1.05,s1s2,c,True,True,False,46.7129,-119.1928,default
1045,0.0,0.0,0.0,0.0,0.0,0.0,0.0,0.0,0.0,0.0,0.0,0.0,0.0,0.0,x3029505c,PQ,1.0,1.0,1.0,104.0,1000000.0,0.9,1.05,s1s2,c,False,False,False,46.7132,-119.194,default
1046,0.0,0.0,0.0,0.0,0.0,0.0,0.0014016488500353,0.0003512863936461,0.0087683512091933,0.0021975564770882,0.0,0.0,0.0,0.0,sx3029505c,PQ,1.0,1.0,1.0,104.0,1000000.0,0.9,1.05,s1s2,c,False,True,False,46.7133,-119.1943,default
1047,0.0,0.0,0.0,0.0,0.0,0.0,0.0,0.0,0.0,0.0,0.0,0.0,0.0,0.0,n1136664,PQ,1.0,1.0,1.0,7199.557856794634,1000000.0,0.9,1.05,a,,False,False,False,46.7129899,-119.1968786,default
1048,0.0,0.0,0.0,0.0,0.0,0.0,0.0,0.0,0.0,0.0,0.0,0.0,0.0,0.0,l3085401,PQ,1.0,1.0,1.0,7199.557856794634,1000000.0,0.9,1.05,a,,False,False,False,46.71310534,-119.196895,default
1049,0.0,0.0,0.0,0.0,0.0,0.0,0.0,0.0,0.0,0.0,0.0,0.0,0.0,0.0,x3085401a,PQ,1.0,1.0,1.0,104.0,1000000.0,0.9,1.05,s1s2,a,False,False,False,46.7128,-119.1969,default
1050,0.0,0.0,0.0,0.0,0.0,0.0,0.009176801440278,0.0022999227796968,0.0041231980863235,0.0010333706492488,0.0,0.0,0.0,0.0,sx3085401a,PQ,1.0,1.0,1.0,104.0,1000000.0,0.9,1.05,s1s2,a,False,True,False,46.7128,-119.1972,default
1051,0.0,0.0,0.0,0.0,0.0,0.0,0.0,0.0,0.0,0.0,0.0,0.0,0.0,0.0,m1047pv-1,PQ,1.0,1.0,1.0,7199.557856794634,1000000.0,0.9,1.05,abc,,False,False,False,46.7115588,-119.1968171,default
1052,0.0,0.0,0.0,0.0,0.0,0.0,0.0,0.0,0.0,0.0,0.0,0.0,0.0,0.0,m1047pv-2,PQ,1.0,1.0,1.0,7199.557856794634,1000000.0,0.9,1.05,abc,,False,False,False,46.71090542,-119.1960339,default
1053,0.0,0.0,0.0,0.0,0.0,0.0,0.0,0.0,0.0,0.0,0.0,0.0,0.0,0.0,m1047pv-3,PQ,1.0,1.0,1.0,7199.557856794634,1000000.0,0.9,1.05,abc,,True,False,False,46.71025202,-119.1944673,default
1054,0.0,0.0,0.0,0.0,0.0,0.0,0.0,0.0,0.0,0.0,0.0,0.0,0.0,0.0,m1047526,PQ,1.0,1.0,1.0,7199.557856794634,1000000.0,0.9,1.05,abc,,False,False,False,46.71313678,-119.1992506,default
1055,0.0,0.0,0.0,0.0,0.0,0.0,0.0,0.0,0.0,0.0,0.0,0.0,0.0,0.0,n1136666,PQ,1.0,1.0,1.0,7199.557856794634,1000000.0,0.9,1.05,abc,,False,False,False,46.71321612,-119.1994168,default
1056,0.0,0.0,0.0,0.0,0.0,0.0,0.0,0.0,0.0,0.0,0.0,0.0,0.0,0.0,m1047528,PQ,1.0,1.0,1.0,7199.557856794634,1000000.0,0.9,1.05,abc,,False,False,False,46.71342746,-119.1998595,default
1057,0.0,0.0,0.0,0.0,0.0,0.0,0.0,0.0,0.0,0.0,0.0,0.0,0.0,0.0,l2858166,PQ,1.0,1.0,1.0,7199.557856794634,1000000.0,0.9,1.05,abc,,False,False,False,46.71346174,-119.1999313,default
1058,0.0,0.0,0.0,0.0,0.0,0.0,0.0,0.0,0.0,0.0,0.0,0.0,0.0,0.0,d5863704-2_int,PQ,1.0,1.0,1.0,7199.557856794634,1000000.0,0.9,1.05,abc,,False,False,False,46.71373678,-119.2007335,default
1059,0.0,0.0,0.0,0.0,0.0,0.0,0.0,0.0,0.0,0.0,0.0,0.0,0.0,0.0,n1136667,PQ,1.0,1.0,1.0,7199.557856794634,1000000.0,0.9,1.05,abc,,False,False,False,46.71404078,-119.2012862,default
1060,0.0,0.0,0.0,0.0,0.0,0.0,0.0,0.0,0.0,0.0,0.0,0.0,0.0,0.0,196-29519,PQ,1.0,1.0,1.0,7199.557856794634,1000000.0,0.9,1.05,abc,,False,False,False,46.71425884,-119.2018277,default
1061,0.0,0.0,0.0,0.0,0.0,0.0,0.0,0.0,0.0,0.0,0.0,0.0,0.0,0.0,l3066815,PQ,1.0,1.0,1.0,7199.557856794634,1000000.0,0.9,1.05,abc,,False,False,False,46.71439892,-119.2023893,default
1062,0.0,0.0,0.0,0.0,0.0,0.0,0.0,0.0,0.0,0.0,0.0,0.0,0.0,0.0,m1047548,PQ,1.0,1.0,1.0,7199.557856794634,1000000.0,0.9,1.05,abc,,False,False,False,46.71464682,-119.2030894,default
1063,0.0,0.0,0.0,0.0,0.0,0.0,0.0,0.0,0.0,0.0,0.0,0.0,0.0,0.0,m1047552,PQ,1.0,1.0,1.0,7199.557856794634,1000000.0,0.9,1.05,abc,,False,False,False,46.71471708,-119.2034102,default
1064,0.0,0.0,0.0,0.0,0.0,0.0,0.0,0.0,0.0,0.0,0.0,0.0,0.0,0.0,n1136669,PQ,1.0,1.0,1.0,7199.557856794634,1000000.0,0.9,1.05,abc,,False,False,False,46.7149438,-119.2038191,default
1065,0.0,0.0,0.0,0.0,0.0,0.0,0.0,0.0,0.0,0.0,0.0,0.0,0.0,0.0,l3103822,PQ,1.0,1.0,1.0,7199.557856794634,1000000.0,0.9,1.05,abc,,False,False,False,46.71542296,-119.2046833,default
1066,0.0,0.0,0.0,0.0,0.0,0.0,0.0,0.0,0.0,0.0,0.0,0.0,0.0,0.0,m1047577,PQ,1.0,1.0,1.0,7199.557856794634,1000000.0,0.9,1.05,abc,,False,False,False,46.71662198,-119.2060808,default
1067,0.0,0.0,0.0,0.0,0.0,0.0,0.0,0.0,0.0,0.0,0.0,0.0,0.0,0.0,m1047592,PQ,1.0,1.0,1.0,7199.557856794634,1000000.0,0.9,1.05,abc,,False,False,False,46.717545,-119.2074555,default
1068,0.0,0.0,0.0,0.0,0.0,0.0,0.0,0.0,0.0,0.0,0.0,0.0,0.0,0.0,m3763619,PQ,1.0,1.0,1.0,7199.557856794634,1000000.0,0.9,1.05,abc,,False,False,False,46.71776808,-119.2080881,default
1069,0.0,0.0,0.0,0.0,0.0,0.0,0.0,0.0,0.0,0.0,0.0,0.0,0.0,0.0,m1026830,PQ,1.0,1.0,1.0,7199.557856794634,1000000.0,0.9,1.05,abc,,False,False,False,46.71798322,-119.2087613,default
1070,0.0,0.0,0.0,0.0,0.0,0.0,0.0,0.0,0.0,0.0,0.0,0.0,0.0,0.0,l2879070,PQ,1.0,1.0,1.0,7199.557856794634,1000000.0,0.9,1.05,abc,,False,False,False,46.71829828,-119.2095772,default
1071,0.0,0.0,0.0,0.0,0.0,0.0,0.0,0.0,0.0,0.0,0.0,0.0,0.0,0.0,l3216345,PQ,1.0,1.0,1.0,7199.557856794634,1000000.0,0.9,1.05,abc,,False,False,False,46.7187972,-119.2109853,default
1072,0.0,0.0,0.0,0.0,0.0,0.0,0.0,0.0,0.0,0.0,0.0,0.0,0.0,0.0,m3768670,PQ,1.0,1.0,1.0,7199.557856794634,1000000.0,0.9,1.05,abc,,False,False,False,46.7190803,-119.2122389,default
1073,0.0,0.0,0.0,0.0,0.0,0.0,0.0,0.0,0.0,0.0,0.0,0.0,0.0,0.0,l3235254,PQ,1.0,1.0,1.0,7199.557856794634,1000000.0,0.9,1.05,abc,,False,False,False,46.7195574,-119.2133765,default
1074,0.0,0.0,0.0,0.0,0.0,0.0,0.0,0.0,0.0,0.0,0.0,0.0,0.0,0.0,m1026855,PQ,1.0,1.0,1.0,7199.557856794634,1000000.0,0.9,1.05,abc,,False,False,False,46.72069658,-119.2144455,default
1075,0.0,0.0,0.0,0.0,0.0,0.0,0.0,0.0,0.0,0.0,0.0,0.0,0.0,0.0,m1026861,PQ,1.0,1.0,1.0,7199.557856794634,1000000.0,0.9,1.05,abc,,False,False,False,46.72108696,-119.2148737,default
1076,0.0,0.0,0.0,0.0,0.0,0.0,0.0,0.0,0.0,0.0,0.0,0.0,0.0,0.0,m1026858,PQ,1.0,1.0,1.0,7199.557856794634,1000000.0,0.9,1.05,abc,,False,False,False,46.72084534,-119.2174231,default
1077,0.0,0.0,0.0,0.0,0.0,0.0,0.0,0.0,0.0,0.0,0.0,0.0,0.0,0.0,m1026854,PQ,1.0,1.0,1.0,7199.557856794634,1000000.0,0.9,1.05,abc,,False,False,False,46.72066644,-119.2182311,default
1078,0.0,0.0,0.0,0.0,0.0,0.0,0.0,0.0,0.0,0.0,0.0,0.0,0.0,0.0,m1026852,PQ,1.0,1.0,1.0,7199.557856794634,1000000.0,0.9,1.05,abc,,False,False,False,46.72053832,-119.220474,default
1079,0.0,0.0,0.0,0.0,0.0,0.0,0.0,0.0,0.0,0.0,0.0,0.0,0.0,0.0,l2785529,PQ,1.0,1.0,1.0,7199.557856794634,1000000.0,0.9,1.05,c,,False,False,False,46.72064806,-119.2205172,default
1080,0.0,0.0,0.0,0.0,0.0,0.0,0.0,0.0,0.0,0.0,0.0,0.0,0.0,0.0,x2785529c,PQ,1.0,1.0,1.0,104.0,1000000.0,0.9,1.05,s1s2,c,False,False,False,46.7203,-119.2205,default
1081,0.0,0.0,0.0,0.0,0.0,0.0,0.0021829047746756,0.0005470876359214,0.0079870952729623,0.002001755257999,0.0,0.0,0.0,0.0,sx2785529c,PQ,1.0,1.0,1.0,104.0,1000000.0,0.9,1.05,s1s2,c,False,True,False,46.7203,-119.2208,default
1082,0.0,0.0,0.0,0.0,0.0,0.0,0.0,0.0,0.0,0.0,0.0,0.0,0.0,0.0,l3197646,PQ,1.0,1.0,1.0,7199.557856794634,1000000.0,0.9,1.05,abc,,False,False,False,46.72051712,-119.2222424,default
1083,0.0,0.0,0.0,0.0,0.0,0.0,0.0,0.0,0.0,0.0,0.0,0.0,0.0,0.0,m1026851,PQ,1.0,1.0,1.0,7199.557856794634,1000000.0,0.9,1.05,abc,,False,False,False,46.72053228,-119.2239333,default
1084,0.0,0.0,0.0,0.0,0.0,0.0,0.0,0.0,0.0,0.0,0.0,0.0,0.0,0.0,l3235257,PQ,1.0,1.0,1.0,7199.557856794634,1000000.0,0.9,1.05,abc,,False,False,False,46.7205256,-119.2244479,default
1085,0.0,0.0,0.0,0.0,0.0,0.0,0.0,0.0,0.0,0.0,0.0,0.0,0.0,0.0,l2822871,PQ,1.0,1.0,1.0,7199.557856794634,1000000.0,0.9,1.05,abc,,False,False,False,46.72176192,-119.2256251,default
1086,0.0,0.0,0.0,0.0,0.0,0.0,0.0,0.0,0.0,0.0,0.0,0.0,0.0,0.0,m1026872,PQ,1.0,1.0,1.0,7199.557856794634,1000000.0,0.9,1.05,abc,,False,False,False,46.72242406,-119.2262821,default
1087,0.0,0.0,0.0,0.0,0.0,0.0,0.0,0.0,0.0,0.0,0.0,0.0,0.0,0.0,d5502543-2_int,PQ,1.0,1.0,1.0,7199.557856794634,1000000.0,0.9,1.05,abc,,False,False,False,46.72310206,-119.2265816,default
1088,0.0,0.0,0.0,0.0,0.0,0.0,0.0,0.0,0.0,0.0,0.0,0.0,0.0,0.0,q14413,PQ,1.0,1.0,1.0,7199.557856794634,1000000.0,0.9,1.05,abc,,False,False,False,46.72397324,-119.2281481,default
1089,0.0,0.0,0.0,0.0,0.0,0.0,0.0,0.0,0.0,0.0,0.0,0.0,0.0,0.0,m1026886,PQ,1.0,1.0,1.0,7199.557856794634,1000000.0,0.9,1.05,abc,,False,False,False,46.72454004,-119.2284674,default
1090,0.0,0.0,0.0,0.0,0.0,0.0,0.0,0.0,0.0,0.0,0.0,0.0,0.0,0.0,l3120484,PQ,1.0,1.0,1.0,7199.557856794634,1000000.0,0.9,1.05,abc,,False,False,False,46.72455128,-119.2284955,default
1091,0.0,0.0,0.0,0.0,0.0,0.0,0.0,0.0,0.0,0.0,0.0,0.0,0.0,0.0,m1026896,PQ,1.0,1.0,1.0,7199.557856794634,1000000.0,0.9,1.05,abc,,False,False,False,46.7251903,-119.2300945,default
1092,0.0,0.0,0.0,0.0,0.0,0.0,0.0,0.0,0.0,0.0,0.0,0.0,0.0,0.0,p827525,PQ,1.0,1.0,1.0,7199.557856794634,1000000.0,0.9,1.05,abc,,False,False,False,46.72528888,-119.2303115,default
1093,0.0,0.0,0.0,0.0,0.0,0.0,0.0,0.0,0.0,0.0,0.0,0.0,0.0,0.0,m1026902,PQ,1.0,1.0,1.0,7199.557856794634,1000000.0,0.9,1.05,abc,,False,False,False,46.72595682,-119.2318085,default
1094,0.0,0.0,0.0,0.0,0.0,0.0,0.0,0.0,0.0,0.0,0.0,0.0,0.0,0.0,m1026905,PQ,1.0,1.0,1.0,7199.557856794634,1000000.0,0.9,1.05,abc,,False,False,False,46.72649696,-119.2333835,default
1095,0.0,0.0,0.0,0.0,0.0,0.0,0.0,0.0,0.0,0.0,0.0,0.0,0.0,0.0,m1026907,PQ,1.0,1.0,1.0,7199.557856794634,1000000.0,0.9,1.05,abc,,False,False,False,46.7268277,-119.2355085,default
1096,0.0,0.0,0.0,0.0,0.0,0.0,0.0,0.0,0.0,0.0,0.0,0.0,0.0,0.0,l3085398,PQ,1.0,1.0,1.0,7199.557856794634,1000000.0,0.9,1.05,abc,,False,False,False,46.72610558,-119.2359255,default
1097,0.0,0.0,0.0,0.0,0.0,0.0,0.0,0.0,0.0,0.0,0.0,0.0,0.0,0.0,x3085398b,PQ,1.0,1.0,1.0,104.0,1000000.0,0.9,1.05,s1s2,b,False,False,False,46.7258,-119.2359,default
1098,0.0,0.0,0.0,0.0,0.0,0.0,0.0055497592244265,0.0013909009124007,0.0041802414152885,0.0010476673582629,0.0,0.0,0.0,0.0,sx3085398b,PQ,1.0,1.0,1.0,104.0,1000000.0,0.9,1.05,s1s2,b,False,True,False,46.7258,-119.2362,default
1099,0.0,0.0,0.0,0.0,0.0,0.0,0.0,0.0,0.0,0.0,0.0,0.0,0.0,0.0,m1026915,PQ,1.0,1.0,1.0,7199.557856794634,1000000.0,0.9,1.05,abc,,False,False,False,46.7277929,-119.2349894,default
1100,0.0,0.0,0.0,0.0,0.0,0.0,0.0,0.0,0.0,0.0,0.0,0.0,0.0,0.0,d5774457-1_int,PQ,1.0,1.0,1.0,7199.557856794634,1000000.0,0.9,1.05,abc,,False,False,False,46.7281114,-119.234832,default
1101,0.0,0.0,0.0,0.0,0.0,0.0,0.0,0.0,0.0,0.0,0.0,0.0,0.0,0.0,m1026920,PQ,1.0,1.0,1.0,7199.557856794634,1000000.0,0.9,1.05,abc,,False,False,False,46.72834962,-119.234779,default
1102,0.0,0.0,0.0,0.0,0.0,0.0,0.0,0.0,0.0,0.0,0.0,0.0,0.0,0.0,l2729408,PQ,1.0,1.0,1.0,7199.557856794634,1000000.0,0.9,1.05,b,,False,False,False,46.72842974,-119.235183,default
1103,0.0,0.0,0.0,0.0,0.0,0.0,0.0,0.0,0.0,0.0,0.0,0.0,0.0,0.0,x2729408b,PQ,1.0,1.0,1.0,104.0,1000000.0,0.9,1.05,s1s2,b,False,False,False,46.7281,-119.2352,default
1104,0.0,0.0,0.0,0.0,0.0,0.0,1.2499151978744785e-05,3.132583062964069e-06,0.0097175015611105,0.0024354357272747,0.0,0.0,0.0,0.0,sx2729408b,PQ,1.0,1.0,1.0,104.0,1000000.0,0.9,1.05,s1s2,b,False,True,False,46.7281,-119.2355,default
1105,0.0,0.0,0.0,0.0,0.0,0.0,0.0,0.0,0.0,0.0,0.0,0.0,0.0,0.0,m1026926,PQ,1.0,1.0,1.0,7199.557856794634,1000000.0,0.9,1.05,abc,,False,False,False,46.72962474,-119.2342765,default
1106,0.0,0.0,0.0,0.0,0.0,0.0,0.0,0.0,0.0,0.0,0.0,0.0,0.0,0.0,m1026927,PQ,1.0,1.0,1.0,7199.557856794634,1000000.0,0.9,1.05,abc,,False,False,False,46.72975346,-119.2340914,default
1107,0.0,0.0,0.0,0.0,0.0,0.0,0.0,0.0,0.0,0.0,0.0,0.0,0.0,0.0,196-29518,PQ,1.0,1.0,1.0,7199.557856794634,1000000.0,0.9,1.05,abc,,False,False,False,46.72979232,-119.2340167,default
1108,0.0,0.0,0.0,0.0,0.0,0.0,0.0,0.0,0.0,0.0,0.0,0.0,0.0,0.0,l3122816,PQ,1.0,1.0,1.0,7199.557856794634,1000000.0,0.9,1.05,abc,,False,False,False,46.73047612,-119.2327019,default
1109,0.0,0.0,0.0,0.0,0.0,0.0,0.0,0.0,0.0,0.0,0.0,0.0,0.0,0.0,l3160103,PQ,1.0,1.0,1.0,7199.557856794634,1000000.0,0.9,1.05,abc,,False,False,False,46.73674214,-119.2312388,default
1110,0.0,0.0,0.0,0.0,0.0,0.0,0.0,0.0,0.0,0.0,0.0,0.0,0.0,0.0,m1026950,PQ,1.0,1.0,1.0,7199.557856794634,1000000.0,0.9,1.05,abc,,False,False,False,46.73706932,-119.2311128,default
1111,0.0,0.0,0.0,0.0,0.0,0.0,0.0,0.0,0.0,0.0,0.0,0.0,0.0,0.0,m1026954,PQ,1.0,1.0,1.0,7199.557856794634,1000000.0,0.9,1.05,abc,,False,False,False,46.73850268,-119.2305582,default
1112,0.0,0.0,0.0,0.0,0.0,0.0,0.0,0.0,0.0,0.0,0.0,0.0,0.0,0.0,d5655682-1_int,PQ,1.0,1.0,1.0,7199.557856794634,1000000.0,0.9,1.05,b,,False,False,False,46.73850032,-119.2305501,default
1113,0.0,0.0,0.0,0.0,0.0,0.0,0.0,0.0,0.0,0.0,0.0,0.0,0.0,0.0,e182725,PQ,1.0,1.0,1.0,7199.557856794634,1000000.0,0.9,1.05,b,,False,False,False,46.73849776,-119.2304801,default
1114,0.0,0.0,0.0,0.0,0.0,0.0,0.0,0.0,0.0,0.0,0.0,0.0,0.0,0.0,m1026948,PQ,1.0,1.0,1.0,7199.557856794634,1000000.0,0.9,1.05,b,,False,False,False,46.7369812,-119.2294755,default
1115,0.0,0.0,0.0,0.0,0.0,0.0,0.0,0.0,0.0,0.0,0.0,0.0,0.0,0.0,m1026947,PQ,1.0,1.0,1.0,7199.557856794634,1000000.0,0.9,1.05,b,,False,False,False,46.73635798,-119.2290968,default
1116,0.0,0.0,0.0,0.0,0.0,0.0,0.0,0.0,0.0,0.0,0.0,0.0,0.0,0.0,m1026946,PQ,1.0,1.0,1.0,7199.557856794634,1000000.0,0.9,1.05,b,,False,False,False,46.73458598,-119.2280339,default
1117,0.0,0.0,0.0,0.0,0.0,0.0,0.0,0.0,0.0,0.0,0.0,0.0,0.0,0.0,m1026940,PQ,1.0,1.0,1.0,7199.557856794634,1000000.0,0.9,1.05,b,,False,False,False,46.73284666,-119.228744,default
1118,0.0,0.0,0.0,0.0,0.0,0.0,0.0,0.0,0.0,0.0,0.0,0.0,0.0,0.0,m1026935,PQ,1.0,1.0,1.0,7199.557856794634,1000000.0,0.9,1.05,b,,False,False,False,46.73129264,-119.2293775,default
1119,0.0,0.0,0.0,0.0,0.0,0.0,0.0,0.0,0.0,0.0,0.0,0.0,0.0,0.0,l2935556,PQ,1.0,1.0,1.0,7199.557856794634,1000000.0,0.9,1.05,b,,False,False,False,46.7300674,-119.2299236,default
1120,0.0,0.0,0.0,0.0,0.0,0.0,0.0,0.0,0.0,0.0,0.0,0.0,0.0,0.0,x2935556b,PQ,1.0,1.0,1.0,104.0,1000000.0,0.9,1.05,s1s2,b,False,False,False,46.7297,-119.2299,default
1121,0.0,0.0,0.0,0.0,0.0,0.0,0.0004751527819909,0.0001190845235758,0.0092548479534366,0.0023194837906612,0.0,0.0,0.0,0.0,sx2935556b,PQ,1.0,1.0,1.0,104.0,1000000.0,0.9,1.05,s1s2,b,False,True,False,46.7298,-119.2302,default
1122,0.0,0.0,0.0,0.0,0.0,0.0,0.0,0.0,0.0,0.0,0.0,0.0,0.0,0.0,m1026939,PQ,1.0,1.0,1.0,7199.557856794634,1000000.0,0.9,1.05,b,,False,False,False,46.7323297,-119.2278021,default
1123,0.0,0.0,0.0,0.0,0.0,0.0,0.0,0.0,0.0,0.0,0.0,0.0,0.0,0.0,l3104124,PQ,1.0,1.0,1.0,7199.557856794634,1000000.0,0.9,1.05,b,,False,False,False,46.73213664,-119.2274503,default
1124,0.0,0.0,0.0,0.0,0.0,0.0,0.0,0.0,0.0,0.0,0.0,0.0,0.0,0.0,x3104124b,PQ,1.0,1.0,1.0,104.0,1000000.0,0.9,1.05,s1s2,b,False,False,False,46.7318,-119.2275,default
1125,0.0,0.0,0.0,0.0,0.0,0.0,0.0035211139348732,0.0008824744266927,0.0023188864646885,0.0005811677885691,0.0,0.0,0.0,0.0,sx3104124b,PQ,1.0,1.0,1.0,104.0,1000000.0,0.9,1.05,s1s2,b,False,True,False,46.7318,-119.2277,default
1126,0.0,0.0,0.0,0.0,0.0,0.0,0.0,0.0,0.0,0.0,0.0,0.0,0.0,0.0,m1026949,PQ,1.0,1.0,1.0,7199.557856794634,1000000.0,0.9,1.05,b,,False,False,False,46.73704108,-119.2293386,default
1127,0.0,0.0,0.0,0.0,0.0,0.0,0.0,0.0,0.0,0.0,0.0,0.0,0.0,0.0,m1026951,PQ,1.0,1.0,1.0,7199.557856794634,1000000.0,0.9,1.05,b,,False,False,False,46.73761946,-119.2280158,default
1128,0.0,0.0,0.0,0.0,0.0,0.0,0.0,0.0,0.0,0.0,0.0,0.0,0.0,0.0,l2954347,PQ,1.0,1.0,1.0,7199.557856794634,1000000.0,0.9,1.05,b,,False,False,False,46.73778652,-119.2268929,default
1129,0.0,0.0,0.0,0.0,0.0,0.0,0.0,0.0,0.0,0.0,0.0,0.0,0.0,0.0,m1026953,PQ,1.0,1.0,1.0,7199.557856794634,1000000.0,0.9,1.05,b,,False,False,False,46.73778578,-119.2263707,default
1130,0.0,0.0,0.0,0.0,0.0,0.0,0.0,0.0,0.0,0.0,0.0,0.0,0.0,0.0,l2764399,PQ,1.0,1.0,1.0,7199.557856794634,1000000.0,0.9,1.05,b,,False,False,False,46.73822138,-119.2263716,default
1131,0.0,0.0,0.0,0.0,0.0,0.0,0.0,0.0,0.0,0.0,0.0,0.0,0.0,0.0,x2764399b,PQ,1.0,1.0,1.0,104.0,1000000.0,0.9,1.05,s1s2,b,False,False,False,46.7379,-119.2264,default
1132,0.0,0.0,0.0,0.0,0.0,0.0,0.0053163206071511,0.0013323956805229,0.0005236798100117,0.0001312465447546,0.0,0.0,0.0,0.0,sx2764399b,PQ,1.0,1.0,1.0,104.0,1000000.0,0.9,1.05,s1s2,b,False,True,False,46.7379,-119.2267,default
1133,0.0,0.0,0.0,0.0,0.0,0.0,0.0,0.0,0.0,0.0,0.0,0.0,0.0,0.0,l3008232,PQ,1.0,1.0,1.0,7199.557856794634,1000000.0,0.9,1.05,b,,False,False,False,46.737719,-119.2258547,default
1134,0.0,0.0,0.0,0.0,0.0,0.0,0.0,0.0,0.0,0.0,0.0,0.0,0.0,0.0,x3008232b,PQ,1.0,1.0,1.0,104.0,1000000.0,0.9,1.05,s1s2,b,False,False,False,46.7374,-119.2259,default
1135,0.0,0.0,0.0,0.0,0.0,0.0,0.0004837858014275,0.0001212481629331,0.0034062144693834,0.0008536779052881,0.0,0.0,0.0,0.0,sx3008232b,PQ,1.0,1.0,1.0,104.0,1000000.0,0.9,1.05,s1s2,b,False,True,False,46.7374,-119.2261,default
1136,0.0,0.0,0.0,0.0,0.0,0.0,0.0,0.0,0.0,0.0,0.0,0.0,0.0,0.0,x2954347b,PQ,1.0,1.0,1.0,104.0,1000000.0,0.9,1.05,s1s2,b,False,False,False,46.7374,-119.2269,default
1137,0.0,0.0,0.0,0.0,0.0,0.0,0.0033570540675866,0.0008413571404822,0.0063729466139541,0.0015972111438317,0.0,0.0,0.0,0.0,sx2954347b,PQ,1.0,1.0,1.0,104.0,1000000.0,0.9,1.05,s1s2,b,False,True,False,46.7375,-119.2272,default
1138,0.0,0.0,0.0,0.0,0.0,0.0,0.0,0.0,0.0,0.0,0.0,0.0,0.0,0.0,l2804256,PQ,1.0,1.0,1.0,7199.557856794634,1000000.0,0.9,1.05,abc,,False,False,False,46.74141298,-119.2296773,default
1139,0.0,0.0,0.0,0.0,0.0,0.0,0.0,0.0,0.0,0.0,0.0,0.0,0.0,0.0,m1026960,PQ,1.0,1.0,1.0,7199.557856794634,1000000.0,0.9,1.05,abc,,False,False,False,46.74206262,-119.2291791,default
1140,0.0,0.0,0.0,0.0,0.0,0.0,0.0,0.0,0.0,0.0,0.0,0.0,0.0,0.0,m1026961,PQ,1.0,1.0,1.0,7199.557856794634,1000000.0,0.9,1.05,a,,False,False,False,46.74211502,-119.2293556,default
1141,0.0,0.0,0.0,0.0,0.0,0.0,0.0,0.0,0.0,0.0,0.0,0.0,0.0,0.0,l2710516,PQ,1.0,1.0,1.0,7199.557856794634,1000000.0,0.9,1.05,a,,False,False,False,46.74262832,-119.2306898,default
1142,0.0,0.0,0.0,0.0,0.0,0.0,0.0,0.0,0.0,0.0,0.0,0.0,0.0,0.0,l2691944,PQ,1.0,1.0,1.0,7199.557856794634,1000000.0,0.9,1.05,a,,False,False,False,46.74298286,-119.232092,default
1143,0.0,0.0,0.0,0.0,0.0,0.0,0.0,0.0,0.0,0.0,0.0,0.0,0.0,0.0,l2673312,PQ,1.0,1.0,1.0,7199.557856794634,1000000.0,0.9,1.05,a,,False,False,False,46.743248,-119.2336121,default
1144,0.0,0.0,0.0,0.0,0.0,0.0,0.0,0.0,0.0,0.0,0.0,0.0,0.0,0.0,l3235247,PQ,1.0,1.0,1.0,7199.557856794634,1000000.0,0.9,1.05,a,,False,False,False,46.74514628,-119.2346995,default
1145,0.0,0.0,0.0,0.0,0.0,0.0,0.0,0.0,0.0,0.0,0.0,0.0,0.0,0.0,x3235247a,PQ,1.0,1.0,1.0,104.0,1000000.0,0.9,1.05,s1s2,a,False,False,False,46.7448,-119.2347,default
1146,0.0,0.0,0.0,0.0,0.0,0.0,0.0007167209773474,0.0001796271703759,0.0046032787483727,0.0011536901473929,0.0,0.0,0.0,0.0,sx3235247a,PQ,1.0,1.0,1.0,104.0,1000000.0,0.9,1.05,s1s2,a,False,True,False,46.7448,-119.235,default
1147,0.0,0.0,0.0,0.0,0.0,0.0,0.0,0.0,0.0,0.0,0.0,0.0,0.0,0.0,x2673312a,PQ,1.0,1.0,1.0,104.0,1000000.0,0.9,1.05,s1s2,a,False,False,False,46.7429,-119.2336,default
1148,0.0,0.0,0.0,0.0,0.0,0.0,0.0015839938300363,0.0003969861899304,0.0072860056980737,0.0018260447480103,0.0,0.0,0.0,0.0,sx2673312a,PQ,1.0,1.0,1.0,104.0,1000000.0,0.9,1.05,s1s2,a,False,True,False,46.7429,-119.2339,default
1149,0.0,0.0,0.0,0.0,0.0,0.0,0.0,0.0,0.0,0.0,0.0,0.0,0.0,0.0,x2691944a,PQ,1.0,1.0,1.0,104.0,1000000.0,0.9,1.05,s1s2,a,False,False,False,46.7426,-119.2321,default
1150,0.0,0.0,0.0,0.0,0.0,0.0,0.0080585686276726,0.0020196672234135,0.0008114308839741,0.000203363705897,0.0,0.0,0.0,0.0,sx2691944a,PQ,1.0,1.0,1.0,104.0,1000000.0,0.9,1.05,s1s2,a,False,True,False,46.7427,-119.2324,default
1151,0.0,0.0,0.0,0.0,0.0,0.0,0.0,0.0,0.0,0.0,0.0,0.0,0.0,0.0,x2710516a,PQ,1.0,1.0,1.0,104.0,1000000.0,0.9,1.05,s1s2,a,False,False,False,46.7423,-119.2307,default
1152,0.0,0.0,0.0,0.0,0.0,0.0,0.0028531545702959,0.0007150677853357,0.0060168449772431,0.0015079631627955,0.0,0.0,0.0,0.0,sx2710516a,PQ,1.0,1.0,1.0,104.0,1000000.0,0.9,1.05,s1s2,a,False,True,False,46.7423,-119.231,default
1153,0.0,0.0,0.0,0.0,0.0,0.0,0.0,0.0,0.0,0.0,0.0,0.0,0.0,0.0,m1026970,PQ,1.0,1.0,1.0,7199.557856794634,1000000.0,0.9,1.05,abc,,False,False,False,46.74319604,-119.2292561,default
1154,0.0,0.0,0.0,0.0,0.0,0.0,0.0,0.0,0.0,0.0,0.0,0.0,0.0,0.0,m1026977,PQ,1.0,1.0,1.0,7199.557856794634,1000000.0,0.9,1.05,abc,,False,False,False,46.74403834,-119.2288982,default
1155,0.0,0.0,0.0,0.0,0.0,0.0,0.0,0.0,0.0,0.0,0.0,0.0,0.0,0.0,m1026978,PQ,1.0,1.0,1.0,7199.557856794634,1000000.0,0.9,1.05,abc,,False,False,False,46.74478338,-119.2283965,default
1156,0.0,0.0,0.0,0.0,0.0,0.0,0.0,0.0,0.0,0.0,0.0,0.0,0.0,0.0,m1026979,PQ,1.0,1.0,1.0,7199.557856794634,1000000.0,0.9,1.05,abc,,False,False,False,46.74484794,-119.2283858,default
1157,0.0,0.0,0.0,0.0,0.0,0.0,0.0,0.0,0.0,0.0,0.0,0.0,0.0,0.0,l2748152,PQ,1.0,1.0,1.0,7199.557856794634,1000000.0,0.9,1.05,b,,False,False,False,46.74461826,-119.2270952,default
1158,0.0,0.0,0.0,0.0,0.0,0.0,0.0,0.0,0.0,0.0,0.0,0.0,0.0,0.0,x2748152b,PQ,1.0,1.0,1.0,104.0,1000000.0,0.9,1.05,s1s2,b,False,False,False,46.7443,-119.2271,default
1159,0.0,0.0,0.0,0.0,0.0,0.0,0.0013669229612963,0.0003425832203829,0.0044730774522642,0.0011210589997931,0.0,0.0,0.0,0.0,sx2748152b,PQ,1.0,1.0,1.0,104.0,1000000.0,0.9,1.05,s1s2,b,False,True,False,46.7443,-119.2274,default
1160,0.0,0.0,0.0,0.0,0.0,0.0,0.0,0.0,0.0,0.0,0.0,0.0,0.0,0.0,m1026984,PQ,1.0,1.0,1.0,7199.557856794634,1000000.0,0.9,1.05,abc,,False,False,False,46.74584928,-119.2282193,default
1161,0.0,0.0,0.0,0.0,0.0,0.0,0.0,0.0,0.0,0.0,0.0,0.0,0.0,0.0,m1026986,PQ,1.0,1.0,1.0,7199.557856794634,1000000.0,0.9,1.05,abc,,False,False,False,46.74687778,-119.2281799,default
1162,0.0,0.0,0.0,0.0,0.0,0.0,0.0,0.0,0.0,0.0,0.0,0.0,0.0,0.0,m1026997,PQ,1.0,1.0,1.0,7199.557856794634,1000000.0,0.9,1.05,abc,,False,False,False,46.74903344,-119.2278534,default
1163,0.0,0.0,0.0,0.0,0.0,0.0,0.0,0.0,0.0,0.0,0.0,0.0,0.0,0.0,l3216361,PQ,1.0,1.0,1.0,7199.557856794634,1000000.0,0.9,1.05,b,,False,False,False,46.74910026,-119.2282062,default
1164,0.0,0.0,0.0,0.0,0.0,0.0,0.0,0.0,0.0,0.0,0.0,0.0,0.0,0.0,l2729434,PQ,1.0,1.0,1.0,7199.557856794634,1000000.0,0.9,1.05,b,,False,False,False,46.7480205,-119.2291497,default
1165,0.0,0.0,0.0,0.0,0.0,0.0,0.0,0.0,0.0,0.0,0.0,0.0,0.0,0.0,x2729434b,PQ,1.0,1.0,1.0,104.0,1000000.0,0.9,1.05,s1s2,b,False,False,False,46.7477,-119.2291,default
1166,0.0,0.0,0.0,0.0,0.0,0.0,0.0007435693379811,0.0001863560604849,0.005096431088368,0.0012772861651256,0.0,0.0,0.0,0.0,sx2729434b,PQ,1.0,1.0,1.0,104.0,1000000.0,0.9,1.05,s1s2,b,False,True,False,46.7477,-119.2294,default
1167,0.0,0.0,0.0,0.0,0.0,0.0,0.0,0.0,0.0,0.0,0.0,0.0,0.0,0.0,x3216361b,PQ,1.0,1.0,1.0,104.0,1000000.0,0.9,1.05,s1s2,b,False,False,False,46.7488,-119.2282,default
1168,0.0,0.0,0.0,0.0,0.0,0.0,0.0046310002346372,0.0011606381791368,0.005099000460482,0.0012779301047032,0.0,0.0,0.0,0.0,sx3216361b,PQ,1.0,1.0,1.0,104.0,1000000.0,0.9,1.05,s1s2,b,False,True,False,46.7488,-119.2285,default
1169,0.0,0.0,0.0,0.0,0.0,0.0,0.0,0.0,0.0,0.0,0.0,0.0,0.0,0.0,m1027000,PQ,1.0,1.0,1.0,7199.557856794634,1000000.0,0.9,1.05,abc,,False,False,False,46.74989292,-119.2277746,default
1170,0.0,0.0,0.0,0.0,0.0,0.0,0.0,0.0,0.0,0.0,0.0,0.0,0.0,0.0,l2916608,PQ,1.0,1.0,1.0,7199.557856794634,1000000.0,0.9,1.05,abc,,False,False,False,46.75084626,-119.2277014,default
1171,0.0,0.0,0.0,0.0,0.0,0.0,0.0,0.0,0.0,0.0,0.0,0.0,0.0,0.0,m1027002,PQ,1.0,1.0,1.0,7199.557856794634,1000000.0,0.9,1.05,abc,,False,False,False,46.75208164,-119.22778,default
1172,0.0,0.0,0.0,0.0,0.0,0.0,0.0,0.0,0.0,0.0,0.0,0.0,0.0,0.0,l2673313,PQ,1.0,1.0,1.0,7199.557856794634,1000000.0,0.9,1.05,abc,,False,False,False,46.75339126,-119.2278278,default
1173,0.0,0.0,0.0,0.0,0.0,0.0,0.0,0.0,0.0,0.0,0.0,0.0,0.0,0.0,m1027011,PQ,1.0,1.0,1.0,7199.557856794634,1000000.0,0.9,1.05,abc,,False,False,False,46.7543267,-119.2278683,default
1174,0.0,0.0,0.0,0.0,0.0,0.0,0.0,0.0,0.0,0.0,0.0,0.0,0.0,0.0,m1027013,PQ,1.0,1.0,1.0,7199.557856794634,1000000.0,0.9,1.05,abc,,False,False,False,46.7557704,-119.2279404,default
1175,0.0,0.0,0.0,0.0,0.0,0.0,0.0,0.0,0.0,0.0,0.0,0.0,0.0,0.0,m1027023,PQ,1.0,1.0,1.0,7199.557856794634,1000000.0,0.9,1.05,abc,,False,False,False,46.75717862,-119.2280109,default
1176,0.0,0.0,0.0,0.0,0.0,0.0,0.0,0.0,0.0,0.0,0.0,0.0,0.0,0.0,l3122815,PQ,1.0,1.0,1.0,7199.557856794634,1000000.0,0.9,1.05,b,,False,False,False,46.75703358,-119.2292881,default
1177,0.0,0.0,0.0,0.0,0.0,0.0,0.0,0.0,0.0,0.0,0.0,0.0,0.0,0.0,x3122815b,PQ,1.0,1.0,1.0,104.0,1000000.0,0.9,1.05,s1s2,b,False,False,False,46.7567,-119.2293,default
1178,0.0,0.0,0.0,0.0,0.0,0.0,0.002036434869671,0.0005103787378926,0.0038035655513141,0.0009532634808408,0.0,0.0,0.0,0.0,sx3122815b,PQ,1.0,1.0,1.0,104.0,1000000.0,0.9,1.05,s1s2,b,False,True,False,46.7567,-119.2296,default
1179,0.0,0.0,0.0,0.0,0.0,0.0,0.0,0.0,0.0,0.0,0.0,0.0,0.0,0.0,l3254213,PQ,1.0,1.0,1.0,7199.557856794634,1000000.0,0.9,1.05,abc,,False,False,False,46.75781246,-119.2280353,default
1180,0.0,0.0,0.0,0.0,0.0,0.0,0.0,0.0,0.0,0.0,0.0,0.0,0.0,0.0,m1027039,PQ,1.0,1.0,1.0,7199.557856794634,1000000.0,0.9,1.05,abc,,False,False,False,46.75871924,-119.2279114,default
1181,0.0,0.0,0.0,0.0,0.0,0.0,0.0,0.0,0.0,0.0,0.0,0.0,0.0,0.0,d5806920-1_int,PQ,1.0,1.0,1.0,7199.557856794634,1000000.0,0.9,1.05,b,,False,False,False,46.75871628,-119.2284092,default
1182,0.0,0.0,0.0,0.0,0.0,0.0,0.0,0.0,0.0,0.0,0.0,0.0,0.0,0.0,e182726,PQ,1.0,1.0,1.0,7199.557856794634,1000000.0,0.9,1.05,b,,False,False,False,46.7587167,-119.2291403,default
1183,0.0,0.0,0.0,0.0,0.0,0.0,0.0,0.0,0.0,0.0,0.0,0.0,0.0,0.0,l2766744,PQ,1.0,1.0,1.0,7199.557856794634,1000000.0,0.9,1.05,b,,False,False,False,46.75867506,-119.2292712,default
1184,0.0,0.0,0.0,0.0,0.0,0.0,0.0,0.0,0.0,0.0,0.0,0.0,0.0,0.0,m1027038,PQ,1.0,1.0,1.0,7199.557856794634,1000000.0,0.9,1.05,b,,False,False,False,46.75867416,-119.230186,default
1185,0.0,0.0,0.0,0.0,0.0,0.0,0.0,0.0,0.0,0.0,0.0,0.0,0.0,0.0,l2731712,PQ,1.0,1.0,1.0,7199.557856794634,1000000.0,0.9,1.05,b,,False,False,False,46.75782426,-119.2301996,default
1186,0.0,0.0,0.0,0.0,0.0,0.0,0.0,0.0,0.0,0.0,0.0,0.0,0.0,0.0,x2731712b,PQ,1.0,1.0,1.0,104.0,1000000.0,0.9,1.05,s1s2,b,False,False,False,46.7575,-119.2302,default
1187,0.0,0.0,0.0,0.0,0.0,0.0,0.0070705329592732,0.0017720427796453,0.0026594677680583,0.0006665255145369,0.0,0.0,0.0,0.0,sx2731712b,PQ,1.0,1.0,1.0,104.0,1000000.0,0.9,1.05,s1s2,b,False,True,False,46.7575,-119.2305,default
1188,0.0,0.0,0.0,0.0,0.0,0.0,0.0,0.0,0.0,0.0,0.0,0.0,0.0,0.0,m1027036,PQ,1.0,1.0,1.0,7199.557856794634,1000000.0,0.9,1.05,b,,False,False,False,46.75862536,-119.2319644,default
1189,0.0,0.0,0.0,0.0,0.0,0.0,0.0,0.0,0.0,0.0,0.0,0.0,0.0,0.0,l2785543,PQ,1.0,1.0,1.0,7199.557856794634,1000000.0,0.9,1.05,b,,False,False,False,46.758593,-119.2333395,default
1190,0.0,0.0,0.0,0.0,0.0,0.0,0.0,0.0,0.0,0.0,0.0,0.0,0.0,0.0,x2785543b,PQ,1.0,1.0,1.0,104.0,1000000.0,0.9,1.05,s1s2,b,False,False,False,46.7582,-119.2333,default
1191,0.0,0.0,0.0,0.0,0.0,0.0,0.008821495904302,0.0022108755124846,0.0009085048585946,0.000227692801538,0.0,0.0,0.0,0.0,sx2785543b,PQ,1.0,1.0,1.0,104.0,1000000.0,0.9,1.05,s1s2,b,False,True,False,46.7583,-119.2336,default
1192,0.0,0.0,0.0,0.0,0.0,0.0,0.0,0.0,0.0,0.0,0.0,0.0,0.0,0.0,l3010580,PQ,1.0,1.0,1.0,7199.557856794634,1000000.0,0.9,1.05,b,,False,False,False,46.75840094,-119.231714,default
1193,0.0,0.0,0.0,0.0,0.0,0.0,0.0,0.0,0.0,0.0,0.0,0.0,0.0,0.0,x3010580b,PQ,1.0,1.0,1.0,104.0,1000000.0,0.9,1.05,s1s2,b,False,False,False,46.7581,-119.2317,default
1194,0.0,0.0,0.0,0.0,0.0,0.0,0.0041259397314985,0.0010340580750736,0.0017140606935106,0.0004295841452201,0.0,0.0,0.0,0.0,sx3010580b,PQ,1.0,1.0,1.0,104.0,1000000.0,0.9,1.05,s1s2,b,False,True,False,46.7581,-119.232,default
1195,0.0,0.0,0.0,0.0,0.0,0.0,0.0,0.0,0.0,0.0,0.0,0.0,0.0,0.0,x2766744b,PQ,1.0,1.0,1.0,104.0,1000000.0,0.9,1.05,s1s2,b,False,False,False,46.7583,-119.2293,default
1196,0.0,0.0,0.0,0.0,0.0,0.0,0.0035504899429594,0.0008898367439828,0.0061795107738843,0.0015487315443012,0.0,0.0,0.0,0.0,sx2766744b,PQ,1.0,1.0,1.0,104.0,1000000.0,0.9,1.05,s1s2,b,False,True,False,46.7584,-119.2296,default
1197,0.0,0.0,0.0,0.0,0.0,0.0,0.0,0.0,0.0,0.0,0.0,0.0,0.0,0.0,m1027043,PQ,1.0,1.0,1.0,7199.557856794634,1000000.0,0.9,1.05,abc,,False,False,False,46.7591056,-119.2279258,default
1198,0.0,0.0,0.0,0.0,0.0,0.0,0.0,0.0,0.0,0.0,0.0,0.0,0.0,0.0,d6019477-1_int,PQ,1.0,1.0,1.0,7199.557856794634,1000000.0,0.9,1.05,c,,False,False,False,46.75908218,-119.227887,default
1199,0.0,0.0,0.0,0.0,0.0,0.0,0.0,0.0,0.0,0.0,0.0,0.0,0.0,0.0,e182727,PQ,1.0,1.0,1.0,7199.557856794634,1000000.0,0.9,1.05,c,,False,False,False,46.75912574,-119.2275737,default
1200,0.0,0.0,0.0,0.0,0.0,0.0,0.0,0.0,0.0,0.0,0.0,0.0,0.0,0.0,m1027042,PQ,1.0,1.0,1.0,7199.557856794634,1000000.0,0.9,1.05,c,,False,False,False,46.7591693,-119.2274693,default
1201,0.0,0.0,0.0,0.0,0.0,0.0,0.0,0.0,0.0,0.0,0.0,0.0,0.0,0.0,l3235248,PQ,1.0,1.0,1.0,7199.557856794634,1000000.0,0.9,1.05,c,,False,False,False,46.75925954,-119.2273648,default
1202,0.0,0.0,0.0,0.0,0.0,0.0,0.0,0.0,0.0,0.0,0.0,0.0,0.0,0.0,x3235248c,PQ,1.0,1.0,1.0,104.0,1000000.0,0.9,1.05,s1s2,c,False,False,False,46.7589,-119.2274,default
1203,0.0,0.0,0.0,0.0,0.0,0.0,0.0013355243061308,0.0003347140299624,0.0047644757364937,0.0011940904989341,0.0,0.0,0.0,0.0,sx3235248c,PQ,1.0,1.0,1.0,104.0,1000000.0,0.9,1.05,s1s2,c,False,True,False,46.7589,-119.2276,default
1204,0.0,0.0,0.0,0.0,0.0,0.0,0.0,0.0,0.0,0.0,0.0,0.0,0.0,0.0,n1144666,PQ,1.0,1.0,1.0,7199.557856794634,1000000.0,0.9,1.05,c,,False,False,False,46.75898128,-119.2272799,default
1205,0.0,0.0,0.0,0.0,0.0,0.0,0.0,0.0,0.0,0.0,0.0,0.0,0.0,0.0,m1027041,PQ,1.0,1.0,1.0,7199.557856794634,1000000.0,0.9,1.05,c,,False,False,False,46.7588805,-119.2267564,default
1206,0.0,0.0,0.0,0.0,0.0,0.0,0.0,0.0,0.0,0.0,0.0,0.0,0.0,0.0,l2916607,PQ,1.0,1.0,1.0,7199.557856794634,1000000.0,0.9,1.05,c,,False,False,False,46.75982134,-119.2263553,default
1207,0.0,0.0,0.0,0.0,0.0,0.0,0.0,0.0,0.0,0.0,0.0,0.0,0.0,0.0,x2916607c,PQ,1.0,1.0,1.0,104.0,1000000.0,0.9,1.05,s1s2,c,False,False,False,46.7595,-119.2264,default
1208,0.0,0.0,0.0,0.0,0.0,0.0,0.0026303850862296,0.0006592368162692,0.0075396150048912,0.001889606150263,0.0,0.0,0.0,0.0,sx2916607c,PQ,1.0,1.0,1.0,104.0,1000000.0,0.9,1.05,s1s2,c,False,True,False,46.7595,-119.2266,default
1209,0.0,0.0,0.0,0.0,0.0,0.0,0.0,0.0,0.0,0.0,0.0,0.0,0.0,0.0,l3010564,PQ,1.0,1.0,1.0,7199.557856794634,1000000.0,0.9,1.05,c,,False,False,False,46.75854504,-119.2256183,default
1210,0.0,0.0,0.0,0.0,0.0,0.0,0.0,0.0,0.0,0.0,0.0,0.0,0.0,0.0,l2710515,PQ,1.0,1.0,1.0,7199.557856794634,1000000.0,0.9,1.05,c,,False,False,False,46.7580398,-119.2235895,default
1211,0.0,0.0,0.0,0.0,0.0,0.0,0.0,0.0,0.0,0.0,0.0,0.0,0.0,0.0,m1027027,PQ,1.0,1.0,1.0,7199.557856794634,1000000.0,0.9,1.05,c,,False,False,False,46.75798078,-119.2212154,default
1212,0.0,0.0,0.0,0.0,0.0,0.0,0.0,0.0,0.0,0.0,0.0,0.0,0.0,0.0,l2766746,PQ,1.0,1.0,1.0,7199.557856794634,1000000.0,0.9,1.05,c,,False,False,False,46.75965372,-119.2211176,default
1213,0.0,0.0,0.0,0.0,0.0,0.0,0.0,0.0,0.0,0.0,0.0,0.0,0.0,0.0,m1027073,PQ,1.0,1.0,1.0,7199.557856794634,1000000.0,0.9,1.05,c,,False,False,False,46.76123126,-119.2211954,default
1214,0.0,0.0,0.0,0.0,0.0,0.0,0.0,0.0,0.0,0.0,0.0,0.0,0.0,0.0,l2879089,PQ,1.0,1.0,1.0,7199.557856794634,1000000.0,0.9,1.05,c,,False,False,False,46.76122386,-119.2219882,default
1215,0.0,0.0,0.0,0.0,0.0,0.0,0.0,0.0,0.0,0.0,0.0,0.0,0.0,0.0,x2879089c,PQ,1.0,1.0,1.0,104.0,1000000.0,0.9,1.05,s1s2,c,False,False,False,46.7609,-119.222,default
1216,0.0,0.0,0.0,0.0,0.0,0.0,0.0149291345279828,0.0037415948707959,0.0003308658669553,8.292282398775839e-05,0.0,0.0,0.0,0.0,sx2879089c,PQ,1.0,1.0,1.0,104.0,1000000.0,0.9,1.05,s1s2,c,False,True,False,46.7609,-119.2223,default
1217,0.0,0.0,0.0,0.0,0.0,0.0,0.0,0.0,0.0,0.0,0.0,0.0,0.0,0.0,l3104118,PQ,1.0,1.0,1.0,7199.557856794634,1000000.0,0.9,1.05,c,,False,False,False,46.76239836,-119.2211615,default
1218,0.0,0.0,0.0,0.0,0.0,0.0,0.0,0.0,0.0,0.0,0.0,0.0,0.0,0.0,l2748126,PQ,1.0,1.0,1.0,7199.557856794634,1000000.0,0.9,1.05,c,,False,False,False,46.76353834,-119.2211793,default
1219,0.0,0.0,0.0,0.0,0.0,0.0,0.0,0.0,0.0,0.0,0.0,0.0,0.0,0.0,x2748126c,PQ,1.0,1.0,1.0,104.0,1000000.0,0.9,1.05,s1s2,c,False,False,False,46.7632,-119.2212,default
1220,0.0,0.0,0.0,0.0,0.0,0.0,0.0010350577181484,0.0002594099845974,0.009134942431701,0.0022894330148943,0.0,0.0,0.0,0.0,sx2748126c,PQ,1.0,1.0,1.0,104.0,1000000.0,0.9,1.05,s1s2,c,False,True,False,46.7632,-119.2215,default
1221,0.0,0.0,0.0,0.0,0.0,0.0,0.0,0.0,0.0,0.0,0.0,0.0,0.0,0.0,x3104118c,PQ,1.0,1.0,1.0,104.0,1000000.0,0.9,1.05,s1s2,c,False,False,False,46.762,-119.2212,default
1222,0.0,0.0,0.0,0.0,0.0,0.0,0.0123913609249192,0.0031055686493197,0.0028686393290105,0.0007189489721798,0.0,0.0,0.0,0.0,sx3104118c,PQ,1.0,1.0,1.0,104.0,1000000.0,0.9,1.05,s1s2,c,False,True,False,46.7621,-119.2214,default
1223,0.0,0.0,0.0,0.0,0.0,0.0,0.0,0.0,0.0,0.0,0.0,0.0,0.0,0.0,m1027071,PQ,1.0,1.0,1.0,7199.557856794634,1000000.0,0.9,1.05,c,,False,False,False,46.76107328,-119.2195646,default
1224,0.0,0.0,0.0,0.0,0.0,0.0,0.0,0.0,0.0,0.0,0.0,0.0,0.0,0.0,l3235241,PQ,1.0,1.0,1.0,7199.557856794634,1000000.0,0.9,1.05,c,,False,False,False,46.7609476,-119.2197672,default
1225,0.0,0.0,0.0,0.0,0.0,0.0,0.0,0.0,0.0,0.0,0.0,0.0,0.0,0.0,l2691941,PQ,1.0,1.0,1.0,7199.557856794634,1000000.0,0.9,1.05,c,,False,False,False,46.75945212,-119.218892,default
1226,0.0,0.0,0.0,0.0,0.0,0.0,0.0,0.0,0.0,0.0,0.0,0.0,0.0,0.0,x2691941c,PQ,1.0,1.0,1.0,104.0,1000000.0,0.9,1.05,s1s2,c,False,False,False,46.7591,-119.2189,default
1227,0.0,0.0,0.0,0.0,0.0,0.0,0.01005857595514,0.002520917467333,0.0001114242304744,2.792555176210283e-05,0.0,0.0,0.0,0.0,sx2691941c,PQ,1.0,1.0,1.0,104.0,1000000.0,0.9,1.05,s1s2,c,False,True,False,46.7591,-119.2192,default
1228,0.0,0.0,0.0,0.0,0.0,0.0,0.0,0.0,0.0,0.0,0.0,0.0,0.0,0.0,x3235241c,PQ,1.0,1.0,1.0,104.0,1000000.0,0.9,1.05,s1s2,c,False,False,False,46.7606,-119.2198,default
1229,0.0,0.0,0.0,0.0,0.0,0.0,0.0014476657414185,0.0003628193300991,0.0087223343959818,0.0021860236627165,0.0,0.0,0.0,0.0,sx3235241c,PQ,1.0,1.0,1.0,104.0,1000000.0,0.9,1.05,s1s2,c,False,True,False,46.7606,-119.22,default
1230,0.0,0.0,0.0,0.0,0.0,0.0,0.0,0.0,0.0,0.0,0.0,0.0,0.0,0.0,l3235267,PQ,1.0,1.0,1.0,7199.557856794634,1000000.0,0.9,1.05,c,,False,False,False,46.7610014,-119.2184287,default
1231,0.0,0.0,0.0,0.0,0.0,0.0,0.0,0.0,0.0,0.0,0.0,0.0,0.0,0.0,m1027068,PQ,1.0,1.0,1.0,7199.557856794634,1000000.0,0.9,1.05,c,,False,False,False,46.76093236,-119.2173369,default
1232,0.0,0.0,0.0,0.0,0.0,0.0,0.0,0.0,0.0,0.0,0.0,0.0,0.0,0.0,l3235268,PQ,1.0,1.0,1.0,7199.557856794634,1000000.0,0.9,1.05,c,,False,False,False,46.76222316,-119.2172282,default
1233,0.0,0.0,0.0,0.0,0.0,0.0,0.0,0.0,0.0,0.0,0.0,0.0,0.0,0.0,x3235268c,PQ,1.0,1.0,1.0,104.0,1000000.0,0.9,1.05,s1s2,c,False,False,False,46.7619,-119.2172,default
1234,0.0,0.0,0.0,0.0,0.0,0.0,0.0041144258407094,0.0010311725909747,0.0060555742477064,0.0015176703752958,0.0,0.0,0.0,0.0,sx3235268c,PQ,1.0,1.0,1.0,104.0,1000000.0,0.9,1.05,s1s2,c,False,True,False,46.7619,-119.2175,default
1235,0.0,0.0,0.0,0.0,0.0,0.0,0.0,0.0,0.0,0.0,0.0,0.0,0.0,0.0,m1027066,PQ,1.0,1.0,1.0,7199.557856794634,1000000.0,0.9,1.05,c,,False,False,False,46.76080312,-119.2150927,default
1236,0.0,0.0,0.0,0.0,0.0,0.0,0.0,0.0,0.0,0.0,0.0,0.0,0.0,0.0,l2841645,PQ,1.0,1.0,1.0,7199.557856794634,1000000.0,0.9,1.05,c,,False,False,False,46.76063024,-119.215126,default
1237,0.0,0.0,0.0,0.0,0.0,0.0,0.0,0.0,0.0,0.0,0.0,0.0,0.0,0.0,l3066829,PQ,1.0,1.0,1.0,7199.557856794634,1000000.0,0.9,1.05,c,,False,False,False,46.76022108,-119.2149715,default
1238,0.0,0.0,0.0,0.0,0.0,0.0,0.0,0.0,0.0,0.0,0.0,0.0,0.0,0.0,x3066829c,PQ,1.0,1.0,1.0,104.0,1000000.0,0.9,1.05,s1s2,c,False,False,False,46.7599,-119.215,default
1239,0.0,0.0,0.0,0.0,0.0,0.0,0.0043038580674667,0.001078648795292,0.0058661420200041,0.001470194170539,0.0,0.0,0.0,0.0,sx3066829c,PQ,1.0,1.0,1.0,104.0,1000000.0,0.9,1.05,s1s2,c,False,True,False,46.7599,-119.2153,default
1240,0.0,0.0,0.0,0.0,0.0,0.0,0.0,0.0,0.0,0.0,0.0,0.0,0.0,0.0,x2841645c,PQ,1.0,1.0,1.0,104.0,1000000.0,0.9,1.05,s1s2,c,False,False,False,46.7603,-119.2151,default
1241,0.0,0.0,0.0,0.0,0.0,0.0,0.0083581212890112,0.0020947432271508,0.0018118788394136,0.0004540997610053,0.0,0.0,0.0,0.0,sx2841645c,PQ,1.0,1.0,1.0,104.0,1000000.0,0.9,1.05,s1s2,c,False,True,False,46.7603,-119.2154,default
1242,0.0,0.0,0.0,0.0,0.0,0.0,0.0,0.0,0.0,0.0,0.0,0.0,0.0,0.0,x3235267c,PQ,1.0,1.0,1.0,104.0,1000000.0,0.9,1.05,s1s2,c,False,False,False,46.7607,-119.2184,default
1243,0.0,0.0,0.0,0.0,0.0,0.0,0.0027834768700649,0.0006976052457316,0.0073865232354196,0.0018512377297614,0.0,0.0,0.0,0.0,sx3235267c,PQ,1.0,1.0,1.0,104.0,1000000.0,0.9,1.05,s1s2,c,False,True,False,46.7607,-119.2187,default
1244,0.0,0.0,0.0,0.0,0.0,0.0,0.0,0.0,0.0,0.0,0.0,0.0,0.0,0.0,x2766746c,PQ,1.0,1.0,1.0,104.0,1000000.0,0.9,1.05,s1s2,c,False,False,False,46.7593,-119.2211,default
1245,0.0,0.0,0.0,0.0,0.0,0.0,0.0023203201637528,0.0005815272019304,0.0078496799474808,0.0019673157760236,0.0,0.0,0.0,0.0,sx2766746c,PQ,1.0,1.0,1.0,104.0,1000000.0,0.9,1.05,s1s2,c,False,True,False,46.7593,-119.2214,default
1246,0.0,0.0,0.0,0.0,0.0,0.0,0.0,0.0,0.0,0.0,0.0,0.0,0.0,0.0,l3270853,PQ,1.0,1.0,1.0,7199.557856794634,1000000.0,0.9,1.05,c,,False,False,False,46.75834476,-119.2206194,default
1247,0.0,0.0,0.0,0.0,0.0,0.0,0.0,0.0,0.0,0.0,0.0,0.0,0.0,0.0,m1027014,PQ,1.0,1.0,1.0,7199.557856794634,1000000.0,0.9,1.05,c,,False,False,False,46.75616522,-119.2193974,default
1248,0.0,0.0,0.0,0.0,0.0,0.0,0.0,0.0,0.0,0.0,0.0,0.0,0.0,0.0,x2710515c,PQ,1.0,1.0,1.0,104.0,1000000.0,0.9,1.05,s1s2,c,False,False,False,46.7577,-119.2236,default
1249,0.0,0.0,0.0,0.0,0.0,0.0,0.0077733187068427,0.0019481778264391,0.0074866814323723,0.0018763397336921,0.0,0.0,0.0,0.0,sx2710515c,PQ,1.0,1.0,1.0,104.0,1000000.0,0.9,1.05,s1s2,c,False,True,False,46.7577,-119.2239,default
1250,0.0,0.0,0.0,0.0,0.0,0.0,0.0,0.0,0.0,0.0,0.0,0.0,0.0,0.0,x3010564c,PQ,1.0,1.0,1.0,104.0,1000000.0,0.9,1.05,s1s2,c,False,False,False,46.7582,-119.2256,default
1251,0.0,0.0,0.0,0.0,0.0,0.0,0.002521662896806,0.0006319884621555,0.0035783371381776,0.0008968160623551,0.0,0.0,0.0,0.0,sx3010564c,PQ,1.0,1.0,1.0,104.0,1000000.0,0.9,1.05,s1s2,c,False,True,False,46.7582,-119.2259,default
1252,0.0,0.0,0.0,0.0,0.0,0.0,0.0,0.0,0.0,0.0,0.0,0.0,0.0,0.0,m1027055,PQ,1.0,1.0,1.0,7199.557856794634,1000000.0,0.9,1.05,abc,,False,False,False,46.7597366,-119.227951,default
1253,0.0,0.0,0.0,0.0,0.0,0.0,0.0,0.0,0.0,0.0,0.0,0.0,0.0,0.0,m1027056,PQ,1.0,1.0,1.0,7199.557856794634,1000000.0,0.9,1.05,a,,False,False,False,46.75983222,-119.2279599,default
1254,0.0,0.0,0.0,0.0,0.0,0.0,0.0,0.0,0.0,0.0,0.0,0.0,0.0,0.0,n1144667,PQ,1.0,1.0,1.0,7199.557856794634,1000000.0,0.9,1.05,a,,False,False,False,46.76028468,-119.2280021,default
1255,0.0,0.0,0.0,0.0,0.0,0.0,0.0,0.0,0.0,0.0,0.0,0.0,0.0,0.0,d5712587-2_int,PQ,1.0,1.0,1.0,7199.557856794634,1000000.0,0.9,1.05,a,,False,False,False,46.76099878,-119.2280437,default
1256,0.0,0.0,0.0,0.0,0.0,0.0,0.0,0.0,0.0,0.0,0.0,0.0,0.0,0.0,l3083019,PQ,1.0,1.0,1.0,7199.557856794634,1000000.0,0.9,1.05,a,,False,False,False,46.76162578,-119.2281071,default
1257,0.0,0.0,0.0,0.0,0.0,0.0,0.0,0.0,0.0,0.0,0.0,0.0,0.0,0.0,m1027080,PQ,1.0,1.0,1.0,7199.557856794634,1000000.0,0.9,1.05,a,,False,False,False,46.76203432,-119.2281545,default
1258,0.0,0.0,0.0,0.0,0.0,0.0,0.0,0.0,0.0,0.0,0.0,0.0,0.0,0.0,l3215340,PQ,1.0,1.0,1.0,7199.557856794634,1000000.0,0.9,1.05,a,,False,False,False,46.76297944,-119.2281787,default
1259,0.0,0.0,0.0,0.0,0.0,0.0,0.0,0.0,0.0,0.0,0.0,0.0,0.0,0.0,m1027087,PQ,1.0,1.0,1.0,7199.557856794634,1000000.0,0.9,1.05,a,,False,False,False,46.7634757,-119.2281914,default
1260,0.0,0.0,0.0,0.0,0.0,0.0,0.0,0.0,0.0,0.0,0.0,0.0,0.0,0.0,l2726983,PQ,1.0,1.0,1.0,7199.557856794634,1000000.0,0.9,1.05,a,,False,False,False,46.76370814,-119.2266657,default
1261,0.0,0.0,0.0,0.0,0.0,0.0,0.0,0.0,0.0,0.0,0.0,0.0,0.0,0.0,x2726983a,PQ,1.0,1.0,1.0,104.0,1000000.0,0.9,1.05,s1s2,a,False,False,False,46.7634,-119.2267,default
1262,0.0,0.0,0.0,0.0,0.0,0.0,0.0068591193351562,0.0017190569610218,0.0064408799013621,0.0016142363030177,0.0,0.0,0.0,0.0,sx2726983a,PQ,1.0,1.0,1.0,104.0,1000000.0,0.9,1.05,s1s2,a,False,True,False,46.7634,-119.2269,default
1263,0.0,0.0,0.0,0.0,0.0,0.0,0.0,0.0,0.0,0.0,0.0,0.0,0.0,0.0,m1027091,PQ,1.0,1.0,1.0,7199.557856794634,1000000.0,0.9,1.05,a,,False,False,False,46.7638068,-119.22819,default
1264,0.0,0.0,0.0,0.0,0.0,0.0,0.0,0.0,0.0,0.0,0.0,0.0,0.0,0.0,l2764412,PQ,1.0,1.0,1.0,7199.557856794634,1000000.0,0.9,1.05,a,,False,False,False,46.76437164,-119.2281877,default
1265,0.0,0.0,0.0,0.0,0.0,0.0,0.0,0.0,0.0,0.0,0.0,0.0,0.0,0.0,n1134470,PQ,1.0,1.0,1.0,7199.557856794634,1000000.0,0.9,1.05,a,,False,False,False,46.76486378,-119.2305804,default
1266,0.0,0.0,0.0,0.0,0.0,0.0,0.0,0.0,0.0,0.0,0.0,0.0,0.0,0.0,l3251808,PQ,1.0,1.0,1.0,7199.557856794634,1000000.0,0.9,1.05,a,,False,False,False,46.7653407,-119.2320132,default
1267,0.0,0.0,0.0,0.0,0.0,0.0,0.0,0.0,0.0,0.0,0.0,0.0,0.0,0.0,m1027100,PQ,1.0,1.0,1.0,7199.557856794634,1000000.0,0.9,1.05,a,,False,False,False,46.76565568,-119.2329595,default
1268,0.0,0.0,0.0,0.0,0.0,0.0,0.0,0.0,0.0,0.0,0.0,0.0,0.0,0.0,l3140238,PQ,1.0,1.0,1.0,7199.557856794634,1000000.0,0.9,1.05,a,,False,False,False,46.76646938,-119.2322588,default
1269,0.0,0.0,0.0,0.0,0.0,0.0,0.0,0.0,0.0,0.0,0.0,0.0,0.0,0.0,x3140238a,PQ,1.0,1.0,1.0,104.0,1000000.0,0.9,1.05,s1s2,a,False,False,False,46.7661,-119.2323,default
1270,0.0,0.0,0.0,0.0,0.0,0.0,3.353712272207359e-05,8.405193405831596e-06,0.0088364623013884,0.0022146256876272,0.0,0.0,0.0,0.0,sx3140238a,PQ,1.0,1.0,1.0,104.0,1000000.0,0.9,1.05,s1s2,a,False,True,False,46.7662,-119.2325,default
1271,0.0,0.0,0.0,0.0,0.0,0.0,0.0,0.0,0.0,0.0,0.0,0.0,0.0,0.0,m1027109,PQ,1.0,1.0,1.0,7199.557856794634,1000000.0,0.9,1.05,a,,False,False,False,46.76797684,-119.2338037,default
1272,0.0,0.0,0.0,0.0,0.0,0.0,0.0,0.0,0.0,0.0,0.0,0.0,0.0,0.0,l3101788,PQ,1.0,1.0,1.0,7199.557856794634,1000000.0,0.9,1.05,a,,False,False,False,46.76786908,-119.2326634,default
1273,0.0,0.0,0.0,0.0,0.0,0.0,0.0,0.0,0.0,0.0,0.0,0.0,0.0,0.0,l3101787,PQ,1.0,1.0,1.0,7199.557856794634,1000000.0,0.9,1.05,a,,False,False,False,46.76749054,-119.2318403,default
1274,0.0,0.0,0.0,0.0,0.0,0.0,0.0,0.0,0.0,0.0,0.0,0.0,0.0,0.0,l3027132,PQ,1.0,1.0,1.0,7199.557856794634,1000000.0,0.9,1.05,a,,False,False,False,46.76721874,-119.231259,default
1275,0.0,0.0,0.0,0.0,0.0,0.0,0.0,0.0,0.0,0.0,0.0,0.0,0.0,0.0,x3027132a,PQ,1.0,1.0,1.0,104.0,1000000.0,0.9,1.05,s1s2,a,False,False,False,46.7669,-119.2313,default
1276,0.0,0.0,0.0,0.0,0.0,0.0,0.0024968025507079,0.0006257575623959,0.0028231971506996,0.0007075597409566,0.0,0.0,0.0,0.0,sx3027132a,PQ,1.0,1.0,1.0,104.0,1000000.0,0.9,1.05,s1s2,a,False,True,False,46.7669,-119.2315,default
1277,0.0,0.0,0.0,0.0,0.0,0.0,0.0,0.0,0.0,0.0,0.0,0.0,0.0,0.0,x3101787a,PQ,1.0,1.0,1.0,104.0,1000000.0,0.9,1.05,s1s2,a,False,False,False,46.7671,-119.2318,default
1278,0.0,0.0,0.0,0.0,0.0,0.0,0.0046897124809133,0.00117535247182,0.0041802870098301,0.0010476784439398,0.0,0.0,0.0,0.0,sx3101787a,PQ,1.0,1.0,1.0,104.0,1000000.0,0.9,1.05,s1s2,a,False,True,False,46.7672,-119.2321,default
1279,0.0,0.0,0.0,0.0,0.0,0.0,0.0,0.0,0.0,0.0,0.0,0.0,0.0,0.0,x3101788a,PQ,1.0,1.0,1.0,104.0,1000000.0,0.9,1.05,s1s2,a,False,False,False,46.7675,-119.2327,default
1280,0.0,0.0,0.0,0.0,0.0,0.0,0.0020736176210623,0.0005196974479233,0.0067963818494363,0.0017033334572844,0.0,0.0,0.0,0.0,sx3101788a,PQ,1.0,1.0,1.0,104.0,1000000.0,0.9,1.05,s1s2,a,False,True,False,46.7676,-119.2329,default
1281,0.0,0.0,0.0,0.0,0.0,0.0,0.0,0.0,0.0,0.0,0.0,0.0,0.0,0.0,m1027114,PQ,1.0,1.0,1.0,7199.557856794634,1000000.0,0.9,1.05,a,,False,False,False,46.76887102,-119.2338291,default
1282,0.0,0.0,0.0,0.0,0.0,0.0,0.0,0.0,0.0,0.0,0.0,0.0,0.0,0.0,l2876812,PQ,1.0,1.0,1.0,7199.557856794634,1000000.0,0.9,1.05,a,,False,False,False,46.76976138,-119.2337729,default
1283,0.0,0.0,0.0,0.0,0.0,0.0,0.0,0.0,0.0,0.0,0.0,0.0,0.0,0.0,l2970811,PQ,1.0,1.0,1.0,7199.557856794634,1000000.0,0.9,1.05,a,,False,False,False,46.7707768,-119.2336687,default
1284,0.0,0.0,0.0,0.0,0.0,0.0,0.0,0.0,0.0,0.0,0.0,0.0,0.0,0.0,m1027121,PQ,1.0,1.0,1.0,7199.557856794634,1000000.0,0.9,1.05,a,,False,False,False,46.7715921,-119.2333443,default
1285,0.0,0.0,0.0,0.0,0.0,0.0,0.0,0.0,0.0,0.0,0.0,0.0,0.0,0.0,m1027123,PQ,1.0,1.0,1.0,7199.557856794634,1000000.0,0.9,1.05,a,,False,False,False,46.77194184,-119.2330147,default
1286,0.0,0.0,0.0,0.0,0.0,0.0,0.0,0.0,0.0,0.0,0.0,0.0,0.0,0.0,l3008248,PQ,1.0,1.0,1.0,7199.557856794634,1000000.0,0.9,1.05,a,,False,False,False,46.7722215,-119.2327509,default
1287,0.0,0.0,0.0,0.0,0.0,0.0,0.0,0.0,0.0,0.0,0.0,0.0,0.0,0.0,x3008248a,PQ,1.0,1.0,1.0,104.0,1000000.0,0.9,1.05,s1s2,a,False,False,False,46.7719,-119.2328,default
1288,0.0,0.0,0.0,0.0,0.0,0.0,0.0025229091205274,0.0006323004836911,0.0027970905793208,0.0007010168185773,0.0,0.0,0.0,0.0,sx3008248a,PQ,1.0,1.0,1.0,104.0,1000000.0,0.9,1.05,s1s2,a,False,True,False,46.7719,-119.233,default
1289,0.0,0.0,0.0,0.0,0.0,0.0,0.0,0.0,0.0,0.0,0.0,0.0,0.0,0.0,n1134469,PQ,1.0,1.0,1.0,7199.557856794634,1000000.0,0.9,1.05,a,,False,False,False,46.77157554,-119.2334928,default
1290,0.0,0.0,0.0,0.0,0.0,0.0,0.0,0.0,0.0,0.0,0.0,0.0,0.0,0.0,m1010017,PQ,1.0,1.0,1.0,7199.557856794634,1000000.0,0.9,1.05,a,,False,False,False,46.76923644,-119.2378748,default
1291,0.0,0.0,0.0,0.0,0.0,0.0,0.0,0.0,0.0,0.0,0.0,0.0,0.0,0.0,l2858175,PQ,1.0,1.0,1.0,7199.557856794634,1000000.0,0.9,1.05,a,,False,False,False,46.7680928,-119.2373631,default
1292,0.0,0.0,0.0,0.0,0.0,0.0,0.0,0.0,0.0,0.0,0.0,0.0,0.0,0.0,m1027110,PQ,1.0,1.0,1.0,7199.557856794634,1000000.0,0.9,1.05,a,,False,False,False,46.7680309,-119.2373354,default
1293,0.0,0.0,0.0,0.0,0.0,0.0,0.0,0.0,0.0,0.0,0.0,0.0,0.0,0.0,x2858175a,PQ,1.0,1.0,1.0,104.0,1000000.0,0.9,1.05,s1s2,a,False,False,False,46.7677,-119.2374,default
1294,0.0,0.0,0.0,0.0,0.0,0.0,0.0038188629973914,0.0009570970640949,0.0015011366954919,0.0003762202341217,0.0,0.0,0.0,0.0,sx2858175a,PQ,1.0,1.0,1.0,104.0,1000000.0,0.9,1.05,s1s2,a,False,True,False,46.7678,-119.2376,default
1295,0.0,0.0,0.0,0.0,0.0,0.0,0.0,0.0,0.0,0.0,0.0,0.0,0.0,0.0,m1010016,PQ,1.0,1.0,1.0,7199.557856794634,1000000.0,0.9,1.05,a,,False,False,False,46.7670505,-119.2395265,default
1296,0.0,0.0,0.0,0.0,0.0,0.0,0.0,0.0,0.0,0.0,0.0,0.0,0.0,0.0,l3251807,PQ,1.0,1.0,1.0,7199.557856794634,1000000.0,0.9,1.05,a,,False,False,False,46.76503282,-119.2396286,default
1297,0.0,0.0,0.0,0.0,0.0,0.0,0.0,0.0,0.0,0.0,0.0,0.0,0.0,0.0,x3251807a,PQ,1.0,1.0,1.0,104.0,1000000.0,0.9,1.05,s1s2,a,False,False,False,46.7647,-119.2396,default
1298,0.0,0.0,0.0,0.0,0.0,0.0,0.0019326463442456,0.0004843667228877,0.0069373531163426,0.0017386641758254,0.0,0.0,0.0,0.0,sx3251807a,PQ,1.0,1.0,1.0,104.0,1000000.0,0.9,1.05,s1s2,a,False,True,False,46.7647,-119.2399,default
1299,0.0,0.0,0.0,0.0,0.0,0.0,0.0,0.0,0.0,0.0,0.0,0.0,0.0,0.0,m1010015,PQ,1.0,1.0,1.0,7199.557856794634,1000000.0,0.9,1.05,a,,False,False,False,46.76622728,-119.2405113,default
1300,0.0,0.0,0.0,0.0,0.0,0.0,0.0,0.0,0.0,0.0,0.0,0.0,0.0,0.0,m1010014,PQ,1.0,1.0,1.0,7199.557856794634,1000000.0,0.9,1.05,a,,False,False,False,46.7654016,-119.2414932,default
1301,0.0,0.0,0.0,0.0,0.0,0.0,0.0,0.0,0.0,0.0,0.0,0.0,0.0,0.0,m1010011,PQ,1.0,1.0,1.0,7199.557856794634,1000000.0,0.9,1.05,a,,False,False,False,46.76481124,-119.2422018,default
1302,0.0,0.0,0.0,0.0,0.0,0.0,0.0,0.0,0.0,0.0,0.0,0.0,0.0,0.0,l3120504,PQ,1.0,1.0,1.0,7199.557856794634,1000000.0,0.9,1.05,a,,False,False,False,46.76388408,-119.2421866,default
1303,0.0,0.0,0.0,0.0,0.0,0.0,0.0,0.0,0.0,0.0,0.0,0.0,0.0,0.0,x3120504a,PQ,1.0,1.0,1.0,104.0,1000000.0,0.9,1.05,s1s2,a,False,False,False,46.7635,-119.2422,default
1304,0.0,0.0,0.0,0.0,0.0,0.0,0.0020400003486173,0.0005112721644975,0.0032799993465473,0.0008220451345886,0.0,0.0,0.0,0.0,sx3120504a,PQ,1.0,1.0,1.0,104.0,1000000.0,0.9,1.05,s1s2,a,False,True,False,46.7636,-119.2425,default
1305,0.0,0.0,0.0,0.0,0.0,0.0,0.0,0.0,0.0,0.0,0.0,0.0,0.0,0.0,m1010008,PQ,1.0,1.0,1.0,7199.557856794634,1000000.0,0.9,1.05,a,,False,False,False,46.7639796,-119.2431689,default
1306,0.0,0.0,0.0,0.0,0.0,0.0,0.0,0.0,0.0,0.0,0.0,0.0,0.0,0.0,m1010007,PQ,1.0,1.0,1.0,7199.557856794634,1000000.0,0.9,1.05,a,,False,False,False,46.76395468,-119.243194,default
1307,0.0,0.0,0.0,0.0,0.0,0.0,0.0,0.0,0.0,0.0,0.0,0.0,0.0,0.0,m1010004,PQ,1.0,1.0,1.0,7199.557856794634,1000000.0,0.9,1.05,a,,False,False,False,46.7623085,-119.2450931,default
1308,0.0,0.0,0.0,0.0,0.0,0.0,0.0,0.0,0.0,0.0,0.0,0.0,0.0,0.0,l3177894,PQ,1.0,1.0,1.0,7199.557856794634,1000000.0,0.9,1.05,a,,False,False,False,46.75935298,-119.2456855,default
1309,0.0,0.0,0.0,0.0,0.0,0.0,0.0,0.0,0.0,0.0,0.0,0.0,0.0,0.0,l3082993,PQ,1.0,1.0,1.0,7199.557856794634,1000000.0,0.9,1.05,a,,False,False,False,46.7582336,-119.2465138,default
1310,0.0,0.0,0.0,0.0,0.0,0.0,0.0,0.0,0.0,0.0,0.0,0.0,0.0,0.0,m3016088,PQ,1.0,1.0,1.0,7199.557856794634,1000000.0,0.9,1.05,a,,False,False,False,46.757455,-119.2469824,default
1311,0.0,0.0,0.0,0.0,0.0,0.0,0.0,0.0,0.0,0.0,0.0,0.0,0.0,0.0,l3312692,PQ,1.0,1.0,1.0,7199.557856794634,1000000.0,0.9,1.05,a,,False,False,False,46.75680736,-119.246794,default
1312,0.0,0.0,0.0,0.0,0.0,0.0,0.0,0.0,0.0,0.0,0.0,0.0,0.0,0.0,x3312692a,PQ,1.0,1.0,1.0,104.0,1000000.0,0.9,1.05,s1s2,a,False,False,False,46.7565,-119.2468,default
1313,0.0,0.0,0.0,0.0,0.0,0.0,0.0038026187433282,0.0009530258741468,0.0050673807355569,0.0012700050333036,0.0,0.0,0.0,0.0,sx3312692a,PQ,1.0,1.0,1.0,104.0,1000000.0,0.9,1.05,s1s2,a,False,True,False,46.7565,-119.2471,default
1314,0.0,0.0,0.0,0.0,0.0,0.0,0.0,0.0,0.0,0.0,0.0,0.0,0.0,0.0,x3082993a,PQ,1.0,1.0,1.0,104.0,1000000.0,0.9,1.05,s1s2,a,False,False,False,46.7579,-119.2465,default
1315,0.0,0.0,0.0,0.0,0.0,0.0,0.0065724358776268,0.0016472073161346,0.0022975635857211,0.0005758235832627,0.0,0.0,0.0,0.0,sx3082993a,PQ,1.0,1.0,1.0,104.0,1000000.0,0.9,1.05,s1s2,a,False,True,False,46.7579,-119.2468,default
1316,0.0,0.0,0.0,0.0,0.0,0.0,0.0,0.0,0.0,0.0,0.0,0.0,0.0,0.0,x3177894a,PQ,1.0,1.0,1.0,104.0,1000000.0,0.9,1.05,s1s2,a,False,False,False,46.759,-119.2457,default
1317,0.0,0.0,0.0,0.0,0.0,0.0,0.0058174620446741,0.0014579930842456,0.0030525374289107,0.0007650378205291,0.0,0.0,0.0,0.0,sx3177894a,PQ,1.0,1.0,1.0,104.0,1000000.0,0.9,1.05,s1s2,a,False,True,False,46.759,-119.246,default
1318,0.0,0.0,0.0,0.0,0.0,0.0,0.0,0.0,0.0,0.0,0.0,0.0,0.0,0.0,m1010003,PQ,1.0,1.0,1.0,7199.557856794634,1000000.0,0.9,1.05,a,,False,False,False,46.76207314,-119.2450395,default
1319,0.0,0.0,0.0,0.0,0.0,0.0,0.0,0.0,0.0,0.0,0.0,0.0,0.0,0.0,l2989571,PQ,1.0,1.0,1.0,7199.557856794634,1000000.0,0.9,1.05,a,,False,False,False,46.76123384,-119.2448828,default
1320,0.0,0.0,0.0,0.0,0.0,0.0,0.0,0.0,0.0,0.0,0.0,0.0,0.0,0.0,x2989571a,PQ,1.0,1.0,1.0,104.0,1000000.0,0.9,1.05,s1s2,a,False,False,False,46.7609,-119.2449,default
1321,0.0,0.0,0.0,0.0,0.0,0.0,0.0028755884971431,0.0007206902455929,0.002444411198723,0.0006126270537208,0.0,0.0,0.0,0.0,sx2989571a,PQ,1.0,1.0,1.0,104.0,1000000.0,0.9,1.05,s1s2,a,False,True,False,46.7609,-119.2452,default
1322,0.0,0.0,0.0,0.0,0.0,0.0,0.0,0.0,0.0,0.0,0.0,0.0,0.0,0.0,m1010013,PQ,1.0,1.0,1.0,7199.557856794634,1000000.0,0.9,1.05,a,,False,False,False,46.76524222,-119.2413843,default
1323,0.0,0.0,0.0,0.0,0.0,0.0,0.0,0.0,0.0,0.0,0.0,0.0,0.0,0.0,l3120503,PQ,1.0,1.0,1.0,7199.557856794634,1000000.0,0.9,1.05,a,,False,False,False,46.7645616,-119.2409189,default
1324,0.0,0.0,0.0,0.0,0.0,0.0,0.0,0.0,0.0,0.0,0.0,0.0,0.0,0.0,x3120503a,PQ,1.0,1.0,1.0,104.0,1000000.0,0.9,1.05,s1s2,a,False,False,False,46.7642,-119.2409,default
1325,0.0,0.0,0.0,0.0,0.0,0.0,0.0035587999519074,0.0008919191361881,0.0017611997417367,0.0004413981621324,0.0,0.0,0.0,0.0,sx3120503a,PQ,1.0,1.0,1.0,104.0,1000000.0,0.9,1.05,s1s2,a,False,True,False,46.7642,-119.2412,default
1326,0.0,0.0,0.0,0.0,0.0,0.0,0.0,0.0,0.0,0.0,0.0,0.0,0.0,0.0,x2970811a,PQ,1.0,1.0,1.0,104.0,1000000.0,0.9,1.05,s1s2,a,False,False,False,46.7704,-119.2337,default
1327,0.0,0.0,0.0,0.0,0.0,0.0,0.0018870957278487,0.0004729506653935,0.0069829037368584,0.001750080236492,0.0,0.0,0.0,0.0,sx2970811a,PQ,1.0,1.0,1.0,104.0,1000000.0,0.9,1.05,s1s2,a,False,True,False,46.7705,-119.2339,default
1328,0.0,0.0,0.0,0.0,0.0,0.0,0.0,0.0,0.0,0.0,0.0,0.0,0.0,0.0,x2876812a,PQ,1.0,1.0,1.0,104.0,1000000.0,0.9,1.05,s1s2,a,False,False,False,46.7694,-119.2338,default
1329,0.0,0.0,0.0,0.0,0.0,0.0,0.0048218978537061,0.0012084812353433,0.0004981018282374,0.0001248360575739,0.0,0.0,0.0,0.0,sx2876812a,PQ,1.0,1.0,1.0,104.0,1000000.0,0.9,1.05,s1s2,a,False,True,False,46.7694,-119.2341,default
1330,0.0,0.0,0.0,0.0,0.0,0.0,0.0,0.0,0.0,0.0,0.0,0.0,0.0,0.0,l3195327,PQ,1.0,1.0,1.0,7199.557856794634,1000000.0,0.9,1.05,a,,False,False,False,46.76816798,-119.2347566,default
1331,0.0,0.0,0.0,0.0,0.0,0.0,0.0,0.0,0.0,0.0,0.0,0.0,0.0,0.0,l3139103,PQ,1.0,1.0,1.0,7199.557856794634,1000000.0,0.9,1.05,a,,False,False,False,46.7681668,-119.2359373,default
1332,0.0,0.0,0.0,0.0,0.0,0.0,0.0,0.0,0.0,0.0,0.0,0.0,0.0,0.0,x3139103a,PQ,1.0,1.0,1.0,104.0,1000000.0,0.9,1.05,s1s2,a,False,False,False,46.7678,-119.2359,default
1333,0.0,0.0,0.0,0.0,0.0,0.0,0.0012869496762519,0.0003225399207265,0.0075830497769895,0.0019004909754405,0.0,0.0,0.0,0.0,sx3139103a,PQ,1.0,1.0,1.0,104.0,1000000.0,0.9,1.05,s1s2,a,False,True,False,46.7679,-119.2362,default
1334,0.0,0.0,0.0,0.0,0.0,0.0,0.0,0.0,0.0,0.0,0.0,0.0,0.0,0.0,x3195327a,PQ,1.0,1.0,1.0,104.0,1000000.0,0.9,1.05,s1s2,a,False,False,False,46.7678,-119.2348,default
1335,0.0,0.0,0.0,0.0,0.0,0.0,0.0014049780755972,0.0003521206181617,0.0039150216191117,0.0009811966816099,0.0,0.0,0.0,0.0,sx3195327a,PQ,1.0,1.0,1.0,104.0,1000000.0,0.9,1.05,s1s2,a,False,True,False,46.7679,-119.235,default
1336,0.0,0.0,0.0,0.0,0.0,0.0,0.0,0.0,0.0,0.0,0.0,0.0,0.0,0.0,x3251808a,PQ,1.0,1.0,1.0,104.0,1000000.0,0.9,1.05,s1s2,a,False,False,False,46.765,-119.232,default
1337,0.0,0.0,0.0,0.0,0.0,0.0,0.0005848721678562,0.0001465827498332,0.0047351275202449,0.0011867345464341,0.0,0.0,0.0,0.0,sx3251808a,PQ,1.0,1.0,1.0,104.0,1000000.0,0.9,1.05,s1s2,a,False,True,False,46.765,-119.2323,default
1338,0.0,0.0,0.0,0.0,0.0,0.0,0.0,0.0,0.0,0.0,0.0,0.0,0.0,0.0,x2764412a,PQ,1.0,1.0,1.0,104.0,1000000.0,0.9,1.05,s1s2,a,False,False,False,46.764,-119.2282,default
1339,0.0,0.0,0.0,0.0,0.0,0.0,0.0030530846339569,0.0007651749658019,0.0058169148626848,0.0014578559530607,0.0,0.0,0.0,0.0,sx2764412a,PQ,1.0,1.0,1.0,104.0,1000000.0,0.9,1.05,s1s2,a,False,True,False,46.7641,-119.2285,default
1340,0.0,0.0,0.0,0.0,0.0,0.0,0.0,0.0,0.0,0.0,0.0,0.0,0.0,0.0,m1027092,PQ,1.0,1.0,1.0,7199.557856794634,1000000.0,0.9,1.05,a,,False,False,False,46.7638068,-119.2277173,default
1341,0.0,0.0,0.0,0.0,0.0,0.0,0.0,0.0,0.0,0.0,0.0,0.0,0.0,0.0,l2689727,PQ,1.0,1.0,1.0,7199.557856794634,1000000.0,0.9,1.05,a,,False,False,False,46.76464144,-119.2268984,default
1342,0.0,0.0,0.0,0.0,0.0,0.0,0.0,0.0,0.0,0.0,0.0,0.0,0.0,0.0,x3215340a,PQ,1.0,1.0,1.0,104.0,1000000.0,0.9,1.05,s1s2,a,False,False,False,46.7626,-119.2282,default
1343,0.0,0.0,0.0,0.0,0.0,0.0,0.0061742749628213,0.0015474188156468,0.0026957245327458,0.0006756121026557,0.0,0.0,0.0,0.0,sx3215340a,PQ,1.0,1.0,1.0,104.0,1000000.0,0.9,1.05,s1s2,a,False,True,False,46.7627,-119.2285,default
1344,0.0,0.0,0.0,0.0,0.0,0.0,0.0,0.0,0.0,0.0,0.0,0.0,0.0,0.0,n1134471,PQ,1.0,1.0,1.0,7199.557856794634,1000000.0,0.9,1.05,a,,False,False,False,46.76204434,-119.2277726,default
1345,0.0,0.0,0.0,0.0,0.0,0.0,0.0,0.0,0.0,0.0,0.0,0.0,0.0,0.0,l2839331,PQ,1.0,1.0,1.0,7199.557856794634,1000000.0,0.9,1.05,a,,False,False,False,46.76207776,-119.2265009,default
1346,0.0,0.0,0.0,0.0,0.0,0.0,0.0,0.0,0.0,0.0,0.0,0.0,0.0,0.0,n1147865,PQ,1.0,1.0,1.0,7199.557856794634,1000000.0,0.9,1.05,a,,False,False,False,46.75990518,-119.2281553,default
1347,0.0,0.0,0.0,0.0,0.0,0.0,0.0,0.0,0.0,0.0,0.0,0.0,0.0,0.0,l2895489,PQ,1.0,1.0,1.0,7199.557856794634,1000000.0,0.9,1.05,a,,False,False,False,46.76122504,-119.2294704,default
1348,0.0,0.0,0.0,0.0,0.0,0.0,0.0,0.0,0.0,0.0,0.0,0.0,0.0,0.0,x3254213b,PQ,1.0,1.0,1.0,104.0,1000000.0,0.9,1.05,s1s2,b,False,False,False,46.7575,-119.228,default
1349,0.0,0.0,0.0,0.0,0.0,0.0,0.0083475633276293,0.0020920967975501,0.001382437421493,0.0003464715094263,0.0,0.0,0.0,0.0,sx3254213b,PQ,1.0,1.0,1.0,104.0,1000000.0,0.9,1.05,s1s2,b,False,True,False,46.7575,-119.2283,default
1350,0.0,0.0,0.0,0.0,0.0,0.0,0.0,0.0,0.0,0.0,0.0,0.0,0.0,0.0,p901905,PQ,1.0,1.0,1.0,7199.557856794634,1000000.0,0.9,1.05,b,,False,False,False,46.75578428,-119.2281123,default
1351,0.0,0.0,0.0,0.0,0.0,0.0,0.0,0.0,0.0,0.0,0.0,0.0,0.0,0.0,l2804257,PQ,1.0,1.0,1.0,7199.557856794634,1000000.0,0.9,1.05,b,,False,False,False,46.75581978,-119.2285523,default
1352,0.0,0.0,0.0,0.0,0.0,0.0,0.0,0.0,0.0,0.0,0.0,0.0,0.0,0.0,l2860485,PQ,1.0,1.0,1.0,7199.557856794634,1000000.0,0.9,1.05,b,,False,False,False,46.75582592,-119.2295703,default
1353,0.0,0.0,0.0,0.0,0.0,0.0,0.0,0.0,0.0,0.0,0.0,0.0,0.0,0.0,l2860506,PQ,1.0,1.0,1.0,7199.557856794634,1000000.0,0.9,1.05,b,,False,False,False,46.75571634,-119.2330979,default
1354,0.0,0.0,0.0,0.0,0.0,0.0,0.0,0.0,0.0,0.0,0.0,0.0,0.0,0.0,m1027019,PQ,1.0,1.0,1.0,7199.557856794634,1000000.0,0.9,1.05,b,,False,False,False,46.7569465,-119.235931,default
1355,0.0,0.0,0.0,0.0,0.0,0.0,0.0,0.0,0.0,0.0,0.0,0.0,0.0,0.0,l2785522,PQ,1.0,1.0,1.0,7199.557856794634,1000000.0,0.9,1.05,b,,False,False,False,46.75695224,-119.2348964,default
1356,0.0,0.0,0.0,0.0,0.0,0.0,0.0,0.0,0.0,0.0,0.0,0.0,0.0,0.0,x2785522b,PQ,1.0,1.0,1.0,104.0,1000000.0,0.9,1.05,s1s2,b,False,False,False,46.7566,-119.2349,default
1357,0.0,0.0,0.0,0.0,0.0,0.0,0.0003314832889712,8.30775509878243e-05,0.0093985174859112,0.0023554907723163,0.0,0.0,0.0,0.0,sx2785522b,PQ,1.0,1.0,1.0,104.0,1000000.0,0.9,1.05,s1s2,b,False,True,False,46.7566,-119.2352,default
1358,0.0,0.0,0.0,0.0,0.0,0.0,0.0,0.0,0.0,0.0,0.0,0.0,0.0,0.0,l2801949,PQ,1.0,1.0,1.0,7199.557856794634,1000000.0,0.9,1.05,b,,False,False,False,46.75693578,-119.2394439,default
1359,0.0,0.0,0.0,0.0,0.0,0.0,0.0,0.0,0.0,0.0,0.0,0.0,0.0,0.0,x2860506b,PQ,1.0,1.0,1.0,104.0,1000000.0,0.9,1.05,s1s2,b,False,False,False,46.7554,-119.2331,default
1360,0.0,0.0,0.0,0.0,0.0,0.0,0.0053889206056988,0.001350590956137,0.0004510798330268,0.0001130512734546,0.0,0.0,0.0,0.0,sx2860506b,PQ,1.0,1.0,1.0,104.0,1000000.0,0.9,1.05,s1s2,b,False,True,False,46.7554,-119.2334,default
1361,0.0,0.0,0.0,0.0,0.0,0.0,0.0,0.0,0.0,0.0,0.0,0.0,0.0,0.0,x2860485b,PQ,1.0,1.0,1.0,104.0,1000000.0,0.9,1.05,s1s2,b,False,False,False,46.7555,-119.2296,default
1362,0.0,0.0,0.0,0.0,0.0,0.0,0.0030382432920488,0.0007614556219538,0.0028017571251908,0.0007021865954285,0.0,0.0,0.0,0.0,sx2860485b,PQ,1.0,1.0,1.0,104.0,1000000.0,0.9,1.05,s1s2,b,False,True,False,46.7555,-119.2299,default
1363,0.0,0.0,0.0,0.0,0.0,0.0,0.0,0.0,0.0,0.0,0.0,0.0,0.0,0.0,x2804257b,PQ,1.0,1.0,1.0,104.0,1000000.0,0.9,1.05,s1s2,b,False,False,False,46.7555,-119.2286,default
1364,0.0,0.0,0.0,0.0,0.0,0.0,0.0013534184196828,0.0003391986625713,0.0044865820059397,0.001124443559529,0.0,0.0,0.0,0.0,sx2804257b,PQ,1.0,1.0,1.0,104.0,1000000.0,0.9,1.05,s1s2,b,False,True,False,46.7555,-119.2288,default
1365,0.0,0.0,0.0,0.0,0.0,0.0,0.0,0.0,0.0,0.0,0.0,0.0,0.0,0.0,x2673313b,PQ,1.0,1.0,1.0,104.0,1000000.0,0.9,1.05,s1s2,b,False,False,False,46.753,-119.2278,default
1366,0.0,0.0,0.0,0.0,0.0,0.0,0.0011154310114987,0.0002795533890411,0.0086145697365055,0.0021590149209382,0.0,0.0,0.0,0.0,sx2673313b,PQ,1.0,1.0,1.0,104.0,1000000.0,0.9,1.05,s1s2,b,False,True,False,46.7531,-119.2281,default
1367,0.0,0.0,0.0,0.0,0.0,0.0,0.0,0.0,0.0,0.0,0.0,0.0,0.0,0.0,x2916608c,PQ,1.0,1.0,1.0,104.0,1000000.0,0.9,1.05,s1s2,c,False,False,False,46.7505,-119.2277,default
1368,0.0,0.0,0.0,0.0,0.0,0.0,3.86245960150109e-05,9.680238736922593e-06,0.0040313754336598,0.0010103581911802,0.0,0.0,0.0,0.0,sx2916608c,PQ,1.0,1.0,1.0,104.0,1000000.0,0.9,1.05,s1s2,c,False,True,False,46.7505,-119.228,default
1369,0.0,0.0,0.0,0.0,0.0,0.0,0.0,0.0,0.0,0.0,0.0,0.0,0.0,0.0,m3729981,PQ,1.0,1.0,1.0,7199.557856794634,1000000.0,0.9,1.05,a,,False,False,False,46.74174922,-119.2289428,default
1370,0.0,0.0,0.0,0.0,0.0,0.0,0.0,0.0,0.0,0.0,0.0,0.0,0.0,0.0,l3632979,PQ,1.0,1.0,1.0,7199.557856794634,1000000.0,0.9,1.05,a,,False,False,False,46.7419948,-119.2284496,default
1371,0.0,0.0,0.0,0.0,0.0,0.0,0.0,0.0,0.0,0.0,0.0,0.0,0.0,0.0,x3632979a,PQ,1.0,1.0,1.0,104.0,1000000.0,0.9,1.05,s1s2,a,False,False,False,46.7416,-119.2284,default
1372,0.0,0.0,0.0,0.0,0.0,0.0,0.0032860289673461,0.0008235563088292,0.0020339707713448,0.0005097610158908,0.0,0.0,0.0,0.0,sx3632979a,PQ,1.0,1.0,1.0,104.0,1000000.0,0.9,1.05,s1s2,a,False,True,False,46.7417,-119.2287,default
1373,0.0,0.0,0.0,0.0,0.0,0.0,0.0,0.0,0.0,0.0,0.0,0.0,0.0,0.0,x2804256b,PQ,1.0,1.0,1.0,104.0,1000000.0,0.9,1.05,s1s2,b,False,False,False,46.7411,-119.2297,default
1374,0.0,0.0,0.0,0.0,0.0,0.0,0.0027651408450531,0.0006930096918975,0.0011248594223249,0.000281916373379,0.0,0.0,0.0,0.0,sx2804256b,PQ,1.0,1.0,1.0,104.0,1000000.0,0.9,1.05,s1s2,b,False,True,False,46.7411,-119.23,default
1375,0.0,0.0,0.0,0.0,0.0,0.0,0.0,0.0,0.0,0.0,0.0,0.0,0.0,0.0,x3160103c,PQ,1.0,1.0,1.0,104.0,1000000.0,0.9,1.05,s1s2,c,False,False,False,46.7364,-119.2312,default
1376,0.0,0.0,0.0,0.0,0.0,0.0,0.0052843332365816,0.0013243790884545,0.000815666794254,0.0002044254191636,0.0,0.0,0.0,0.0,sx3160103c,PQ,1.0,1.0,1.0,104.0,1000000.0,0.9,1.05,s1s2,c,False,True,False,46.7364,-119.2315,default
1377,0.0,0.0,0.0,0.0,0.0,0.0,0.0,0.0,0.0,0.0,0.0,0.0,0.0,0.0,x3122816b,PQ,1.0,1.0,1.0,104.0,1000000.0,0.9,1.05,s1s2,b,False,False,False,46.7301,-119.2327,default
1378,0.0,0.0,0.0,0.0,0.0,0.0,0.0027119152426925,0.0006796700931732,0.0070180854215999,0.0017588981879869,0.0,0.0,0.0,0.0,sx3122816b,PQ,1.0,1.0,1.0,104.0,1000000.0,0.9,1.05,s1s2,b,False,True,False,46.7302,-119.233,default
1379,0.0,0.0,0.0,0.0,0.0,0.0,0.0,0.0,0.0,0.0,0.0,0.0,0.0,0.0,n1138000,PQ,1.0,1.0,1.0,7199.557856794634,1000000.0,0.9,1.05,a,,False,False,False,46.72963968,-119.2343744,default
1380,0.0,0.0,0.0,0.0,0.0,0.0,0.0,0.0,0.0,0.0,0.0,0.0,0.0,0.0,l2766720,PQ,1.0,1.0,1.0,7199.557856794634,1000000.0,0.9,1.05,a,,False,False,False,46.72976844,-119.2352168,default
1381,0.0,0.0,0.0,0.0,0.0,0.0,0.0,0.0,0.0,0.0,0.0,0.0,0.0,0.0,x2766720a,PQ,1.0,1.0,1.0,104.0,1000000.0,0.9,1.05,s1s2,a,False,False,False,46.7294,-119.2352,default
1382,0.0,0.0,0.0,0.0,0.0,0.0,0.0081336045092153,0.0020384729979014,0.000736395051311,0.0001845579587066,0.0,0.0,0.0,0.0,sx2766720a,PQ,1.0,1.0,1.0,104.0,1000000.0,0.9,1.05,s1s2,a,False,True,False,46.7295,-119.2355,default
1383,0.0,0.0,0.0,0.0,0.0,0.0,0.0,0.0,0.0,0.0,0.0,0.0,0.0,0.0,m1026916,PQ,1.0,1.0,1.0,7199.557856794634,1000000.0,0.9,1.05,b,,False,False,False,46.72780094,-119.2350408,default
1384,0.0,0.0,0.0,0.0,0.0,0.0,0.0,0.0,0.0,0.0,0.0,0.0,0.0,0.0,l3197634,PQ,1.0,1.0,1.0,7199.557856794634,1000000.0,0.9,1.05,b,,False,False,False,46.72782944,-119.2352226,default
1385,0.0,0.0,0.0,0.0,0.0,0.0,0.0,0.0,0.0,0.0,0.0,0.0,0.0,0.0,x3197634b,PQ,1.0,1.0,1.0,104.0,1000000.0,0.9,1.05,s1s2,b,False,False,False,46.7275,-119.2352,default
1386,0.0,0.0,0.0,0.0,0.0,0.0,0.010435401942387,0.0026153585316185,0.0041545990696011,0.0010412407758209,0.0,0.0,0.0,0.0,sx3197634b,PQ,1.0,1.0,1.0,104.0,1000000.0,0.9,1.05,s1s2,b,False,True,False,46.7275,-119.2355,default
1387,0.0,0.0,0.0,0.0,0.0,0.0,0.0,0.0,0.0,0.0,0.0,0.0,0.0,0.0,p875742,PQ,1.0,1.0,1.0,7199.557856794634,1000000.0,0.9,1.05,b,,False,False,False,46.72689582,-119.2369175,default
1388,0.0,0.0,0.0,0.0,0.0,0.0,0.0,0.0,0.0,0.0,0.0,0.0,0.0,0.0,p827515,PQ,1.0,1.0,1.0,7199.557856794634,1000000.0,0.9,1.05,a,,False,False,False,46.72642224,-119.2333531,default
1389,0.0,0.0,0.0,0.0,0.0,0.0,0.0,0.0,0.0,0.0,0.0,0.0,0.0,0.0,l2991909,PQ,1.0,1.0,1.0,7199.557856794634,1000000.0,0.9,1.05,a,,False,False,False,46.7255349,-119.2329916,default
1390,0.0,0.0,0.0,0.0,0.0,0.0,0.0,0.0,0.0,0.0,0.0,0.0,0.0,0.0,x2991909a,PQ,1.0,1.0,1.0,104.0,1000000.0,0.9,1.05,s1s2,a,False,False,False,46.7252,-119.233,default
1391,0.0,0.0,0.0,0.0,0.0,0.0,0.004968017161384,0.0012451022060109,0.0039019824525721,0.000977928781155,0.0,0.0,0.0,0.0,sx2991909a,PQ,1.0,1.0,1.0,104.0,1000000.0,0.9,1.05,s1s2,a,False,True,False,46.7252,-119.2333,default
1392,0.0,0.0,0.0,0.0,0.0,0.0,0.0,0.0,0.0,0.0,0.0,0.0,0.0,0.0,n1147864,PQ,1.0,1.0,1.0,7199.557856794634,1000000.0,0.9,1.05,a,,False,False,False,46.72581486,-119.2317465,default
1393,0.0,0.0,0.0,0.0,0.0,0.0,0.0,0.0,0.0,0.0,0.0,0.0,0.0,0.0,l2710536,PQ,1.0,1.0,1.0,7199.557856794634,1000000.0,0.9,1.05,a,,False,False,False,46.72489278,-119.2313438,default
1394,0.0,0.0,0.0,0.0,0.0,0.0,0.0,0.0,0.0,0.0,0.0,0.0,0.0,0.0,x2710536a,PQ,1.0,1.0,1.0,104.0,1000000.0,0.9,1.05,s1s2,a,False,False,False,46.7245,-119.2313,default
1395,0.0,0.0,0.0,0.0,0.0,0.0,0.0013960069359305,0.0003498722467366,0.0074739926535457,0.0018731587289622,0.0,0.0,0.0,0.0,sx2710536a,PQ,1.0,1.0,1.0,104.0,1000000.0,0.9,1.05,s1s2,a,False,True,False,46.7246,-119.2316,default
1396,0.0,0.0,0.0,0.0,0.0,0.0,0.0,0.0,0.0,0.0,0.0,0.0,0.0,0.0,m1026chp-1,PQ,1.0,1.0,1.0,7199.557856794634,1000000.0,0.9,1.05,abc,,False,False,False,46.72702242,-119.2289314,default
1397,0.0,0.0,0.0,0.0,0.0,0.0,0.0,0.0,0.0,0.0,0.0,0.0,0.0,0.0,m1026chp-2,PQ,1.0,1.0,1.0,7199.557856794634,1000000.0,0.9,1.05,abc,,False,False,False,46.72702242,-119.227887,default
1398,0.0,0.0,0.0,0.0,0.0,0.0,0.0,0.0,0.0,0.0,0.0,0.0,0.0,0.0,m1026chp-3,PQ,1.0,1.0,1.0,7199.557856794634,1000000.0,0.9,1.05,abc,,True,False,False,46.72702242,-119.2273648,default
1399,0.0,0.0,0.0,0.0,0.0,0.0,0.0,0.0,0.0,0.0,0.0,0.0,0.0,0.0,p860847,PQ,1.0,1.0,1.0,7199.557856794634,1000000.0,0.9,1.05,a,,False,False,False,46.7247436,-119.2301041,default
1400,0.0,0.0,0.0,0.0,0.0,0.0,0.0,0.0,0.0,0.0,0.0,0.0,0.0,0.0,m1026880,PQ,1.0,1.0,1.0,7199.557856794634,1000000.0,0.9,1.05,a,,False,False,False,46.72368894,-119.2304059,default
1401,0.0,0.0,0.0,0.0,0.0,0.0,0.0,0.0,0.0,0.0,0.0,0.0,0.0,0.0,l2766748,PQ,1.0,1.0,1.0,7199.557856794634,1000000.0,0.9,1.05,a,,False,False,False,46.72364842,-119.2298157,default
1402,0.0,0.0,0.0,0.0,0.0,0.0,0.0,0.0,0.0,0.0,0.0,0.0,0.0,0.0,x2766748a,PQ,1.0,1.0,1.0,104.0,1000000.0,0.9,1.05,s1s2,a,False,False,False,46.7233,-119.2298,default
1403,0.0,0.0,0.0,0.0,0.0,0.0,0.001485514314044,0.0003723049049331,0.0038344854585122,0.0009610124419262,0.0,0.0,0.0,0.0,sx2766748a,PQ,1.0,1.0,1.0,104.0,1000000.0,0.9,1.05,s1s2,a,False,True,False,46.7233,-119.2301,default
1404,0.0,0.0,0.0,0.0,0.0,0.0,0.0,0.0,0.0,0.0,0.0,0.0,0.0,0.0,m1026874,PQ,1.0,1.0,1.0,7199.557856794634,1000000.0,0.9,1.05,a,,False,False,False,46.72263898,-119.2304164,default
1405,0.0,0.0,0.0,0.0,0.0,0.0,0.0,0.0,0.0,0.0,0.0,0.0,0.0,0.0,l3197638,PQ,1.0,1.0,1.0,7199.557856794634,1000000.0,0.9,1.05,a,,False,False,False,46.72115152,-119.2304216,default
1406,0.0,0.0,0.0,0.0,0.0,0.0,0.0,0.0,0.0,0.0,0.0,0.0,0.0,0.0,m1026849,PQ,1.0,1.0,1.0,7199.557856794634,1000000.0,0.9,1.05,a,,False,False,False,46.72027654,-119.2304164,default
1407,0.0,0.0,0.0,0.0,0.0,0.0,0.0,0.0,0.0,0.0,0.0,0.0,0.0,0.0,m1026848,PQ,1.0,1.0,1.0,7199.557856794634,1000000.0,0.9,1.05,a,,False,False,False,46.7202602,-119.2304111,default
1408,0.0,0.0,0.0,0.0,0.0,0.0,0.0,0.0,0.0,0.0,0.0,0.0,0.0,0.0,l2935557,PQ,1.0,1.0,1.0,7199.557856794634,1000000.0,0.9,1.05,a,,False,False,False,46.71943218,-119.2301436,default
1409,0.0,0.0,0.0,0.0,0.0,0.0,0.0,0.0,0.0,0.0,0.0,0.0,0.0,0.0,x2935557a,PQ,1.0,1.0,1.0,104.0,1000000.0,0.9,1.05,s1s2,a,False,False,False,46.7191,-119.2301,default
1410,0.0,0.0,0.0,0.0,0.0,0.0,0.0099547180064038,0.0024948869784089,0.0033452813713105,0.0008384063723812,0.0,0.0,0.0,0.0,sx2935557a,PQ,1.0,1.0,1.0,104.0,1000000.0,0.9,1.05,s1s2,a,False,True,False,46.7191,-119.2304,default
1411,0.0,0.0,0.0,0.0,0.0,0.0,0.0,0.0,0.0,0.0,0.0,0.0,0.0,0.0,m1026847,PQ,1.0,1.0,1.0,7199.557856794634,1000000.0,0.9,1.05,a,,False,False,False,46.72025466,-119.2315387,default
1412,0.0,0.0,0.0,0.0,0.0,0.0,0.0,0.0,0.0,0.0,0.0,0.0,0.0,0.0,l2673311,PQ,1.0,1.0,1.0,7199.557856794634,1000000.0,0.9,1.05,a,,False,False,False,46.72110778,-119.2317328,default
1413,0.0,0.0,0.0,0.0,0.0,0.0,0.0,0.0,0.0,0.0,0.0,0.0,0.0,0.0,x2673311a,PQ,1.0,1.0,1.0,104.0,1000000.0,0.9,1.05,s1s2,a,False,False,False,46.7208,-119.2317,default
1414,0.0,0.0,0.0,0.0,0.0,0.0,0.0069657667847469,0.0017457853493859,0.0019042328143557,0.0004772456324251,0.0,0.0,0.0,0.0,sx2673311a,PQ,1.0,1.0,1.0,104.0,1000000.0,0.9,1.05,s1s2,a,False,True,False,46.7208,-119.232,default
1415,0.0,0.0,0.0,0.0,0.0,0.0,0.0,0.0,0.0,0.0,0.0,0.0,0.0,0.0,x3197638a,PQ,1.0,1.0,1.0,104.0,1000000.0,0.9,1.05,s1s2,a,False,False,False,46.7208,-119.2304,default
1416,0.0,0.0,0.0,0.0,0.0,0.0,0.0076171833837813,0.0019090457019655,0.001252816204582,0.0003139852742369,0.0,0.0,0.0,0.0,sx3197638a,PQ,1.0,1.0,1.0,104.0,1000000.0,0.9,1.05,s1s2,a,False,True,False,46.7208,-119.2307,default
1417,0.0,0.0,0.0,0.0,0.0,0.0,0.0,0.0,0.0,0.0,0.0,0.0,0.0,0.0,x3120484c,PQ,1.0,1.0,1.0,104.0,1000000.0,0.9,1.05,s1s2,c,False,False,False,46.7242,-119.2285,default
1418,0.0,0.0,0.0,0.0,0.0,0.0,0.0030383840827777,0.0007614910150897,0.003061615923028,0.0007673134645312,0.0,0.0,0.0,0.0,sx3120484c,PQ,1.0,1.0,1.0,104.0,1000000.0,0.9,1.05,s1s2,c,False,True,False,46.7242,-119.2288,default
1419,0.0,0.0,0.0,0.0,0.0,0.0,0.0,0.0,0.0,0.0,0.0,0.0,0.0,0.0,p895409,PQ,1.0,1.0,1.0,7199.557856794634,1000000.0,0.9,1.05,c,,False,False,False,46.7246712,-119.2284149,default
1420,0.0,0.0,0.0,0.0,0.0,0.0,0.0,0.0,0.0,0.0,0.0,0.0,0.0,0.0,n1137998,PQ,1.0,1.0,1.0,7199.557856794634,1000000.0,0.9,1.05,c,,False,False,False,46.7248349,-119.2283494,default
1421,0.0,0.0,0.0,0.0,0.0,0.0,0.0,0.0,0.0,0.0,0.0,0.0,0.0,0.0,m1026895,PQ,1.0,1.0,1.0,7199.557856794634,1000000.0,0.9,1.05,c,,False,False,False,46.72515794,-119.2282201,default
1422,0.0,0.0,0.0,0.0,0.0,0.0,0.0,0.0,0.0,0.0,0.0,0.0,0.0,0.0,l2820528,PQ,1.0,1.0,1.0,7199.557856794634,1000000.0,0.9,1.05,c,,False,False,False,46.7251545,-119.2271757,default
1423,0.0,0.0,0.0,0.0,0.0,0.0,0.0,0.0,0.0,0.0,0.0,0.0,0.0,0.0,l2745799,PQ,1.0,1.0,1.0,7199.557856794634,1000000.0,0.9,1.05,c,,False,False,False,46.72559004,-119.2271728,default
1424,0.0,0.0,0.0,0.0,0.0,0.0,0.0,0.0,0.0,0.0,0.0,0.0,0.0,0.0,x2745799c,PQ,1.0,1.0,1.0,104.0,1000000.0,0.9,1.05,s1s2,c,False,False,False,46.7252,-119.2272,default
1425,0.0,0.0,0.0,0.0,0.0,0.0,0.0065268421999172,0.0016357812470659,0.003643157827659,0.0009130616376638,0.0,0.0,0.0,0.0,sx2745799c,PQ,1.0,1.0,1.0,104.0,1000000.0,0.9,1.05,s1s2,c,False,True,False,46.7253,-119.2275,default
1426,0.0,0.0,0.0,0.0,0.0,0.0,0.0,0.0,0.0,0.0,0.0,0.0,0.0,0.0,x2820528c,PQ,1.0,1.0,1.0,104.0,1000000.0,0.9,1.05,s1s2,c,False,False,False,46.7248,-119.2272,default
1427,0.0,0.0,0.0,0.0,0.0,0.0,0.0052000134291117,0.0013032465275387,0.0049699865918962,0.0012455963535081,0.0,0.0,0.0,0.0,sx2820528c,PQ,1.0,1.0,1.0,104.0,1000000.0,0.9,1.05,s1s2,c,False,True,False,46.7248,-119.2275,default
1428,0.0,0.0,0.0,0.0,0.0,0.0,0.0,0.0,0.0,0.0,0.0,0.0,0.0,0.0,x2822871b,PQ,1.0,1.0,1.0,104.0,1000000.0,0.9,1.05,s1s2,b,False,False,False,46.7214,-119.2256,default
1429,0.0,0.0,0.0,0.0,0.0,0.0,0.0034803956031588,0.0008722694478375,0.0062496050230669,0.0015662988258361,0.0,0.0,0.0,0.0,sx2822871b,PQ,1.0,1.0,1.0,104.0,1000000.0,0.9,1.05,s1s2,b,False,True,False,46.7214,-119.2259,default
1430,0.0,0.0,0.0,0.0,0.0,0.0,0.0,0.0,0.0,0.0,0.0,0.0,0.0,0.0,p827536,PQ,1.0,1.0,1.0,7199.557856794634,1000000.0,0.9,1.05,a,,False,False,False,46.72043622,-119.2239375,default
1431,0.0,0.0,0.0,0.0,0.0,0.0,0.0,0.0,0.0,0.0,0.0,0.0,0.0,0.0,n1137999,PQ,1.0,1.0,1.0,7199.557856794634,1000000.0,0.9,1.05,a,,False,False,False,46.7202572,-119.2239454,default
1432,0.0,0.0,0.0,0.0,0.0,0.0,0.0,0.0,0.0,0.0,0.0,0.0,0.0,0.0,d6440002-2_int,PQ,1.0,1.0,1.0,7199.557856794634,1000000.0,0.9,1.05,a,,False,False,False,46.7196173,-119.2239706,default
1433,0.0,0.0,0.0,0.0,0.0,0.0,0.0,0.0,0.0,0.0,0.0,0.0,0.0,0.0,l2876813,PQ,1.0,1.0,1.0,7199.557856794634,1000000.0,0.9,1.05,a,,False,False,False,46.7191047,-119.2239964,default
1434,0.0,0.0,0.0,0.0,0.0,0.0,0.0,0.0,0.0,0.0,0.0,0.0,0.0,0.0,l2785531,PQ,1.0,1.0,1.0,7199.557856794634,1000000.0,0.9,1.05,a,,False,False,False,46.7179634,-119.2239538,default
1435,0.0,0.0,0.0,0.0,0.0,0.0,0.0,0.0,0.0,0.0,0.0,0.0,0.0,0.0,l3216358,PQ,1.0,1.0,1.0,7199.557856794634,1000000.0,0.9,1.05,a,,False,False,False,46.71665666,-119.2239545,default
1436,0.0,0.0,0.0,0.0,0.0,0.0,0.0,0.0,0.0,0.0,0.0,0.0,0.0,0.0,m1026826,PQ,1.0,1.0,1.0,7199.557856794634,1000000.0,0.9,1.05,a,,False,False,False,46.716004,-119.2239004,default
1437,0.0,0.0,0.0,0.0,0.0,0.0,0.0,0.0,0.0,0.0,0.0,0.0,0.0,0.0,l2952013,PQ,1.0,1.0,1.0,7199.557856794634,1000000.0,0.9,1.05,a,,False,False,False,46.71530348,-119.2227403,default
1438,0.0,0.0,0.0,0.0,0.0,0.0,0.0,0.0,0.0,0.0,0.0,0.0,0.0,0.0,x2952013a,PQ,1.0,1.0,1.0,104.0,1000000.0,0.9,1.05,s1s2,a,False,False,False,46.715,-119.2227,default
1439,0.0,0.0,0.0,0.0,0.0,0.0,0.0023488072603062,0.00058866646435,0.0012011925932328,0.0003010471784367,0.0,0.0,0.0,0.0,sx2952013a,PQ,1.0,1.0,1.0,104.0,1000000.0,0.9,1.05,s1s2,a,False,True,False,46.715,-119.223,default
1440,0.0,0.0,0.0,0.0,0.0,0.0,0.0,0.0,0.0,0.0,0.0,0.0,0.0,0.0,m1026820,PQ,1.0,1.0,1.0,7199.557856794634,1000000.0,0.9,1.05,a,,False,False,False,46.71514258,-119.2239818,default
1441,0.0,0.0,0.0,0.0,0.0,0.0,0.0,0.0,0.0,0.0,0.0,0.0,0.0,0.0,l3141403,PQ,1.0,1.0,1.0,7199.557856794634,1000000.0,0.9,1.05,a,,False,False,False,46.71429856,-119.2240593,default
1442,0.0,0.0,0.0,0.0,0.0,0.0,0.0,0.0,0.0,0.0,0.0,0.0,0.0,0.0,m3037538,PQ,1.0,1.0,1.0,7199.557856794634,1000000.0,0.9,1.05,a,,False,False,False,46.71346514,-119.2242754,default
1443,0.0,0.0,0.0,0.0,0.0,0.0,0.0,0.0,0.0,0.0,0.0,0.0,0.0,0.0,l2857591,PQ,1.0,1.0,1.0,7199.557856794634,1000000.0,0.9,1.05,a,,False,False,False,46.71331016,-119.2230508,default
1444,0.0,0.0,0.0,0.0,0.0,0.0,0.0,0.0,0.0,0.0,0.0,0.0,0.0,0.0,x2857591a,PQ,1.0,1.0,1.0,104.0,1000000.0,0.9,1.05,s1s2,a,False,False,False,46.713,-119.2231,default
1445,0.0,0.0,0.0,0.0,0.0,0.0,0.0045039114615739,0.0011287863735098,0.0008160883060614,0.0002045309666945,0.0,0.0,0.0,0.0,sx2857591a,PQ,1.0,1.0,1.0,104.0,1000000.0,0.9,1.05,s1s2,a,False,True,False,46.713,-119.2233,default
1446,0.0,0.0,0.0,0.0,0.0,0.0,0.0,0.0,0.0,0.0,0.0,0.0,0.0,0.0,l3027133,PQ,1.0,1.0,1.0,7199.557856794634,1000000.0,0.9,1.05,a,,False,False,False,46.71342982,-119.2242841,default
1447,0.0,0.0,0.0,0.0,0.0,0.0,0.0,0.0,0.0,0.0,0.0,0.0,0.0,0.0,m3037453,PQ,1.0,1.0,1.0,7199.557856794634,1000000.0,0.9,1.05,a,,False,False,False,46.71258132,-119.2244661,default
1448,0.0,0.0,0.0,0.0,0.0,0.0,0.0,0.0,0.0,0.0,0.0,0.0,0.0,0.0,l2785546,PQ,1.0,1.0,1.0,7199.557856794634,1000000.0,0.9,1.05,a,,False,False,False,46.71253318,-119.2244765,default
1449,0.0,0.0,0.0,0.0,0.0,0.0,0.0,0.0,0.0,0.0,0.0,0.0,0.0,0.0,m1026810,PQ,1.0,1.0,1.0,7199.557856794634,1000000.0,0.9,1.05,a,,False,False,False,46.71085816,-119.224837,default
1450,0.0,0.0,0.0,0.0,0.0,0.0,0.0,0.0,0.0,0.0,0.0,0.0,0.0,0.0,l2914324,PQ,1.0,1.0,1.0,7199.557856794634,1000000.0,0.9,1.05,a,,False,False,False,46.70906406,-119.2257118,default
1451,0.0,0.0,0.0,0.0,0.0,0.0,0.0,0.0,0.0,0.0,0.0,0.0,0.0,0.0,m1026805,PQ,1.0,1.0,1.0,7199.557856794634,1000000.0,0.9,1.05,a,,False,False,False,46.70764964,-119.2250044,default
1452,0.0,0.0,0.0,0.0,0.0,0.0,0.0,0.0,0.0,0.0,0.0,0.0,0.0,0.0,l3010585,PQ,1.0,1.0,1.0,7199.557856794634,1000000.0,0.9,1.05,a,,False,False,False,46.70679292,-119.2260169,default
1453,0.0,0.0,0.0,0.0,0.0,0.0,0.0,0.0,0.0,0.0,0.0,0.0,0.0,0.0,m1026798,PQ,1.0,1.0,1.0,7199.557856794634,1000000.0,0.9,1.05,a,,False,False,False,46.70632244,-119.2268352,default
1454,0.0,0.0,0.0,0.0,0.0,0.0,0.0,0.0,0.0,0.0,0.0,0.0,0.0,0.0,l2952014,PQ,1.0,1.0,1.0,7199.557856794634,1000000.0,0.9,1.05,a,,False,False,False,46.70612342,-119.2271814,default
1455,0.0,0.0,0.0,0.0,0.0,0.0,0.0,0.0,0.0,0.0,0.0,0.0,0.0,0.0,x2952014a,PQ,1.0,1.0,1.0,104.0,1000000.0,0.9,1.05,s1s2,a,False,False,False,46.7058,-119.2272,default
1456,0.0,0.0,0.0,0.0,0.0,0.0,0.0020971516674307,0.00052559564145,0.0032228481077526,0.0008077217025321,0.0,0.0,0.0,0.0,sx2952014a,PQ,1.0,1.0,1.0,104.0,1000000.0,0.9,1.05,s1s2,a,False,True,False,46.7058,-119.2275,default
1457,0.0,0.0,0.0,0.0,0.0,0.0,0.0,0.0,0.0,0.0,0.0,0.0,0.0,0.0,x3010585a,PQ,1.0,1.0,1.0,104.0,1000000.0,0.9,1.05,s1s2,a,False,False,False,46.7064,-119.226,default
1458,0.0,0.0,0.0,0.0,0.0,0.0,0.0090486919017022,0.0022678154763348,0.0042513074907476,0.001065477871638,0.0,0.0,0.0,0.0,sx3010585a,PQ,1.0,1.0,1.0,104.0,1000000.0,0.9,1.05,s1s2,a,False,True,False,46.7065,-119.2263,default
1459,0.0,0.0,0.0,0.0,0.0,0.0,0.0,0.0,0.0,0.0,0.0,0.0,0.0,0.0,l3120502,PQ,1.0,1.0,1.0,7199.557856794634,1000000.0,0.9,1.05,a,,False,False,False,46.70644676,-119.2244337,default
1460,0.0,0.0,0.0,0.0,0.0,0.0,0.0,0.0,0.0,0.0,0.0,0.0,0.0,0.0,m1026792,PQ,1.0,1.0,1.0,7199.557856794634,1000000.0,0.9,1.05,a,,False,False,False,46.70535738,-119.2227065,default
1461,0.0,0.0,0.0,0.0,0.0,0.0,0.0,0.0,0.0,0.0,0.0,0.0,0.0,0.0,l2821010,PQ,1.0,1.0,1.0,7199.557856794634,1000000.0,0.9,1.05,a,,False,False,False,46.70393716,-119.2202838,default
1462,0.0,0.0,0.0,0.0,0.0,0.0,0.0,0.0,0.0,0.0,0.0,0.0,0.0,0.0,m1026773,PQ,1.0,1.0,1.0,7199.557856794634,1000000.0,0.9,1.05,a,,False,False,False,46.7023831,-119.2204107,default
1463,0.0,0.0,0.0,0.0,0.0,0.0,0.0,0.0,0.0,0.0,0.0,0.0,0.0,0.0,l3195751,PQ,1.0,1.0,1.0,7199.557856794634,1000000.0,0.9,1.05,a,,False,False,False,46.70069938,-119.220474,default
1464,0.0,0.0,0.0,0.0,0.0,0.0,0.0,0.0,0.0,0.0,0.0,0.0,0.0,0.0,x3195751a,PQ,1.0,1.0,1.0,104.0,1000000.0,0.9,1.05,s1s2,a,False,False,False,46.7003,-119.2205,default
1465,0.0,0.0,0.0,0.0,0.0,0.0,0.0050774317997807,0.0012725240908294,0.003792567814414,0.000950506891991,0.0,0.0,0.0,0.0,sx3195751a,PQ,1.0,1.0,1.0,104.0,1000000.0,0.9,1.05,s1s2,a,False,True,False,46.7004,-119.2208,default
1466,0.0,0.0,0.0,0.0,0.0,0.0,0.0,0.0,0.0,0.0,0.0,0.0,0.0,0.0,m1026777,PQ,1.0,1.0,1.0,7199.557856794634,1000000.0,0.9,1.05,a,,False,False,False,46.70259244,-119.2208759,default
1467,0.0,0.0,0.0,0.0,0.0,0.0,0.0,0.0,0.0,0.0,0.0,0.0,0.0,0.0,l3233353,PQ,1.0,1.0,1.0,7199.557856794634,1000000.0,0.9,1.05,a,,False,False,False,46.70203936,-119.2216974,default
1468,0.0,0.0,0.0,0.0,0.0,0.0,0.0,0.0,0.0,0.0,0.0,0.0,0.0,0.0,x3233353a,PQ,1.0,1.0,1.0,104.0,1000000.0,0.9,1.05,s1s2,a,False,False,False,46.7017,-119.2217,default
1469,0.0,0.0,0.0,0.0,0.0,0.0,0.0016260144691049,0.0004075175541988,0.0036939853023612,0.0009257997877741,0.0,0.0,0.0,0.0,sx3233353a,PQ,1.0,1.0,1.0,104.0,1000000.0,0.9,1.05,s1s2,a,False,True,False,46.7017,-119.222,default
1470,0.0,0.0,0.0,0.0,0.0,0.0,0.0,0.0,0.0,0.0,0.0,0.0,0.0,0.0,x2821010a,PQ,1.0,1.0,1.0,104.0,1000000.0,0.9,1.05,s1s2,a,False,False,False,46.7036,-119.2203,default
1471,0.0,0.0,0.0,0.0,0.0,0.0,0.0083930429623216,0.0021034943994457,0.0049069564351048,0.0012297989510683,0.0,0.0,0.0,0.0,sx2821010a,PQ,1.0,1.0,1.0,104.0,1000000.0,0.9,1.05,s1s2,a,False,True,False,46.7036,-119.2206,default
1472,0.0,0.0,0.0,0.0,0.0,0.0,0.0,0.0,0.0,0.0,0.0,0.0,0.0,0.0,l2895461,PQ,1.0,1.0,1.0,7199.557856794634,1000000.0,0.9,1.05,a,,False,False,False,46.70506378,-119.2235759,default
1473,0.0,0.0,0.0,0.0,0.0,0.0,0.0,0.0,0.0,0.0,0.0,0.0,0.0,0.0,x2895461a,PQ,1.0,1.0,1.0,104.0,1000000.0,0.9,1.05,s1s2,a,False,False,False,46.7047,-119.2236,default
1474,0.0,0.0,0.0,0.0,0.0,0.0,0.005811750664477,0.0014565617057311,0.0030582489465063,0.0007664692753911,0.0,0.0,0.0,0.0,sx2895461a,PQ,1.0,1.0,1.0,104.0,1000000.0,0.9,1.05,s1s2,a,False,True,False,46.7047,-119.2239,default
1475,0.0,0.0,0.0,0.0,0.0,0.0,0.0,0.0,0.0,0.0,0.0,0.0,0.0,0.0,x3120502a,PQ,1.0,1.0,1.0,104.0,1000000.0,0.9,1.05,s1s2,a,False,False,False,46.7061,-119.2244,default
1476,0.0,0.0,0.0,0.0,0.0,0.0,0.0026603211069624,0.0006667391772568,0.0026596786690574,0.0006665781671754,0.0,0.0,0.0,0.0,sx3120502a,PQ,1.0,1.0,1.0,104.0,1000000.0,0.9,1.05,s1s2,a,False,True,False,46.7061,-119.2247,default
1477,0.0,0.0,0.0,0.0,0.0,0.0,0.0,0.0,0.0,0.0,0.0,0.0,0.0,0.0,x2914324a,PQ,1.0,1.0,1.0,104.0,1000000.0,0.9,1.05,s1s2,a,False,False,False,46.7087,-119.2257,default
1478,0.0,0.0,0.0,0.0,0.0,0.0,0.0011449549241359,0.0002869526920845,0.0006250450031314,0.0001566510111355,0.0,0.0,0.0,0.0,sx2914324a,PQ,1.0,1.0,1.0,104.0,1000000.0,0.9,1.05,s1s2,a,False,True,False,46.7087,-119.226,default
1479,0.0,0.0,0.0,0.0,0.0,0.0,0.0,0.0,0.0,0.0,0.0,0.0,0.0,0.0,x2785546a,PQ,1.0,1.0,1.0,104.0,1000000.0,0.9,1.05,s1s2,a,False,False,False,46.7122,-119.2245,default
1480,0.0,0.0,0.0,0.0,0.0,0.0,0.0079076072318717,0.0019818327577554,0.0009623923535455,0.0002411982102775,0.0,0.0,0.0,0.0,sx2785546a,PQ,1.0,1.0,1.0,104.0,1000000.0,0.9,1.05,s1s2,a,False,True,False,46.7122,-119.2248,default
1481,0.0,0.0,0.0,0.0,0.0,0.0,0.0,0.0,0.0,0.0,0.0,0.0,0.0,0.0,m1026812,PQ,1.0,1.0,1.0,7199.557856794634,1000000.0,0.9,1.05,a,,False,False,False,46.71258114,-119.2245834,default
1482,0.0,0.0,0.0,0.0,0.0,0.0,0.0,0.0,0.0,0.0,0.0,0.0,0.0,0.0,l3122847,PQ,1.0,1.0,1.0,7199.557856794634,1000000.0,0.9,1.05,a,,False,False,False,46.71257848,-119.2260704,default
1483,0.0,0.0,0.0,0.0,0.0,0.0,0.0,0.0,0.0,0.0,0.0,0.0,0.0,0.0,x3122847a,PQ,1.0,1.0,1.0,104.0,1000000.0,0.9,1.05,s1s2,a,False,False,False,46.7122,-119.2261,default
1484,0.0,0.0,0.0,0.0,0.0,0.0,0.0023696296882009,0.0005938850563242,0.0029503700896387,0.0007394322893087,0.0,0.0,0.0,0.0,sx3122847a,PQ,1.0,1.0,1.0,104.0,1000000.0,0.9,1.05,s1s2,a,False,True,False,46.7123,-119.2264,default
1485,0.0,0.0,0.0,0.0,0.0,0.0,0.0,0.0,0.0,0.0,0.0,0.0,0.0,0.0,x3027133a,PQ,1.0,1.0,1.0,104.0,1000000.0,0.9,1.05,s1s2,a,False,False,False,46.7131,-119.2243,default
1486,0.0,0.0,0.0,0.0,0.0,0.0,0.0042227776126754,0.0010583276086364,0.0046472220087586,0.0011647033785171,0.0,0.0,0.0,0.0,sx3027133a,PQ,1.0,1.0,1.0,104.0,1000000.0,0.9,1.05,s1s2,a,False,True,False,46.7131,-119.2246,default
1487,0.0,0.0,0.0,0.0,0.0,0.0,0.0,0.0,0.0,0.0,0.0,0.0,0.0,0.0,x3141403a,PQ,1.0,1.0,1.0,104.0,1000000.0,0.9,1.05,s1s2,a,False,False,False,46.7139,-119.2241,default
1488,0.0,0.0,0.0,0.0,0.0,0.0,0.0073735028904216,0.0018479736229144,0.001496496706376,0.0003750573513773,0.0,0.0,0.0,0.0,sx3141403a,PQ,1.0,1.0,1.0,104.0,1000000.0,0.9,1.05,s1s2,a,False,True,False,46.714,-119.2243,default
1489,0.0,0.0,0.0,0.0,0.0,0.0,0.0,0.0,0.0,0.0,0.0,0.0,0.0,0.0,m1026823,PQ,1.0,1.0,1.0,7199.557856794634,1000000.0,0.9,1.05,a,,False,False,False,46.71546682,-119.2254699,default
1490,0.0,0.0,0.0,0.0,0.0,0.0,0.0,0.0,0.0,0.0,0.0,0.0,0.0,0.0,l2879087,PQ,1.0,1.0,1.0,7199.557856794634,1000000.0,0.9,1.05,a,,False,False,False,46.71528462,-119.2265664,default
1491,0.0,0.0,0.0,0.0,0.0,0.0,0.0,0.0,0.0,0.0,0.0,0.0,0.0,0.0,x2879087a,PQ,1.0,1.0,1.0,104.0,1000000.0,0.9,1.05,s1s2,a,False,False,False,46.7149,-119.2266,default
1492,0.0,0.0,0.0,0.0,0.0,0.0,0.001260404832656,0.0003158871617647,0.0040595949403153,0.0010174301814754,0.0,0.0,0.0,0.0,sx2879087a,PQ,1.0,1.0,1.0,104.0,1000000.0,0.9,1.05,s1s2,a,False,True,False,46.715,-119.2268,default
1493,0.0,0.0,0.0,0.0,0.0,0.0,0.0,0.0,0.0,0.0,0.0,0.0,0.0,0.0,x3216358a,PQ,1.0,1.0,1.0,104.0,1000000.0,0.9,1.05,s1s2,a,False,False,False,46.7163,-119.224,default
1494,0.0,0.0,0.0,0.0,0.0,0.0,0.0062121564428778,0.0015569128330317,0.0026578431723337,0.0006661181512657,0.0,0.0,0.0,0.0,sx3216358a,PQ,1.0,1.0,1.0,104.0,1000000.0,0.9,1.05,s1s2,a,False,True,False,46.7163,-119.2242,default
1495,0.0,0.0,0.0,0.0,0.0,0.0,0.0,0.0,0.0,0.0,0.0,0.0,0.0,0.0,x2785531a,PQ,1.0,1.0,1.0,104.0,1000000.0,0.9,1.05,s1s2,a,False,False,False,46.7176,-119.224,default
1496,0.0,0.0,0.0,0.0,0.0,0.0,0.0016490851582694,0.0004132996134285,0.0036709146197452,0.0009200177326018,0.0,0.0,0.0,0.0,sx2785531a,PQ,1.0,1.0,1.0,104.0,1000000.0,0.9,1.05,s1s2,a,False,True,False,46.7176,-119.2242,default
1497,0.0,0.0,0.0,0.0,0.0,0.0,0.0,0.0,0.0,0.0,0.0,0.0,0.0,0.0,x2876813a,PQ,1.0,1.0,1.0,104.0,1000000.0,0.9,1.05,s1s2,a,False,False,False,46.7188,-119.224,default
1498,0.0,0.0,0.0,0.0,0.0,0.0,0.0028629079243119,0.0007175122120995,0.0060070916964278,0.0015055187750537,0.0,0.0,0.0,0.0,sx2876813a,PQ,1.0,1.0,1.0,104.0,1000000.0,0.9,1.05,s1s2,a,False,True,False,46.7188,-119.2243,default
1499,0.0,0.0,0.0,0.0,0.0,0.0,0.0,0.0,0.0,0.0,0.0,0.0,0.0,0.0,x3197646b,PQ,1.0,1.0,1.0,104.0,1000000.0,0.9,1.05,s1s2,b,False,False,False,46.7202,-119.2222,default
1500,0.0,0.0,0.0,0.0,0.0,0.0,0.0034121681630918,0.0008551700392664,0.0063178324579267,0.0015833982376365,0.0,0.0,0.0,0.0,sx3197646b,PQ,1.0,1.0,1.0,104.0,1000000.0,0.9,1.05,s1s2,b,False,True,False,46.7202,-119.2225,default
1501,0.0,0.0,0.0,0.0,0.0,0.0,0.0,0.0,0.0,0.0,0.0,0.0,0.0,0.0,p901894,PQ,1.0,1.0,1.0,7199.557856794634,1000000.0,0.9,1.05,a,,False,False,False,46.72073504,-119.2181716,default
1502,0.0,0.0,0.0,0.0,0.0,0.0,0.0,0.0,0.0,0.0,0.0,0.0,0.0,0.0,m1026857,PQ,1.0,1.0,1.0,7199.557856794634,1000000.0,0.9,1.05,a,,False,False,False,46.7208218,-119.2180964,default
1503,0.0,0.0,0.0,0.0,0.0,0.0,0.0,0.0,0.0,0.0,0.0,0.0,0.0,0.0,l2973165,PQ,1.0,1.0,1.0,7199.557856794634,1000000.0,0.9,1.05,a,,False,False,False,46.7197532,-119.2185183,default
1504,0.0,0.0,0.0,0.0,0.0,0.0,0.0,0.0,0.0,0.0,0.0,0.0,0.0,0.0,x2973165a,PQ,1.0,1.0,1.0,104.0,1000000.0,0.9,1.05,s1s2,a,False,False,False,46.7194,-119.2185,default
1505,0.0,0.0,0.0,0.0,0.0,0.0,0.0023322733894286,0.0005845226898898,0.0065377262378078,0.0016385082984971,0.0,0.0,0.0,0.0,sx2973165a,PQ,1.0,1.0,1.0,104.0,1000000.0,0.9,1.05,s1s2,a,False,True,False,46.7194,-119.2188,default
1506,0.0,0.0,0.0,0.0,0.0,0.0,0.0,0.0,0.0,0.0,0.0,0.0,0.0,0.0,m1026859,PQ,1.0,1.0,1.0,7199.557856794634,1000000.0,0.9,1.05,a,,False,False,False,46.72092074,-119.2180107,default
1507,0.0,0.0,0.0,0.0,0.0,0.0,0.0,0.0,0.0,0.0,0.0,0.0,0.0,0.0,n1138593,PQ,1.0,1.0,1.0,7199.557856794634,1000000.0,0.9,1.05,a,,False,False,False,46.7211584,-119.2179454,default
1508,0.0,0.0,0.0,0.0,0.0,0.0,0.0,0.0,0.0,0.0,0.0,0.0,0.0,0.0,l2804262,PQ,1.0,1.0,1.0,7199.557856794634,1000000.0,0.9,1.05,a,,False,False,False,46.72173032,-119.2177882,default
1509,0.0,0.0,0.0,0.0,0.0,0.0,0.0,0.0,0.0,0.0,0.0,0.0,0.0,0.0,l2841639,PQ,1.0,1.0,1.0,7199.557856794634,1000000.0,0.9,1.05,a,,False,False,False,46.72276782,-119.2174883,default
1510,0.0,0.0,0.0,0.0,0.0,0.0,0.0,0.0,0.0,0.0,0.0,0.0,0.0,0.0,m1026877,PQ,1.0,1.0,1.0,7199.557856794634,1000000.0,0.9,1.05,a,,False,False,False,46.72338712,-119.2173284,default
1511,0.0,0.0,0.0,0.0,0.0,0.0,0.0,0.0,0.0,0.0,0.0,0.0,0.0,0.0,l2729413,PQ,1.0,1.0,1.0,7199.557856794634,1000000.0,0.9,1.05,a,,False,False,False,46.72435344,-119.2190802,default
1512,0.0,0.0,0.0,0.0,0.0,0.0,0.0,0.0,0.0,0.0,0.0,0.0,0.0,0.0,x2729413a,PQ,1.0,1.0,1.0,104.0,1000000.0,0.9,1.05,s1s2,a,False,False,False,46.724,-119.2191,default
1513,0.0,0.0,0.0,0.0,0.0,0.0,0.0026297241351572,0.0006590708560955,0.002690275651894,0.0006742464934428,0.0,0.0,0.0,0.0,sx2729413a,PQ,1.0,1.0,1.0,104.0,1000000.0,0.9,1.05,s1s2,a,False,True,False,46.724,-119.2194,default
1514,0.0,0.0,0.0,0.0,0.0,0.0,0.0,0.0,0.0,0.0,0.0,0.0,0.0,0.0,m1026906,PQ,1.0,1.0,1.0,7199.557856794634,1000000.0,0.9,1.05,a,,False,False,False,46.72656718,-119.2164607,default
1515,0.0,0.0,0.0,0.0,0.0,0.0,0.0,0.0,0.0,0.0,0.0,0.0,0.0,0.0,l2691973,PQ,1.0,1.0,1.0,7199.557856794634,1000000.0,0.9,1.05,a,,False,False,False,46.72544786,-119.2136075,default
1516,0.0,0.0,0.0,0.0,0.0,0.0,0.0,0.0,0.0,0.0,0.0,0.0,0.0,0.0,m1026890,PQ,1.0,1.0,1.0,7199.557856794634,1000000.0,0.9,1.05,a,,False,False,False,46.72496336,-119.2136611,default
1517,0.0,0.0,0.0,0.0,0.0,0.0,0.0,0.0,0.0,0.0,0.0,0.0,0.0,0.0,l2954357,PQ,1.0,1.0,1.0,7199.557856794634,1000000.0,0.9,1.05,a,,False,False,False,46.72423226,-119.213742,default
1518,0.0,0.0,0.0,0.0,0.0,0.0,0.0,0.0,0.0,0.0,0.0,0.0,0.0,0.0,x2954357a,PQ,1.0,1.0,1.0,104.0,1000000.0,0.9,1.05,s1s2,a,False,False,False,46.7239,-119.2137,default
1519,0.0,0.0,0.0,0.0,0.0,0.0,0.0051074860154742,0.0012800563921302,0.008192513408002,0.0020532369698858,0.0,0.0,0.0,0.0,sx2954357a,PQ,1.0,1.0,1.0,104.0,1000000.0,0.9,1.05,s1s2,a,False,True,False,46.7239,-119.214,default
1520,0.0,0.0,0.0,0.0,0.0,0.0,0.0,0.0,0.0,0.0,0.0,0.0,0.0,0.0,x2691973a,PQ,1.0,1.0,1.0,104.0,1000000.0,0.9,1.05,s1s2,a,False,False,False,46.7251,-119.2136,default
1521,0.0,0.0,0.0,0.0,0.0,0.0,0.0038394312211881,0.000962251964518,0.0014805685588697,0.0003710653812559,0.0,0.0,0.0,0.0,sx2691973a,PQ,1.0,1.0,1.0,104.0,1000000.0,0.9,1.05,s1s2,a,False,True,False,46.7251,-119.2139,default
1522,0.0,0.0,0.0,0.0,0.0,0.0,0.0,0.0,0.0,0.0,0.0,0.0,0.0,0.0,l2916598,PQ,1.0,1.0,1.0,7199.557856794634,1000000.0,0.9,1.05,a,,False,False,False,46.72695424,-119.2143866,default
1523,0.0,0.0,0.0,0.0,0.0,0.0,0.0,0.0,0.0,0.0,0.0,0.0,0.0,0.0,x2916598a,PQ,1.0,1.0,1.0,104.0,1000000.0,0.9,1.05,s1s2,a,False,False,False,46.7266,-119.2144,default
1524,0.0,0.0,0.0,0.0,0.0,0.0,0.002237592787726,0.0005607934961907,0.0013124070695685,0.0003289201477065,0.0,0.0,0.0,0.0,sx2916598a,PQ,1.0,1.0,1.0,104.0,1000000.0,0.9,1.05,s1s2,a,False,True,False,46.7266,-119.2147,default
1525,0.0,0.0,0.0,0.0,0.0,0.0,0.0,0.0,0.0,0.0,0.0,0.0,0.0,0.0,l3048212,PQ,1.0,1.0,1.0,7199.557856794634,1000000.0,0.9,1.05,a,,False,False,False,46.72550428,-119.2153719,default
1526,0.0,0.0,0.0,0.0,0.0,0.0,0.0,0.0,0.0,0.0,0.0,0.0,0.0,0.0,x3048212a,PQ,1.0,1.0,1.0,104.0,1000000.0,0.9,1.05,s1s2,a,False,False,False,46.7252,-119.2154,default
1527,0.0,0.0,0.0,0.0,0.0,0.0,0.0025060170988368,0.0006280669554032,0.0010439827573461,0.0002616466878865,0.0,0.0,0.0,0.0,sx3048212a,PQ,1.0,1.0,1.0,104.0,1000000.0,0.9,1.05,s1s2,a,False,True,False,46.7252,-119.2157,default
1528,0.0,0.0,0.0,0.0,0.0,0.0,0.0,0.0,0.0,0.0,0.0,0.0,0.0,0.0,l3120376,PQ,1.0,1.0,1.0,7199.557856794634,1000000.0,0.9,1.05,a,,False,False,False,46.72805172,-119.2160334,default
1529,0.0,0.0,0.0,0.0,0.0,0.0,0.0,0.0,0.0,0.0,0.0,0.0,0.0,0.0,m1026925,PQ,1.0,1.0,1.0,7199.557856794634,1000000.0,0.9,1.05,a,,False,False,False,46.72928542,-119.2156396,default
1530,0.0,0.0,0.0,0.0,0.0,0.0,0.0,0.0,0.0,0.0,0.0,0.0,0.0,0.0,l2916599,PQ,1.0,1.0,1.0,7199.557856794634,1000000.0,0.9,1.05,a,,False,False,False,46.72929264,-119.2153729,default
1531,0.0,0.0,0.0,0.0,0.0,0.0,0.0,0.0,0.0,0.0,0.0,0.0,0.0,0.0,x2916599a,PQ,1.0,1.0,1.0,104.0,1000000.0,0.9,1.05,s1s2,a,False,False,False,46.7289,-119.2154,default
1532,0.0,0.0,0.0,0.0,0.0,0.0,0.0054490428374069,0.0013656585770901,0.0034209567892882,0.0008573724109935,0.0,0.0,0.0,0.0,sx2916599a,PQ,1.0,1.0,1.0,104.0,1000000.0,0.9,1.05,s1s2,a,False,True,False,46.729,-119.2157,default
1533,0.0,0.0,0.0,0.0,0.0,0.0,0.0,0.0,0.0,0.0,0.0,0.0,0.0,0.0,l3235249,PQ,1.0,1.0,1.0,7199.557856794634,1000000.0,0.9,1.05,a,,False,False,False,46.72941174,-119.2175234,default
1534,0.0,0.0,0.0,0.0,0.0,0.0,0.0,0.0,0.0,0.0,0.0,0.0,0.0,0.0,l2954348,PQ,1.0,1.0,1.0,7199.557856794634,1000000.0,0.9,1.05,a,,False,False,False,46.7296457,-119.2191034,default
1535,0.0,0.0,0.0,0.0,0.0,0.0,0.0,0.0,0.0,0.0,0.0,0.0,0.0,0.0,l2841615,PQ,1.0,1.0,1.0,7199.557856794634,1000000.0,0.9,1.05,a,,False,False,False,46.7299243,-119.2203968,default
1536,0.0,0.0,0.0,0.0,0.0,0.0,0.0,0.0,0.0,0.0,0.0,0.0,0.0,0.0,m1026931,PQ,1.0,1.0,1.0,7199.557856794634,1000000.0,0.9,1.05,a,,False,False,False,46.7304329,-119.2202328,default
1537,0.0,0.0,0.0,0.0,0.0,0.0,0.0,0.0,0.0,0.0,0.0,0.0,0.0,0.0,l3216336,PQ,1.0,1.0,1.0,7199.557856794634,1000000.0,0.9,1.05,a,,False,False,False,46.73109374,-119.2199456,default
1538,0.0,0.0,0.0,0.0,0.0,0.0,0.0,0.0,0.0,0.0,0.0,0.0,0.0,0.0,l2691936,PQ,1.0,1.0,1.0,7199.557856794634,1000000.0,0.9,1.05,a,,False,False,False,46.73198914,-119.2195414,default
1539,0.0,0.0,0.0,0.0,0.0,0.0,0.0,0.0,0.0,0.0,0.0,0.0,0.0,0.0,m1026941,PQ,1.0,1.0,1.0,7199.557856794634,1000000.0,0.9,1.05,a,,False,False,False,46.7330338,-119.2194855,default
1540,0.0,0.0,0.0,0.0,0.0,0.0,0.0,0.0,0.0,0.0,0.0,0.0,0.0,0.0,l3197618,PQ,1.0,1.0,1.0,7199.557856794634,1000000.0,0.9,1.05,a,,False,False,False,46.732751,-119.2214543,default
1541,0.0,0.0,0.0,0.0,0.0,0.0,0.0,0.0,0.0,0.0,0.0,0.0,0.0,0.0,x3197618a,PQ,1.0,1.0,1.0,104.0,1000000.0,0.9,1.05,s1s2,a,False,False,False,46.7324,-119.2215,default
1542,0.0,0.0,0.0,0.0,0.0,0.0,0.0028419236554345,0.0007122530566355,0.0024780761252807,0.0006210642894984,0.0,0.0,0.0,0.0,sx3197618a,PQ,1.0,1.0,1.0,104.0,1000000.0,0.9,1.05,s1s2,a,False,True,False,46.7324,-119.2217,default
1543,0.0,0.0,0.0,0.0,0.0,0.0,0.0,0.0,0.0,0.0,0.0,0.0,0.0,0.0,m1026942,PQ,1.0,1.0,1.0,7199.557856794634,1000000.0,0.9,1.05,a,,False,False,False,46.73306672,-119.2191191,default
1544,0.0,0.0,0.0,0.0,0.0,0.0,0.0,0.0,0.0,0.0,0.0,0.0,0.0,0.0,l3141389,PQ,1.0,1.0,1.0,7199.557856794634,1000000.0,0.9,1.05,a,,False,False,False,46.7331274,-119.2191161,default
1545,0.0,0.0,0.0,0.0,0.0,0.0,0.0,0.0,0.0,0.0,0.0,0.0,0.0,0.0,l2860477,PQ,1.0,1.0,1.0,7199.557856794634,1000000.0,0.9,1.05,a,,False,False,False,46.73421076,-119.2190622,default
1546,0.0,0.0,0.0,0.0,0.0,0.0,0.0,0.0,0.0,0.0,0.0,0.0,0.0,0.0,x2860477a,PQ,1.0,1.0,1.0,104.0,1000000.0,0.9,1.05,s1s2,a,False,False,False,46.7339,-119.2191,default
1547,0.0,0.0,0.0,0.0,0.0,0.0,0.0021647636610229,0.0005425408009157,0.0031552361190138,0.000790776544849,0.0,0.0,0.0,0.0,sx2860477a,PQ,1.0,1.0,1.0,104.0,1000000.0,0.9,1.05,s1s2,a,False,True,False,46.7339,-119.2193,default
1548,0.0,0.0,0.0,0.0,0.0,0.0,0.0,0.0,0.0,0.0,0.0,0.0,0.0,0.0,x3141389a,PQ,1.0,1.0,1.0,104.0,1000000.0,0.9,1.05,s1s2,a,False,False,False,46.7328,-119.2191,default
1549,0.0,0.0,0.0,0.0,0.0,0.0,0.0048231352420869,0.0012087913762132,0.0004968645240027,0.0001245259620395,0.0,0.0,0.0,0.0,sx3141389a,PQ,1.0,1.0,1.0,104.0,1000000.0,0.9,1.05,s1s2,a,False,True,False,46.7328,-119.2194,default
1550,0.0,0.0,0.0,0.0,0.0,0.0,0.0,0.0,0.0,0.0,0.0,0.0,0.0,0.0,l3270814,PQ,1.0,1.0,1.0,7199.557856794634,1000000.0,0.9,1.05,a,,False,False,False,46.73337446,-119.2194887,default
1551,0.0,0.0,0.0,0.0,0.0,0.0,0.0,0.0,0.0,0.0,0.0,0.0,0.0,0.0,x3270814a,PQ,1.0,1.0,1.0,104.0,1000000.0,0.9,1.05,s1s2,a,False,False,False,46.733,-119.2195,default
1552,0.0,0.0,0.0,0.0,0.0,0.0,0.0082274940947366,0.0020620039440095,0.000642505488796,0.0001610270213012,0.0,0.0,0.0,0.0,sx3270814a,PQ,1.0,1.0,1.0,104.0,1000000.0,0.9,1.05,s1s2,a,False,True,False,46.7331,-119.2198,default
1553,0.0,0.0,0.0,0.0,0.0,0.0,0.0,0.0,0.0,0.0,0.0,0.0,0.0,0.0,x2691936a,PQ,1.0,1.0,1.0,104.0,1000000.0,0.9,1.05,s1s2,a,False,False,False,46.7316,-119.2195,default
1554,0.0,0.0,0.0,0.0,0.0,0.0,0.0010792868098958,0.0002704947158022,0.0042407129633005,0.0010628226262776,0.0,0.0,0.0,0.0,sx2691936a,PQ,1.0,1.0,1.0,104.0,1000000.0,0.9,1.05,s1s2,a,False,True,False,46.7317,-119.2198,default
1555,0.0,0.0,0.0,0.0,0.0,0.0,0.0,0.0,0.0,0.0,0.0,0.0,0.0,0.0,x3216336a,PQ,1.0,1.0,1.0,104.0,1000000.0,0.9,1.05,s1s2,a,False,False,False,46.7307,-119.2199,default
1556,0.0,0.0,0.0,0.0,0.0,0.0,0.0020399557563319,0.0005112609996168,0.0068300438532816,0.0017117699794409,0.0,0.0,0.0,0.0,sx3216336a,PQ,1.0,1.0,1.0,104.0,1000000.0,0.9,1.05,s1s2,a,False,True,False,46.7308,-119.2202,default
1557,0.0,0.0,0.0,0.0,0.0,0.0,0.0,0.0,0.0,0.0,0.0,0.0,0.0,0.0,l3216337,PQ,1.0,1.0,1.0,7199.557856794634,1000000.0,0.9,1.05,a,,False,False,False,46.73063676,-119.2211664,default
1558,0.0,0.0,0.0,0.0,0.0,0.0,0.0,0.0,0.0,0.0,0.0,0.0,0.0,0.0,x3216337a,PQ,1.0,1.0,1.0,104.0,1000000.0,0.9,1.05,s1s2,a,False,False,False,46.7303,-119.2212,default
1559,0.0,0.0,0.0,0.0,0.0,0.0,0.0052493854965864,0.001315619736083,7.061426374834895e-05,1.7697599060515204e-05,0.0,0.0,0.0,0.0,sx3216337a,PQ,1.0,1.0,1.0,104.0,1000000.0,0.9,1.05,s1s2,a,False,True,False,46.7303,-119.2214,default
1560,0.0,0.0,0.0,0.0,0.0,0.0,0.0,0.0,0.0,0.0,0.0,0.0,0.0,0.0,x2841615a,PQ,1.0,1.0,1.0,104.0,1000000.0,0.9,1.05,s1s2,a,False,False,False,46.7296,-119.2204,default
1561,0.0,0.0,0.0,0.0,0.0,0.0,0.0020736123133729,0.000519696124758,0.0032463874671803,0.0008136212212881,0.0,0.0,0.0,0.0,sx2841615a,PQ,1.0,1.0,1.0,104.0,1000000.0,0.9,1.05,s1s2,a,False,True,False,46.7296,-119.2207,default
1562,0.0,0.0,0.0,0.0,0.0,0.0,0.0,0.0,0.0,0.0,0.0,0.0,0.0,0.0,x2954348a,PQ,1.0,1.0,1.0,104.0,1000000.0,0.9,1.05,s1s2,a,False,False,False,46.7293,-119.2191,default
1563,0.0,0.0,0.0,0.0,0.0,0.0,0.0053068317744684,0.0013300171325315,0.0035631678509429,0.0008930138548688,0.0,0.0,0.0,0.0,sx2954348a,PQ,1.0,1.0,1.0,104.0,1000000.0,0.9,1.05,s1s2,a,False,True,False,46.7293,-119.2194,default
1564,0.0,0.0,0.0,0.0,0.0,0.0,0.0,0.0,0.0,0.0,0.0,0.0,0.0,0.0,x3235249a,PQ,1.0,1.0,1.0,104.0,1000000.0,0.9,1.05,s1s2,a,False,False,False,46.7291,-119.2175,default
1565,0.0,0.0,0.0,0.0,0.0,0.0,0.001445771675325,0.0003623444613298,0.0021042281809361,0.0005273691820102,0.0,0.0,0.0,0.0,sx3235249a,PQ,1.0,1.0,1.0,104.0,1000000.0,0.9,1.05,s1s2,a,False,True,False,46.7291,-119.2178,default
1566,0.0,0.0,0.0,0.0,0.0,0.0,0.0,0.0,0.0,0.0,0.0,0.0,0.0,0.0,x3120376a,PQ,1.0,1.0,1.0,104.0,1000000.0,0.9,1.05,s1s2,a,False,False,False,46.7277,-119.216,default
1567,0.0,0.0,0.0,0.0,0.0,0.0,0.0005578146574396,0.0001398015026431,0.0083121849297916,0.0020832294646069,0.0,0.0,0.0,0.0,sx3120376a,PQ,1.0,1.0,1.0,104.0,1000000.0,0.9,1.05,s1s2,a,False,True,False,46.7277,-119.2163,default
1568,0.0,0.0,0.0,0.0,0.0,0.0,0.0,0.0,0.0,0.0,0.0,0.0,0.0,0.0,x2841639a,PQ,1.0,1.0,1.0,104.0,1000000.0,0.9,1.05,s1s2,a,False,False,False,46.7224,-119.2175,default
1569,0.0,0.0,0.0,0.0,0.0,0.0,0.0084760169037458,0.002124289620074,0.0003939826865468,9.874134878343752e-05,0.0,0.0,0.0,0.0,sx2841639a,PQ,1.0,1.0,1.0,104.0,1000000.0,0.9,1.05,s1s2,a,False,True,False,46.7225,-119.2178,default
1570,0.0,0.0,0.0,0.0,0.0,0.0,0.0,0.0,0.0,0.0,0.0,0.0,0.0,0.0,x2804262a,PQ,1.0,1.0,1.0,104.0,1000000.0,0.9,1.05,s1s2,a,False,False,False,46.7214,-119.2178,default
1571,0.0,0.0,0.0,0.0,0.0,0.0,0.0026749028047667,0.0006703936958103,0.0026450969836942,0.0006629236544975,0.0,0.0,0.0,0.0,sx2804262a,PQ,1.0,1.0,1.0,104.0,1000000.0,0.9,1.05,s1s2,a,False,True,False,46.7214,-119.2181,default
1572,0.0,0.0,0.0,0.0,0.0,0.0,0.0,0.0,0.0,0.0,0.0,0.0,0.0,0.0,x3235254c,PQ,1.0,1.0,1.0,104.0,1000000.0,0.9,1.05,s1s2,c,False,False,False,46.7192,-119.2134,default
1573,0.0,0.0,0.0,0.0,0.0,0.0,0.0035836661852834,0.0008981516204831,0.006586333844042,0.001650691257715,0.0,0.0,0.0,0.0,sx3235254c,PQ,1.0,1.0,1.0,104.0,1000000.0,0.9,1.05,s1s2,c,False,True,False,46.7192,-119.2137,default
1574,0.0,0.0,0.0,0.0,0.0,0.0,0.0,0.0,0.0,0.0,0.0,0.0,0.0,0.0,p1123251,PQ,1.0,1.0,1.0,7199.557856794634,1000000.0,0.9,1.05,a,,False,False,False,46.71914006,-119.2122119,default
1575,0.0,0.0,0.0,0.0,0.0,0.0,0.0,0.0,0.0,0.0,0.0,0.0,0.0,0.0,n1140528,PQ,1.0,1.0,1.0,7199.557856794634,1000000.0,0.9,1.05,a,,False,False,False,46.71922674,-119.2121815,default
1576,0.0,0.0,0.0,0.0,0.0,0.0,0.0,0.0,0.0,0.0,0.0,0.0,0.0,0.0,l3649297,PQ,1.0,1.0,1.0,7199.557856794634,1000000.0,0.9,1.05,a,,False,False,False,46.71990236,-119.2119444,default
1577,0.0,0.0,0.0,0.0,0.0,0.0,0.0,0.0,0.0,0.0,0.0,0.0,0.0,0.0,l3649298,PQ,1.0,1.0,1.0,7199.557856794634,1000000.0,0.9,1.05,a,,False,False,False,46.72078244,-119.2116684,default
1578,0.0,0.0,0.0,0.0,0.0,0.0,0.0,0.0,0.0,0.0,0.0,0.0,0.0,0.0,l3649299,PQ,1.0,1.0,1.0,7199.557856794634,1000000.0,0.9,1.05,a,,False,False,False,46.72170624,-119.2116579,default
1579,0.0,0.0,0.0,0.0,0.0,0.0,0.0,0.0,0.0,0.0,0.0,0.0,0.0,0.0,m3772794,PQ,1.0,1.0,1.0,7199.557856794634,1000000.0,0.9,1.05,a,,False,False,False,46.72176164,-119.2116577,default
1580,0.0,0.0,0.0,0.0,0.0,0.0,0.0,0.0,0.0,0.0,0.0,0.0,0.0,0.0,l3649300,PQ,1.0,1.0,1.0,7199.557856794634,1000000.0,0.9,1.05,a,,False,False,False,46.72263292,-119.2116544,default
1581,0.0,0.0,0.0,0.0,0.0,0.0,0.0,0.0,0.0,0.0,0.0,0.0,0.0,0.0,l3649301,PQ,1.0,1.0,1.0,7199.557856794634,1000000.0,0.9,1.05,a,,False,False,False,46.72350716,-119.2116544,default
1582,0.0,0.0,0.0,0.0,0.0,0.0,0.0,0.0,0.0,0.0,0.0,0.0,0.0,0.0,l3649302,PQ,1.0,1.0,1.0,7199.557856794634,1000000.0,0.9,1.05,a,,False,False,False,46.72440836,-119.2116492,default
1583,0.0,0.0,0.0,0.0,0.0,0.0,0.0,0.0,0.0,0.0,0.0,0.0,0.0,0.0,l3649304,PQ,1.0,1.0,1.0,7199.557856794634,1000000.0,0.9,1.05,a,,False,False,False,46.72530522,-119.2116335,default
1584,0.0,0.0,0.0,0.0,0.0,0.0,0.0,0.0,0.0,0.0,0.0,0.0,0.0,0.0,l3649305,PQ,1.0,1.0,1.0,7199.557856794634,1000000.0,0.9,1.05,a,,False,False,False,46.72626396,-119.211637,default
1585,0.0,0.0,0.0,0.0,0.0,0.0,0.0,0.0,0.0,0.0,0.0,0.0,0.0,0.0,x3649305a,PQ,1.0,1.0,1.0,104.0,1000000.0,0.9,1.05,s1s2,a,False,False,False,46.7259,-119.2116,default
1586,0.0,0.0,0.0,0.0,0.0,0.0,0.0020829273520283,0.0005220306945661,0.0032370724444269,0.0008112866595148,0.0,0.0,0.0,0.0,sx3649305a,PQ,1.0,1.0,1.0,104.0,1000000.0,0.9,1.05,s1s2,a,False,True,False,46.7259,-119.2119,default
1587,0.0,0.0,0.0,0.0,0.0,0.0,0.0,0.0,0.0,0.0,0.0,0.0,0.0,0.0,x3649304a,PQ,1.0,1.0,1.0,104.0,1000000.0,0.9,1.05,s1s2,a,False,False,False,46.725,-119.2116,default
1588,0.0,0.0,0.0,0.0,0.0,0.0,0.0112973419065199,0.0028313801713253,0.0020026574987163,0.000501913180105,0.0,0.0,0.0,0.0,sx3649304a,PQ,1.0,1.0,1.0,104.0,1000000.0,0.9,1.05,s1s2,a,False,True,False,46.725,-119.2119,default
1589,0.0,0.0,0.0,0.0,0.0,0.0,0.0,0.0,0.0,0.0,0.0,0.0,0.0,0.0,x3649302a,PQ,1.0,1.0,1.0,104.0,1000000.0,0.9,1.05,s1s2,a,False,False,False,46.7241,-119.2116,default
1590,0.0,0.0,0.0,0.0,0.0,0.0,0.0131402769484315,0.0032932631234264,0.0001597224004243,4.003019895157621e-05,0.0,0.0,0.0,0.0,sx3649302a,PQ,1.0,1.0,1.0,104.0,1000000.0,0.9,1.05,s1s2,a,False,True,False,46.7241,-119.2119,default
1591,0.0,0.0,0.0,0.0,0.0,0.0,0.0,0.0,0.0,0.0,0.0,0.0,0.0,0.0,x3649301a,PQ,1.0,1.0,1.0,104.0,1000000.0,0.9,1.05,s1s2,a,False,False,False,46.7232,-119.2117,default
1592,0.0,0.0,0.0,0.0,0.0,0.0,0.0109579009981875,0.0027463082803609,0.0023420984160034,0.0005869850758097,0.0,0.0,0.0,0.0,sx3649301a,PQ,1.0,1.0,1.0,104.0,1000000.0,0.9,1.05,s1s2,a,False,True,False,46.7232,-119.2119,default
1593,0.0,0.0,0.0,0.0,0.0,0.0,0.0,0.0,0.0,0.0,0.0,0.0,0.0,0.0,x3649300a,PQ,1.0,1.0,1.0,104.0,1000000.0,0.9,1.05,s1s2,a,False,False,False,46.7223,-119.2117,default
1594,0.0,0.0,0.0,0.0,0.0,0.0,0.0034337426427764,0.0008605768524275,0.0098662567944945,0.0024727165157741,0.0,0.0,0.0,0.0,sx3649300a,PQ,1.0,1.0,1.0,104.0,1000000.0,0.9,1.05,s1s2,a,False,True,False,46.7223,-119.2119,default
1595,0.0,0.0,0.0,0.0,0.0,0.0,0.0,0.0,0.0,0.0,0.0,0.0,0.0,0.0,l3649306,PQ,1.0,1.0,1.0,7199.557856794634,1000000.0,0.9,1.05,a,,False,False,False,46.72176818,-119.2129231,default
1596,0.0,0.0,0.0,0.0,0.0,0.0,0.0,0.0,0.0,0.0,0.0,0.0,0.0,0.0,x3649306a,PQ,1.0,1.0,1.0,104.0,1000000.0,0.9,1.05,s1s2,a,False,False,False,46.7214,-119.2129,default
1597,0.0,0.0,0.0,0.0,0.0,0.0,0.0109526276810607,0.0027449866631919,0.0023473717342453,0.0005883066937461,0.0,0.0,0.0,0.0,sx3649306a,PQ,1.0,1.0,1.0,104.0,1000000.0,0.9,1.05,s1s2,a,False,True,False,46.7215,-119.2132,default
1598,0.0,0.0,0.0,0.0,0.0,0.0,0.0,0.0,0.0,0.0,0.0,0.0,0.0,0.0,x3649299a,PQ,1.0,1.0,1.0,104.0,1000000.0,0.9,1.05,s1s2,a,False,False,False,46.7214,-119.2117,default
1599,0.0,0.0,0.0,0.0,0.0,0.0,0.007090609777539,0.001777073947294,0.0017793898579577,0.0004459570448261,0.0,0.0,0.0,0.0,sx3649299a,PQ,1.0,1.0,1.0,104.0,1000000.0,0.9,1.05,s1s2,a,False,True,False,46.7214,-119.2119,default
1600,0.0,0.0,0.0,0.0,0.0,0.0,0.0,0.0,0.0,0.0,0.0,0.0,0.0,0.0,x3649298a,PQ,1.0,1.0,1.0,104.0,1000000.0,0.9,1.05,s1s2,a,False,False,False,46.7204,-119.2117,default
1601,0.0,0.0,0.0,0.0,0.0,0.0,0.0015892910354202,0.0003983137999818,0.0117107083615979,0.0029349795477334,0.0,0.0,0.0,0.0,sx3649298a,PQ,1.0,1.0,1.0,104.0,1000000.0,0.9,1.05,s1s2,a,False,True,False,46.7205,-119.2119,default
1602,0.0,0.0,0.0,0.0,0.0,0.0,0.0,0.0,0.0,0.0,0.0,0.0,0.0,0.0,x3649297a,PQ,1.0,1.0,1.0,104.0,1000000.0,0.9,1.05,s1s2,a,False,False,False,46.7196,-119.2119,default
1603,0.0,0.0,0.0,0.0,0.0,0.0,0.0035852728494711,0.0008985538945142,0.009714726593095,0.002434739476968,0.0,0.0,0.0,0.0,sx3649297a,PQ,1.0,1.0,1.0,104.0,1000000.0,0.9,1.05,s1s2,a,False,True,False,46.7196,-119.2122,default
1604,0.0,0.0,0.0,0.0,0.0,0.0,0.0,0.0,0.0,0.0,0.0,0.0,0.0,0.0,x3216345b,PQ,1.0,1.0,1.0,104.0,1000000.0,0.9,1.05,s1s2,b,False,False,False,46.7184,-119.211,default
1605,0.0,0.0,0.0,0.0,0.0,0.0,0.00710881054023,0.0017816360574114,0.0074811903681522,0.0018749632507795,0.0,0.0,0.0,0.0,sx3216345b,PQ,1.0,1.0,1.0,104.0,1000000.0,0.9,1.05,s1s2,b,False,True,False,46.7185,-119.2113,default
1606,0.0,0.0,0.0,0.0,0.0,0.0,0.0,0.0,0.0,0.0,0.0,0.0,0.0,0.0,x2879070b,PQ,1.0,1.0,1.0,104.0,1000000.0,0.9,1.05,s1s2,b,False,False,False,46.7179,-119.2096,default
1607,0.0,0.0,0.0,0.0,0.0,0.0,0.0009256679917438,0.000231994292108,0.0049143323676045,0.0012316479307488,0.0,0.0,0.0,0.0,sx2879070b,PQ,1.0,1.0,1.0,104.0,1000000.0,0.9,1.05,s1s2,b,False,True,False,46.718,-119.2099,default
1608,0.0,0.0,0.0,0.0,0.0,0.0,0.0,0.0,0.0,0.0,0.0,0.0,0.0,0.0,p827511,PQ,1.0,1.0,1.0,7199.557856794634,1000000.0,0.9,1.05,c,,False,False,False,46.71802264,-119.2087628,default
1609,0.0,0.0,0.0,0.0,0.0,0.0,0.0,0.0,0.0,0.0,0.0,0.0,0.0,0.0,n1140527,PQ,1.0,1.0,1.0,7199.557856794634,1000000.0,0.9,1.05,c,,False,False,False,46.71819248,-119.2087588,default
1610,0.0,0.0,0.0,0.0,0.0,0.0,0.0,0.0,0.0,0.0,0.0,0.0,0.0,0.0,l3342743,PQ,1.0,1.0,1.0,7199.557856794634,1000000.0,0.9,1.05,c,,False,False,False,46.72020736,-119.2087106,default
1611,0.0,0.0,0.0,0.0,0.0,0.0,0.0,0.0,0.0,0.0,0.0,0.0,0.0,0.0,m1026883,PQ,1.0,1.0,1.0,7199.557856794634,1000000.0,0.9,1.05,c,,False,False,False,46.72424302,-119.2087781,default
1612,0.0,0.0,0.0,0.0,0.0,0.0,0.0,0.0,0.0,0.0,0.0,0.0,0.0,0.0,m1026898,PQ,1.0,1.0,1.0,7199.557856794634,1000000.0,0.9,1.05,c,,False,False,False,46.72512374,-119.2087814,default
1613,0.0,0.0,0.0,0.0,0.0,0.0,0.0,0.0,0.0,0.0,0.0,0.0,0.0,0.0,l3197661,PQ,1.0,1.0,1.0,7199.557856794634,1000000.0,0.9,1.05,c,,False,False,False,46.72516516,-119.2087767,default
1614,0.0,0.0,0.0,0.0,0.0,0.0,0.0,0.0,0.0,0.0,0.0,0.0,0.0,0.0,l3122848,PQ,1.0,1.0,1.0,7199.557856794634,1000000.0,0.9,1.05,c,,False,False,False,46.72613624,-119.2087801,default
1615,0.0,0.0,0.0,0.0,0.0,0.0,0.0,0.0,0.0,0.0,0.0,0.0,0.0,0.0,x3122848c,PQ,1.0,1.0,1.0,104.0,1000000.0,0.9,1.05,s1s2,c,False,False,False,46.7258,-119.2088,default
1616,0.0,0.0,0.0,0.0,0.0,0.0,0.0005872929623981,0.0001471895252579,0.0055127070646878,0.0013816149594117,0.0,0.0,0.0,0.0,sx3122848c,PQ,1.0,1.0,1.0,104.0,1000000.0,0.9,1.05,s1s2,c,False,True,False,46.7258,-119.2091,default
1617,0.0,0.0,0.0,0.0,0.0,0.0,0.0,0.0,0.0,0.0,0.0,0.0,0.0,0.0,x3197661c,PQ,1.0,1.0,1.0,104.0,1000000.0,0.9,1.05,s1s2,c,False,False,False,46.7248,-119.2088,default
1618,0.0,0.0,0.0,0.0,0.0,0.0,0.0007103479792967,0.0001780300268298,0.0053896520459114,0.001350774456727,0.0,0.0,0.0,0.0,sx3197661c,PQ,1.0,1.0,1.0,104.0,1000000.0,0.9,1.05,s1s2,c,False,True,False,46.7249,-119.2091,default
1619,0.0,0.0,0.0,0.0,0.0,0.0,0.0,0.0,0.0,0.0,0.0,0.0,0.0,0.0,x3342743c,PQ,1.0,1.0,1.0,104.0,1000000.0,0.9,1.05,s1s2,c,False,False,False,46.7199,-119.2087,default
1620,0.0,0.0,0.0,0.0,0.0,0.0,0.0038655155321807,0.000968789746661,0.0002044844820976,5.1248654056528265e-05,0.0,0.0,0.0,0.0,sx3342743c,PQ,1.0,1.0,1.0,104.0,1000000.0,0.9,1.05,s1s2,c,False,True,False,46.7199,-119.209,default
1621,0.0,0.0,0.0,0.0,0.0,0.0,0.0,0.0,0.0,0.0,0.0,0.0,0.0,0.0,m3763624,PQ,1.0,1.0,1.0,7199.557856794634,1000000.0,0.9,1.05,abc,,False,False,False,46.71795416,-119.2079834,default
1622,0.0,0.0,0.0,0.0,0.0,0.0,0.0,0.0,0.0,0.0,0.0,0.0,0.0,0.0,m3763618,PQ,1.0,1.0,1.0,7199.557856794634,1000000.0,0.9,1.05,abc,,False,False,False,46.71802478,-119.2079437,default
1623,0.0,0.0,0.0,0.0,0.0,0.0,0.0,0.0,0.0,0.0,0.0,0.0,0.0,0.0,p1121282,PQ,1.0,1.0,1.0,7199.557856794634,1000000.0,0.9,1.05,c,,False,False,False,46.71805748,-119.207892,default
1624,0.0,0.0,0.0,0.0,0.0,0.0,0.0,0.0,0.0,0.0,0.0,0.0,0.0,0.0,221-559681,PQ,1.0,1.0,1.0,7199.557856794634,1000000.0,0.9,1.05,c,,False,False,False,46.71808422,-119.2078498,default
1625,0.0,0.0,0.0,0.0,0.0,0.0,0.0,0.0,0.0,0.0,0.0,0.0,0.0,0.0,n1140526,PQ,1.0,1.0,1.0,7199.557856794634,1000000.0,0.9,1.05,c,,False,False,False,46.71823294,-119.207725,default
1626,0.0,0.0,0.0,0.0,0.0,0.0,0.0,0.0,0.0,0.0,0.0,0.0,0.0,0.0,m3763620,PQ,1.0,1.0,1.0,7199.557856794634,1000000.0,0.9,1.05,c,,False,False,False,46.7247578,-119.2072066,default
1627,0.0,0.0,0.0,0.0,0.0,0.0,0.0,0.0,0.0,0.0,0.0,0.0,0.0,0.0,l3645812,PQ,1.0,1.0,1.0,7199.557856794634,1000000.0,0.9,1.05,c,,False,False,False,46.72513998,-119.2076813,default
1628,0.0,0.0,0.0,0.0,0.0,0.0,0.0,0.0,0.0,0.0,0.0,0.0,0.0,0.0,228-1353934-4_int,PQ,1.0,1.0,1.0,7199.557856794634,1000000.0,0.9,1.05,c,,False,False,False,46.72397324,-119.2075219,default
1629,0.0,0.0,0.0,0.0,0.0,0.0,0.0,0.0,0.0,0.0,0.0,0.0,0.0,0.0,x3645812c,PQ,1.0,1.0,1.0,104.0,1000000.0,0.9,1.05,s1s2,c,False,False,False,46.7248,-119.2077,default
1630,0.0,0.0,0.0,0.0,0.0,0.0,0.0106278752205469,0.0026635972515817,0.0046321248692507,0.0011609201930943,0.0,0.0,0.0,0.0,sx3645812c,PQ,1.0,1.0,1.0,104.0,1000000.0,0.9,1.05,s1s2,c,False,True,False,46.7248,-119.208,default
1631,0.0,0.0,0.0,0.0,0.0,0.0,0.0,0.0,0.0,0.0,0.0,0.0,0.0,0.0,p1121283,PQ,1.0,1.0,1.0,7199.557856794634,1000000.0,0.9,1.05,c,,False,False,False,46.7180337,-119.2078418,default
1632,0.0,0.0,0.0,0.0,0.0,0.0,0.0,0.0,0.0,0.0,0.0,0.0,0.0,0.0,221-559682,PQ,1.0,1.0,1.0,7199.557856794634,1000000.0,0.9,1.05,c,,False,False,False,46.71805954,-119.2077958,default
1633,0.0,0.0,0.0,0.0,0.0,0.0,0.0,0.0,0.0,0.0,0.0,0.0,0.0,0.0,n1140525,PQ,1.0,1.0,1.0,7199.557856794634,1000000.0,0.9,1.05,c,,False,False,False,46.71821312,-119.2076798,default
1634,0.0,0.0,0.0,0.0,0.0,0.0,0.0,0.0,0.0,0.0,0.0,0.0,0.0,0.0,l3645809,PQ,1.0,1.0,1.0,7199.557856794634,1000000.0,0.9,1.05,c,,False,False,False,46.71877382,-119.2071297,default
1635,0.0,0.0,0.0,0.0,0.0,0.0,0.0,0.0,0.0,0.0,0.0,0.0,0.0,0.0,l3645810,PQ,1.0,1.0,1.0,7199.557856794634,1000000.0,0.9,1.05,c,,False,False,False,46.72067798,-119.2068474,default
1636,0.0,0.0,0.0,0.0,0.0,0.0,0.0,0.0,0.0,0.0,0.0,0.0,0.0,0.0,m3763623,PQ,1.0,1.0,1.0,7199.557856794634,1000000.0,0.9,1.05,c,,False,False,False,46.72071684,-119.2069908,default
1637,0.0,0.0,0.0,0.0,0.0,0.0,0.0,0.0,0.0,0.0,0.0,0.0,0.0,0.0,l3645811,PQ,1.0,1.0,1.0,7199.557856794634,1000000.0,0.9,1.05,c,,False,False,False,46.72267614,-119.2068912,default
1638,0.0,0.0,0.0,0.0,0.0,0.0,0.0,0.0,0.0,0.0,0.0,0.0,0.0,0.0,193-103041,PQ,1.0,1.0,1.0,7199.557856794634,1000000.0,0.9,1.05,c,,False,False,False,46.72269992,-119.2069742,default
1639,0.0,0.0,0.0,0.0,0.0,0.0,0.0,0.0,0.0,0.0,0.0,0.0,0.0,0.0,x3645811c,PQ,1.0,1.0,1.0,104.0,1000000.0,0.9,1.05,s1s2,c,False,False,False,46.7223,-119.2069,default
1640,0.0,0.0,0.0,0.0,0.0,0.0,0.0029475605941471,0.000738728476937,0.0275724405356017,0.0069103068189074,0.0,0.0,0.0,0.0,sx3645811c,PQ,1.0,1.0,1.0,104.0,1000000.0,0.9,1.05,s1s2,c,False,True,False,46.7224,-119.2072,default
1641,0.0,0.0,0.0,0.0,0.0,0.0,0.0,0.0,0.0,0.0,0.0,0.0,0.0,0.0,x3645810c,PQ,1.0,1.0,1.0,104.0,1000000.0,0.9,1.05,s1s2,c,False,False,False,46.7203,-119.2068,default
1642,0.0,0.0,0.0,0.0,0.0,0.0,0.0156129102837082,0.0039129650883326,0.0149070899968312,0.0037360698027771,0.0,0.0,0.0,0.0,sx3645810c,PQ,1.0,1.0,1.0,104.0,1000000.0,0.9,1.05,s1s2,c,False,True,False,46.7204,-119.2071,default
1643,0.0,0.0,0.0,0.0,0.0,0.0,0.0,0.0,0.0,0.0,0.0,0.0,0.0,0.0,x3645809c,PQ,1.0,1.0,1.0,104.0,1000000.0,0.9,1.05,s1s2,c,False,False,False,46.7184,-119.2071,default
1644,0.0,0.0,0.0,0.0,0.0,0.0,0.0124899644423427,0.0031302809100119,0.0078500356891969,0.0019674048539287,0.0,0.0,0.0,0.0,sx3645809c,PQ,1.0,1.0,1.0,104.0,1000000.0,0.9,1.05,s1s2,c,False,True,False,46.7185,-119.2074,default
1645,0.0,0.0,0.0,0.0,0.0,0.0,0.0,0.0,0.0,0.0,0.0,0.0,0.0,0.0,p827512,PQ,1.0,1.0,1.0,7199.557856794634,1000000.0,0.9,1.05,c,,False,False,False,46.71759148,-119.2074268,default
1646,0.0,0.0,0.0,0.0,0.0,0.0,0.0,0.0,0.0,0.0,0.0,0.0,0.0,0.0,n1136994,PQ,1.0,1.0,1.0,7199.557856794634,1000000.0,0.9,1.05,c,,False,False,False,46.71779586,-119.207301,default
1647,0.0,0.0,0.0,0.0,0.0,0.0,0.0,0.0,0.0,0.0,0.0,0.0,0.0,0.0,l2785521,PQ,1.0,1.0,1.0,7199.557856794634,1000000.0,0.9,1.05,c,,False,False,False,46.71829196,-119.2069955,default
1648,0.0,0.0,0.0,0.0,0.0,0.0,0.0,0.0,0.0,0.0,0.0,0.0,0.0,0.0,x2785521c,PQ,1.0,1.0,1.0,104.0,1000000.0,0.9,1.05,s1s2,c,False,False,False,46.7179,-119.207,default
1649,0.0,0.0,0.0,0.0,0.0,0.0,0.011456104103071,0.0028711710293689,0.0038038960041868,0.0009533464234358,0.0,0.0,0.0,0.0,sx2785521c,PQ,1.0,1.0,1.0,104.0,1000000.0,0.9,1.05,s1s2,c,False,True,False,46.718,-119.2073,default
1650,0.0,0.0,0.0,0.0,0.0,0.0,0.0,0.0,0.0,0.0,0.0,0.0,0.0,0.0,x3103822c,PQ,1.0,1.0,1.0,104.0,1000000.0,0.9,1.05,s1s2,c,False,False,False,46.7151,-119.2047,default
1651,0.0,0.0,0.0,0.0,0.0,0.0,0.0066563405057124,0.0016682365703336,0.0086036595513975,0.0021562808473502,0.0,0.0,0.0,0.0,sx3103822c,PQ,1.0,1.0,1.0,104.0,1000000.0,0.9,1.05,s1s2,c,False,True,False,46.7151,-119.205,default
1652,0.0,0.0,0.0,0.0,0.0,0.0,0.0,0.0,0.0,0.0,0.0,0.0,0.0,0.0,p827529,PQ,1.0,1.0,1.0,7199.557856794634,1000000.0,0.9,1.05,b,,False,False,False,46.71459386,-119.2034373,default
1653,0.0,0.0,0.0,0.0,0.0,0.0,0.0,0.0,0.0,0.0,0.0,0.0,0.0,0.0,n1136668,PQ,1.0,1.0,1.0,7199.557856794634,1000000.0,0.9,1.05,b,,False,False,False,46.71453,-119.2034513,default
1654,0.0,0.0,0.0,0.0,0.0,0.0,0.0,0.0,0.0,0.0,0.0,0.0,0.0,0.0,l3029506,PQ,1.0,1.0,1.0,7199.557856794634,1000000.0,0.9,1.05,b,,False,False,False,46.71391664,-119.2035486,default
1655,0.0,0.0,0.0,0.0,0.0,0.0,0.0,0.0,0.0,0.0,0.0,0.0,0.0,0.0,m1047518,PQ,1.0,1.0,1.0,7199.557856794634,1000000.0,0.9,1.05,b,,False,False,False,46.71272542,-119.2040566,default
1656,0.0,0.0,0.0,0.0,0.0,0.0,0.0,0.0,0.0,0.0,0.0,0.0,0.0,0.0,l2973160,PQ,1.0,1.0,1.0,7199.557856794634,1000000.0,0.9,1.05,b,,False,False,False,46.71291116,-119.2055224,default
1657,0.0,0.0,0.0,0.0,0.0,0.0,0.0,0.0,0.0,0.0,0.0,0.0,0.0,0.0,x2973160b,PQ,1.0,1.0,1.0,104.0,1000000.0,0.9,1.05,s1s2,b,False,False,False,46.7126,-119.2055,default
1658,0.0,0.0,0.0,0.0,0.0,0.0,0.0013508790766577,0.0003385622485548,0.004489121267316,0.0011250799753772,0.0,0.0,0.0,0.0,sx2973160b,PQ,1.0,1.0,1.0,104.0,1000000.0,0.9,1.05,s1s2,b,False,True,False,46.7126,-119.2058,default
1659,0.0,0.0,0.0,0.0,0.0,0.0,0.0,0.0,0.0,0.0,0.0,0.0,0.0,0.0,x3029506b,PQ,1.0,1.0,1.0,104.0,1000000.0,0.9,1.05,s1s2,b,False,False,False,46.7136,-119.2035,default
1660,0.0,0.0,0.0,0.0,0.0,0.0,0.0036238265043906,0.0009082166408559,0.0002661737271498,6.670943173261215e-05,0.0,0.0,0.0,0.0,sx3029506b,PQ,1.0,1.0,1.0,104.0,1000000.0,0.9,1.05,s1s2,b,False,True,False,46.7136,-119.2038,default
1661,0.0,0.0,0.0,0.0,0.0,0.0,0.0,0.0,0.0,0.0,0.0,0.0,0.0,0.0,n1136670,PQ,1.0,1.0,1.0,7199.557856794634,1000000.0,0.9,1.05,abc,,False,False,False,46.7148955,-119.2029972,default
1662,0.0,0.0,0.0,0.0,0.0,0.0,0.0,0.0,0.0,0.0,0.0,0.0,0.0,0.0,d5956471-2_int,PQ,1.0,1.0,1.0,7199.557856794634,1000000.0,0.9,1.05,abc,,False,False,False,46.71526136,-119.2028222,default
1663,0.0,0.0,0.0,0.0,0.0,0.0,0.0,0.0,0.0,0.0,0.0,0.0,0.0,0.0,m1047572,PQ,1.0,1.0,1.0,7199.557856794634,1000000.0,0.9,1.05,abc,,False,False,False,46.7163489,-119.2024587,default
1664,0.0,0.0,0.0,0.0,0.0,0.0,0.0,0.0,0.0,0.0,0.0,0.0,0.0,0.0,m1047580,PQ,1.0,1.0,1.0,7199.557856794634,1000000.0,0.9,1.05,abc,,False,False,False,46.7168488,-119.2024421,default
1665,0.0,0.0,0.0,0.0,0.0,0.0,0.0,0.0,0.0,0.0,0.0,0.0,0.0,0.0,n1136672,PQ,1.0,1.0,1.0,7199.557856794634,1000000.0,0.9,1.05,c,,False,False,False,46.71689406,-119.2026152,default
1666,0.0,0.0,0.0,0.0,0.0,0.0,0.0,0.0,0.0,0.0,0.0,0.0,0.0,0.0,l3253995,PQ,1.0,1.0,1.0,7199.557856794634,1000000.0,0.9,1.05,c,,False,False,False,46.71694598,-119.2028141,default
1667,0.0,0.0,0.0,0.0,0.0,0.0,0.0,0.0,0.0,0.0,0.0,0.0,0.0,0.0,x3253995c,PQ,1.0,1.0,1.0,104.0,1000000.0,0.9,1.05,s1s2,c,False,False,False,46.7166,-119.2028,default
1668,0.0,0.0,0.0,0.0,0.0,0.0,5.2135294555557525e-05,1.3066339487769295e-05,0.0060478647388333,0.0015157381446548,0.0,0.0,0.0,0.0,sx3253995c,PQ,1.0,1.0,1.0,104.0,1000000.0,0.9,1.05,s1s2,c,False,True,False,46.7166,-119.2031,default
1669,0.0,0.0,0.0,0.0,0.0,0.0,0.0,0.0,0.0,0.0,0.0,0.0,0.0,0.0,p828362,PQ,1.0,1.0,1.0,7199.557856794634,1000000.0,0.9,1.05,abc,,False,False,False,46.71694624,-119.202418,default
1670,0.0,0.0,0.0,0.0,0.0,0.0,0.0,0.0,0.0,0.0,0.0,0.0,0.0,0.0,n1136671,PQ,1.0,1.0,1.0,7199.557856794634,1000000.0,0.9,1.05,abc,,False,False,False,46.71703344,-119.2023964,default
1671,0.0,0.0,0.0,0.0,0.0,0.0,0.0,0.0,0.0,0.0,0.0,0.0,0.0,0.0,m1047593,PQ,1.0,1.0,1.0,7199.557856794634,1000000.0,0.9,1.05,abc,,False,False,False,46.71763148,-119.2022488,default
1672,0.0,0.0,0.0,0.0,0.0,0.0,0.0,0.0,0.0,0.0,0.0,0.0,0.0,0.0,m1047615,PQ,1.0,1.0,1.0,7199.557856794634,1000000.0,0.9,1.05,abc,,False,False,False,46.71917326,-119.2009892,default
1673,0.0,0.0,0.0,0.0,0.0,0.0,0.0,0.0,0.0,0.0,0.0,0.0,0.0,0.0,l3216123,PQ,1.0,1.0,1.0,7199.557856794634,1000000.0,0.9,1.05,abc,,False,False,False,46.7191977,-119.200972,default
1674,0.0,0.0,0.0,0.0,0.0,0.0,0.0,0.0,0.0,0.0,0.0,0.0,0.0,0.0,n1136996,PQ,1.0,1.0,1.0,7199.557856794634,1000000.0,0.9,1.05,abc,,False,False,False,46.72039572,-119.1999101,default
1675,0.0,0.0,0.0,0.0,0.0,0.0,0.0,0.0,0.0,0.0,0.0,0.0,0.0,0.0,m1047649,PQ,1.0,1.0,1.0,7199.557856794634,1000000.0,0.9,1.05,abc,,False,False,False,46.72055522,-119.1997687,default
1676,0.0,0.0,0.0,0.0,0.0,0.0,0.0,0.0,0.0,0.0,0.0,0.0,0.0,0.0,l2973153,PQ,1.0,1.0,1.0,7199.557856794634,1000000.0,0.9,1.05,abc,,False,False,False,46.72089578,-119.199706,default
1677,0.0,0.0,0.0,0.0,0.0,0.0,0.0,0.0,0.0,0.0,0.0,0.0,0.0,0.0,n1136998,PQ,1.0,1.0,1.0,7199.557856794634,1000000.0,0.9,1.05,abc,,False,False,False,46.72104622,-119.1997047,default
1678,0.0,0.0,0.0,0.0,0.0,0.0,0.0,0.0,0.0,0.0,0.0,0.0,0.0,0.0,m1047669,PQ,1.0,1.0,1.0,7199.557856794634,1000000.0,0.9,1.05,abc,,False,False,False,46.72200126,-119.1996966,default
1679,0.0,0.0,0.0,0.0,0.0,0.0,0.0,0.0,0.0,0.0,0.0,0.0,0.0,0.0,m1047672,PQ,1.0,1.0,1.0,7199.557856794634,1000000.0,0.9,1.05,abc,,False,False,False,46.7220498,-119.1996963,default
1680,0.0,0.0,0.0,0.0,0.0,0.0,0.0,0.0,0.0,0.0,0.0,0.0,0.0,0.0,l2822866,PQ,1.0,1.0,1.0,7199.557856794634,1000000.0,0.9,1.05,abc,,False,False,False,46.7226003,-119.1996934,default
1681,0.0,0.0,0.0,0.0,0.0,0.0,0.0,0.0,0.0,0.0,0.0,0.0,0.0,0.0,m1047688,PQ,1.0,1.0,1.0,7199.557856794634,1000000.0,0.9,1.05,abc,,False,False,False,46.7230659,-119.1997071,default
1682,0.0,0.0,0.0,0.0,0.0,0.0,0.0,0.0,0.0,0.0,0.0,0.0,0.0,0.0,m1047699,PQ,1.0,1.0,1.0,7199.557856794634,1000000.0,0.9,1.05,abc,,False,False,False,46.72404478,-119.1997263,default
1683,0.0,0.0,0.0,0.0,0.0,0.0,0.0,0.0,0.0,0.0,0.0,0.0,0.0,0.0,l2935554,PQ,1.0,1.0,1.0,7199.557856794634,1000000.0,0.9,1.05,abc,,False,False,False,46.72519104,-119.1997118,default
1684,0.0,0.0,0.0,0.0,0.0,0.0,0.0,0.0,0.0,0.0,0.0,0.0,0.0,0.0,m1047713,PQ,1.0,1.0,1.0,7199.557856794634,1000000.0,0.9,1.05,abc,,False,False,False,46.72581752,-119.1997487,default
1685,0.0,0.0,0.0,0.0,0.0,0.0,0.0,0.0,0.0,0.0,0.0,0.0,0.0,0.0,m1047720,PQ,1.0,1.0,1.0,7199.557856794634,1000000.0,0.9,1.05,abc,,False,False,False,46.7272853,-119.2004329,default
1686,0.0,0.0,0.0,0.0,0.0,0.0,0.0,0.0,0.0,0.0,0.0,0.0,0.0,0.0,l2895449,PQ,1.0,1.0,1.0,7199.557856794634,1000000.0,0.9,1.05,abc,,False,False,False,46.72731116,-119.2004438,default
1687,0.0,0.0,0.0,0.0,0.0,0.0,0.0,0.0,0.0,0.0,0.0,0.0,0.0,0.0,n1137005,PQ,1.0,1.0,1.0,7199.557856794634,1000000.0,0.9,1.05,abc,,False,False,False,46.7285131,-119.2009479,default
1688,0.0,0.0,0.0,0.0,0.0,0.0,0.0,0.0,0.0,0.0,0.0,0.0,0.0,0.0,m1047724,PQ,1.0,1.0,1.0,7199.557856794634,1000000.0,0.9,1.05,abc,,False,False,False,46.72869966,-119.2010261,default
1689,0.0,0.0,0.0,0.0,0.0,0.0,0.0,0.0,0.0,0.0,0.0,0.0,0.0,0.0,m1047722,PQ,1.0,1.0,1.0,7199.557856794634,1000000.0,0.9,1.05,abc,,False,False,False,46.7285426,-119.2017272,default
1690,0.0,0.0,0.0,0.0,0.0,0.0,0.0,0.0,0.0,0.0,0.0,0.0,0.0,0.0,l2841621,PQ,1.0,1.0,1.0,7199.557856794634,1000000.0,0.9,1.05,abc,,False,False,False,46.73008372,-119.2017728,default
1691,0.0,0.0,0.0,0.0,0.0,0.0,0.0,0.0,0.0,0.0,0.0,0.0,0.0,0.0,n1137986,PQ,1.0,1.0,1.0,7199.557856794634,1000000.0,0.9,1.05,abc,,False,False,False,46.73051884,-119.2014926,default
1692,0.0,0.0,0.0,0.0,0.0,0.0,0.0,0.0,0.0,0.0,0.0,0.0,0.0,0.0,m1047732,PQ,1.0,1.0,1.0,7199.557856794634,1000000.0,0.9,1.05,abc,,False,False,False,46.73106098,-119.2011435,default
1693,0.0,0.0,0.0,0.0,0.0,0.0,0.0,0.0,0.0,0.0,0.0,0.0,0.0,0.0,m1047737,PQ,1.0,1.0,1.0,7199.557856794634,1000000.0,0.9,1.05,abc,,False,False,False,46.73183272,-119.1999815,default
1694,0.0,0.0,0.0,0.0,0.0,0.0,0.0,0.0,0.0,0.0,0.0,0.0,0.0,0.0,l3027157,PQ,1.0,1.0,1.0,7199.557856794634,1000000.0,0.9,1.05,abc,,False,False,False,46.734149,-119.199913,default
1695,0.0,0.0,0.0,0.0,0.0,0.0,0.0,0.0,0.0,0.0,0.0,0.0,0.0,0.0,l2973155,PQ,1.0,1.0,1.0,7199.557856794634,1000000.0,0.9,1.05,abc,,False,False,False,46.73572682,-119.1998508,default
1696,0.0,0.0,0.0,0.0,0.0,0.0,0.0,0.0,0.0,0.0,0.0,0.0,0.0,0.0,l3784018,PQ,1.0,1.0,1.0,7199.557856794634,1000000.0,0.9,1.05,abc,,False,False,False,46.73664148,-119.1998364,default
1697,0.0,0.0,0.0,0.0,0.0,0.0,0.0,0.0,0.0,0.0,0.0,0.0,0.0,0.0,n1136028,PQ,1.0,1.0,1.0,7199.557856794634,1000000.0,0.9,1.05,abc,,False,False,False,46.73733188,-119.1998217,default
1698,0.0,0.0,0.0,0.0,0.0,0.0,0.0,0.0,0.0,0.0,0.0,0.0,0.0,0.0,l2876797,PQ,1.0,1.0,1.0,7199.557856794634,1000000.0,0.9,1.05,abc,,False,False,False,46.73744336,-119.1998185,default
1699,0.0,0.0,0.0,0.0,0.0,0.0,0.0,0.0,0.0,0.0,0.0,0.0,0.0,0.0,r18241,PQ,1.0,1.0,1.0,7199.557856794634,1000000.0,0.9,1.05,abc,,False,False,False,46.73814898,-119.1998289,default
1700,0.0,0.0,0.0,0.0,0.0,0.0,0.0,0.0,0.0,0.0,0.0,0.0,0.0,0.0,m1047763,PQ,1.0,1.0,1.0,7199.557856794634,1000000.0,0.9,1.05,abc,,False,False,False,46.7391298,-119.1996992,default
1701,0.0,0.0,0.0,0.0,0.0,0.0,0.0,0.0,0.0,0.0,0.0,0.0,0.0,0.0,n1136027,PQ,1.0,1.0,1.0,7199.557856794634,1000000.0,0.9,1.05,a,,False,False,False,46.73895752,-119.1994669,default
1702,0.0,0.0,0.0,0.0,0.0,0.0,0.0,0.0,0.0,0.0,0.0,0.0,0.0,0.0,d6409775-4_int,PQ,1.0,1.0,1.0,7199.557856794634,1000000.0,0.9,1.05,a,,False,False,False,46.73856566,-119.199167,default
1703,0.0,0.0,0.0,0.0,0.0,0.0,0.0,0.0,0.0,0.0,0.0,0.0,0.0,0.0,l2876796,PQ,1.0,1.0,1.0,7199.557856794634,1000000.0,0.9,1.05,a,,False,False,False,46.73833938,-119.1986337,default
1704,0.0,0.0,0.0,0.0,0.0,0.0,0.0,0.0,0.0,0.0,0.0,0.0,0.0,0.0,m1047756,PQ,1.0,1.0,1.0,7199.557856794634,1000000.0,0.9,1.05,a,,False,False,False,46.73785448,-119.1979801,default
1705,0.0,0.0,0.0,0.0,0.0,0.0,0.0,0.0,0.0,0.0,0.0,0.0,0.0,0.0,m1047755,PQ,1.0,1.0,1.0,7199.557856794634,1000000.0,0.9,1.05,a,,False,False,False,46.73780134,-119.1979084,default
1706,0.0,0.0,0.0,0.0,0.0,0.0,0.0,0.0,0.0,0.0,0.0,0.0,0.0,0.0,l3066812,PQ,1.0,1.0,1.0,7199.557856794634,1000000.0,0.9,1.05,a,,False,False,False,46.73785774,-119.1976458,default
1707,0.0,0.0,0.0,0.0,0.0,0.0,0.0,0.0,0.0,0.0,0.0,0.0,0.0,0.0,l2841622,PQ,1.0,1.0,1.0,7199.557856794634,1000000.0,0.9,1.05,a,,False,False,False,46.7382124,-119.1965384,default
1708,0.0,0.0,0.0,0.0,0.0,0.0,0.0,0.0,0.0,0.0,0.0,0.0,0.0,0.0,l2804254,PQ,1.0,1.0,1.0,7199.557856794634,1000000.0,0.9,1.05,a,,False,False,False,46.73721524,-119.1924312,default
1709,0.0,0.0,0.0,0.0,0.0,0.0,0.0,0.0,0.0,0.0,0.0,0.0,0.0,0.0,m1047752,PQ,1.0,1.0,1.0,7199.557856794634,1000000.0,0.9,1.05,a,,False,False,False,46.73704108,-119.1925226,default
1710,0.0,0.0,0.0,0.0,0.0,0.0,0.0,0.0,0.0,0.0,0.0,0.0,0.0,0.0,m1047750,PQ,1.0,1.0,1.0,7199.557856794634,1000000.0,0.9,1.05,a,,False,False,False,46.736107,-119.1930127,default
1711,0.0,0.0,0.0,0.0,0.0,0.0,0.0,0.0,0.0,0.0,0.0,0.0,0.0,0.0,l2708293,PQ,1.0,1.0,1.0,7199.557856794634,1000000.0,0.9,1.05,a,,False,False,False,46.73480366,-119.1901702,default
1712,0.0,0.0,0.0,0.0,0.0,0.0,0.0,0.0,0.0,0.0,0.0,0.0,0.0,0.0,m1047744,PQ,1.0,1.0,1.0,7199.557856794634,1000000.0,0.9,1.05,a,,False,False,False,46.73542498,-119.1942035,default
1713,0.0,0.0,0.0,0.0,0.0,0.0,0.0,0.0,0.0,0.0,0.0,0.0,0.0,0.0,l3178971,PQ,1.0,1.0,1.0,7199.557856794634,1000000.0,0.9,1.05,a,,False,False,False,46.7354182,-119.1942154,default
1714,0.0,0.0,0.0,0.0,0.0,0.0,0.0,0.0,0.0,0.0,0.0,0.0,0.0,0.0,l2879067,PQ,1.0,1.0,1.0,7199.557856794634,1000000.0,0.9,1.05,a,,False,False,False,46.73576854,-119.1947527,default
1715,0.0,0.0,0.0,0.0,0.0,0.0,0.0,0.0,0.0,0.0,0.0,0.0,0.0,0.0,x2879067a,PQ,1.0,1.0,1.0,104.0,1000000.0,0.9,1.05,s1s2,a,False,False,False,46.7354,-119.1948,default
1716,0.0,0.0,0.0,0.0,0.0,0.0,0.0001405134304735,3.5215977535367086e-05,0.0087294861873309,0.0021878149637973,0.0,0.0,0.0,0.0,sx2879067a,PQ,1.0,1.0,1.0,104.0,1000000.0,0.9,1.05,s1s2,a,False,True,False,46.7355,-119.195,default
1717,0.0,0.0,0.0,0.0,0.0,0.0,0.0,0.0,0.0,0.0,0.0,0.0,0.0,0.0,x3178971a,PQ,1.0,1.0,1.0,104.0,1000000.0,0.9,1.05,s1s2,a,False,False,False,46.7351,-119.1942,default
1718,0.0,0.0,0.0,0.0,0.0,0.0,0.000244589685426,6.129993992525064e-05,0.0050754101036513,0.0012720173852598,0.0,0.0,0.0,0.0,sx3178971a,PQ,1.0,1.0,1.0,104.0,1000000.0,0.9,1.05,s1s2,a,False,True,False,46.7351,-119.1945,default
1719,0.0,0.0,0.0,0.0,0.0,0.0,0.0,0.0,0.0,0.0,0.0,0.0,0.0,0.0,x2804254a,PQ,1.0,1.0,1.0,104.0,1000000.0,0.9,1.05,s1s2,a,False,False,False,46.7369,-119.1924,default
1720,0.0,0.0,0.0,0.0,0.0,0.0,0.0066340885212162,0.0016626589326058,0.0022359111346101,0.0005603720286906,0.0,0.0,0.0,0.0,sx2804254a,PQ,1.0,1.0,1.0,104.0,1000000.0,0.9,1.05,s1s2,a,False,True,False,46.7369,-119.1927,default
1721,0.0,0.0,0.0,0.0,0.0,0.0,0.0,0.0,0.0,0.0,0.0,0.0,0.0,0.0,x2841622a,PQ,1.0,1.0,1.0,104.0,1000000.0,0.9,1.05,s1s2,a,False,False,False,46.7379,-119.1965,default
1722,0.0,0.0,0.0,0.0,0.0,0.0,0.0012019632833545,0.0003012403276617,0.0041180365175834,0.0010320770038964,0.0,0.0,0.0,0.0,sx2841622a,PQ,1.0,1.0,1.0,104.0,1000000.0,0.9,1.05,s1s2,a,False,True,False,46.7379,-119.1968,default
1723,0.0,0.0,0.0,0.0,0.0,0.0,0.0,0.0,0.0,0.0,0.0,0.0,0.0,0.0,x3066812a,PQ,1.0,1.0,1.0,104.0,1000000.0,0.9,1.05,s1s2,a,False,False,False,46.7375,-119.1976,default
1724,0.0,0.0,0.0,0.0,0.0,0.0,0.0080090820024323,0.0020072647003065,0.0008609176328852,0.0002157662502313,0.0,0.0,0.0,0.0,sx3066812a,PQ,1.0,1.0,1.0,104.0,1000000.0,0.9,1.05,s1s2,a,False,True,False,46.7375,-119.1979,default
1725,0.0,0.0,0.0,0.0,0.0,0.0,0.0,0.0,0.0,0.0,0.0,0.0,0.0,0.0,m1047751,PQ,1.0,1.0,1.0,7199.557856794634,1000000.0,0.9,1.05,a,,False,False,False,46.73704108,-119.1970454,default
1726,0.0,0.0,0.0,0.0,0.0,0.0,0.0,0.0,0.0,0.0,0.0,0.0,0.0,0.0,l2973154,PQ,1.0,1.0,1.0,7199.557856794634,1000000.0,0.9,1.05,a,,False,False,False,46.73694526,-119.1969407,default
1727,0.0,0.0,0.0,0.0,0.0,0.0,0.0,0.0,0.0,0.0,0.0,0.0,0.0,0.0,l2879069,PQ,1.0,1.0,1.0,7199.557856794634,1000000.0,0.9,1.05,a,,False,False,False,46.73602938,-119.1969502,default
1728,0.0,0.0,0.0,0.0,0.0,0.0,0.0,0.0,0.0,0.0,0.0,0.0,0.0,0.0,l3197633,PQ,1.0,1.0,1.0,7199.557856794634,1000000.0,0.9,1.05,a,,False,False,False,46.73428342,-119.1968789,default
1729,0.0,0.0,0.0,0.0,0.0,0.0,0.0,0.0,0.0,0.0,0.0,0.0,0.0,0.0,x3197633a,PQ,1.0,1.0,1.0,104.0,1000000.0,0.9,1.05,s1s2,a,False,False,False,46.7339,-119.1969,default
1730,0.0,0.0,0.0,0.0,0.0,0.0,0.0022338402436411,0.0005598530146654,0.0066361594130805,0.0016631779470963,0.0,0.0,0.0,0.0,sx3197633a,PQ,1.0,1.0,1.0,104.0,1000000.0,0.9,1.05,s1s2,a,False,True,False,46.734,-119.1972,default
1731,0.0,0.0,0.0,0.0,0.0,0.0,0.0,0.0,0.0,0.0,0.0,0.0,0.0,0.0,x2879069a,PQ,1.0,1.0,1.0,104.0,1000000.0,0.9,1.05,s1s2,a,False,False,False,46.7357,-119.197,default
1732,0.0,0.0,0.0,0.0,0.0,0.0,0.0031461489375475,0.0007884990708656,0.0004038509292402,0.000101214561148,0.0,0.0,0.0,0.0,sx2879069a,PQ,1.0,1.0,1.0,104.0,1000000.0,0.9,1.05,s1s2,a,False,True,False,46.7357,-119.1972,default
1733,0.0,0.0,0.0,0.0,0.0,0.0,0.0,0.0,0.0,0.0,0.0,0.0,0.0,0.0,x2973154a,PQ,1.0,1.0,1.0,104.0,1000000.0,0.9,1.05,s1s2,a,False,False,False,46.7366,-119.1969,default
1734,0.0,0.0,0.0,0.0,0.0,0.0,0.0043383787671987,0.0010872999642197,0.0009816210317969,0.0002460173662951,0.0,0.0,0.0,0.0,sx2973154a,PQ,1.0,1.0,1.0,104.0,1000000.0,0.9,1.05,s1s2,a,False,True,False,46.7366,-119.1972,default
1735,0.0,0.0,0.0,0.0,0.0,0.0,0.0,0.0,0.0,0.0,0.0,0.0,0.0,0.0,x2876796a,PQ,1.0,1.0,1.0,104.0,1000000.0,0.9,1.05,s1s2,a,False,False,False,46.738,-119.1986,default
1736,0.0,0.0,0.0,0.0,0.0,0.0,0.0039966756849654,0.0010016611193736,0.00132332411753,0.0003316562130185,0.0,0.0,0.0,0.0,sx2876796a,PQ,1.0,1.0,1.0,104.0,1000000.0,0.9,1.05,s1s2,a,False,True,False,46.738,-119.1989,default
1737,0.0,0.0,0.0,0.0,0.0,0.0,0.0,0.0,0.0,0.0,0.0,0.0,0.0,0.0,n1136030,PQ,1.0,1.0,1.0,7199.557856794634,1000000.0,0.9,1.05,b,,False,False,False,46.73937544,-119.1996405,default
1738,0.0,0.0,0.0,0.0,0.0,0.0,0.0,0.0,0.0,0.0,0.0,0.0,0.0,0.0,d5804798-3_int,PQ,1.0,1.0,1.0,7199.557856794634,1000000.0,0.9,1.05,b,,False,False,False,46.73965466,-119.1995847,default
1739,0.0,0.0,0.0,0.0,0.0,0.0,0.0,0.0,0.0,0.0,0.0,0.0,0.0,0.0,m1047766,PQ,1.0,1.0,1.0,7199.557856794634,1000000.0,0.9,1.05,b,,False,False,False,46.73980712,-119.1995374,default
1740,0.0,0.0,0.0,0.0,0.0,0.0,0.0,0.0,0.0,0.0,0.0,0.0,0.0,0.0,l3216344,PQ,1.0,1.0,1.0,7199.557856794634,1000000.0,0.9,1.05,b,,False,False,False,46.73962452,-119.1986185,default
1741,0.0,0.0,0.0,0.0,0.0,0.0,0.0,0.0,0.0,0.0,0.0,0.0,0.0,0.0,l2860501,PQ,1.0,1.0,1.0,7199.557856794634,1000000.0,0.9,1.05,b,,False,False,False,46.74000984,-119.1983536,default
1742,0.0,0.0,0.0,0.0,0.0,0.0,0.0,0.0,0.0,0.0,0.0,0.0,0.0,0.0,x2860501b,PQ,1.0,1.0,1.0,104.0,1000000.0,0.9,1.05,s1s2,b,False,False,False,46.7397,-119.1984,default
1743,0.0,0.0,0.0,0.0,0.0,0.0,0.008487391887528,0.0021271412287981,0.0012426089678582,0.0003114272042623,0.0,0.0,0.0,0.0,sx2860501b,PQ,1.0,1.0,1.0,104.0,1000000.0,0.9,1.05,s1s2,b,False,True,False,46.7397,-119.1986,default
1744,0.0,0.0,0.0,0.0,0.0,0.0,0.0,0.0,0.0,0.0,0.0,0.0,0.0,0.0,x3216344b,PQ,1.0,1.0,1.0,104.0,1000000.0,0.9,1.05,s1s2,b,False,False,False,46.7393,-119.1986,default
1745,0.0,0.0,0.0,0.0,0.0,0.0,0.0022488570306579,0.0005636167693784,0.0172011448811354,0.0043110139368699,0.0,0.0,0.0,0.0,sx3216344b,PQ,1.0,1.0,1.0,104.0,1000000.0,0.9,1.05,s1s2,b,False,True,False,46.7393,-119.1989,default
1746,0.0,0.0,0.0,0.0,0.0,0.0,0.0,0.0,0.0,0.0,0.0,0.0,0.0,0.0,m1047768,PQ,1.0,1.0,1.0,7199.557856794634,1000000.0,0.9,1.05,b,,False,False,False,46.7404342,-119.1992259,default
1747,0.0,0.0,0.0,0.0,0.0,0.0,0.0,0.0,0.0,0.0,0.0,0.0,0.0,0.0,p827554,PQ,1.0,1.0,1.0,7199.557856794634,1000000.0,0.9,1.05,b,,False,False,False,46.74049164,-119.1992092,default
1748,0.0,0.0,0.0,0.0,0.0,0.0,0.0,0.0,0.0,0.0,0.0,0.0,0.0,0.0,m1047769,PQ,1.0,1.0,1.0,7199.557856794634,1000000.0,0.9,1.05,b,,False,False,False,46.74060112,-119.1991775,default
1749,0.0,0.0,0.0,0.0,0.0,0.0,0.0,0.0,0.0,0.0,0.0,0.0,0.0,0.0,l2710514,PQ,1.0,1.0,1.0,7199.557856794634,1000000.0,0.9,1.05,b,,False,False,False,46.74206266,-119.198754,default
1750,0.0,0.0,0.0,0.0,0.0,0.0,0.0,0.0,0.0,0.0,0.0,0.0,0.0,0.0,m1047787,PQ,1.0,1.0,1.0,7199.557856794634,1000000.0,0.9,1.05,b,,False,False,False,46.74419338,-119.1981099,default
1751,0.0,0.0,0.0,0.0,0.0,0.0,0.0,0.0,0.0,0.0,0.0,0.0,0.0,0.0,l3157710,PQ,1.0,1.0,1.0,7199.557856794634,1000000.0,0.9,1.05,b,,False,False,False,46.74522046,-119.1978069,default
1752,0.0,0.0,0.0,0.0,0.0,0.0,0.0,0.0,0.0,0.0,0.0,0.0,0.0,0.0,m1047793,PQ,1.0,1.0,1.0,7199.557856794634,1000000.0,0.9,1.05,b,,False,False,False,46.7459301,-119.1975975,default
1753,0.0,0.0,0.0,0.0,0.0,0.0,0.0,0.0,0.0,0.0,0.0,0.0,0.0,0.0,m1047795,PQ,1.0,1.0,1.0,7199.557856794634,1000000.0,0.9,1.05,b,,False,False,False,46.74602218,-119.1975779,default
1754,0.0,0.0,0.0,0.0,0.0,0.0,0.0,0.0,0.0,0.0,0.0,0.0,0.0,0.0,l3160117,PQ,1.0,1.0,1.0,7199.557856794634,1000000.0,0.9,1.05,b,,False,False,False,46.74680612,-119.1975093,default
1755,0.0,0.0,0.0,0.0,0.0,0.0,0.0,0.0,0.0,0.0,0.0,0.0,0.0,0.0,l3215549,PQ,1.0,1.0,1.0,7199.557856794634,1000000.0,0.9,1.05,b,,False,False,False,46.74819474,-119.1973879,default
1756,0.0,0.0,0.0,0.0,0.0,0.0,0.0,0.0,0.0,0.0,0.0,0.0,0.0,0.0,l2897800,PQ,1.0,1.0,1.0,7199.557856794634,1000000.0,0.9,1.05,b,,False,False,False,46.75024278,-119.1972297,default
1757,0.0,0.0,0.0,0.0,0.0,0.0,0.0,0.0,0.0,0.0,0.0,0.0,0.0,0.0,m1047809,PQ,1.0,1.0,1.0,7199.557856794634,1000000.0,0.9,1.05,b,,False,False,False,46.75061874,-119.1972831,default
1758,0.0,0.0,0.0,0.0,0.0,0.0,0.0,0.0,0.0,0.0,0.0,0.0,0.0,0.0,l2989432,PQ,1.0,1.0,1.0,7199.557856794634,1000000.0,0.9,1.05,b,,False,False,False,46.75020092,-119.1961301,default
1759,0.0,0.0,0.0,0.0,0.0,0.0,0.0,0.0,0.0,0.0,0.0,0.0,0.0,0.0,l3066830,PQ,1.0,1.0,1.0,7199.557856794634,1000000.0,0.9,1.05,b,,False,False,False,46.74973448,-119.1948427,default
1760,0.0,0.0,0.0,0.0,0.0,0.0,0.0,0.0,0.0,0.0,0.0,0.0,0.0,0.0,l3197660,PQ,1.0,1.0,1.0,7199.557856794634,1000000.0,0.9,1.05,b,,False,False,False,46.74894136,-119.1927619,default
1761,0.0,0.0,0.0,0.0,0.0,0.0,0.0,0.0,0.0,0.0,0.0,0.0,0.0,0.0,x3197660b,PQ,1.0,1.0,1.0,104.0,1000000.0,0.9,1.05,s1s2,b,False,False,False,46.7486,-119.1928,default
1762,0.0,0.0,0.0,0.0,0.0,0.0,0.0046004982446205,0.0011529937089651,0.0051295026010055,0.0012855747185185,0.0,0.0,0.0,0.0,sx3197660b,PQ,1.0,1.0,1.0,104.0,1000000.0,0.9,1.05,s1s2,b,False,True,False,46.7486,-119.193,default
1763,0.0,0.0,0.0,0.0,0.0,0.0,0.0,0.0,0.0,0.0,0.0,0.0,0.0,0.0,x3066830b,PQ,1.0,1.0,1.0,104.0,1000000.0,0.9,1.05,s1s2,b,False,False,False,46.7494,-119.1948,default
1764,0.0,0.0,0.0,0.0,0.0,0.0,0.0001984402800949,4.973382890944936e-05,0.0095315606542911,0.0023888346471281,0.0,0.0,0.0,0.0,sx3066830b,PQ,1.0,1.0,1.0,104.0,1000000.0,0.9,1.05,s1s2,b,False,True,False,46.7494,-119.1951,default
1765,0.0,0.0,0.0,0.0,0.0,0.0,0.0,0.0,0.0,0.0,0.0,0.0,0.0,0.0,x2989432b,PQ,1.0,1.0,1.0,104.0,1000000.0,0.9,1.05,s1s2,b,False,False,False,46.7499,-119.1961,default
1766,0.0,0.0,0.0,0.0,0.0,0.0,0.0008163543595077,0.000204597716089,0.0089136465521992,0.0022339707475554,0.0,0.0,0.0,0.0,sx2989432b,PQ,1.0,1.0,1.0,104.0,1000000.0,0.9,1.05,s1s2,b,False,True,False,46.7499,-119.1964,default
1767,0.0,0.0,0.0,0.0,0.0,0.0,0.0,0.0,0.0,0.0,0.0,0.0,0.0,0.0,m1047812,PQ,1.0,1.0,1.0,7199.557856794634,1000000.0,0.9,1.05,b,,False,False,False,46.75175596,-119.1975817,default
1768,0.0,0.0,0.0,0.0,0.0,0.0,0.0,0.0,0.0,0.0,0.0,0.0,0.0,0.0,m4350438,PQ,1.0,1.0,1.0,7199.557856794634,1000000.0,0.9,1.05,b,,False,False,False,46.7520677,-119.1975706,default
1769,0.0,0.0,0.0,0.0,0.0,0.0,0.0,0.0,0.0,0.0,0.0,0.0,0.0,0.0,l2935568,PQ,1.0,1.0,1.0,7199.557856794634,1000000.0,0.9,1.05,b,,False,False,False,46.75317106,-119.1966313,default
1770,0.0,0.0,0.0,0.0,0.0,0.0,0.0,0.0,0.0,0.0,0.0,0.0,0.0,0.0,l3235246,PQ,1.0,1.0,1.0,7199.557856794634,1000000.0,0.9,1.05,b,,False,False,False,46.75561824,-119.1954704,default
1771,0.0,0.0,0.0,0.0,0.0,0.0,0.0,0.0,0.0,0.0,0.0,0.0,0.0,0.0,l2710512,PQ,1.0,1.0,1.0,7199.557856794634,1000000.0,0.9,1.05,b,,False,False,False,46.756706,-119.1952492,default
1772,0.0,0.0,0.0,0.0,0.0,0.0,0.0,0.0,0.0,0.0,0.0,0.0,0.0,0.0,m1047828,PQ,1.0,1.0,1.0,7199.557856794634,1000000.0,0.9,1.05,b,,False,False,False,46.7585694,-119.1941982,default
1773,0.0,0.0,0.0,0.0,0.0,0.0,0.0,0.0,0.0,0.0,0.0,0.0,0.0,0.0,l2710513,PQ,1.0,1.0,1.0,7199.557856794634,1000000.0,0.9,1.05,b,,False,False,False,46.75797798,-119.1926824,default
1774,0.0,0.0,0.0,0.0,0.0,0.0,0.0,0.0,0.0,0.0,0.0,0.0,0.0,0.0,p827553,PQ,1.0,1.0,1.0,7199.557856794634,1000000.0,0.9,1.05,b,,False,False,False,46.75784164,-119.1894468,default
1775,0.0,0.0,0.0,0.0,0.0,0.0,0.0,0.0,0.0,0.0,0.0,0.0,0.0,0.0,m1047826,PQ,1.0,1.0,1.0,7199.557856794634,1000000.0,0.9,1.05,b,,False,False,False,46.75783728,-119.1893552,default
1776,0.0,0.0,0.0,0.0,0.0,0.0,0.0,0.0,0.0,0.0,0.0,0.0,0.0,0.0,m1047825,PQ,1.0,1.0,1.0,7199.557856794634,1000000.0,0.9,1.05,b,,False,False,False,46.75778946,-119.1883437,default
1777,0.0,0.0,0.0,0.0,0.0,0.0,0.0,0.0,0.0,0.0,0.0,0.0,0.0,0.0,l2726975,PQ,1.0,1.0,1.0,7199.557856794634,1000000.0,0.9,1.05,b,,False,False,False,46.7567876,-119.1883436,default
1778,0.0,0.0,0.0,0.0,0.0,0.0,0.0,0.0,0.0,0.0,0.0,0.0,0.0,0.0,x2726975b,PQ,1.0,1.0,1.0,104.0,1000000.0,0.9,1.05,s1s2,b,False,False,False,46.7564,-119.1883,default
1779,0.0,0.0,0.0,0.0,0.0,0.0,0.0024913806462691,0.0006243989386221,0.0033486198684527,0.0008392433726575,0.0,0.0,0.0,0.0,sx2726975b,PQ,1.0,1.0,1.0,104.0,1000000.0,0.9,1.05,s1s2,b,False,True,False,46.7565,-119.1886,default
1780,0.0,0.0,0.0,0.0,0.0,0.0,0.0,0.0,0.0,0.0,0.0,0.0,0.0,0.0,m1069731,PQ,1.0,1.0,1.0,7199.557856794634,1000000.0,0.9,1.05,b,,False,False,False,46.75772478,-119.1868713,default
1781,0.0,0.0,0.0,0.0,0.0,0.0,0.0,0.0,0.0,0.0,0.0,0.0,0.0,0.0,l2710504,PQ,1.0,1.0,1.0,7199.557856794634,1000000.0,0.9,1.05,b,,False,False,False,46.75841236,-119.1863918,default
1782,0.0,0.0,0.0,0.0,0.0,0.0,0.0,0.0,0.0,0.0,0.0,0.0,0.0,0.0,x2710504b,PQ,1.0,1.0,1.0,104.0,1000000.0,0.9,1.05,s1s2,b,False,False,False,46.7581,-119.1864,default
1783,0.0,0.0,0.0,0.0,0.0,0.0,0.0139317337097112,0.0034916221628818,0.0006582678190794,0.0001649774886193,0.0,0.0,0.0,0.0,sx2710504b,PQ,1.0,1.0,1.0,104.0,1000000.0,0.9,1.05,s1s2,b,False,True,False,46.7581,-119.1867,default
1784,0.0,0.0,0.0,0.0,0.0,0.0,0.0,0.0,0.0,0.0,0.0,0.0,0.0,0.0,m1069730,PQ,1.0,1.0,1.0,7199.557856794634,1000000.0,0.9,1.05,b,,False,False,False,46.75759628,-119.1839252,default
1785,0.0,0.0,0.0,0.0,0.0,0.0,0.0,0.0,0.0,0.0,0.0,0.0,0.0,0.0,l2748124,PQ,1.0,1.0,1.0,7199.557856794634,1000000.0,0.9,1.05,b,,False,False,False,46.75693622,-119.1839526,default
1786,0.0,0.0,0.0,0.0,0.0,0.0,0.0,0.0,0.0,0.0,0.0,0.0,0.0,0.0,x2748124b,PQ,1.0,1.0,1.0,104.0,1000000.0,0.9,1.05,s1s2,b,False,False,False,46.7566,-119.184,default
1787,0.0,0.0,0.0,0.0,0.0,0.0,0.0047600631166385,0.001192984446011,0.0049699377591433,0.0012455839979029,0.0,0.0,0.0,0.0,sx2748124b,PQ,1.0,1.0,1.0,104.0,1000000.0,0.9,1.05,s1s2,b,False,True,False,46.7566,-119.1842,default
1788,0.0,0.0,0.0,0.0,0.0,0.0,0.0,0.0,0.0,0.0,0.0,0.0,0.0,0.0,l3159037,PQ,1.0,1.0,1.0,7199.557856794634,1000000.0,0.9,1.05,b,,False,False,False,46.75760624,-119.1833114,default
1789,0.0,0.0,0.0,0.0,0.0,0.0,0.0,0.0,0.0,0.0,0.0,0.0,0.0,0.0,m1069738,PQ,1.0,1.0,1.0,7199.557856794634,1000000.0,0.9,1.05,b,,False,False,False,46.75800738,-119.1826144,default
1790,0.0,0.0,0.0,0.0,0.0,0.0,0.0,0.0,0.0,0.0,0.0,0.0,0.0,0.0,l2690941,PQ,1.0,1.0,1.0,7199.557856794634,1000000.0,0.9,1.05,b,,False,False,False,46.7594174,-119.1826044,default
1791,0.0,0.0,0.0,0.0,0.0,0.0,0.0,0.0,0.0,0.0,0.0,0.0,0.0,0.0,x2690941b,PQ,1.0,1.0,1.0,104.0,1000000.0,0.9,1.05,s1s2,b,False,False,False,46.7591,-119.1826,default
1792,0.0,0.0,0.0,0.0,0.0,0.0,0.0050242689401659,0.0012592006777231,0.004705731936637,0.0011793677667558,0.0,0.0,0.0,0.0,sx2690941b,PQ,1.0,1.0,1.0,104.0,1000000.0,0.9,1.05,s1s2,b,False,True,False,46.7591,-119.1829,default
1793,0.0,0.0,0.0,0.0,0.0,0.0,0.0,0.0,0.0,0.0,0.0,0.0,0.0,0.0,l3234185,PQ,1.0,1.0,1.0,7199.557856794634,1000000.0,0.9,1.05,b,,False,False,False,46.75663958,-119.1825849,default
1794,0.0,0.0,0.0,0.0,0.0,0.0,0.0,0.0,0.0,0.0,0.0,0.0,0.0,0.0,l3065750,PQ,1.0,1.0,1.0,7199.557856794634,1000000.0,0.9,1.05,b,,False,False,False,46.75521884,-119.1825564,default
1795,0.0,0.0,0.0,0.0,0.0,0.0,0.0,0.0,0.0,0.0,0.0,0.0,0.0,0.0,x3065750b,PQ,1.0,1.0,1.0,104.0,1000000.0,0.9,1.05,s1s2,b,False,False,False,46.7549,-119.1826,default
1796,0.0,0.0,0.0,0.0,0.0,0.0,0.0066461998476235,0.0016656949467787,0.0030838010430529,0.0007728735052836,0.0,0.0,0.0,0.0,sx3065750b,PQ,1.0,1.0,1.0,104.0,1000000.0,0.9,1.05,s1s2,b,False,True,False,46.7549,-119.1828,default
1797,0.0,0.0,0.0,0.0,0.0,0.0,0.0,0.0,0.0,0.0,0.0,0.0,0.0,0.0,x3234185b,PQ,1.0,1.0,1.0,104.0,1000000.0,0.9,1.05,s1s2,b,False,False,False,46.7563,-119.1826,default
1798,0.0,0.0,0.0,0.0,0.0,0.0,0.0089996159567382,0.0022555167247597,0.0007303849931049,0.000183051759608,0.0,0.0,0.0,0.0,sx3234185b,PQ,1.0,1.0,1.0,104.0,1000000.0,0.9,1.05,s1s2,b,False,True,False,46.7563,-119.1829,default
1799,0.0,0.0,0.0,0.0,0.0,0.0,0.0,0.0,0.0,0.0,0.0,0.0,0.0,0.0,x3159037b,PQ,1.0,1.0,1.0,104.0,1000000.0,0.9,1.05,s1s2,b,False,False,False,46.7573,-119.1833,default
1800,0.0,0.0,0.0,0.0,0.0,0.0,0.0130537029232383,0.0032715668627979,0.0015362985629937,0.0003850327660254,0.0,0.0,0.0,0.0,sx3159037b,PQ,1.0,1.0,1.0,104.0,1000000.0,0.9,1.05,s1s2,b,False,True,False,46.7573,-119.1836,default
1801,0.0,0.0,0.0,0.0,0.0,0.0,0.0,0.0,0.0,0.0,0.0,0.0,0.0,0.0,x2710513b,PQ,1.0,1.0,1.0,104.0,1000000.0,0.9,1.05,s1s2,b,False,False,False,46.7576,-119.1927,default
1802,0.0,0.0,0.0,0.0,0.0,0.0,0.0018703802242737,0.0004687615395582,0.0020196201129746,0.000506164587066,0.0,0.0,0.0,0.0,sx2710513b,PQ,1.0,1.0,1.0,104.0,1000000.0,0.9,1.05,s1s2,b,False,True,False,46.7577,-119.193,default
1803,0.0,0.0,0.0,0.0,0.0,0.0,0.0,0.0,0.0,0.0,0.0,0.0,0.0,0.0,l2954346,PQ,1.0,1.0,1.0,7199.557856794634,1000000.0,0.9,1.05,b,,False,False,False,46.75885022,-119.1942924,default
1804,0.0,0.0,0.0,0.0,0.0,0.0,0.0,0.0,0.0,0.0,0.0,0.0,0.0,0.0,m1047831,PQ,1.0,1.0,1.0,7199.557856794634,1000000.0,0.9,1.05,b,,False,False,False,46.76058254,-119.1932076,default
1805,0.0,0.0,0.0,0.0,0.0,0.0,0.0,0.0,0.0,0.0,0.0,0.0,0.0,0.0,l2710505,PQ,1.0,1.0,1.0,7199.557856794634,1000000.0,0.9,1.05,b,,False,False,False,46.76017712,-119.191512,default
1806,0.0,0.0,0.0,0.0,0.0,0.0,0.0,0.0,0.0,0.0,0.0,0.0,0.0,0.0,x2710505b,PQ,1.0,1.0,1.0,104.0,1000000.0,0.9,1.05,s1s2,b,False,False,False,46.7598,-119.1915,default
1807,0.0,0.0,0.0,0.0,0.0,0.0,0.0057639844005292,0.0014445908843719,7.601614620346485e-05,1.9051444747040354e-05,0.0,0.0,0.0,0.0,sx2710505b,PQ,1.0,1.0,1.0,104.0,1000000.0,0.9,1.05,s1s2,b,False,True,False,46.7599,-119.1918,default
1808,0.0,0.0,0.0,0.0,0.0,0.0,0.0,0.0,0.0,0.0,0.0,0.0,0.0,0.0,l3178974,PQ,1.0,1.0,1.0,7199.557856794634,1000000.0,0.9,1.05,b,,False,False,False,46.76173124,-119.1932169,default
1809,0.0,0.0,0.0,0.0,0.0,0.0,0.0,0.0,0.0,0.0,0.0,0.0,0.0,0.0,m3327098,PQ,1.0,1.0,1.0,7199.557856794634,1000000.0,0.9,1.05,b,,False,False,False,46.7627589,-119.1932532,default
1810,0.0,0.0,0.0,0.0,0.0,0.0,0.0,0.0,0.0,0.0,0.0,0.0,0.0,0.0,l2691943,PQ,1.0,1.0,1.0,7199.557856794634,1000000.0,0.9,1.05,b,,False,False,False,46.76420298,-119.1952694,default
1811,0.0,0.0,0.0,0.0,0.0,0.0,0.0,0.0,0.0,0.0,0.0,0.0,0.0,0.0,x2691943b,PQ,1.0,1.0,1.0,104.0,1000000.0,0.9,1.05,s1s2,b,False,False,False,46.7639,-119.1953,default
1812,0.0,0.0,0.0,0.0,0.0,0.0,0.0011107776714739,0.0002783871655903,0.0047292228540303,0.001185255151712,0.0,0.0,0.0,0.0,sx2691943b,PQ,1.0,1.0,1.0,104.0,1000000.0,0.9,1.05,s1s2,b,False,True,False,46.7639,-119.1955,default
1813,0.0,0.0,0.0,0.0,0.0,0.0,0.0,0.0,0.0,0.0,0.0,0.0,0.0,0.0,m3327097,PQ,1.0,1.0,1.0,7199.557856794634,1000000.0,0.9,1.05,b,,False,False,False,46.76296632,-119.1945932,default
1814,0.0,0.0,0.0,0.0,0.0,0.0,0.0,0.0,0.0,0.0,0.0,0.0,0.0,0.0,l3448661,PQ,1.0,1.0,1.0,7199.557856794634,1000000.0,0.9,1.05,b,,False,False,False,46.76286152,-119.1953187,default
1815,0.0,0.0,0.0,0.0,0.0,0.0,0.0,0.0,0.0,0.0,0.0,0.0,0.0,0.0,x3448661b,PQ,1.0,1.0,1.0,104.0,1000000.0,0.9,1.05,s1s2,b,False,False,False,46.7625,-119.1953,default
1816,0.0,0.0,0.0,0.0,0.0,0.0,0.0015249372246846,0.0003821853490232,0.0043150632947529,0.0010814569649171,0.0,0.0,0.0,0.0,sx3448661b,PQ,1.0,1.0,1.0,104.0,1000000.0,0.9,1.05,s1s2,b,False,True,False,46.7625,-119.1956,default
1817,0.0,0.0,0.0,0.0,0.0,0.0,0.0,0.0,0.0,0.0,0.0,0.0,0.0,0.0,x3178974b,PQ,1.0,1.0,1.0,104.0,1000000.0,0.9,1.05,s1s2,b,False,False,False,46.7614,-119.1932,default
1818,0.0,0.0,0.0,0.0,0.0,0.0,0.0020629187205196,0.0005170162412981,0.0037770817932818,0.0009466260694869,0.0,0.0,0.0,0.0,sx3178974b,PQ,1.0,1.0,1.0,104.0,1000000.0,0.9,1.05,s1s2,b,False,True,False,46.7614,-119.1935,default
1819,0.0,0.0,0.0,0.0,0.0,0.0,0.0,0.0,0.0,0.0,0.0,0.0,0.0,0.0,x2954346b,PQ,1.0,1.0,1.0,104.0,1000000.0,0.9,1.05,s1s2,b,False,False,False,46.7585,-119.1943,default
1820,0.0,0.0,0.0,0.0,0.0,0.0,0.0097082161795534,0.0024331087094838,2.178478356257273e-05,5.459782157107661e-06,0.0,0.0,0.0,0.0,sx2954346b,PQ,1.0,1.0,1.0,104.0,1000000.0,0.9,1.05,s1s2,b,False,True,False,46.7585,-119.1946,default
1821,0.0,0.0,0.0,0.0,0.0,0.0,0.0,0.0,0.0,0.0,0.0,0.0,0.0,0.0,x2710512b,PQ,1.0,1.0,1.0,104.0,1000000.0,0.9,1.05,s1s2,b,False,False,False,46.7564,-119.1952,default
1822,0.0,0.0,0.0,0.0,0.0,0.0,0.0049168146132238,0.0012322700780571,0.0048131862466459,0.0012062983571809,0.0,0.0,0.0,0.0,sx2710512b,PQ,1.0,1.0,1.0,104.0,1000000.0,0.9,1.05,s1s2,b,False,True,False,46.7564,-119.1955,default
1823,0.0,0.0,0.0,0.0,0.0,0.0,0.0,0.0,0.0,0.0,0.0,0.0,0.0,0.0,x3235246b,PQ,1.0,1.0,1.0,104.0,1000000.0,0.9,1.05,s1s2,b,False,False,False,46.7553,-119.1955,default
1824,0.0,0.0,0.0,0.0,0.0,0.0,0.0028391397210975,0.0007115555904866,0.0030008607844291,0.0007520867157068,0.0,0.0,0.0,0.0,sx3235246b,PQ,1.0,1.0,1.0,104.0,1000000.0,0.9,1.05,s1s2,b,False,True,False,46.7553,-119.1958,default
1825,0.0,0.0,0.0,0.0,0.0,0.0,0.0,0.0,0.0,0.0,0.0,0.0,0.0,0.0,x2935568b,PQ,1.0,1.0,1.0,104.0,1000000.0,0.9,1.05,s1s2,b,False,False,False,46.7528,-119.1966,default
1826,0.0,0.0,0.0,0.0,0.0,0.0,0.0056075946902346,0.001405395918986,0.0002324058434225,5.824640290125871e-05,0.0,0.0,0.0,0.0,sx2935568b,PQ,1.0,1.0,1.0,104.0,1000000.0,0.9,1.05,s1s2,b,False,True,False,46.7529,-119.1969,default
1827,0.0,0.0,0.0,0.0,0.0,0.0,0.0,0.0,0.0,0.0,0.0,0.0,0.0,0.0,x2897800b,PQ,1.0,1.0,1.0,104.0,1000000.0,0.9,1.05,s1s2,b,False,False,False,46.7499,-119.1972,default
1828,0.0,0.0,0.0,0.0,0.0,0.0,0.0029262488731634,0.0007333872061756,0.0009637514596262,0.0002415389180048,0.0,0.0,0.0,0.0,sx2897800b,PQ,1.0,1.0,1.0,104.0,1000000.0,0.9,1.05,s1s2,b,False,True,False,46.7499,-119.1975,default
1829,0.0,0.0,0.0,0.0,0.0,0.0,0.0,0.0,0.0,0.0,0.0,0.0,0.0,0.0,x3215549b,PQ,1.0,1.0,1.0,104.0,1000000.0,0.9,1.05,s1s2,b,False,False,False,46.7478,-119.1974,default
1830,0.0,0.0,0.0,0.0,0.0,0.0,0.0084790597295651,0.0021250530016685,0.0012509411598613,0.0003135154498263,0.0,0.0,0.0,0.0,sx3215549b,PQ,1.0,1.0,1.0,104.0,1000000.0,0.9,1.05,s1s2,b,False,True,False,46.7479,-119.1977,default
1831,0.0,0.0,0.0,0.0,0.0,0.0,0.0,0.0,0.0,0.0,0.0,0.0,0.0,0.0,x3160117b,PQ,1.0,1.0,1.0,104.0,1000000.0,0.9,1.05,s1s2,b,False,False,False,46.7465,-119.1975,default
1832,0.0,0.0,0.0,0.0,0.0,0.0,0.0050068732193096,0.0012548408916301,0.0047231276127813,0.0011837275284791,0.0,0.0,0.0,0.0,sx3160117b,PQ,1.0,1.0,1.0,104.0,1000000.0,0.9,1.05,s1s2,b,False,True,False,46.7465,-119.1978,default
1833,0.0,0.0,0.0,0.0,0.0,0.0,0.0,0.0,0.0,0.0,0.0,0.0,0.0,0.0,p827555,PQ,1.0,1.0,1.0,7199.557856794634,1000000.0,0.9,1.05,b,,False,False,False,46.74593628,-119.1977017,default
1834,0.0,0.0,0.0,0.0,0.0,0.0,0.0,0.0,0.0,0.0,0.0,0.0,0.0,0.0,m1047794,PQ,1.0,1.0,1.0,7199.557856794634,1000000.0,0.9,1.05,b,,False,False,False,46.7459426,-119.1978377,default
1835,0.0,0.0,0.0,0.0,0.0,0.0,0.0,0.0,0.0,0.0,0.0,0.0,0.0,0.0,m1047792,PQ,1.0,1.0,1.0,7199.557856794634,1000000.0,0.9,1.05,b,,False,False,False,46.74572292,-119.1965156,default
1836,0.0,0.0,0.0,0.0,0.0,0.0,0.0,0.0,0.0,0.0,0.0,0.0,0.0,0.0,l2860500,PQ,1.0,1.0,1.0,7199.557856794634,1000000.0,0.9,1.05,b,,False,False,False,46.74696842,-119.1959305,default
1837,0.0,0.0,0.0,0.0,0.0,0.0,0.0,0.0,0.0,0.0,0.0,0.0,0.0,0.0,x2860500b,PQ,1.0,1.0,1.0,104.0,1000000.0,0.9,1.05,s1s2,b,False,False,False,46.7466,-119.1959,default
1838,0.0,0.0,0.0,0.0,0.0,0.0,0.0006348382023412,0.0001591054730112,0.0052051623091295,0.0013045368366201,0.0,0.0,0.0,0.0,sx2860500b,PQ,1.0,1.0,1.0,104.0,1000000.0,0.9,1.05,s1s2,b,False,True,False,46.7467,-119.1962,default
1839,0.0,0.0,0.0,0.0,0.0,0.0,0.0,0.0,0.0,0.0,0.0,0.0,0.0,0.0,l2876846,PQ,1.0,1.0,1.0,7199.557856794634,1000000.0,0.9,1.05,b,,False,False,False,46.74573608,-119.1901908,default
1840,0.0,0.0,0.0,0.0,0.0,0.0,0.0,0.0,0.0,0.0,0.0,0.0,0.0,0.0,l3048203,PQ,1.0,1.0,1.0,7199.557856794634,1000000.0,0.9,1.05,b,,False,False,False,46.74557656,-119.1852094,default
1841,0.0,0.0,0.0,0.0,0.0,0.0,0.0,0.0,0.0,0.0,0.0,0.0,0.0,0.0,x3048203b,PQ,1.0,1.0,1.0,104.0,1000000.0,0.9,1.05,s1s2,b,False,False,False,46.7452,-119.1852,default
1842,0.0,0.0,0.0,0.0,0.0,0.0,0.0054109005495712,0.0013560997009207,0.0043191002825576,0.0010824687192253,0.0,0.0,0.0,0.0,sx3048203b,PQ,1.0,1.0,1.0,104.0,1000000.0,0.9,1.05,s1s2,b,False,True,False,46.7453,-119.1855,default
1843,0.0,0.0,0.0,0.0,0.0,0.0,0.0,0.0,0.0,0.0,0.0,0.0,0.0,0.0,m1047796,PQ,1.0,1.0,1.0,7199.557856794634,1000000.0,0.9,1.05,b,,False,False,False,46.74604688,-119.2001068,default
1844,0.0,0.0,0.0,0.0,0.0,0.0,0.0,0.0,0.0,0.0,0.0,0.0,0.0,0.0,l3010562,PQ,1.0,1.0,1.0,7199.557856794634,1000000.0,0.9,1.05,b,,False,False,False,46.7453003,-119.2019995,default
1845,0.0,0.0,0.0,0.0,0.0,0.0,0.0,0.0,0.0,0.0,0.0,0.0,0.0,0.0,x3010562b,PQ,1.0,1.0,1.0,104.0,1000000.0,0.9,1.05,s1s2,b,False,False,False,46.745,-119.202,default
1846,0.0,0.0,0.0,0.0,0.0,0.0,0.0020150011808026,0.0005050069698469,0.0038249993116746,0.0009586353292067,0.0,0.0,0.0,0.0,sx3010562b,PQ,1.0,1.0,1.0,104.0,1000000.0,0.9,1.05,s1s2,b,False,True,False,46.745,-119.2023,default
1847,0.0,0.0,0.0,0.0,0.0,0.0,0.0,0.0,0.0,0.0,0.0,0.0,0.0,0.0,x3157710b,PQ,1.0,1.0,1.0,104.0,1000000.0,0.9,1.05,s1s2,b,False,False,False,46.7449,-119.1978,default
1848,0.0,0.0,0.0,0.0,0.0,0.0,0.0008949113747232,0.0002242859630552,0.0049450891299395,0.001239356342775,0.0,0.0,0.0,0.0,sx3157710b,PQ,1.0,1.0,1.0,104.0,1000000.0,0.9,1.05,s1s2,b,False,True,False,46.7449,-119.1981,default
1849,0.0,0.0,0.0,0.0,0.0,0.0,0.0,0.0,0.0,0.0,0.0,0.0,0.0,0.0,x2710514b,PQ,1.0,1.0,1.0,104.0,1000000.0,0.9,1.05,s1s2,b,False,False,False,46.7417,-119.1988,default
1850,0.0,0.0,0.0,0.0,0.0,0.0,0.0081052595360303,0.0020313698203097,0.00162474131875,0.0004071986123509,0.0,0.0,0.0,0.0,sx2710514b,PQ,1.0,1.0,1.0,104.0,1000000.0,0.9,1.05,s1s2,b,False,True,False,46.7417,-119.199,default
1851,0.0,0.0,0.0,0.0,0.0,0.0,0.0,0.0,0.0,0.0,0.0,0.0,0.0,0.0,l3197632,PQ,1.0,1.0,1.0,7199.557856794634,1000000.0,0.9,1.05,b,,False,False,False,46.74030098,-119.1967141,default
1852,0.0,0.0,0.0,0.0,0.0,0.0,0.0,0.0,0.0,0.0,0.0,0.0,0.0,0.0,x3197632b,PQ,1.0,1.0,1.0,104.0,1000000.0,0.9,1.05,s1s2,b,False,False,False,46.74,-119.1967,default
1853,0.0,0.0,0.0,0.0,0.0,0.0,0.0035369517821933,0.0008864437999442,0.0023030486956358,0.0005771984909981,0.0,0.0,0.0,0.0,sx3197632b,PQ,1.0,1.0,1.0,104.0,1000000.0,0.9,1.05,s1s2,b,False,True,False,46.74,-119.197,default
1854,0.0,0.0,0.0,0.0,0.0,0.0,0.0,0.0,0.0,0.0,0.0,0.0,0.0,0.0,p827509,PQ,1.0,1.0,1.0,7199.557856794634,1000000.0,0.9,1.05,b,,False,False,False,46.73916434,-119.199767,default
1855,0.0,0.0,0.0,0.0,0.0,0.0,0.0,0.0,0.0,0.0,0.0,0.0,0.0,0.0,n1136029,PQ,1.0,1.0,1.0,7199.557856794634,1000000.0,0.9,1.05,b,,False,False,False,46.73921362,-119.1998638,default
1856,0.0,0.0,0.0,0.0,0.0,0.0,0.0,0.0,0.0,0.0,0.0,0.0,0.0,0.0,m1047767,PQ,1.0,1.0,1.0,7199.557856794634,1000000.0,0.9,1.05,b,,False,False,False,46.74002766,-119.2014621,default
1857,0.0,0.0,0.0,0.0,0.0,0.0,0.0,0.0,0.0,0.0,0.0,0.0,0.0,0.0,d5623395-1_int,PQ,1.0,1.0,1.0,7199.557856794634,1000000.0,0.9,1.05,b,,False,False,False,46.74030804,-119.2023001,default
1858,0.0,0.0,0.0,0.0,0.0,0.0,0.0,0.0,0.0,0.0,0.0,0.0,0.0,0.0,l2879068,PQ,1.0,1.0,1.0,7199.557856794634,1000000.0,0.9,1.05,b,,False,False,False,46.740844,-119.2030396,default
1859,0.0,0.0,0.0,0.0,0.0,0.0,0.0,0.0,0.0,0.0,0.0,0.0,0.0,0.0,m1047773,PQ,1.0,1.0,1.0,7199.557856794634,1000000.0,0.9,1.05,b,,False,False,False,46.74155184,-119.2044645,default
1860,0.0,0.0,0.0,0.0,0.0,0.0,0.0,0.0,0.0,0.0,0.0,0.0,0.0,0.0,l2973152,PQ,1.0,1.0,1.0,7199.557856794634,1000000.0,0.9,1.05,b,,False,False,False,46.7420644,-119.205445,default
1861,0.0,0.0,0.0,0.0,0.0,0.0,0.0,0.0,0.0,0.0,0.0,0.0,0.0,0.0,m1047777,PQ,1.0,1.0,1.0,7199.557856794634,1000000.0,0.9,1.05,b,,False,False,False,46.74217954,-119.2057075,default
1862,0.0,0.0,0.0,0.0,0.0,0.0,0.0,0.0,0.0,0.0,0.0,0.0,0.0,0.0,l2748131,PQ,1.0,1.0,1.0,7199.557856794634,1000000.0,0.9,1.05,b,,False,False,False,46.74301288,-119.2072866,default
1863,0.0,0.0,0.0,0.0,0.0,0.0,0.0,0.0,0.0,0.0,0.0,0.0,0.0,0.0,l2729427,PQ,1.0,1.0,1.0,7199.557856794634,1000000.0,0.9,1.05,b,,False,False,False,46.7436025,-119.2079313,default
1864,0.0,0.0,0.0,0.0,0.0,0.0,0.0,0.0,0.0,0.0,0.0,0.0,0.0,0.0,m1047786,PQ,1.0,1.0,1.0,7199.557856794634,1000000.0,0.9,1.05,b,,False,False,False,46.74404148,-119.2085015,default
1865,0.0,0.0,0.0,0.0,0.0,0.0,0.0,0.0,0.0,0.0,0.0,0.0,0.0,0.0,l3048207,PQ,1.0,1.0,1.0,7199.557856794634,1000000.0,0.9,1.05,b,,False,False,False,46.74466844,-119.2094251,default
1866,0.0,0.0,0.0,0.0,0.0,0.0,0.0,0.0,0.0,0.0,0.0,0.0,0.0,0.0,m3036164,PQ,1.0,1.0,1.0,7199.557856794634,1000000.0,0.9,1.05,b,,False,False,False,46.74469478,-119.2094639,default
1867,0.0,0.0,0.0,0.0,0.0,0.0,0.0,0.0,0.0,0.0,0.0,0.0,0.0,0.0,l2935553,PQ,1.0,1.0,1.0,7199.557856794634,1000000.0,0.9,1.05,b,,False,False,False,46.74525632,-119.2099288,default
1868,0.0,0.0,0.0,0.0,0.0,0.0,0.0,0.0,0.0,0.0,0.0,0.0,0.0,0.0,m1026987,PQ,1.0,1.0,1.0,7199.557856794634,1000000.0,0.9,1.05,b,,False,False,False,46.74691802,-119.2109635,default
1869,0.0,0.0,0.0,0.0,0.0,0.0,0.0,0.0,0.0,0.0,0.0,0.0,0.0,0.0,m1026989,PQ,1.0,1.0,1.0,7199.557856794634,1000000.0,0.9,1.05,b,,False,False,False,46.74720992,-119.2116994,default
1870,0.0,0.0,0.0,0.0,0.0,0.0,0.0,0.0,0.0,0.0,0.0,0.0,0.0,0.0,l2673343,PQ,1.0,1.0,1.0,7199.557856794634,1000000.0,0.9,1.05,b,,False,False,False,46.74842126,-119.2146855,default
1871,0.0,0.0,0.0,0.0,0.0,0.0,0.0,0.0,0.0,0.0,0.0,0.0,0.0,0.0,l2764436,PQ,1.0,1.0,1.0,7199.557856794634,1000000.0,0.9,1.05,b,,False,False,False,46.74933736,-119.2161793,default
1872,0.0,0.0,0.0,0.0,0.0,0.0,0.0,0.0,0.0,0.0,0.0,0.0,0.0,0.0,x2673343b,PQ,1.0,1.0,1.0,104.0,1000000.0,0.9,1.05,s1s2,b,False,False,False,46.7481,-119.2147,default
1873,0.0,0.0,0.0,0.0,0.0,0.0,0.005698581186924,0.001428199286092,0.0001414193408653,3.544303263443083e-05,0.0,0.0,0.0,0.0,sx2673343b,PQ,1.0,1.0,1.0,104.0,1000000.0,0.9,1.05,s1s2,b,False,True,False,46.7481,-119.215,default
1874,0.0,0.0,0.0,0.0,0.0,0.0,0.0,0.0,0.0,0.0,0.0,0.0,0.0,0.0,m1026990,PQ,1.0,1.0,1.0,7199.557856794634,1000000.0,0.9,1.05,b,,False,False,False,46.74770818,-119.2107224,default
1875,0.0,0.0,0.0,0.0,0.0,0.0,0.0,0.0,0.0,0.0,0.0,0.0,0.0,0.0,m1027001,PQ,1.0,1.0,1.0,7199.557856794634,1000000.0,0.9,1.05,b,,False,False,False,46.75134836,-119.2106136,default
1876,0.0,0.0,0.0,0.0,0.0,0.0,0.0,0.0,0.0,0.0,0.0,0.0,0.0,0.0,m1027004,PQ,1.0,1.0,1.0,7199.557856794634,1000000.0,0.9,1.05,b,,False,False,False,46.75266086,-119.2106506,default
1877,0.0,0.0,0.0,0.0,0.0,0.0,0.0,0.0,0.0,0.0,0.0,0.0,0.0,0.0,l2804248,PQ,1.0,1.0,1.0,7199.557856794634,1000000.0,0.9,1.05,b,,False,False,False,46.7532047,-119.2106838,default
1878,0.0,0.0,0.0,0.0,0.0,0.0,0.0,0.0,0.0,0.0,0.0,0.0,0.0,0.0,m1027005,PQ,1.0,1.0,1.0,7199.557856794634,1000000.0,0.9,1.05,b,,False,False,False,46.7531566,-119.2116994,default
1879,0.0,0.0,0.0,0.0,0.0,0.0,0.0,0.0,0.0,0.0,0.0,0.0,0.0,0.0,l3160100,PQ,1.0,1.0,1.0,7199.557856794634,1000000.0,0.9,1.05,b,,False,False,False,46.7531252,-119.2123634,default
1880,0.0,0.0,0.0,0.0,0.0,0.0,0.0,0.0,0.0,0.0,0.0,0.0,0.0,0.0,l3085390,PQ,1.0,1.0,1.0,7199.557856794634,1000000.0,0.9,1.05,b,,False,False,False,46.7540774,-119.2124604,default
1881,0.0,0.0,0.0,0.0,0.0,0.0,0.0,0.0,0.0,0.0,0.0,0.0,0.0,0.0,x3085390b,PQ,1.0,1.0,1.0,104.0,1000000.0,0.9,1.05,s1s2,b,False,False,False,46.7537,-119.2125,default
1882,0.0,0.0,0.0,0.0,0.0,0.0,0.0014021153464572,0.0003514032795301,0.0044378851639289,0.0011122390295204,0.0,0.0,0.0,0.0,sx3085390b,PQ,1.0,1.0,1.0,104.0,1000000.0,0.9,1.05,s1s2,b,False,True,False,46.7538,-119.2127,default
1883,0.0,0.0,0.0,0.0,0.0,0.0,0.0,0.0,0.0,0.0,0.0,0.0,0.0,0.0,x3160100b,PQ,1.0,1.0,1.0,104.0,1000000.0,0.9,1.05,s1s2,b,False,False,False,46.7528,-119.2124,default
1884,0.0,0.0,0.0,0.0,0.0,0.0,0.0039455036051674,0.0009888365590564,0.0018944968996823,0.0004748057468994,0.0,0.0,0.0,0.0,sx3160100b,PQ,1.0,1.0,1.0,104.0,1000000.0,0.9,1.05,s1s2,b,False,True,False,46.7528,-119.2126,default
1885,0.0,0.0,0.0,0.0,0.0,0.0,0.0,0.0,0.0,0.0,0.0,0.0,0.0,0.0,x2804248b,PQ,1.0,1.0,1.0,104.0,1000000.0,0.9,1.05,s1s2,b,False,False,False,46.7529,-119.2107,default
1886,0.0,0.0,0.0,0.0,0.0,0.0,0.0036735012078784,0.0009206663249978,0.0002164991369562,5.425980600316294e-05,0.0,0.0,0.0,0.0,sx2804248b,PQ,1.0,1.0,1.0,104.0,1000000.0,0.9,1.05,s1s2,b,False,True,False,46.7529,-119.211,default
1887,0.0,0.0,0.0,0.0,0.0,0.0,0.0,0.0,0.0,0.0,0.0,0.0,0.0,0.0,l2897765,PQ,1.0,1.0,1.0,7199.557856794634,1000000.0,0.9,1.05,b,,False,False,False,46.75431538,-119.2091294,default
1888,0.0,0.0,0.0,0.0,0.0,0.0,0.0,0.0,0.0,0.0,0.0,0.0,0.0,0.0,m1047819,PQ,1.0,1.0,1.0,7199.557856794634,1000000.0,0.9,1.05,b,,False,False,False,46.75560352,-119.2079275,default
1889,0.0,0.0,0.0,0.0,0.0,0.0,0.0,0.0,0.0,0.0,0.0,0.0,0.0,0.0,l2916603,PQ,1.0,1.0,1.0,7199.557856794634,1000000.0,0.9,1.05,b,,False,False,False,46.75634158,-119.2087712,default
1890,0.0,0.0,0.0,0.0,0.0,0.0,0.0,0.0,0.0,0.0,0.0,0.0,0.0,0.0,x2916603b,PQ,1.0,1.0,1.0,104.0,1000000.0,0.9,1.05,s1s2,b,False,False,False,46.756,-119.2088,default
1891,0.0,0.0,0.0,0.0,0.0,0.0,0.0003482112451935,8.726997650000902e-05,0.0054917892873792,0.001376372344855,0.0,0.0,0.0,0.0,sx2916603b,PQ,1.0,1.0,1.0,104.0,1000000.0,0.9,1.05,s1s2,b,False,True,False,46.756,-119.2091,default
1892,0.0,0.0,0.0,0.0,0.0,0.0,0.0,0.0,0.0,0.0,0.0,0.0,0.0,0.0,m1047821,PQ,1.0,1.0,1.0,7199.557856794634,1000000.0,0.9,1.05,b,,False,False,False,46.75637604,-119.2072262,default
1893,0.0,0.0,0.0,0.0,0.0,0.0,0.0,0.0,0.0,0.0,0.0,0.0,0.0,0.0,l2684420,PQ,1.0,1.0,1.0,7199.557856794634,1000000.0,0.9,1.05,b,,False,False,False,46.75658456,-119.2069978,default
1894,0.0,0.0,0.0,0.0,0.0,0.0,0.0,0.0,0.0,0.0,0.0,0.0,0.0,0.0,m1047824,PQ,1.0,1.0,1.0,7199.557856794634,1000000.0,0.9,1.05,b,,False,False,False,46.75777564,-119.2070705,default
1895,0.0,0.0,0.0,0.0,0.0,0.0,0.0,0.0,0.0,0.0,0.0,0.0,0.0,0.0,l3122810,PQ,1.0,1.0,1.0,7199.557856794634,1000000.0,0.9,1.05,b,,False,False,False,46.75764288,-119.208399,default
1896,0.0,0.0,0.0,0.0,0.0,0.0,0.0,0.0,0.0,0.0,0.0,0.0,0.0,0.0,x3122810b,PQ,1.0,1.0,1.0,104.0,1000000.0,0.9,1.05,s1s2,b,False,False,False,46.7573,-119.2084,default
1897,0.0,0.0,0.0,0.0,0.0,0.0,0.0091357675031731,0.002289639518899,0.0005942334289625,0.0001489289560237,0.0,0.0,0.0,0.0,sx3122810b,PQ,1.0,1.0,1.0,104.0,1000000.0,0.9,1.05,s1s2,b,False,True,False,46.7573,-119.2087,default
1898,0.0,0.0,0.0,0.0,0.0,0.0,0.0,0.0,0.0,0.0,0.0,0.0,0.0,0.0,m1047834,PQ,1.0,1.0,1.0,7199.557856794634,1000000.0,0.9,1.05,b,,False,False,False,46.7636641,-119.207852,default
1899,0.0,0.0,0.0,0.0,0.0,0.0,0.0,0.0,0.0,0.0,0.0,0.0,0.0,0.0,l3197624,PQ,1.0,1.0,1.0,7199.557856794634,1000000.0,0.9,1.05,b,,False,False,False,46.76499684,-119.2080745,default
1900,0.0,0.0,0.0,0.0,0.0,0.0,0.0,0.0,0.0,0.0,0.0,0.0,0.0,0.0,m1027101,PQ,1.0,1.0,1.0,7199.557856794634,1000000.0,0.9,1.05,b,,False,False,False,46.76643924,-119.2097049,default
1901,0.0,0.0,0.0,0.0,0.0,0.0,0.0,0.0,0.0,0.0,0.0,0.0,0.0,0.0,l2710508,PQ,1.0,1.0,1.0,7199.557856794634,1000000.0,0.9,1.05,b,,False,False,False,46.76640356,-119.2097498,default
1902,0.0,0.0,0.0,0.0,0.0,0.0,0.0,0.0,0.0,0.0,0.0,0.0,0.0,0.0,l2822860,PQ,1.0,1.0,1.0,7199.557856794634,1000000.0,0.9,1.05,b,,False,False,False,46.76504724,-119.2114888,default
1903,0.0,0.0,0.0,0.0,0.0,0.0,0.0,0.0,0.0,0.0,0.0,0.0,0.0,0.0,x2822860b,PQ,1.0,1.0,1.0,104.0,1000000.0,0.9,1.05,s1s2,b,False,False,False,46.7647,-119.2115,default
1904,0.0,0.0,0.0,0.0,0.0,0.0,0.008929097104871,0.002237843027154,0.0008009038265469,0.0002007254474009,0.0,0.0,0.0,0.0,sx2822860b,PQ,1.0,1.0,1.0,104.0,1000000.0,0.9,1.05,s1s2,b,False,True,False,46.7647,-119.2118,default
1905,0.0,0.0,0.0,0.0,0.0,0.0,0.0,0.0,0.0,0.0,0.0,0.0,0.0,0.0,x2710508b,PQ,1.0,1.0,1.0,104.0,1000000.0,0.9,1.05,s1s2,b,False,False,False,46.7661,-119.2097,default
1906,0.0,0.0,0.0,0.0,0.0,0.0,0.003622233091537,0.0009078173201061,0.0022177674188859,0.0005558249889003,0.0,0.0,0.0,0.0,sx2710508b,PQ,1.0,1.0,1.0,104.0,1000000.0,0.9,1.05,s1s2,b,False,True,False,46.7661,-119.21,default
1907,0.0,0.0,0.0,0.0,0.0,0.0,0.0,0.0,0.0,0.0,0.0,0.0,0.0,0.0,l2860480,PQ,1.0,1.0,1.0,7199.557856794634,1000000.0,0.9,1.05,b,,False,False,False,46.76815008,-119.2108523,default
1908,0.0,0.0,0.0,0.0,0.0,0.0,0.0,0.0,0.0,0.0,0.0,0.0,0.0,0.0,x2860480b,PQ,1.0,1.0,1.0,104.0,1000000.0,0.9,1.05,s1s2,b,False,False,False,46.7678,-119.2109,default
1909,0.0,0.0,0.0,0.0,0.0,0.0,0.0021223516486375,0.0005319115368874,0.0076076492450276,0.001906656917047,0.0,0.0,0.0,0.0,sx2860480b,PQ,1.0,1.0,1.0,104.0,1000000.0,0.9,1.05,s1s2,b,False,True,False,46.7678,-119.2111,default
1910,0.0,0.0,0.0,0.0,0.0,0.0,0.0,0.0,0.0,0.0,0.0,0.0,0.0,0.0,x3197624b,PQ,1.0,1.0,1.0,104.0,1000000.0,0.9,1.05,s1s2,b,False,False,False,46.7646,-119.2081,default
1911,0.0,0.0,0.0,0.0,0.0,0.0,0.0003856718713539,9.665849619068482e-05,0.00156432829755,0.000392057686098,0.0,0.0,0.0,0.0,sx3197624b,PQ,1.0,1.0,1.0,104.0,1000000.0,0.9,1.05,s1s2,b,False,True,False,46.7647,-119.2084,default
1912,0.0,0.0,0.0,0.0,0.0,0.0,0.0,0.0,0.0,0.0,0.0,0.0,0.0,0.0,m1047835,PQ,1.0,1.0,1.0,7199.557856794634,1000000.0,0.9,1.05,b,,False,False,False,46.76402626,-119.2070099,default
1913,0.0,0.0,0.0,0.0,0.0,0.0,0.0,0.0,0.0,0.0,0.0,0.0,0.0,0.0,m1047836,PQ,1.0,1.0,1.0,7199.557856794634,1000000.0,0.9,1.05,b,,False,False,False,46.7667246,-119.20775,default
1914,0.0,0.0,0.0,0.0,0.0,0.0,0.0,0.0,0.0,0.0,0.0,0.0,0.0,0.0,l3048199,PQ,1.0,1.0,1.0,7199.557856794634,1000000.0,0.9,1.05,b,,False,False,False,46.7669105,-119.2053533,default
1915,0.0,0.0,0.0,0.0,0.0,0.0,0.0,0.0,0.0,0.0,0.0,0.0,0.0,0.0,m1047837,PQ,1.0,1.0,1.0,7199.557856794634,1000000.0,0.9,1.05,b,,False,False,False,46.76714682,-119.2039287,default
1916,0.0,0.0,0.0,0.0,0.0,0.0,0.0,0.0,0.0,0.0,0.0,0.0,0.0,0.0,x3048199b,PQ,1.0,1.0,1.0,104.0,1000000.0,0.9,1.05,s1s2,b,False,False,False,46.7666,-119.2054,default
1917,0.0,0.0,0.0,0.0,0.0,0.0,0.002738045695851,0.0006862190359985,0.0031019548121222,0.0007774232716448,0.0,0.0,0.0,0.0,sx3048199b,PQ,1.0,1.0,1.0,104.0,1000000.0,0.9,1.05,s1s2,b,False,True,False,46.7666,-119.2056,default
1918,0.0,0.0,0.0,0.0,0.0,0.0,0.0,0.0,0.0,0.0,0.0,0.0,0.0,0.0,l3254203,PQ,1.0,1.0,1.0,7199.557856794634,1000000.0,0.9,1.05,b,,False,False,False,46.76994232,-119.2066838,default
1919,0.0,0.0,0.0,0.0,0.0,0.0,0.0,0.0,0.0,0.0,0.0,0.0,0.0,0.0,x3254203b,PQ,1.0,1.0,1.0,104.0,1000000.0,0.9,1.05,s1s2,b,False,False,False,46.7696,-119.2067,default
1920,0.0,0.0,0.0,0.0,0.0,0.0,0.0033245584117246,0.0008332130012517,0.0025154420968813,0.0006304293067826,0.0,0.0,0.0,0.0,sx3254203b,PQ,1.0,1.0,1.0,104.0,1000000.0,0.9,1.05,s1s2,b,False,True,False,46.7696,-119.207,default
1921,0.0,0.0,0.0,0.0,0.0,0.0,0.0,0.0,0.0,0.0,0.0,0.0,0.0,0.0,x2684420b,PQ,1.0,1.0,1.0,104.0,1000000.0,0.9,1.05,s1s2,b,False,False,False,46.7562,-119.207,default
1922,0.0,0.0,0.0,0.0,0.0,0.0,0.0048842501200841,0.0012241086517306,0.0009557504011376,0.0002395336632993,0.0,0.0,0.0,0.0,sx2684420b,PQ,1.0,1.0,1.0,104.0,1000000.0,0.9,1.05,s1s2,b,False,True,False,46.7563,-119.2073,default
1923,0.0,0.0,0.0,0.0,0.0,0.0,0.0,0.0,0.0,0.0,0.0,0.0,0.0,0.0,l2785512,PQ,1.0,1.0,1.0,7199.557856794634,1000000.0,0.9,1.05,b,,False,False,False,46.75342942,-119.2071686,default
1924,0.0,0.0,0.0,0.0,0.0,0.0,0.0,0.0,0.0,0.0,0.0,0.0,0.0,0.0,m1047813,PQ,1.0,1.0,1.0,7199.557856794634,1000000.0,0.9,1.05,b,,False,False,False,46.7517948,-119.2069218,default
1925,0.0,0.0,0.0,0.0,0.0,0.0,0.0,0.0,0.0,0.0,0.0,0.0,0.0,0.0,l2973149,PQ,1.0,1.0,1.0,7199.557856794634,1000000.0,0.9,1.05,b,,False,False,False,46.7508954,-119.2065213,default
1926,0.0,0.0,0.0,0.0,0.0,0.0,0.0,0.0,0.0,0.0,0.0,0.0,0.0,0.0,x2973149b,PQ,1.0,1.0,1.0,104.0,1000000.0,0.9,1.05,s1s2,b,False,False,False,46.7505,-119.2065,default
1927,0.0,0.0,0.0,0.0,0.0,0.0,0.0048253962593971,0.0012093584815661,0.0010146042613161,0.0002542838331812,0.0,0.0,0.0,0.0,sx2973149b,PQ,1.0,1.0,1.0,104.0,1000000.0,0.9,1.05,s1s2,b,False,True,False,46.7506,-119.2068,default
1928,0.0,0.0,0.0,0.0,0.0,0.0,0.0,0.0,0.0,0.0,0.0,0.0,0.0,0.0,x2785512b,PQ,1.0,1.0,1.0,104.0,1000000.0,0.9,1.05,s1s2,b,False,False,False,46.7531,-119.2072,default
1929,0.0,0.0,0.0,0.0,0.0,0.0,0.0035123139914162,0.0008802689875196,0.0062176868717351,0.0015582994496623,0.0,0.0,0.0,0.0,sx2785512b,PQ,1.0,1.0,1.0,104.0,1000000.0,0.9,1.05,s1s2,b,False,True,False,46.7531,-119.2074,default
1930,0.0,0.0,0.0,0.0,0.0,0.0,0.0,0.0,0.0,0.0,0.0,0.0,0.0,0.0,x2897765b,PQ,1.0,1.0,1.0,104.0,1000000.0,0.9,1.05,s1s2,b,False,False,False,46.754,-119.2091,default
1931,0.0,0.0,0.0,0.0,0.0,0.0,0.0005940217310951,0.0001488759000164,0.0052459787946612,0.0013147664175465,0.0,0.0,0.0,0.0,sx2897765b,PQ,1.0,1.0,1.0,104.0,1000000.0,0.9,1.05,s1s2,b,False,True,False,46.754,-119.2094,default
1932,0.0,0.0,0.0,0.0,0.0,0.0,0.0,0.0,0.0,0.0,0.0,0.0,0.0,0.0,x2935553b,PQ,1.0,1.0,1.0,104.0,1000000.0,0.9,1.05,s1s2,b,False,False,False,46.7449,-119.2099,default
1933,0.0,0.0,0.0,0.0,0.0,0.0,0.004524658913153,0.0011339865764907,0.0052053419217101,0.0013045818452134,0.0,0.0,0.0,0.0,sx2935553b,PQ,1.0,1.0,1.0,104.0,1000000.0,0.9,1.05,s1s2,b,False,True,False,46.7449,-119.2102,default
1934,0.0,0.0,0.0,0.0,0.0,0.0,0.0,0.0,0.0,0.0,0.0,0.0,0.0,0.0,l3085397,PQ,1.0,1.0,1.0,7199.557856794634,1000000.0,0.9,1.05,b,,False,False,False,46.74608168,-119.2070972,default
1935,0.0,0.0,0.0,0.0,0.0,0.0,0.0,0.0,0.0,0.0,0.0,0.0,0.0,0.0,x3085397b,PQ,1.0,1.0,1.0,104.0,1000000.0,0.9,1.05,s1s2,b,False,False,False,46.7457,-119.2071,default
1936,0.0,0.0,0.0,0.0,0.0,0.0,0.0002397091724115,6.007678959656528e-05,0.0094902917475663,0.0023784916787013,0.0,0.0,0.0,0.0,sx3085397b,PQ,1.0,1.0,1.0,104.0,1000000.0,0.9,1.05,s1s2,b,False,True,False,46.7458,-119.2074,default
1937,0.0,0.0,0.0,0.0,0.0,0.0,0.0,0.0,0.0,0.0,0.0,0.0,0.0,0.0,x3048207b,PQ,1.0,1.0,1.0,104.0,1000000.0,0.9,1.05,s1s2,b,False,False,False,46.7443,-119.2094,default
1938,0.0,0.0,0.0,0.0,0.0,0.0,0.0030868013508586,0.0007736254529763,0.0027531991403645,0.0006900168453729,0.0,0.0,0.0,0.0,sx3048207b,PQ,1.0,1.0,1.0,104.0,1000000.0,0.9,1.05,s1s2,b,False,True,False,46.7444,-119.2097,default
1939,0.0,0.0,0.0,0.0,0.0,0.0,0.0,0.0,0.0,0.0,0.0,0.0,0.0,0.0,m1026969,PQ,1.0,1.0,1.0,7199.557856794634,1000000.0,0.9,1.05,b,,False,False,False,46.74318628,-119.2088467,default
1940,0.0,0.0,0.0,0.0,0.0,0.0,0.0,0.0,0.0,0.0,0.0,0.0,0.0,0.0,l2879066,PQ,1.0,1.0,1.0,7199.557856794634,1000000.0,0.9,1.05,b,,False,False,False,46.74194458,-119.2093094,default
1941,0.0,0.0,0.0,0.0,0.0,0.0,0.0,0.0,0.0,0.0,0.0,0.0,0.0,0.0,x2879066b,PQ,1.0,1.0,1.0,104.0,1000000.0,0.9,1.05,s1s2,b,False,False,False,46.7416,-119.2093,default
1942,0.0,0.0,0.0,0.0,0.0,0.0,0.0001454272623056,3.644751254044964e-05,0.0056945732608869,0.0014271948036479,0.0,0.0,0.0,0.0,sx2879066b,PQ,1.0,1.0,1.0,104.0,1000000.0,0.9,1.05,s1s2,b,False,True,False,46.7416,-119.2096,default
1943,0.0,0.0,0.0,0.0,0.0,0.0,0.0,0.0,0.0,0.0,0.0,0.0,0.0,0.0,m1026972,PQ,1.0,1.0,1.0,7199.557856794634,1000000.0,0.9,1.05,b,,False,False,False,46.74321504,-119.2095046,default
1944,0.0,0.0,0.0,0.0,0.0,0.0,0.0,0.0,0.0,0.0,0.0,0.0,0.0,0.0,l2860483,PQ,1.0,1.0,1.0,7199.557856794634,1000000.0,0.9,1.05,b,,False,False,False,46.74325572,-119.210543,default
1945,0.0,0.0,0.0,0.0,0.0,0.0,0.0,0.0,0.0,0.0,0.0,0.0,0.0,0.0,l3141397,PQ,1.0,1.0,1.0,7199.557856794634,1000000.0,0.9,1.05,b,,False,False,False,46.74341266,-119.2118323,default
1946,0.0,0.0,0.0,0.0,0.0,0.0,0.0,0.0,0.0,0.0,0.0,0.0,0.0,0.0,x3141397b,PQ,1.0,1.0,1.0,104.0,1000000.0,0.9,1.05,s1s2,b,False,False,False,46.7431,-119.2118,default
1947,0.0,0.0,0.0,0.0,0.0,0.0,0.0080908465538185,0.0020277575906876,0.0016391543194932,0.0004108108521862,0.0,0.0,0.0,0.0,sx3141397b,PQ,1.0,1.0,1.0,104.0,1000000.0,0.9,1.05,s1s2,b,False,True,False,46.7431,-119.2121,default
1948,0.0,0.0,0.0,0.0,0.0,0.0,0.0,0.0,0.0,0.0,0.0,0.0,0.0,0.0,x2860483b,PQ,1.0,1.0,1.0,104.0,1000000.0,0.9,1.05,s1s2,b,False,False,False,46.7429,-119.2105,default
1949,0.0,0.0,0.0,0.0,0.0,0.0,0.0018997580485275,0.0004761243123589,0.0078302428181408,0.0019624441268486,0.0,0.0,0.0,0.0,sx2860483b,PQ,1.0,1.0,1.0,104.0,1000000.0,0.9,1.05,s1s2,b,False,True,False,46.7429,-119.2108,default
1950,0.0,0.0,0.0,0.0,0.0,0.0,0.0,0.0,0.0,0.0,0.0,0.0,0.0,0.0,x2729427b,PQ,1.0,1.0,1.0,104.0,1000000.0,0.9,1.05,s1s2,b,False,False,False,46.7433,-119.2079,default
1951,0.0,0.0,0.0,0.0,0.0,0.0,0.0052468110680086,0.0013149750011314,0.0005931894438774,0.0001486673087595,0.0,0.0,0.0,0.0,sx2729427b,PQ,1.0,1.0,1.0,104.0,1000000.0,0.9,1.05,s1s2,b,False,True,False,46.7433,-119.2082,default
1952,0.0,0.0,0.0,0.0,0.0,0.0,0.0,0.0,0.0,0.0,0.0,0.0,0.0,0.0,x2748131b,PQ,1.0,1.0,1.0,104.0,1000000.0,0.9,1.05,s1s2,b,False,False,False,46.7427,-119.2073,default
1953,0.0,0.0,0.0,0.0,0.0,0.0,0.0002620701709365,6.5680985031478e-05,0.0055779303466047,0.0013979613280197,0.0,0.0,0.0,0.0,sx2748131b,PQ,1.0,1.0,1.0,104.0,1000000.0,0.9,1.05,s1s2,b,False,True,False,46.7427,-119.2076,default
1954,0.0,0.0,0.0,0.0,0.0,0.0,0.0,0.0,0.0,0.0,0.0,0.0,0.0,0.0,l3178975,PQ,1.0,1.0,1.0,7199.557856794634,1000000.0,0.9,1.05,b,,False,False,False,46.73906504,-119.2120488,default
1955,0.0,0.0,0.0,0.0,0.0,0.0,0.0,0.0,0.0,0.0,0.0,0.0,0.0,0.0,x3178975b,PQ,1.0,1.0,1.0,104.0,1000000.0,0.9,1.05,s1s2,b,False,False,False,46.7387,-119.212,default
1956,0.0,0.0,0.0,0.0,0.0,0.0,0.0094854566656744,0.0023772798895553,0.0002445442423235,6.128857243694352e-05,0.0,0.0,0.0,0.0,sx3178975b,PQ,1.0,1.0,1.0,104.0,1000000.0,0.9,1.05,s1s2,b,False,True,False,46.7388,-119.2123,default
1957,0.0,0.0,0.0,0.0,0.0,0.0,0.0,0.0,0.0,0.0,0.0,0.0,0.0,0.0,m1047780,PQ,1.0,1.0,1.0,7199.557856794634,1000000.0,0.9,1.05,b,,False,False,False,46.74307842,-119.2045682,default
1958,0.0,0.0,0.0,0.0,0.0,0.0,0.0,0.0,0.0,0.0,0.0,0.0,0.0,0.0,l3066811,PQ,1.0,1.0,1.0,7199.557856794634,1000000.0,0.9,1.05,b,,False,False,False,46.7445371,-119.2033962,default
1959,0.0,0.0,0.0,0.0,0.0,0.0,0.0,0.0,0.0,0.0,0.0,0.0,0.0,0.0,x3066811b,PQ,1.0,1.0,1.0,104.0,1000000.0,0.9,1.05,s1s2,b,False,False,False,46.7442,-119.2034,default
1960,0.0,0.0,0.0,0.0,0.0,0.0,0.0018055057859233,0.0004525024649355,0.00792449507346,0.0019860659703174,0.0,0.0,0.0,0.0,sx3066811b,PQ,1.0,1.0,1.0,104.0,1000000.0,0.9,1.05,s1s2,b,False,True,False,46.7442,-119.2037,default
1961,0.0,0.0,0.0,0.0,0.0,0.0,0.0,0.0,0.0,0.0,0.0,0.0,0.0,0.0,x2973152b,PQ,1.0,1.0,1.0,104.0,1000000.0,0.9,1.05,s1s2,b,False,False,False,46.7417,-119.2054,default
1962,0.0,0.0,0.0,0.0,0.0,0.0,0.0025707007328571,0.0006442784225688,0.007159300109018,0.0017942900030142,0.0,0.0,0.0,0.0,sx2973152b,PQ,1.0,1.0,1.0,104.0,1000000.0,0.9,1.05,s1s2,b,False,True,False,46.7417,-119.2057,default
1963,0.0,0.0,0.0,0.0,0.0,0.0,0.0,0.0,0.0,0.0,0.0,0.0,0.0,0.0,x2879068b,PQ,1.0,1.0,1.0,104.0,1000000.0,0.9,1.05,s1s2,b,False,False,False,46.7405,-119.203,default
1964,0.0,0.0,0.0,0.0,0.0,0.0,0.006768691728068,0.001696394297298,0.0029613090989501,0.0007421741201628,0.0,0.0,0.0,0.0,sx2879068b,PQ,1.0,1.0,1.0,104.0,1000000.0,0.9,1.05,s1s2,b,False,True,False,46.7405,-119.2033,default
1965,0.0,0.0,0.0,0.0,0.0,0.0,0.0,0.0,0.0,0.0,0.0,0.0,0.0,0.0,l2860484,PQ,1.0,1.0,1.0,7199.557856794634,1000000.0,0.9,1.05,b,,False,False,False,46.74142108,-119.2006198,default
1966,0.0,0.0,0.0,0.0,0.0,0.0,0.0,0.0,0.0,0.0,0.0,0.0,0.0,0.0,x2860484b,PQ,1.0,1.0,1.0,104.0,1000000.0,0.9,1.05,s1s2,b,False,False,False,46.7411,-119.2006,default
1967,0.0,0.0,0.0,0.0,0.0,0.0,0.0052019696046785,0.0013037366656408,0.000638030893052,0.000159905636431,0.0,0.0,0.0,0.0,sx2860484b,PQ,1.0,1.0,1.0,104.0,1000000.0,0.9,1.05,s1s2,b,False,True,False,46.7411,-119.2009,default
1968,0.0,0.0,0.0,0.0,0.0,0.0,0.0,0.0,0.0,0.0,0.0,0.0,0.0,0.0,x2876797a,PQ,1.0,1.0,1.0,104.0,1000000.0,0.9,1.05,s1s2,a,False,False,False,46.7371,-119.1998,default
1969,0.0,0.0,0.0,0.0,0.0,0.0,0.003405206315503,0.0008534249577942,0.0019147934910148,0.0004798923784957,0.0,0.0,0.0,0.0,sx2876797a,PQ,1.0,1.0,1.0,104.0,1000000.0,0.9,1.05,s1s2,a,False,True,False,46.7371,-119.2001,default
1970,0.0,0.0,0.0,0.0,0.0,0.0,0.0,0.0,0.0,0.0,0.0,0.0,0.0,0.0,x3784018a,PQ,1.0,1.0,1.0,104.0,1000000.0,0.9,1.05,s1s2,a,False,False,False,46.7363,-119.1998,default
1971,0.0,0.0,0.0,0.0,0.0,0.0,0.0005463038170675,0.0001369166125388,0.0030036960515372,0.0007527970221703,0.0,0.0,0.0,0.0,sx3784018a,PQ,1.0,1.0,1.0,104.0,1000000.0,0.9,1.05,s1s2,a,False,True,False,46.7363,-119.2001,default
1972,0.0,0.0,0.0,0.0,0.0,0.0,0.0,0.0,0.0,0.0,0.0,0.0,0.0,0.0,x2973155a,PQ,1.0,1.0,1.0,104.0,1000000.0,0.9,1.05,s1s2,a,False,False,False,46.7354,-119.1999,default
1973,0.0,0.0,0.0,0.0,0.0,0.0,0.0023849676687649,0.0005977291093146,0.0029350321391244,0.0007355882294821,0.0,0.0,0.0,0.0,sx2973155a,PQ,1.0,1.0,1.0,104.0,1000000.0,0.9,1.05,s1s2,a,False,True,False,46.7354,-119.2001,default
1974,0.0,0.0,0.0,0.0,0.0,0.0,0.0,0.0,0.0,0.0,0.0,0.0,0.0,0.0,n1137988,PQ,1.0,1.0,1.0,7199.557856794634,1000000.0,0.9,1.05,a,,False,False,False,46.73180288,-119.1996458,default
1975,0.0,0.0,0.0,0.0,0.0,0.0,0.0,0.0,0.0,0.0,0.0,0.0,0.0,0.0,l2991908,PQ,1.0,1.0,1.0,7199.557856794634,1000000.0,0.9,1.05,a,,False,False,False,46.73174098,-119.1989491,default
1976,0.0,0.0,0.0,0.0,0.0,0.0,0.0,0.0,0.0,0.0,0.0,0.0,0.0,0.0,l3178973,PQ,1.0,1.0,1.0,7199.557856794634,1000000.0,0.9,1.05,a,,False,False,False,46.73210884,-119.1972789,default
1977,0.0,0.0,0.0,0.0,0.0,0.0,0.0,0.0,0.0,0.0,0.0,0.0,0.0,0.0,x3178973a,PQ,1.0,1.0,1.0,104.0,1000000.0,0.9,1.05,s1s2,a,False,False,False,46.7318,-119.1973,default
1978,0.0,0.0,0.0,0.0,0.0,0.0,0.0036811298901641,0.000922577915013,0.00518886977989,0.0013004530662264,0.0,0.0,0.0,0.0,sx3178973a,PQ,1.0,1.0,1.0,104.0,1000000.0,0.9,1.05,s1s2,a,False,True,False,46.7318,-119.1976,default
1979,0.0,0.0,0.0,0.0,0.0,0.0,0.0,0.0,0.0,0.0,0.0,0.0,0.0,0.0,x2991908a,PQ,1.0,1.0,1.0,104.0,1000000.0,0.9,1.05,s1s2,a,False,False,False,46.7314,-119.1989,default
1980,0.0,0.0,0.0,0.0,0.0,0.0,0.0046038486335938,0.0011538329753922,0.0007161511634156,0.0001794843615495,0.0,0.0,0.0,0.0,sx2991908a,PQ,1.0,1.0,1.0,104.0,1000000.0,0.9,1.05,s1s2,a,False,True,False,46.7314,-119.1992,default
1981,0.0,0.0,0.0,0.0,0.0,0.0,0.0,0.0,0.0,0.0,0.0,0.0,0.0,0.0,n1137989,PQ,1.0,1.0,1.0,7199.557856794634,1000000.0,0.9,1.05,c,,False,False,False,46.73199428,-119.2000379,default
1982,0.0,0.0,0.0,0.0,0.0,0.0,0.0,0.0,0.0,0.0,0.0,0.0,0.0,0.0,l3122814,PQ,1.0,1.0,1.0,7199.557856794634,1000000.0,0.9,1.05,c,,False,False,False,46.73248794,-119.2002104,default
1983,0.0,0.0,0.0,0.0,0.0,0.0,0.0,0.0,0.0,0.0,0.0,0.0,0.0,0.0,x3122814c,PQ,1.0,1.0,1.0,104.0,1000000.0,0.9,1.05,s1s2,c,False,False,False,46.7321,-119.2002,default
1984,0.0,0.0,0.0,0.0,0.0,0.0,0.0040462167616742,0.0010140777530037,0.0020537832325369,0.0005147267191732,0.0,0.0,0.0,0.0,sx3122814c,PQ,1.0,1.0,1.0,104.0,1000000.0,0.9,1.05,s1s2,c,False,True,False,46.7322,-119.2005,default
1985,0.0,0.0,0.0,0.0,0.0,0.0,0.0,0.0,0.0,0.0,0.0,0.0,0.0,0.0,n1137987,PQ,1.0,1.0,1.0,7199.557856794634,1000000.0,0.9,1.05,c,,False,False,False,46.73106128,-119.2013482,default
1986,0.0,0.0,0.0,0.0,0.0,0.0,0.0,0.0,0.0,0.0,0.0,0.0,0.0,0.0,l3027156,PQ,1.0,1.0,1.0,7199.557856794634,1000000.0,0.9,1.05,c,,False,False,False,46.73106224,-119.202018,default
1987,0.0,0.0,0.0,0.0,0.0,0.0,0.0,0.0,0.0,0.0,0.0,0.0,0.0,0.0,l2860481,PQ,1.0,1.0,1.0,7199.557856794634,1000000.0,0.9,1.05,c,,False,False,False,46.73107876,-119.2039677,default
1988,0.0,0.0,0.0,0.0,0.0,0.0,0.0,0.0,0.0,0.0,0.0,0.0,0.0,0.0,x2860481c,PQ,1.0,1.0,1.0,104.0,1000000.0,0.9,1.05,s1s2,c,False,False,False,46.7307,-119.204,default
1989,0.0,0.0,0.0,0.0,0.0,0.0,0.0006322811677225,0.000158464635243,0.0034377188317947,0.0008615737608184,0.0,0.0,0.0,0.0,sx2860481c,PQ,1.0,1.0,1.0,104.0,1000000.0,0.9,1.05,s1s2,c,False,True,False,46.7308,-119.2042,default
1990,0.0,0.0,0.0,0.0,0.0,0.0,0.0,0.0,0.0,0.0,0.0,0.0,0.0,0.0,x2841621c,PQ,1.0,1.0,1.0,104.0,1000000.0,0.9,1.05,s1s2,c,False,False,False,46.7297,-119.2018,default
1991,0.0,0.0,0.0,0.0,0.0,0.0,0.0028924951547766,0.000724927789286,0.0072775048603926,0.0018239150849097,0.0,0.0,0.0,0.0,sx2841621c,PQ,1.0,1.0,1.0,104.0,1000000.0,0.9,1.05,s1s2,c,False,True,False,46.7298,-119.2021,default
1992,0.0,0.0,0.0,0.0,0.0,0.0,0.0,0.0,0.0,0.0,0.0,0.0,0.0,0.0,l3214064,PQ,1.0,1.0,1.0,7199.557856794634,1000000.0,0.9,1.05,b,,False,False,False,46.7280373,-119.2017272,default
1993,0.0,0.0,0.0,0.0,0.0,0.0,0.0,0.0,0.0,0.0,0.0,0.0,0.0,0.0,n1137985,PQ,1.0,1.0,1.0,7199.557856794634,1000000.0,0.9,1.05,a,,False,False,False,46.72850566,-119.2018861,default
1994,0.0,0.0,0.0,0.0,0.0,0.0,0.0,0.0,0.0,0.0,0.0,0.0,0.0,0.0,l3176656,PQ,1.0,1.0,1.0,7199.557856794634,1000000.0,0.9,1.05,a,,False,False,False,46.72810564,-119.2060568,default
1995,0.0,0.0,0.0,0.0,0.0,0.0,0.0,0.0,0.0,0.0,0.0,0.0,0.0,0.0,x3176656a,PQ,1.0,1.0,1.0,104.0,1000000.0,0.9,1.05,s1s2,a,False,False,False,46.7278,-119.2061,default
1996,0.0,0.0,0.0,0.0,0.0,0.0,0.0005901627521949,0.0001479086969093,0.0082798368800875,0.0020751222709797,0.0,0.0,0.0,0.0,sx3176656a,PQ,1.0,1.0,1.0,104.0,1000000.0,0.9,1.05,s1s2,a,False,True,False,46.7278,-119.2063,default
1997,0.0,0.0,0.0,0.0,0.0,0.0,0.0,0.0,0.0,0.0,0.0,0.0,0.0,0.0,m1047725,PQ,1.0,1.0,1.0,7199.557856794634,1000000.0,0.9,1.05,b,,False,False,False,46.7287221,-119.200974,default
1998,0.0,0.0,0.0,0.0,0.0,0.0,0.0,0.0,0.0,0.0,0.0,0.0,0.0,0.0,m1047728,PQ,1.0,1.0,1.0,7199.557856794634,1000000.0,0.9,1.05,b,,False,False,False,46.72921498,-119.1995929,default
1999,0.0,0.0,0.0,0.0,0.0,0.0,0.0,0.0,0.0,0.0,0.0,0.0,0.0,0.0,l2804255,PQ,1.0,1.0,1.0,7199.557856794634,1000000.0,0.9,1.05,b,,False,False,False,46.72918074,-119.1979674,default
2000,0.0,0.0,0.0,0.0,0.0,0.0,0.0,0.0,0.0,0.0,0.0,0.0,0.0,0.0,x2804255b,PQ,1.0,1.0,1.0,104.0,1000000.0,0.9,1.05,s1s2,b,False,False,False,46.7288,-119.198,default
2001,0.0,0.0,0.0,0.0,0.0,0.0,0.0081521718531983,0.0020431271292672,0.0015778288840853,0.0003954412416415,0.0,0.0,0.0,0.0,sx2804255b,PQ,1.0,1.0,1.0,104.0,1000000.0,0.9,1.05,s1s2,b,False,True,False,46.7289,-119.1982,default
2002,0.0,0.0,0.0,0.0,0.0,0.0,0.0,0.0,0.0,0.0,0.0,0.0,0.0,0.0,x2895449c,PQ,1.0,1.0,1.0,104.0,1000000.0,0.9,1.05,s1s2,c,False,False,False,46.727,-119.2004,default
2003,0.0,0.0,0.0,0.0,0.0,0.0,0.0084711900092829,0.0021230808594582,0.0016988100334218,0.0004257620267745,0.0,0.0,0.0,0.0,sx2895449c,PQ,1.0,1.0,1.0,104.0,1000000.0,0.9,1.05,s1s2,c,False,True,False,46.727,-119.2007,default
2004,0.0,0.0,0.0,0.0,0.0,0.0,0.0,0.0,0.0,0.0,0.0,0.0,0.0,0.0,l2954345,PQ,1.0,1.0,1.0,7199.557856794634,1000000.0,0.9,1.05,c,,False,False,False,46.72630956,-119.201468,default
2005,0.0,0.0,0.0,0.0,0.0,0.0,0.0,0.0,0.0,0.0,0.0,0.0,0.0,0.0,x2954345c,PQ,1.0,1.0,1.0,104.0,1000000.0,0.9,1.05,s1s2,c,False,False,False,46.726,-119.2015,default
2006,0.0,0.0,0.0,0.0,0.0,0.0,0.0033136877120903,0.0008304886218116,0.0027863122862652,0.0006983158491671,0.0,0.0,0.0,0.0,sx2954345c,PQ,1.0,1.0,1.0,104.0,1000000.0,0.9,1.05,s1s2,c,False,True,False,46.726,-119.2017,default
2007,0.0,0.0,0.0,0.0,0.0,0.0,0.0,0.0,0.0,0.0,0.0,0.0,0.0,0.0,n1137003,PQ,1.0,1.0,1.0,7199.557856794634,1000000.0,0.9,1.05,a,,False,False,False,46.72580976,-119.1995842,default
2008,0.0,0.0,0.0,0.0,0.0,0.0,0.0,0.0,0.0,0.0,0.0,0.0,0.0,0.0,l2935555,PQ,1.0,1.0,1.0,7199.557856794634,1000000.0,0.9,1.05,a,,False,False,False,46.72580448,-119.1994724,default
2009,0.0,0.0,0.0,0.0,0.0,0.0,0.0,0.0,0.0,0.0,0.0,0.0,0.0,0.0,l2897773,PQ,1.0,1.0,1.0,7199.557856794634,1000000.0,0.9,1.05,a,,False,False,False,46.7257639,-119.1986128,default
2010,0.0,0.0,0.0,0.0,0.0,0.0,0.0,0.0,0.0,0.0,0.0,0.0,0.0,0.0,l3197631,PQ,1.0,1.0,1.0,7199.557856794634,1000000.0,0.9,1.05,a,,False,False,False,46.72595268,-119.1965456,default
2011,0.0,0.0,0.0,0.0,0.0,0.0,0.0,0.0,0.0,0.0,0.0,0.0,0.0,0.0,l2748127,PQ,1.0,1.0,1.0,7199.557856794634,1000000.0,0.9,1.05,a,,False,False,False,46.72579372,-119.1956596,default
2012,0.0,0.0,0.0,0.0,0.0,0.0,0.0,0.0,0.0,0.0,0.0,0.0,0.0,0.0,x2748127a,PQ,1.0,1.0,1.0,104.0,1000000.0,0.9,1.05,s1s2,a,False,False,False,46.7254,-119.1957,default
2013,0.0,0.0,0.0,0.0,0.0,0.0,0.0038378333892998,0.0009618515080654,0.0014821664158515,0.0003714658409658,0.0,0.0,0.0,0.0,sx2748127a,PQ,1.0,1.0,1.0,104.0,1000000.0,0.9,1.05,s1s2,a,False,True,False,46.7255,-119.1959,default
2014,0.0,0.0,0.0,0.0,0.0,0.0,0.0,0.0,0.0,0.0,0.0,0.0,0.0,0.0,x3197631a,PQ,1.0,1.0,1.0,104.0,1000000.0,0.9,1.05,s1s2,a,False,False,False,46.7256,-119.1965,default
2015,0.0,0.0,0.0,0.0,0.0,0.0,0.0011025658353705,0.0002763289878203,0.0042174339667996,0.0010569883595966,0.0,0.0,0.0,0.0,sx3197631a,PQ,1.0,1.0,1.0,104.0,1000000.0,0.9,1.05,s1s2,a,False,True,False,46.7256,-119.1968,default
2016,0.0,0.0,0.0,0.0,0.0,0.0,0.0,0.0,0.0,0.0,0.0,0.0,0.0,0.0,x2897773a,PQ,1.0,1.0,1.0,104.0,1000000.0,0.9,1.05,s1s2,a,False,False,False,46.7254,-119.1986,default
2017,0.0,0.0,0.0,0.0,0.0,0.0,0.0026997186649325,0.0006766131319128,0.0008502812066514,0.0002131005128707,0.0,0.0,0.0,0.0,sx2897773a,PQ,1.0,1.0,1.0,104.0,1000000.0,0.9,1.05,s1s2,a,False,True,False,46.7254,-119.1989,default
2018,0.0,0.0,0.0,0.0,0.0,0.0,0.0,0.0,0.0,0.0,0.0,0.0,0.0,0.0,x2935555a,PQ,1.0,1.0,1.0,104.0,1000000.0,0.9,1.05,s1s2,a,False,False,False,46.7255,-119.1995,default
2019,0.0,0.0,0.0,0.0,0.0,0.0,0.0040835065918004,0.0010234230029458,0.0012364932117101,0.0003098943451973,0.0,0.0,0.0,0.0,sx2935555a,PQ,1.0,1.0,1.0,104.0,1000000.0,0.9,1.05,s1s2,a,False,True,False,46.7255,-119.1998,default
2020,0.0,0.0,0.0,0.0,0.0,0.0,0.0,0.0,0.0,0.0,0.0,0.0,0.0,0.0,x2935554a,PQ,1.0,1.0,1.0,104.0,1000000.0,0.9,1.05,s1s2,a,False,False,False,46.7248,-119.1997,default
2021,0.0,0.0,0.0,0.0,0.0,0.0,0.0002890391015492,7.244001206134028e-05,0.0032609607658515,0.0008172736308496,0.0,0.0,0.0,0.0,sx2935554a,PQ,1.0,1.0,1.0,104.0,1000000.0,0.9,1.05,s1s2,a,False,True,False,46.7249,-119.2,default
2022,0.0,0.0,0.0,0.0,0.0,0.0,0.0,0.0,0.0,0.0,0.0,0.0,0.0,0.0,p859135,PQ,1.0,1.0,1.0,7199.557856794634,1000000.0,0.9,1.05,a,,False,False,False,46.7240777,-119.1998421,default
2023,0.0,0.0,0.0,0.0,0.0,0.0,0.0,0.0,0.0,0.0,0.0,0.0,0.0,0.0,m1047702,PQ,1.0,1.0,1.0,7199.557856794634,1000000.0,0.9,1.05,a,,False,False,False,46.72410898,-119.1999522,default
2024,0.0,0.0,0.0,0.0,0.0,0.0,0.0,0.0,0.0,0.0,0.0,0.0,0.0,0.0,n1137001,PQ,1.0,1.0,1.0,7199.557856794634,1000000.0,0.9,1.05,a,,False,False,False,46.72400488,-119.1993262,default
2025,0.0,0.0,0.0,0.0,0.0,0.0,0.0,0.0,0.0,0.0,0.0,0.0,0.0,0.0,l2929261,PQ,1.0,1.0,1.0,7199.557856794634,1000000.0,0.9,1.05,a,,False,False,False,46.72392072,-119.1984819,default
2026,0.0,0.0,0.0,0.0,0.0,0.0,0.0,0.0,0.0,0.0,0.0,0.0,0.0,0.0,x2929261a,PQ,1.0,1.0,1.0,104.0,1000000.0,0.9,1.05,s1s2,a,False,False,False,46.7236,-119.1985,default
2027,0.0,0.0,0.0,0.0,0.0,0.0,0.0016923152769781,0.0004241340996342,0.0036276845302688,0.0009091832523046,0.0,0.0,0.0,0.0,sx2929261a,PQ,1.0,1.0,1.0,104.0,1000000.0,0.9,1.05,s1s2,a,False,True,False,46.7236,-119.1988,default
2028,0.0,0.0,0.0,0.0,0.0,0.0,0.0,0.0,0.0,0.0,0.0,0.0,0.0,0.0,n1137002,PQ,1.0,1.0,1.0,7199.557856794634,1000000.0,0.9,1.05,a,,False,False,False,46.72412448,-119.2002726,default
2029,0.0,0.0,0.0,0.0,0.0,0.0,0.0,0.0,0.0,0.0,0.0,0.0,0.0,0.0,m1047707,PQ,1.0,1.0,1.0,7199.557856794634,1000000.0,0.9,1.05,a,,False,False,False,46.7246371,-119.2015407,default
2030,0.0,0.0,0.0,0.0,0.0,0.0,0.0,0.0,0.0,0.0,0.0,0.0,0.0,0.0,l3159645,PQ,1.0,1.0,1.0,7199.557856794634,1000000.0,0.9,1.05,a,,False,False,False,46.72463928,-119.2015808,default
2031,0.0,0.0,0.0,0.0,0.0,0.0,0.0,0.0,0.0,0.0,0.0,0.0,0.0,0.0,l2983432,PQ,1.0,1.0,1.0,7199.557856794634,1000000.0,0.9,1.05,a,,False,False,False,46.72472818,-119.2032082,default
2032,0.0,0.0,0.0,0.0,0.0,0.0,0.0,0.0,0.0,0.0,0.0,0.0,0.0,0.0,x2983432a,PQ,1.0,1.0,1.0,104.0,1000000.0,0.9,1.05,s1s2,a,False,False,False,46.7244,-119.2032,default
2033,0.0,0.0,0.0,0.0,0.0,0.0,0.0005004022812935,0.0001254126076453,0.0083695973518964,0.0020976183697949,0.0,0.0,0.0,0.0,sx2983432a,PQ,1.0,1.0,1.0,104.0,1000000.0,0.9,1.05,s1s2,a,False,True,False,46.7244,-119.2035,default
2034,0.0,0.0,0.0,0.0,0.0,0.0,0.0,0.0,0.0,0.0,0.0,0.0,0.0,0.0,x3159645a,PQ,1.0,1.0,1.0,104.0,1000000.0,0.9,1.05,s1s2,a,False,False,False,46.7243,-119.2016,default
2035,0.0,0.0,0.0,0.0,0.0,0.0,0.0029435140870745,0.0007377140153185,0.005926485581727,0.0014853169810067,0.0,0.0,0.0,0.0,sx3159645a,PQ,1.0,1.0,1.0,104.0,1000000.0,0.9,1.05,s1s2,a,False,True,False,46.7243,-119.2019,default
2036,0.0,0.0,0.0,0.0,0.0,0.0,0.0,0.0,0.0,0.0,0.0,0.0,0.0,0.0,n1144664,PQ,1.0,1.0,1.0,7199.557856794634,1000000.0,0.9,1.05,c,,False,False,False,46.72312828,-119.1999615,default
2037,0.0,0.0,0.0,0.0,0.0,0.0,0.0,0.0,0.0,0.0,0.0,0.0,0.0,0.0,l3178972,PQ,1.0,1.0,1.0,7199.557856794634,1000000.0,0.9,1.05,c,,False,False,False,46.72339412,-119.2010461,default
2038,0.0,0.0,0.0,0.0,0.0,0.0,0.0,0.0,0.0,0.0,0.0,0.0,0.0,0.0,x3178972c,PQ,1.0,1.0,1.0,104.0,1000000.0,0.9,1.05,s1s2,c,False,False,False,46.723,-119.201,default
2039,0.0,0.0,0.0,0.0,0.0,0.0,0.0163194340223451,0.0040900367165308,0.0040205662188235,0.0010076491063282,0.0,0.0,0.0,0.0,sx3178972c,PQ,1.0,1.0,1.0,104.0,1000000.0,0.9,1.05,s1s2,c,False,True,False,46.7231,-119.2013,default
2040,0.0,0.0,0.0,0.0,0.0,0.0,0.0,0.0,0.0,0.0,0.0,0.0,0.0,0.0,x2822866b,PQ,1.0,1.0,1.0,104.0,1000000.0,0.9,1.05,s1s2,b,False,False,False,46.7223,-119.1997,default
2041,0.0,0.0,0.0,0.0,0.0,0.0,0.0014714729928295,0.0003687859375633,0.0082585276903499,0.002069782406572,0.0,0.0,0.0,0.0,sx2822866b,PQ,1.0,1.0,1.0,104.0,1000000.0,0.9,1.05,s1s2,b,False,True,False,46.7223,-119.2,default
2042,0.0,0.0,0.0,0.0,0.0,0.0,0.0,0.0,0.0,0.0,0.0,0.0,0.0,0.0,n1136999,PQ,1.0,1.0,1.0,7199.557856794634,1000000.0,0.9,1.05,a,,False,False,False,46.72204548,-119.1994218,default
2043,0.0,0.0,0.0,0.0,0.0,0.0,0.0,0.0,0.0,0.0,0.0,0.0,0.0,0.0,m1047671,PQ,1.0,1.0,1.0,7199.557856794634,1000000.0,0.9,1.05,a,,False,False,False,46.72204314,-119.1992708,default
2044,0.0,0.0,0.0,0.0,0.0,0.0,0.0,0.0,0.0,0.0,0.0,0.0,0.0,0.0,l2710511,PQ,1.0,1.0,1.0,7199.557856794634,1000000.0,0.9,1.05,a,,False,False,False,46.7220365,-119.198228,default
2045,0.0,0.0,0.0,0.0,0.0,0.0,0.0,0.0,0.0,0.0,0.0,0.0,0.0,0.0,l2766719,PQ,1.0,1.0,1.0,7199.557856794634,1000000.0,0.9,1.05,a,,False,False,False,46.72110024,-119.1984907,default
2046,0.0,0.0,0.0,0.0,0.0,0.0,0.0,0.0,0.0,0.0,0.0,0.0,0.0,0.0,x2766719a,PQ,1.0,1.0,1.0,104.0,1000000.0,0.9,1.05,s1s2,a,False,False,False,46.7208,-119.1985,default
2047,0.0,0.0,0.0,0.0,0.0,0.0,0.0057714542398073,0.0014464624750571,0.0030985454319375,0.0007765685258299,0.0,0.0,0.0,0.0,sx2766719a,PQ,1.0,1.0,1.0,104.0,1000000.0,0.9,1.05,s1s2,a,False,True,False,46.7208,-119.1988,default
2048,0.0,0.0,0.0,0.0,0.0,0.0,0.0,0.0,0.0,0.0,0.0,0.0,0.0,0.0,x2710511a,PQ,1.0,1.0,1.0,104.0,1000000.0,0.9,1.05,s1s2,a,False,False,False,46.7217,-119.1982,default
2049,0.0,0.0,0.0,0.0,0.0,0.0,0.0060600641431379,0.0015187949192239,0.0028099355263967,0.0007042360805031,0.0,0.0,0.0,0.0,sx2710511a,PQ,1.0,1.0,1.0,104.0,1000000.0,0.9,1.05,s1s2,a,False,True,False,46.7217,-119.1985,default
2050,0.0,0.0,0.0,0.0,0.0,0.0,0.0,0.0,0.0,0.0,0.0,0.0,0.0,0.0,x2973153a,PQ,1.0,1.0,1.0,104.0,1000000.0,0.9,1.05,s1s2,a,False,False,False,46.7205,-119.1997,default
2051,0.0,0.0,0.0,0.0,0.0,0.0,0.000622233780479,0.0001559464533027,0.0046977660193875,0.0011773708975873,0.0,0.0,0.0,0.0,sx2973153a,PQ,1.0,1.0,1.0,104.0,1000000.0,0.9,1.05,s1s2,a,False,True,False,46.7206,-119.2,default
2052,0.0,0.0,0.0,0.0,0.0,0.0,0.0,0.0,0.0,0.0,0.0,0.0,0.0,0.0,n1136997,PQ,1.0,1.0,1.0,7199.557856794634,1000000.0,0.9,1.05,c,,False,False,False,46.72056216,-119.1998732,default
2053,0.0,0.0,0.0,0.0,0.0,0.0,0.0,0.0,0.0,0.0,0.0,0.0,0.0,0.0,l3104123,PQ,1.0,1.0,1.0,7199.557856794634,1000000.0,0.9,1.05,c,,False,False,False,46.72059086,-119.2003051,default
2054,0.0,0.0,0.0,0.0,0.0,0.0,0.0,0.0,0.0,0.0,0.0,0.0,0.0,0.0,x3104123c,PQ,1.0,1.0,1.0,104.0,1000000.0,0.9,1.05,s1s2,c,False,False,False,46.7202,-119.2003,default
2055,0.0,0.0,0.0,0.0,0.0,0.0,0.0027750330517967,0.0006954890048618,0.0033249669528252,0.0008333154654962,0.0,0.0,0.0,0.0,sx3104123c,PQ,1.0,1.0,1.0,104.0,1000000.0,0.9,1.05,s1s2,c,False,True,False,46.7203,-119.2006,default
2056,0.0,0.0,0.0,0.0,0.0,0.0,0.0,0.0,0.0,0.0,0.0,0.0,0.0,0.0,x3216123a,PQ,1.0,1.0,1.0,104.0,1000000.0,0.9,1.05,s1s2,a,False,False,False,46.7188,-119.201,default
2057,0.0,0.0,0.0,0.0,0.0,0.0,0.0051014107715189,0.0012785337882777,0.0002185890246833,5.478356250558432e-05,0.0,0.0,0.0,0.0,sx3216123a,PQ,1.0,1.0,1.0,104.0,1000000.0,0.9,1.05,s1s2,a,False,True,False,46.7189,-119.2013,default
2058,0.0,0.0,0.0,0.0,0.0,0.0,0.0,0.0,0.0,0.0,0.0,0.0,0.0,0.0,n1136995,PQ,1.0,1.0,1.0,7199.557856794634,1000000.0,0.9,1.05,c,,False,False,False,46.7191372,-119.201216,default
2059,0.0,0.0,0.0,0.0,0.0,0.0,0.0,0.0,0.0,0.0,0.0,0.0,0.0,0.0,m1047613,PQ,1.0,1.0,1.0,7199.557856794634,1000000.0,0.9,1.05,c,,False,False,False,46.71910334,-119.2014287,default
2060,0.0,0.0,0.0,0.0,0.0,0.0,0.0,0.0,0.0,0.0,0.0,0.0,0.0,0.0,m1047612,PQ,1.0,1.0,1.0,7199.557856794634,1000000.0,0.9,1.05,c,,False,False,False,46.7191023,-119.2014352,default
2061,0.0,0.0,0.0,0.0,0.0,0.0,0.0,0.0,0.0,0.0,0.0,0.0,0.0,0.0,p828360,PQ,1.0,1.0,1.0,7199.557856794634,1000000.0,0.9,1.05,c,,False,False,False,46.7190459,-119.2014976,default
2062,0.0,0.0,0.0,0.0,0.0,0.0,0.0,0.0,0.0,0.0,0.0,0.0,0.0,0.0,l2729206,PQ,1.0,1.0,1.0,7199.557856794634,1000000.0,0.9,1.05,c,,False,False,False,46.71924448,-119.2018437,default
2063,0.0,0.0,0.0,0.0,0.0,0.0,0.0,0.0,0.0,0.0,0.0,0.0,0.0,0.0,l2729207,PQ,1.0,1.0,1.0,7199.557856794634,1000000.0,0.9,1.05,c,,False,False,False,46.72234322,-119.203319,default
2064,0.0,0.0,0.0,0.0,0.0,0.0,0.0,0.0,0.0,0.0,0.0,0.0,0.0,0.0,228-961799-3_int,PQ,1.0,1.0,1.0,7199.557856794634,1000000.0,0.9,1.05,c,,False,False,False,46.72229622,-119.2033444,default
2065,0.0,0.0,0.0,0.0,0.0,0.0,0.0,0.0,0.0,0.0,0.0,0.0,0.0,0.0,x2729207c,PQ,1.0,1.0,1.0,104.0,1000000.0,0.9,1.05,s1s2,c,False,False,False,46.722,-119.2033,default
2066,0.0,0.0,0.0,0.0,0.0,0.0,0.0059400364211791,0.0014887137968263,0.0143999637529854,0.003608971982882,0.0,0.0,0.0,0.0,sx2729207c,PQ,1.0,1.0,1.0,104.0,1000000.0,0.9,1.05,s1s2,c,False,True,False,46.722,-119.2036,default
2067,0.0,0.0,0.0,0.0,0.0,0.0,0.0,0.0,0.0,0.0,0.0,0.0,0.0,0.0,x2729206c,PQ,1.0,1.0,1.0,104.0,1000000.0,0.9,1.05,s1s2,c,False,False,False,46.7189,-119.2018,default
2068,0.0,0.0,0.0,0.0,0.0,0.0,0.0064464142864438,0.0016156240896272,0.0088135857714498,0.0022088933334177,0.0,0.0,0.0,0.0,sx2729206c,PQ,1.0,1.0,1.0,104.0,1000000.0,0.9,1.05,s1s2,c,False,True,False,46.7189,-119.2021,default
2069,0.0,0.0,0.0,0.0,0.0,0.0,0.0,0.0,0.0,0.0,0.0,0.0,0.0,0.0,p828359,PQ,1.0,1.0,1.0,7199.557856794634,1000000.0,0.9,1.05,c,,False,False,False,46.7190387,-119.2014291,default
2070,0.0,0.0,0.0,0.0,0.0,0.0,0.0,0.0,0.0,0.0,0.0,0.0,0.0,0.0,l2878848,PQ,1.0,1.0,1.0,7199.557856794634,1000000.0,0.9,1.05,c,,False,False,False,46.7185311,-119.2034689,default
2071,0.0,0.0,0.0,0.0,0.0,0.0,0.0,0.0,0.0,0.0,0.0,0.0,0.0,0.0,l2766499,PQ,1.0,1.0,1.0,7199.557856794634,1000000.0,0.9,1.05,c,,False,False,False,46.7199873,-119.2035805,default
2072,0.0,0.0,0.0,0.0,0.0,0.0,0.0,0.0,0.0,0.0,0.0,0.0,0.0,0.0,m1047633,PQ,1.0,1.0,1.0,7199.557856794634,1000000.0,0.9,1.05,c,,False,False,False,46.71988188,-119.2035717,default
2073,0.0,0.0,0.0,0.0,0.0,0.0,0.0,0.0,0.0,0.0,0.0,0.0,0.0,0.0,l2897554,PQ,1.0,1.0,1.0,7199.557856794634,1000000.0,0.9,1.05,c,,False,False,False,46.72106352,-119.2019877,default
2074,0.0,0.0,0.0,0.0,0.0,0.0,0.0,0.0,0.0,0.0,0.0,0.0,0.0,0.0,193-46661,PQ,1.0,1.0,1.0,7199.557856794634,1000000.0,0.9,1.05,c,,False,False,False,46.7222182,-119.2033895,default
2075,0.0,0.0,0.0,0.0,0.0,0.0,0.0,0.0,0.0,0.0,0.0,0.0,0.0,0.0,x2897554c,PQ,1.0,1.0,1.0,104.0,1000000.0,0.9,1.05,s1s2,c,False,False,False,46.7207,-119.202,default
2076,0.0,0.0,0.0,0.0,0.0,0.0,0.0098683070657576,0.0024732314632089,0.0104716930416089,0.0026244542815126,0.0,0.0,0.0,0.0,sx2897554c,PQ,1.0,1.0,1.0,104.0,1000000.0,0.9,1.05,s1s2,c,False,True,False,46.7207,-119.2023,default
2077,0.0,0.0,0.0,0.0,0.0,0.0,0.0,0.0,0.0,0.0,0.0,0.0,0.0,0.0,x2766499c,PQ,1.0,1.0,1.0,104.0,1000000.0,0.9,1.05,s1s2,c,False,False,False,46.7196,-119.2036,default
2078,0.0,0.0,0.0,0.0,0.0,0.0,0.0167552720808787,0.0041992680576717,0.0035847281987913,0.0008984177758983,0.0,0.0,0.0,0.0,sx2766499c,PQ,1.0,1.0,1.0,104.0,1000000.0,0.9,1.05,s1s2,c,False,True,False,46.7197,-119.2039,default
2079,0.0,0.0,0.0,0.0,0.0,0.0,0.0,0.0,0.0,0.0,0.0,0.0,0.0,0.0,x2878848c,PQ,1.0,1.0,1.0,104.0,1000000.0,0.9,1.05,s1s2,c,False,False,False,46.7182,-119.2035,default
2080,0.0,0.0,0.0,0.0,0.0,0.0,0.0085318292352103,0.0021382784714467,0.0067281708222433,0.0016862389510649,0.0,0.0,0.0,0.0,sx2878848c,PQ,1.0,1.0,1.0,104.0,1000000.0,0.9,1.05,s1s2,c,False,True,False,46.7182,-119.2037,default
2081,0.0,0.0,0.0,0.0,0.0,0.0,0.0,0.0,0.0,0.0,0.0,0.0,0.0,0.0,n1136993,PQ,1.0,1.0,1.0,7199.557856794634,1000000.0,0.9,1.05,a,,False,False,False,46.71756216,-119.2021026,default
2082,0.0,0.0,0.0,0.0,0.0,0.0,0.0,0.0,0.0,0.0,0.0,0.0,0.0,0.0,l2972930,PQ,1.0,1.0,1.0,7199.557856794634,1000000.0,0.9,1.05,a,,False,False,False,46.71741032,-119.2017821,default
2083,0.0,0.0,0.0,0.0,0.0,0.0,0.0,0.0,0.0,0.0,0.0,0.0,0.0,0.0,x2972930a,PQ,1.0,1.0,1.0,104.0,1000000.0,0.9,1.05,s1s2,a,False,False,False,46.7171,-119.2018,default
2084,0.0,0.0,0.0,0.0,0.0,0.0,0.0078620852236603,0.0019704238819605,0.0010079144287907,0.0002526071167208,0.0,0.0,0.0,0.0,sx2972930a,PQ,1.0,1.0,1.0,104.0,1000000.0,0.9,1.05,s1s2,a,False,True,False,46.7171,-119.2021,default
2085,0.0,0.0,0.0,0.0,0.0,0.0,0.0,0.0,0.0,0.0,0.0,0.0,0.0,0.0,x3066815c,PQ,1.0,1.0,1.0,104.0,1000000.0,0.9,1.05,s1s2,c,False,False,False,46.714,-119.2024,default
2086,0.0,0.0,0.0,0.0,0.0,0.0,0.0044804738194305,0.0011229128470236,0.0056895262027547,0.0014259300100295,0.0,0.0,0.0,0.0,sx3066815c,PQ,1.0,1.0,1.0,104.0,1000000.0,0.9,1.05,s1s2,c,False,True,False,46.7141,-119.2027,default
2087,0.0,0.0,0.0,0.0,0.0,0.0,0.0,0.0,0.0,0.0,0.0,0.0,0.0,0.0,x2858166a,PQ,1.0,1.0,1.0,104.0,1000000.0,0.9,1.05,s1s2,a,False,False,False,46.7131,-119.1999,default
2088,0.0,0.0,0.0,0.0,0.0,0.0,0.002113195021653,0.0005296164903712,0.001436804862405,0.0003600971711675,0.0,0.0,0.0,0.0,sx2858166a,PQ,1.0,1.0,1.0,104.0,1000000.0,0.9,1.05,s1s2,a,False,True,False,46.7131,-119.2002,default
2089,0.0,0.0,0.0,0.0,0.0,0.0,0.0,0.0,0.0,0.0,0.0,0.0,0.0,0.0,n1136665,PQ,1.0,1.0,1.0,7199.557856794634,1000000.0,0.9,1.05,a,,False,False,False,46.71276034,-119.1984584,default
2090,0.0,0.0,0.0,0.0,0.0,0.0,0.0,0.0,0.0,0.0,0.0,0.0,0.0,0.0,l2685809,PQ,1.0,1.0,1.0,7199.557856794634,1000000.0,0.9,1.05,a,,False,False,False,46.71255126,-119.1980113,default
2091,0.0,0.0,0.0,0.0,0.0,0.0,0.0,0.0,0.0,0.0,0.0,0.0,0.0,0.0,x2685809a,PQ,1.0,1.0,1.0,104.0,1000000.0,0.9,1.05,s1s2,a,False,False,False,46.7122,-119.198,default
2092,0.0,0.0,0.0,0.0,0.0,0.0,0.0020656899870437,0.0005177106105341,0.0032543098395873,0.0008156067665707,0.0,0.0,0.0,0.0,sx2685809a,PQ,1.0,1.0,1.0,104.0,1000000.0,0.9,1.05,s1s2,a,False,True,False,46.7122,-119.1983,default
2093,0.0,0.0,0.0,0.0,0.0,0.0,0.0,0.0,0.0,0.0,0.0,0.0,0.0,0.0,x2897777c,PQ,1.0,1.0,1.0,104.0,1000000.0,0.9,1.05,s1s2,c,False,False,False,46.7118,-119.201,default
2094,0.0,0.0,0.0,0.0,0.0,0.0,0.0047525313091053,0.0011910968885737,0.0054174687181614,0.0013577459507046,0.0,0.0,0.0,0.0,sx2897777c,PQ,1.0,1.0,1.0,104.0,1000000.0,0.9,1.05,s1s2,c,False,True,False,46.7119,-119.2013,default
2095,0.0,0.0,0.0,0.0,0.0,0.0,0.0,0.0,0.0,0.0,0.0,0.0,0.0,0.0,p901913,PQ,1.0,1.0,1.0,7199.557856794634,1000000.0,0.9,1.05,c,,False,False,False,46.71102202,-119.2033945,default
2096,0.0,0.0,0.0,0.0,0.0,0.0,0.0,0.0,0.0,0.0,0.0,0.0,0.0,0.0,l3157708,PQ,1.0,1.0,1.0,7199.557856794634,1000000.0,0.9,1.05,c,,False,False,False,46.71093752,-119.2030118,default
2097,0.0,0.0,0.0,0.0,0.0,0.0,0.0,0.0,0.0,0.0,0.0,0.0,0.0,0.0,n1137991,PQ,1.0,1.0,1.0,7199.557856794634,1000000.0,0.9,1.05,c,,False,False,False,46.71088582,-119.2027778,default
2098,0.0,0.0,0.0,0.0,0.0,0.0,0.0,0.0,0.0,0.0,0.0,0.0,0.0,0.0,m4113345,PQ,1.0,1.0,1.0,7199.557856794634,1000000.0,0.9,1.05,c,,False,False,False,46.71072704,-119.2020591,default
2099,0.0,0.0,0.0,0.0,0.0,0.0,0.0,0.0,0.0,0.0,0.0,0.0,0.0,0.0,l3197640,PQ,1.0,1.0,1.0,7199.557856794634,1000000.0,0.9,1.05,c,,False,False,False,46.71043206,-119.2007236,default
2100,0.0,0.0,0.0,0.0,0.0,0.0,0.0,0.0,0.0,0.0,0.0,0.0,0.0,0.0,x3197640c,PQ,1.0,1.0,1.0,104.0,1000000.0,0.9,1.05,s1s2,c,False,False,False,46.7101,-119.2007,default
2101,0.0,0.0,0.0,0.0,0.0,0.0,0.0037777852017944,0.0009468024327481,0.0002922148142969,7.323595190504647e-05,0.0,0.0,0.0,0.0,sx3197640c,PQ,1.0,1.0,1.0,104.0,1000000.0,0.9,1.05,s1s2,c,False,True,False,46.7101,-119.201,default
2102,0.0,0.0,0.0,0.0,0.0,0.0,0.0,0.0,0.0,0.0,0.0,0.0,0.0,0.0,x3157708c,PQ,1.0,1.0,1.0,104.0,1000000.0,0.9,1.05,s1s2,c,False,False,False,46.7106,-119.203,default
2103,0.0,0.0,0.0,0.0,0.0,0.0,0.0044307714338422,0.001110456244239,0.0016692285844401,0.0004183482096141,0.0,0.0,0.0,0.0,sx3157708c,PQ,1.0,1.0,1.0,104.0,1000000.0,0.9,1.05,s1s2,c,False,True,False,46.7106,-119.2033,default
2104,0.0,0.0,0.0,0.0,0.0,0.0,0.0,0.0,0.0,0.0,0.0,0.0,0.0,0.0,x2991914c,PQ,1.0,1.0,1.0,104.0,1000000.0,0.9,1.05,s1s2,c,False,False,False,46.7093,-119.2062,default
2105,0.0,0.0,0.0,0.0,0.0,0.0,0.0037278075644861,0.0009342768469796,0.0023721924526282,0.0005945275988714,0.0,0.0,0.0,0.0,sx2991914c,PQ,1.0,1.0,1.0,104.0,1000000.0,0.9,1.05,s1s2,c,False,True,False,46.7094,-119.2065,default
2106,0.0,0.0,0.0,0.0,0.0,0.0,0.0,0.0,0.0,0.0,0.0,0.0,0.0,0.0,x2841635a,PQ,1.0,1.0,1.0,104.0,1000000.0,0.9,1.05,s1s2,a,False,False,False,46.7089,-119.2071,default
2107,0.0,0.0,0.0,0.0,0.0,0.0,0.0018915303366582,0.0004740621034866,0.0034284695011681,0.0008592552964279,0.0,0.0,0.0,0.0,sx2841635a,PQ,1.0,1.0,1.0,104.0,1000000.0,0.9,1.05,s1s2,a,False,True,False,46.7089,-119.2073,default
2108,0.0,0.0,0.0,0.0,0.0,0.0,0.0,0.0,0.0,0.0,0.0,0.0,0.0,0.0,x2822869a,PQ,1.0,1.0,1.0,104.0,1000000.0,0.9,1.05,s1s2,a,False,False,False,46.7084,-119.2079,default
2109,0.0,0.0,0.0,0.0,0.0,0.0,0.0083822781145009,0.0021007965361477,0.0004877215778781,0.0001222345282529,0.0,0.0,0.0,0.0,sx2822869a,PQ,1.0,1.0,1.0,104.0,1000000.0,0.9,1.05,s1s2,a,False,True,False,46.7084,-119.2082,default
2110,0.0,0.0,0.0,0.0,0.0,0.0,0.0,0.0,0.0,0.0,0.0,0.0,0.0,0.0,n1140520,PQ,1.0,1.0,1.0,7199.557856794634,1000000.0,0.9,1.05,c,,False,False,False,46.70790974,-119.20909,default
2111,0.0,0.0,0.0,0.0,0.0,0.0,0.0,0.0,0.0,0.0,0.0,0.0,0.0,0.0,l2729410,PQ,1.0,1.0,1.0,7199.557856794634,1000000.0,0.9,1.05,c,,False,False,False,46.70791004,-119.2087007,default
2112,0.0,0.0,0.0,0.0,0.0,0.0,0.0,0.0,0.0,0.0,0.0,0.0,0.0,0.0,x2729410c,PQ,1.0,1.0,1.0,104.0,1000000.0,0.9,1.05,s1s2,c,False,False,False,46.7076,-119.2087,default
2113,0.0,0.0,0.0,0.0,0.0,0.0,0.003405521631305,0.0008535043532822,0.0067644784190767,0.0016953384625547,0.0,0.0,0.0,0.0,sx2729410c,PQ,1.0,1.0,1.0,104.0,1000000.0,0.9,1.05,s1s2,c,False,True,False,46.7076,-119.209,default
2114,0.0,0.0,0.0,0.0,0.0,0.0,0.0,0.0,0.0,0.0,0.0,0.0,0.0,0.0,x3254217c,PQ,1.0,1.0,1.0,104.0,1000000.0,0.9,1.05,s1s2,c,False,False,False,46.7072,-119.2101,default
2115,0.0,0.0,0.0,0.0,0.0,0.0,0.0100636423323201,0.0025221870702236,0.0001063577842092,2.6655778824904025e-05,0.0,0.0,0.0,0.0,sx3254217c,PQ,1.0,1.0,1.0,104.0,1000000.0,0.9,1.05,s1s2,c,False,True,False,46.7072,-119.2103,default
2116,0.0,0.0,0.0,0.0,0.0,0.0,0.0,0.0,0.0,0.0,0.0,0.0,0.0,0.0,n1140522,PQ,1.0,1.0,1.0,7199.557856794634,1000000.0,0.9,1.05,c,,False,False,False,46.7054107,-119.2109538,default
2117,0.0,0.0,0.0,0.0,0.0,0.0,0.0,0.0,0.0,0.0,0.0,0.0,0.0,0.0,l2822870,PQ,1.0,1.0,1.0,7199.557856794634,1000000.0,0.9,1.05,c,,False,False,False,46.70548334,-119.2112093,default
2118,0.0,0.0,0.0,0.0,0.0,0.0,0.0,0.0,0.0,0.0,0.0,0.0,0.0,0.0,l2766725,PQ,1.0,1.0,1.0,7199.557856794634,1000000.0,0.9,1.05,c,,False,False,False,46.70504606,-119.212167,default
2119,0.0,0.0,0.0,0.0,0.0,0.0,0.0,0.0,0.0,0.0,0.0,0.0,0.0,0.0,x2766725c,PQ,1.0,1.0,1.0,104.0,1000000.0,0.9,1.05,s1s2,c,False,False,False,46.7047,-119.2122,default
2120,0.0,0.0,0.0,0.0,0.0,0.0,0.0050625552623185,0.0012687962155681,0.0010374447719758,0.0002600082219694,0.0,0.0,0.0,0.0,sx2766725c,PQ,1.0,1.0,1.0,104.0,1000000.0,0.9,1.05,s1s2,c,False,True,False,46.7047,-119.2124,default
2121,0.0,0.0,0.0,0.0,0.0,0.0,0.0,0.0,0.0,0.0,0.0,0.0,0.0,0.0,x2822870c,PQ,1.0,1.0,1.0,104.0,1000000.0,0.9,1.05,s1s2,c,False,False,False,46.7051,-119.2112,default
2122,0.0,0.0,0.0,0.0,0.0,0.0,0.0052934633078213,0.0013266672396473,0.000806536729237,0.0002021371995266,0.0,0.0,0.0,0.0,sx2822870c,PQ,1.0,1.0,1.0,104.0,1000000.0,0.9,1.05,s1s2,c,False,True,False,46.7052,-119.2115,default
2123,0.0,0.0,0.0,0.0,0.0,0.0,0.0,0.0,0.0,0.0,0.0,0.0,0.0,0.0,n1140524,PQ,1.0,1.0,1.0,7199.557856794634,1000000.0,0.9,1.05,a,,False,False,False,46.70391878,-119.211088,default
2124,0.0,0.0,0.0,0.0,0.0,0.0,0.0,0.0,0.0,0.0,0.0,0.0,0.0,0.0,l3197641,PQ,1.0,1.0,1.0,7199.557856794634,1000000.0,0.9,1.05,a,,False,False,False,46.70351786,-119.209135,default
2125,0.0,0.0,0.0,0.0,0.0,0.0,0.0,0.0,0.0,0.0,0.0,0.0,0.0,0.0,l2973161,PQ,1.0,1.0,1.0,7199.557856794634,1000000.0,0.9,1.05,a,,False,False,False,46.70257274,-119.2103177,default
2126,0.0,0.0,0.0,0.0,0.0,0.0,0.0,0.0,0.0,0.0,0.0,0.0,0.0,0.0,x2973161a,PQ,1.0,1.0,1.0,104.0,1000000.0,0.9,1.05,s1s2,a,False,False,False,46.7022,-119.2103,default
2127,0.0,0.0,0.0,0.0,0.0,0.0,0.004301044166888,0.0010779431020822,0.0089989554266109,0.0022553504458528,0.0,0.0,0.0,0.0,sx2973161a,PQ,1.0,1.0,1.0,104.0,1000000.0,0.9,1.05,s1s2,a,False,True,False,46.7023,-119.2106,default
2128,0.0,0.0,0.0,0.0,0.0,0.0,0.0,0.0,0.0,0.0,0.0,0.0,0.0,0.0,x3197641a,PQ,1.0,1.0,1.0,104.0,1000000.0,0.9,1.05,s1s2,a,False,False,False,46.7032,-119.2091,default
2129,0.0,0.0,0.0,0.0,0.0,0.0,0.0007732704331948,0.0001937998086232,0.0045467294209673,0.0011395176255758,0.0,0.0,0.0,0.0,sx3197641a,PQ,1.0,1.0,1.0,104.0,1000000.0,0.9,1.05,s1s2,a,True,True,False,46.7032,-119.2094,default
2130,0.0,0.0,0.0,0.0,0.0,0.0,0.0,0.0,0.0,0.0,0.0,0.0,0.0,0.0,x2841633a,PQ,1.0,1.0,1.0,104.0,1000000.0,0.9,1.05,s1s2,a,False,False,False,46.7004,-119.2133,default
2131,0.0,0.0,0.0,0.0,0.0,0.0,0.0017671199652842,0.0004428819416979,0.0071028797766634,0.0017801491867714,0.0,0.0,0.0,0.0,sx2841633a,PQ,1.0,1.0,1.0,104.0,1000000.0,0.9,1.05,s1s2,a,False,True,False,46.7004,-119.2136,default
2132,0.0,0.0,0.0,0.0,0.0,0.0,0.0,0.0,0.0,0.0,0.0,0.0,0.0,0.0,n1140817,PQ,1.0,1.0,1.0,7199.557856794634,1000000.0,0.9,1.05,abc,,False,False,False,46.69762906,-119.2145376,default
2133,0.0,0.0,0.0,0.0,0.0,0.0,0.0,0.0,0.0,0.0,0.0,0.0,0.0,0.0,l3235258,PQ,1.0,1.0,1.0,7199.557856794634,1000000.0,0.9,1.05,abc,,False,False,False,46.69754808,-119.2142851,default
2134,0.0,0.0,0.0,0.0,0.0,0.0,0.0,0.0,0.0,0.0,0.0,0.0,0.0,0.0,x3235258a,PQ,1.0,1.0,1.0,104.0,1000000.0,0.9,1.05,s1s2,a,False,False,False,46.6972,-119.2143,default
2135,0.0,0.0,0.0,0.0,0.0,0.0,0.0008641801555247,0.0002165839304233,0.0044558197012518,0.0011167335120944,0.0,0.0,0.0,0.0,sx3235258a,PQ,1.0,1.0,1.0,104.0,1000000.0,0.9,1.05,s1s2,a,False,True,False,46.6972,-119.2146,default
2136,0.0,0.0,0.0,0.0,0.0,0.0,0.0,0.0,0.0,0.0,0.0,0.0,0.0,0.0,x3235258b,PQ,1.0,1.0,1.0,104.0,1000000.0,0.9,1.05,s1s2,b,False,False,False,46.6972,-119.2143,default
2137,0.0,0.0,0.0,0.0,0.0,0.0,0.0007270469697346,0.0001822151626374,0.0138629537481257,0.0034743840693333,0.0,0.0,0.0,0.0,sx3235258b,PQ,1.0,1.0,1.0,104.0,1000000.0,0.9,1.05,s1s2,b,False,True,False,46.6972,-119.2146,default
2138,0.0,0.0,0.0,0.0,0.0,0.0,0.0,0.0,0.0,0.0,0.0,0.0,0.0,0.0,x3235258c,PQ,1.0,1.0,1.0,104.0,1000000.0,0.9,1.05,s1s2,c,False,False,False,46.6972,-119.2143,default
2139,0.0,0.0,0.0,0.0,0.0,0.0,0.0045386451987846,0.001137491930441,0.0015613548396323,0.0003913124831287,0.0,0.0,0.0,0.0,sx3235258c,PQ,1.0,1.0,1.0,104.0,1000000.0,0.9,1.05,s1s2,c,False,True,False,46.6972,-119.2146,default
2140,0.0,0.0,0.0,0.0,0.0,0.0,0.0,0.0,0.0,0.0,0.0,0.0,0.0,0.0,x2973167b,PQ,1.0,1.0,1.0,104.0,1000000.0,0.9,1.05,s1s2,b,False,False,False,46.6933,-119.2213,default
2141,0.0,0.0,0.0,0.0,0.0,0.0,0.0020071098605637,0.0005030291918786,0.0038328903517868,0.0009606129580346,0.0,0.0,0.0,0.0,sx2973167b,PQ,1.0,1.0,1.0,104.0,1000000.0,0.9,1.05,s1s2,b,False,True,False,46.6933,-119.2216,default
2142,0.0,0.0,0.0,0.0,0.0,0.0,0.0,0.0,0.0,0.0,0.0,0.0,0.0,0.0,n1140820,PQ,1.0,1.0,1.0,7199.557856794634,1000000.0,0.9,1.05,b,,False,False,False,46.69374404,-119.2229788,default
2143,0.0,0.0,0.0,0.0,0.0,0.0,0.0,0.0,0.0,0.0,0.0,0.0,0.0,0.0,l3189189,PQ,1.0,1.0,1.0,7199.557856794634,1000000.0,0.9,1.05,b,,False,False,False,46.69317414,-119.2231667,default
2144,0.0,0.0,0.0,0.0,0.0,0.0,0.0,0.0,0.0,0.0,0.0,0.0,0.0,0.0,x3189189b,PQ,1.0,1.0,1.0,104.0,1000000.0,0.9,1.05,s1s2,b,False,False,False,46.6928,-119.2232,default
2145,0.0,0.0,0.0,0.0,0.0,0.0,0.0041269149275154,0.0010343024686751,0.00171308528059,0.0004293396789307,0.0,0.0,0.0,0.0,sx3189189b,PQ,1.0,1.0,1.0,104.0,1000000.0,0.9,1.05,s1s2,b,False,True,False,46.6929,-119.2234,default
2146,0.0,0.0,0.0,0.0,0.0,0.0,0.0,0.0,0.0,0.0,0.0,0.0,0.0,0.0,n1140821,PQ,1.0,1.0,1.0,7199.557856794634,1000000.0,0.9,1.05,c,,False,False,False,46.69405536,-119.2230691,default
2147,0.0,0.0,0.0,0.0,0.0,0.0,0.0,0.0,0.0,0.0,0.0,0.0,0.0,0.0,l3189188,PQ,1.0,1.0,1.0,7199.557856794634,1000000.0,0.9,1.05,c,,False,False,False,46.69406458,-119.2233405,default
2148,0.0,0.0,0.0,0.0,0.0,0.0,0.0,0.0,0.0,0.0,0.0,0.0,0.0,0.0,x3189188c,PQ,1.0,1.0,1.0,104.0,1000000.0,0.9,1.05,s1s2,c,False,False,False,46.6937,-119.2233,default
2149,0.0,0.0,0.0,0.0,0.0,0.0,0.0111231478770519,0.0027877241278733,0.0092168523391857,0.002309961340211,0.0,0.0,0.0,0.0,sx3189188c,PQ,1.0,1.0,1.0,104.0,1000000.0,0.9,1.05,s1s2,c,False,True,False,46.6937,-119.2236,default
2150,0.0,0.0,0.0,0.0,0.0,0.0,0.0,0.0,0.0,0.0,0.0,0.0,0.0,0.0,n1140823,PQ,1.0,1.0,1.0,7199.557856794634,1000000.0,0.9,1.05,abc,,False,False,False,46.69457762,-119.2228921,default
2151,0.0,0.0,0.0,0.0,0.0,0.0,0.0,0.0,0.0,0.0,0.0,0.0,0.0,0.0,l2851933,PQ,1.0,1.0,1.0,7199.557856794634,1000000.0,0.9,1.05,abc,,False,False,False,46.69544142,-119.2229147,default
2152,0.0,0.0,0.0,0.0,0.0,0.0,0.0,0.0,0.0,0.0,0.0,0.0,0.0,0.0,l3207907,PQ,1.0,1.0,1.0,7199.557856794634,1000000.0,0.9,1.05,abc,,False,False,False,46.69576846,-119.2230151,default
2153,0.0,0.0,0.0,0.0,0.0,0.0,0.0,0.0,0.0,0.0,0.0,0.0,0.0,0.0,m3037441,PQ,1.0,1.0,1.0,7199.557856794634,1000000.0,0.9,1.05,abc,,False,False,False,46.695802,-119.2230254,default
2154,0.0,0.0,0.0,0.0,0.0,0.0,0.0,0.0,0.0,0.0,0.0,0.0,0.0,0.0,n1140824,PQ,1.0,1.0,1.0,7199.557856794634,1000000.0,0.9,1.05,a,,False,False,False,46.69593264,-119.2224922,default
2155,0.0,0.0,0.0,0.0,0.0,0.0,0.0,0.0,0.0,0.0,0.0,0.0,0.0,0.0,l3226771,PQ,1.0,1.0,1.0,7199.557856794634,1000000.0,0.9,1.05,a,,False,False,False,46.69705216,-119.2207373,default
2156,0.0,0.0,0.0,0.0,0.0,0.0,0.0,0.0,0.0,0.0,0.0,0.0,0.0,0.0,l3189190,PQ,1.0,1.0,1.0,7199.557856794634,1000000.0,0.9,1.05,a,,False,False,False,46.69852938,-119.2219327,default
2157,0.0,0.0,0.0,0.0,0.0,0.0,0.0,0.0,0.0,0.0,0.0,0.0,0.0,0.0,x3189190a,PQ,1.0,1.0,1.0,104.0,1000000.0,0.9,1.05,s1s2,a,False,False,False,46.6982,-119.2219,default
2158,0.0,0.0,0.0,0.0,0.0,0.0,0.0065102158086101,0.001631613663678,0.0023597839772537,0.0005914175364693,0.0,0.0,0.0,0.0,sx3189190a,PQ,1.0,1.0,1.0,104.0,1000000.0,0.9,1.05,s1s2,a,False,True,False,46.6982,-119.2222,default
2159,0.0,0.0,0.0,0.0,0.0,0.0,0.0,0.0,0.0,0.0,0.0,0.0,0.0,0.0,x3226771a,PQ,1.0,1.0,1.0,104.0,1000000.0,0.9,1.05,s1s2,a,False,False,False,46.6967,-119.2207,default
2160,0.0,0.0,0.0,0.0,0.0,0.0,0.0030941880870916,0.0007754765304692,0.0022258117917779,0.0005578409452589,0.0,0.0,0.0,0.0,sx3226771a,PQ,1.0,1.0,1.0,104.0,1000000.0,0.9,1.05,s1s2,a,False,True,False,46.6967,-119.221,default
2161,0.0,0.0,0.0,0.0,0.0,0.0,0.0,0.0,0.0,0.0,0.0,0.0,0.0,0.0,x3207907a,PQ,1.0,1.0,1.0,104.0,1000000.0,0.9,1.05,s1s2,a,False,False,False,46.6954,-119.223,default
2162,0.0,0.0,0.0,0.0,0.0,0.0,0.0119984137335681,0.0030070855347415,0.0057415858087117,0.0014389768605939,0.0,0.0,0.0,0.0,sx3207907a,PQ,1.0,1.0,1.0,104.0,1000000.0,0.9,1.05,s1s2,a,False,True,False,46.6955,-119.2233,default
2163,0.0,0.0,0.0,0.0,0.0,0.0,0.0,0.0,0.0,0.0,0.0,0.0,0.0,0.0,x3207907b,PQ,1.0,1.0,1.0,104.0,1000000.0,0.9,1.05,s1s2,b,False,False,False,46.6954,-119.223,default
2164,0.0,0.0,0.0,0.0,0.0,0.0,0.0049028101323234,0.0012287601389309,0.0242771912521443,0.0060844382557701,0.0,0.0,0.0,0.0,sx3207907b,PQ,1.0,1.0,1.0,104.0,1000000.0,0.9,1.05,s1s2,b,False,True,False,46.6955,-119.2233,default
2165,0.0,0.0,0.0,0.0,0.0,0.0,0.0,0.0,0.0,0.0,0.0,0.0,0.0,0.0,x3207907c,PQ,1.0,1.0,1.0,104.0,1000000.0,0.9,1.05,s1s2,c,False,False,False,46.6954,-119.223,default
2166,0.0,0.0,0.0,0.0,0.0,0.0,0.003249129208608,0.0008143086739106,0.0170908711727357,0.0042833768797857,0.0,0.0,0.0,0.0,sx3207907c,PQ,1.0,1.0,1.0,104.0,1000000.0,0.9,1.05,s1s2,c,False,True,False,46.6955,-119.2233,default
2167,0.0,0.0,0.0,0.0,0.0,0.0,0.0,0.0,0.0,0.0,0.0,0.0,0.0,0.0,x2851933a,PQ,1.0,1.0,1.0,104.0,1000000.0,0.9,1.05,s1s2,a,False,False,False,46.6951,-119.2229,default
2168,0.0,0.0,0.0,0.0,0.0,0.0,0.0058496274223325,0.0014660546312824,0.0030203723678704,0.0007569765713275,0.0,0.0,0.0,0.0,sx2851933a,PQ,1.0,1.0,1.0,104.0,1000000.0,0.9,1.05,s1s2,a,False,True,False,46.6951,-119.2232,default
2169,0.0,0.0,0.0,0.0,0.0,0.0,0.0,0.0,0.0,0.0,0.0,0.0,0.0,0.0,x2851933b,PQ,1.0,1.0,1.0,104.0,1000000.0,0.9,1.05,s1s2,b,False,False,False,46.6951,-119.2229,default
2170,0.0,0.0,0.0,0.0,0.0,0.0,0.0015789324814878,0.0003957178145049,0.0081510678881826,0.0020428503626132,0.0,0.0,0.0,0.0,sx2851933b,PQ,1.0,1.0,1.0,104.0,1000000.0,0.9,1.05,s1s2,b,False,True,False,46.6951,-119.2232,default
2171,0.0,0.0,0.0,0.0,0.0,0.0,0.0,0.0,0.0,0.0,0.0,0.0,0.0,0.0,x2851933c,PQ,1.0,1.0,1.0,104.0,1000000.0,0.9,1.05,s1s2,c,False,False,False,46.6951,-119.2229,default
2172,0.0,0.0,0.0,0.0,0.0,0.0,0.0100484329454984,0.002518375135128,0.005211567211845,0.0013061420885161,0.0,0.0,0.0,0.0,sx2851933c,PQ,1.0,1.0,1.0,104.0,1000000.0,0.9,1.05,s1s2,c,False,True,False,46.6951,-119.2232,default
2173,0.0,0.0,0.0,0.0,0.0,0.0,0.0,0.0,0.0,0.0,0.0,0.0,0.0,0.0,n1140822,PQ,1.0,1.0,1.0,7199.557856794634,1000000.0,0.9,1.05,c,,False,False,False,46.69441724,-119.2241293,default
2174,0.0,0.0,0.0,0.0,0.0,0.0,0.0,0.0,0.0,0.0,0.0,0.0,0.0,0.0,l2935560,PQ,1.0,1.0,1.0,7199.557856794634,1000000.0,0.9,1.05,c,,False,False,False,46.6938322,-119.2238138,default
2175,0.0,0.0,0.0,0.0,0.0,0.0,0.0,0.0,0.0,0.0,0.0,0.0,0.0,0.0,x2935560c,PQ,1.0,1.0,1.0,104.0,1000000.0,0.9,1.05,s1s2,c,False,False,False,46.6935,-119.2238,default
2176,0.0,0.0,0.0,0.0,0.0,0.0,0.0041257619254578,0.0010340135877983,0.0019742381215946,0.0004947907983806,0.0,0.0,0.0,0.0,sx2935560c,PQ,1.0,1.0,1.0,104.0,1000000.0,0.9,1.05,s1s2,c,False,True,False,46.6935,-119.2241,default
2177,0.0,0.0,0.0,0.0,0.0,0.0,0.0,0.0,0.0,0.0,0.0,0.0,0.0,0.0,n1140825,PQ,1.0,1.0,1.0,7199.557856794634,1000000.0,0.9,1.05,abc,,False,False,False,46.694778,-119.2241925,default
2178,0.0,0.0,0.0,0.0,0.0,0.0,0.0,0.0,0.0,0.0,0.0,0.0,0.0,0.0,l3216368,PQ,1.0,1.0,1.0,7199.557856794634,1000000.0,0.9,1.05,abc,,False,False,False,46.69506912,-119.2241723,default
2179,0.0,0.0,0.0,0.0,0.0,0.0,0.0,0.0,0.0,0.0,0.0,0.0,0.0,0.0,n1140827,PQ,1.0,1.0,1.0,7199.557856794634,1000000.0,0.9,1.05,abc,,False,False,False,46.6954648,-119.2241606,default
2180,0.0,0.0,0.0,0.0,0.0,0.0,0.0,0.0,0.0,0.0,0.0,0.0,0.0,0.0,m1026726,PQ,1.0,1.0,1.0,7199.557856794634,1000000.0,0.9,1.05,abc,,False,False,False,46.69571152,-119.2241533,default
2181,0.0,0.0,0.0,0.0,0.0,0.0,0.0,0.0,0.0,0.0,0.0,0.0,0.0,0.0,l2814529,PQ,1.0,1.0,1.0,7199.557856794634,1000000.0,0.9,1.05,abc,,False,False,False,46.696111,-119.2236733,default
2182,0.0,0.0,0.0,0.0,0.0,0.0,0.0,0.0,0.0,0.0,0.0,0.0,0.0,0.0,x2814529a,PQ,1.0,1.0,1.0,104.0,1000000.0,0.9,1.05,s1s2,a,False,False,False,46.6958,-119.2237,default
2183,0.0,0.0,0.0,0.0,0.0,0.0,0.0042636197923574,0.0010685637208316,0.0134763798098978,0.0033774987379078,0.0,0.0,0.0,0.0,sx2814529a,PQ,1.0,1.0,1.0,104.0,1000000.0,0.9,1.05,s1s2,a,True,True,False,46.6958,-119.224,default
2184,0.0,0.0,0.0,0.0,0.0,0.0,0.0,0.0,0.0,0.0,0.0,0.0,0.0,0.0,x2814529b,PQ,1.0,1.0,1.0,104.0,1000000.0,0.9,1.05,s1s2,b,False,False,False,46.6958,-119.2237,default
2185,0.0,0.0,0.0,0.0,0.0,0.0,0.0045437918241702,0.001138781667695,0.0149062089450511,0.0037358484528628,0.0,0.0,0.0,0.0,sx2814529b,PQ,1.0,1.0,1.0,104.0,1000000.0,0.9,1.05,s1s2,b,False,True,False,46.6958,-119.224,default
2186,0.0,0.0,0.0,0.0,0.0,0.0,0.0,0.0,0.0,0.0,0.0,0.0,0.0,0.0,x2814529c,PQ,1.0,1.0,1.0,104.0,1000000.0,0.9,1.05,s1s2,c,False,False,False,46.6958,-119.2237,default
2187,0.0,0.0,0.0,0.0,0.0,0.0,0.0089547355419148,0.0022442686343428,0.0113852645683214,0.002853416729912,0.0,0.0,0.0,0.0,sx2814529c,PQ,1.0,1.0,1.0,104.0,1000000.0,0.9,1.05,s1s2,c,True,True,False,46.6958,-119.224,default
2188,0.0,0.0,0.0,0.0,0.0,0.0,0.0,0.0,0.0,0.0,0.0,0.0,0.0,0.0,l2876847,PQ,1.0,1.0,1.0,7199.557856794634,1000000.0,0.9,1.05,b,,False,False,False,46.69582974,-119.2253938,default
2189,0.0,0.0,0.0,0.0,0.0,0.0,0.0,0.0,0.0,0.0,0.0,0.0,0.0,0.0,l2916610,PQ,1.0,1.0,1.0,7199.557856794634,1000000.0,0.9,1.05,b,,False,False,False,46.69665194,-119.22414,default
2190,0.0,0.0,0.0,0.0,0.0,0.0,0.0,0.0,0.0,0.0,0.0,0.0,0.0,0.0,x2916610b,PQ,1.0,1.0,1.0,104.0,1000000.0,0.9,1.05,s1s2,b,False,False,False,46.6963,-119.2241,default
2191,0.0,0.0,0.0,0.0,0.0,0.0,0.0002443893837298,6.124975815021086e-05,0.0094856109963429,0.002377318425169,0.0,0.0,0.0,0.0,sx2916610b,PQ,1.0,1.0,1.0,104.0,1000000.0,0.9,1.05,s1s2,b,False,True,False,46.6963,-119.2244,default
2192,0.0,0.0,0.0,0.0,0.0,0.0,0.0,0.0,0.0,0.0,0.0,0.0,0.0,0.0,x3216368c,PQ,1.0,1.0,1.0,104.0,1000000.0,0.9,1.05,s1s2,c,False,False,False,46.6947,-119.2242,default
2193,0.0,0.0,0.0,0.0,0.0,0.0,0.0042980482486995,0.0010771926064374,0.0018019517852161,0.0004516117601836,0.0,0.0,0.0,0.0,sx3216368c,PQ,1.0,1.0,1.0,104.0,1000000.0,0.9,1.05,s1s2,c,True,True,False,46.6948,-119.2245,default
2194,0.0,0.0,0.0,0.0,0.0,0.0,0.0,0.0,0.0,0.0,0.0,0.0,0.0,0.0,p827561,PQ,1.0,1.0,1.0,7199.557856794634,1000000.0,0.9,1.05,c,,False,False,False,46.69453576,-119.2264465,default
2195,0.0,0.0,0.0,0.0,0.0,0.0,0.0,0.0,0.0,0.0,0.0,0.0,0.0,0.0,m1026705,PQ,1.0,1.0,1.0,7199.557856794634,1000000.0,0.9,1.05,c,,False,False,False,46.69444234,-119.2264173,default
2196,0.0,0.0,0.0,0.0,0.0,0.0,0.0,0.0,0.0,0.0,0.0,0.0,0.0,0.0,l2710532,PQ,1.0,1.0,1.0,7199.557856794634,1000000.0,0.9,1.05,c,,False,False,False,46.69484464,-119.2262392,default
2197,0.0,0.0,0.0,0.0,0.0,0.0,0.0,0.0,0.0,0.0,0.0,0.0,0.0,0.0,x2710532c,PQ,1.0,1.0,1.0,104.0,1000000.0,0.9,1.05,s1s2,c,False,False,False,46.6945,-119.2262,default
2198,0.0,0.0,0.0,0.0,0.0,0.0,0.0024872032924013,0.0006233520097224,0.0015827967373213,0.000396686321862,0.0,0.0,0.0,0.0,sx2710532c,PQ,1.0,1.0,1.0,104.0,1000000.0,0.9,1.05,s1s2,c,False,True,False,46.6945,-119.2265,default
2199,0.0,0.0,0.0,0.0,0.0,0.0,0.0,0.0,0.0,0.0,0.0,0.0,0.0,0.0,n1140829,PQ,1.0,1.0,1.0,7199.557856794634,1000000.0,0.9,1.05,c,,False,False,False,46.69434536,-119.226387,default
2200,0.0,0.0,0.0,0.0,0.0,0.0,0.0,0.0,0.0,0.0,0.0,0.0,0.0,0.0,m1026703,PQ,1.0,1.0,1.0,7199.557856794634,1000000.0,0.9,1.05,c,,False,False,False,46.69426806,-119.2263628,default
2201,0.0,0.0,0.0,0.0,0.0,0.0,0.0,0.0,0.0,0.0,0.0,0.0,0.0,0.0,l2973166,PQ,1.0,1.0,1.0,7199.557856794634,1000000.0,0.9,1.05,c,,False,False,False,46.69322472,-119.2263948,default
2202,0.0,0.0,0.0,0.0,0.0,0.0,0.0,0.0,0.0,0.0,0.0,0.0,0.0,0.0,x2973166c,PQ,1.0,1.0,1.0,104.0,1000000.0,0.9,1.05,s1s2,c,False,False,False,46.6929,-119.2264,default
2203,0.0,0.0,0.0,0.0,0.0,0.0,0.0073414113663338,0.0018399314422223,0.0028285887334681,0.0007089112783446,0.0,0.0,0.0,0.0,sx2973166c,PQ,1.0,1.0,1.0,104.0,1000000.0,0.9,1.05,s1s2,c,False,True,False,46.6929,-119.2267,default
2204,0.0,0.0,0.0,0.0,0.0,0.0,0.0,0.0,0.0,0.0,0.0,0.0,0.0,0.0,p827560,PQ,1.0,1.0,1.0,7199.557856794634,1000000.0,0.9,1.05,a,,False,False,False,46.6942654,-119.2273777,default
2205,0.0,0.0,0.0,0.0,0.0,0.0,0.0,0.0,0.0,0.0,0.0,0.0,0.0,0.0,n1147866,PQ,1.0,1.0,1.0,7199.557856794634,1000000.0,0.9,1.05,a,,False,False,False,46.69444622,-119.2274735,default
2206,0.0,0.0,0.0,0.0,0.0,0.0,0.0,0.0,0.0,0.0,0.0,0.0,0.0,0.0,m1026713,PQ,1.0,1.0,1.0,7199.557856794634,1000000.0,0.9,1.05,a,,False,False,False,46.69485906,-119.2276847,default
2207,0.0,0.0,0.0,0.0,0.0,0.0,0.0,0.0,0.0,0.0,0.0,0.0,0.0,0.0,l2785530,PQ,1.0,1.0,1.0,7199.557856794634,1000000.0,0.9,1.05,a,,False,False,False,46.69488376,-119.2286205,default
2208,0.0,0.0,0.0,0.0,0.0,0.0,0.0,0.0,0.0,0.0,0.0,0.0,0.0,0.0,l2822868,PQ,1.0,1.0,1.0,7199.557856794634,1000000.0,0.9,1.05,a,,False,False,False,46.69493796,-119.2305977,default
2209,0.0,0.0,0.0,0.0,0.0,0.0,0.0,0.0,0.0,0.0,0.0,0.0,0.0,0.0,l2766723,PQ,1.0,1.0,1.0,7199.557856794634,1000000.0,0.9,1.05,a,,False,False,False,46.69496082,-119.2316052,default
2210,0.0,0.0,0.0,0.0,0.0,0.0,0.0,0.0,0.0,0.0,0.0,0.0,0.0,0.0,l3122822,PQ,1.0,1.0,1.0,7199.557856794634,1000000.0,0.9,1.05,a,,False,False,False,46.69565804,-119.231095,default
2211,0.0,0.0,0.0,0.0,0.0,0.0,0.0,0.0,0.0,0.0,0.0,0.0,0.0,0.0,x3122822a,PQ,1.0,1.0,1.0,104.0,1000000.0,0.9,1.05,s1s2,a,False,False,False,46.6953,-119.2311,default
2212,0.0,0.0,0.0,0.0,0.0,0.0,0.0023149026873014,0.0005801692317801,0.0065550971125639,0.0016428619927975,0.0,0.0,0.0,0.0,sx3122822a,PQ,1.0,1.0,1.0,104.0,1000000.0,0.9,1.05,s1s2,a,False,True,False,46.6953,-119.2314,default
2213,0.0,0.0,0.0,0.0,0.0,0.0,0.0,0.0,0.0,0.0,0.0,0.0,0.0,0.0,x2766723a,PQ,1.0,1.0,1.0,104.0,1000000.0,0.9,1.05,s1s2,a,False,False,False,46.6946,-119.2316,default
2214,0.0,0.0,0.0,0.0,0.0,0.0,0.0060031620472451,0.0015045340442487,0.0028668377559391,0.0007184971821492,0.0,0.0,0.0,0.0,sx2766723a,PQ,1.0,1.0,1.0,104.0,1000000.0,0.9,1.05,s1s2,a,False,True,False,46.6946,-119.2319,default
2215,0.0,0.0,0.0,0.0,0.0,0.0,0.0,0.0,0.0,0.0,0.0,0.0,0.0,0.0,x2822868a,PQ,1.0,1.0,1.0,104.0,1000000.0,0.9,1.05,s1s2,a,False,False,False,46.6946,-119.2306,default
2216,0.0,0.0,0.0,0.0,0.0,0.0,0.0007566710585141,0.0001896396202949,0.0045633288225552,0.0011436778666971,0.0,0.0,0.0,0.0,sx2822868a,PQ,1.0,1.0,1.0,104.0,1000000.0,0.9,1.05,s1s2,a,False,True,False,46.6946,-119.2309,default
2217,0.0,0.0,0.0,0.0,0.0,0.0,0.0,0.0,0.0,0.0,0.0,0.0,0.0,0.0,x2785530a,PQ,1.0,1.0,1.0,104.0,1000000.0,0.9,1.05,s1s2,a,False,False,False,46.6945,-119.2286,default
2218,0.0,0.0,0.0,0.0,0.0,0.0,0.0012063079617849,0.000302329236718,0.0023436919634203,0.000587384502099,0.0,0.0,0.0,0.0,sx2785530a,PQ,1.0,1.0,1.0,104.0,1000000.0,0.9,1.05,s1s2,a,False,True,False,46.6946,-119.2289,default
2219,0.0,0.0,0.0,0.0,0.0,0.0,0.0,0.0,0.0,0.0,0.0,0.0,0.0,0.0,l2860504,PQ,1.0,1.0,1.0,7199.557856794634,1000000.0,0.9,1.05,a,,False,False,False,46.69491612,-119.2274674,default
2220,0.0,0.0,0.0,0.0,0.0,0.0,0.0,0.0,0.0,0.0,0.0,0.0,0.0,0.0,l2860493,PQ,1.0,1.0,1.0,7199.557856794634,1000000.0,0.9,1.05,a,,False,False,False,46.69789138,-119.2275488,default
2221,0.0,0.0,0.0,0.0,0.0,0.0,0.0,0.0,0.0,0.0,0.0,0.0,0.0,0.0,l3085403,PQ,1.0,1.0,1.0,7199.557856794634,1000000.0,0.9,1.05,a,,False,False,False,46.6991434,-119.2275509,default
2222,0.0,0.0,0.0,0.0,0.0,0.0,0.0,0.0,0.0,0.0,0.0,0.0,0.0,0.0,x3085403a,PQ,1.0,1.0,1.0,104.0,1000000.0,0.9,1.05,s1s2,a,False,False,False,46.6988,-119.2276,default
2223,0.0,0.0,0.0,0.0,0.0,0.0,0.0007172944390287,0.0001797709106503,0.0081527053458913,0.0020432603057462,0.0,0.0,0.0,0.0,sx3085403a,PQ,1.0,1.0,1.0,104.0,1000000.0,0.9,1.05,s1s2,a,False,True,False,46.6988,-119.2278,default
2224,0.0,0.0,0.0,0.0,0.0,0.0,0.0,0.0,0.0,0.0,0.0,0.0,0.0,0.0,x2860493a,PQ,1.0,1.0,1.0,104.0,1000000.0,0.9,1.05,s1s2,a,False,False,False,46.6975,-119.2275,default
2225,0.0,0.0,0.0,0.0,0.0,0.0,0.0041663296577031,0.0010441805119794,0.0047036701493836,0.0011788507165742,0.0,0.0,0.0,0.0,sx2860493a,PQ,1.0,1.0,1.0,104.0,1000000.0,0.9,1.05,s1s2,a,False,True,False,46.6976,-119.2278,default
2226,0.0,0.0,0.0,0.0,0.0,0.0,0.0,0.0,0.0,0.0,0.0,0.0,0.0,0.0,x2860504a,PQ,1.0,1.0,1.0,104.0,1000000.0,0.9,1.05,s1s2,a,False,False,False,46.6946,-119.2275,default
2227,0.0,0.0,0.0,0.0,0.0,0.0,0.0034794260219182,0.0008720262531279,0.0018405738643817,0.000461291236831,0.0,0.0,0.0,0.0,sx2860504a,PQ,1.0,1.0,1.0,104.0,1000000.0,0.9,1.05,s1s2,a,False,True,False,46.6946,-119.2277,default
2228,0.0,0.0,0.0,0.0,0.0,0.0,0.0,0.0,0.0,0.0,0.0,0.0,0.0,0.0,n1140830,PQ,1.0,1.0,1.0,7199.557856794634,1000000.0,0.9,1.05,a,,False,False,False,46.69297582,-119.2287672,default
2229,0.0,0.0,0.0,0.0,0.0,0.0,0.0,0.0,0.0,0.0,0.0,0.0,0.0,0.0,l3216351,PQ,1.0,1.0,1.0,7199.557856794634,1000000.0,0.9,1.05,a,,False,False,False,46.69291592,-119.2286358,default
2230,0.0,0.0,0.0,0.0,0.0,0.0,0.0,0.0,0.0,0.0,0.0,0.0,0.0,0.0,l2879081,PQ,1.0,1.0,1.0,7199.557856794634,1000000.0,0.9,1.05,a,,False,False,False,46.6925066,-119.2284033,default
2231,0.0,0.0,0.0,0.0,0.0,0.0,0.0,0.0,0.0,0.0,0.0,0.0,0.0,0.0,m1026682,PQ,1.0,1.0,1.0,7199.557856794634,1000000.0,0.9,1.05,a,,False,False,False,46.69177162,-119.2287926,default
2232,0.0,0.0,0.0,0.0,0.0,0.0,0.0,0.0,0.0,0.0,0.0,0.0,0.0,0.0,l3066816,PQ,1.0,1.0,1.0,7199.557856794634,1000000.0,0.9,1.05,a,,False,False,False,46.69057944,-119.2294538,default
2233,0.0,0.0,0.0,0.0,0.0,0.0,0.0,0.0,0.0,0.0,0.0,0.0,0.0,0.0,m1026667,PQ,1.0,1.0,1.0,7199.557856794634,1000000.0,0.9,1.05,a,,False,False,False,46.68921254,-119.2307364,default
2234,0.0,0.0,0.0,0.0,0.0,0.0,0.0,0.0,0.0,0.0,0.0,0.0,0.0,0.0,m1026661,PQ,1.0,1.0,1.0,7199.557856794634,1000000.0,0.9,1.05,a,,False,False,False,46.68842238,-119.23073,default
2235,0.0,0.0,0.0,0.0,0.0,0.0,0.0,0.0,0.0,0.0,0.0,0.0,0.0,0.0,p827530,PQ,1.0,1.0,1.0,7199.557856794634,1000000.0,0.9,1.05,a,,False,False,False,46.68841122,-119.2308159,default
2236,0.0,0.0,0.0,0.0,0.0,0.0,0.0,0.0,0.0,0.0,0.0,0.0,0.0,0.0,221-240991,PQ,1.0,1.0,1.0,7199.557856794634,1000000.0,0.9,1.05,a,,False,False,False,46.6883962,-119.2309313,default
2237,0.0,0.0,0.0,0.0,0.0,0.0,0.0,0.0,0.0,0.0,0.0,0.0,0.0,0.0,l3066817,PQ,1.0,1.0,1.0,7199.557856794634,1000000.0,0.9,1.05,a,,False,False,False,46.68724932,-119.2339728,default
2238,0.0,0.0,0.0,0.0,0.0,0.0,0.0,0.0,0.0,0.0,0.0,0.0,0.0,0.0,x3066817a,PQ,1.0,1.0,1.0,104.0,1000000.0,0.9,1.05,s1s2,a,False,False,False,46.6869,-119.234,default
2239,0.0,0.0,0.0,0.0,0.0,0.0,0.0122846789166816,0.0030788303843373,0.0054553206654869,0.0013672320804817,0.0,0.0,0.0,0.0,sx3066817a,PQ,1.0,1.0,1.0,104.0,1000000.0,0.9,1.05,s1s2,a,False,True,False,46.6869,-119.2343,default
2240,0.0,0.0,0.0,0.0,0.0,0.0,0.0,0.0,0.0,0.0,0.0,0.0,0.0,0.0,x3066816a,PQ,1.0,1.0,1.0,104.0,1000000.0,0.9,1.05,s1s2,a,False,False,False,46.6902,-119.2295,default
2241,0.0,0.0,0.0,0.0,0.0,0.0,0.0051592239239988,0.001293023242946,0.0001607759564896,4.029424826111615e-05,0.0,0.0,0.0,0.0,sx3066816a,PQ,1.0,1.0,1.0,104.0,1000000.0,0.9,1.05,s1s2,a,False,True,False,46.6903,-119.2297,default
2242,0.0,0.0,0.0,0.0,0.0,0.0,0.0,0.0,0.0,0.0,0.0,0.0,0.0,0.0,x2879081a,PQ,1.0,1.0,1.0,104.0,1000000.0,0.9,1.05,s1s2,a,False,False,False,46.6922,-119.2284,default
2243,0.0,0.0,0.0,0.0,0.0,0.0,0.002055214087364,0.0005150851430011,0.0032647858030878,0.0008182323538332,0.0,0.0,0.0,0.0,sx2879081a,PQ,1.0,1.0,1.0,104.0,1000000.0,0.9,1.05,s1s2,a,False,True,False,46.6922,-119.2287,default
2244,0.0,0.0,0.0,0.0,0.0,0.0,0.0,0.0,0.0,0.0,0.0,0.0,0.0,0.0,x3216351a,PQ,1.0,1.0,1.0,104.0,1000000.0,0.9,1.05,s1s2,a,False,False,False,46.6926,-119.2286,default
2245,0.0,0.0,0.0,0.0,0.0,0.0,0.004134053999064,0.0010360914749016,0.0047359458144765,0.0011869397648382,0.0,0.0,0.0,0.0,sx3216351a,PQ,1.0,1.0,1.0,104.0,1000000.0,0.9,1.05,s1s2,a,False,True,False,46.6926,-119.2289,default
2246,0.0,0.0,0.0,0.0,0.0,0.0,0.0,0.0,0.0,0.0,0.0,0.0,0.0,0.0,x2879078a,PQ,1.0,1.0,1.0,104.0,1000000.0,0.9,1.05,s1s2,a,False,False,False,46.6918,-119.2302,default
2247,0.0,0.0,0.0,0.0,0.0,0.0,0.0018109281810403,0.0004538613356027,0.0035090717192897,0.0008794561770708,0.0,0.0,0.0,0.0,sx2879078a,PQ,1.0,1.0,1.0,104.0,1000000.0,0.9,1.05,s1s2,a,True,True,False,46.6918,-119.2305,default
2248,0.0,0.0,0.0,0.0,0.0,0.0,0.0,0.0,0.0,0.0,0.0,0.0,0.0,0.0,x3048221a,PQ,1.0,1.0,1.0,104.0,1000000.0,0.9,1.05,s1s2,a,False,False,False,46.6906,-119.2318,default
2249,0.0,0.0,0.0,0.0,0.0,0.0,0.0004944698224466,0.0001239258057633,0.008375529979614,0.002099105441306,0.0,0.0,0.0,0.0,sx3048221a,PQ,1.0,1.0,1.0,104.0,1000000.0,0.9,1.05,s1s2,a,False,True,False,46.6906,-119.232,default
2250,0.0,0.0,0.0,0.0,0.0,0.0,0.0,0.0,0.0,0.0,0.0,0.0,0.0,0.0,x2691952a,PQ,1.0,1.0,1.0,104.0,1000000.0,0.9,1.05,s1s2,a,False,False,False,46.6892,-119.2336,default
2251,0.0,0.0,0.0,0.0,0.0,0.0,0.0027175000477015,0.0006810696399574,0.0026024998545267,0.0006522478778189,0.0,0.0,0.0,0.0,sx2691952a,PQ,1.0,1.0,1.0,104.0,1000000.0,0.9,1.05,s1s2,a,False,True,False,46.6892,-119.2339,default
2252,0.0,0.0,0.0,0.0,0.0,0.0,0.0,0.0,0.0,0.0,0.0,0.0,0.0,0.0,l3197642,PQ,1.0,1.0,1.0,7199.557856794634,1000000.0,0.9,1.05,c,,False,False,False,46.68887518,-119.2332475,default
2253,0.0,0.0,0.0,0.0,0.0,0.0,0.0,0.0,0.0,0.0,0.0,0.0,0.0,0.0,x3197642c,PQ,1.0,1.0,1.0,104.0,1000000.0,0.9,1.05,s1s2,c,False,False,False,46.6885,-119.2332,default
2254,0.0,0.0,0.0,0.0,0.0,0.0,0.0048232850738354,0.0012088293743023,0.0012767149901432,0.000319974986263,0.0,0.0,0.0,0.0,sx3197642c,PQ,1.0,1.0,1.0,104.0,1000000.0,0.9,1.05,s1s2,c,False,True,False,46.6886,-119.2335,default
2255,0.0,0.0,0.0,0.0,0.0,0.0,0.0,0.0,0.0,0.0,0.0,0.0,0.0,0.0,n1140831,PQ,1.0,1.0,1.0,7199.557856794634,1000000.0,0.9,1.05,c,,False,False,False,46.68925692,-119.2343063,default
2256,0.0,0.0,0.0,0.0,0.0,0.0,0.0,0.0,0.0,0.0,0.0,0.0,0.0,0.0,l3141402,PQ,1.0,1.0,1.0,7199.557856794634,1000000.0,0.9,1.05,c,,False,False,False,46.69100284,-119.2343125,default
2257,0.0,0.0,0.0,0.0,0.0,0.0,0.0,0.0,0.0,0.0,0.0,0.0,0.0,0.0,x3141402c,PQ,1.0,1.0,1.0,104.0,1000000.0,0.9,1.05,s1s2,c,False,False,False,46.6907,-119.2343,default
2258,0.0,0.0,0.0,0.0,0.0,0.0,0.0088987131561177,0.0022302280918028,0.0012712869856377,0.0003186145985941,0.0,0.0,0.0,0.0,sx3141402c,PQ,1.0,1.0,1.0,104.0,1000000.0,0.9,1.05,s1s2,c,False,True,False,46.6907,-119.2346,default
2259,0.0,0.0,0.0,0.0,0.0,0.0,0.0,0.0,0.0,0.0,0.0,0.0,0.0,0.0,n1140832,PQ,1.0,1.0,1.0,7199.557856794634,1000000.0,0.9,1.05,c,,False,False,False,46.6888754,-119.2344138,default
2260,0.0,0.0,0.0,0.0,0.0,0.0,0.0,0.0,0.0,0.0,0.0,0.0,0.0,0.0,l2841631,PQ,1.0,1.0,1.0,7199.557856794634,1000000.0,0.9,1.05,c,,False,False,False,46.68913544,-119.2347349,default
2261,0.0,0.0,0.0,0.0,0.0,0.0,0.0,0.0,0.0,0.0,0.0,0.0,0.0,0.0,x2841631c,PQ,1.0,1.0,1.0,104.0,1000000.0,0.9,1.05,s1s2,c,False,False,False,46.6888,-119.2347,default
2262,0.0,0.0,0.0,0.0,0.0,0.0,0.0002208632250048,5.5353549996472834e-05,0.0099491369404235,0.0024934891538091,0.0,0.0,0.0,0.0,sx2841631c,PQ,1.0,1.0,1.0,104.0,1000000.0,0.9,1.05,s1s2,c,False,True,False,46.6888,-119.235,default
2263,0.0,0.0,0.0,0.0,0.0,0.0,0.0,0.0,0.0,0.0,0.0,0.0,0.0,0.0,n1141473,PQ,1.0,1.0,1.0,7199.557856794634,1000000.0,0.9,1.05,a,,False,False,False,46.68858808,-119.234297,default
2264,0.0,0.0,0.0,0.0,0.0,0.0,0.0,0.0,0.0,0.0,0.0,0.0,0.0,0.0,l3216350,PQ,1.0,1.0,1.0,7199.557856794634,1000000.0,0.9,1.05,a,,False,False,False,46.68799888,-119.2342742,default
2265,0.0,0.0,0.0,0.0,0.0,0.0,0.0,0.0,0.0,0.0,0.0,0.0,0.0,0.0,x3216350a,PQ,1.0,1.0,1.0,104.0,1000000.0,0.9,1.05,s1s2,a,False,False,False,46.6876,-119.2343,default
2266,0.0,0.0,0.0,0.0,0.0,0.0,0.0087732278085819,0.0021987779189731,9.67720016303388e-05,2.425334738790081e-05,0.0,0.0,0.0,0.0,sx3216350a,PQ,1.0,1.0,1.0,104.0,1000000.0,0.9,1.05,s1s2,a,False,True,False,46.6877,-119.2346,default
2267,0.0,0.0,0.0,0.0,0.0,0.0,0.0,0.0,0.0,0.0,0.0,0.0,0.0,0.0,x2673319c,PQ,1.0,1.0,1.0,104.0,1000000.0,0.9,1.05,s1s2,c,False,False,False,46.6871,-119.2362,default
2268,0.0,0.0,0.0,0.0,0.0,0.0,0.0021675994908631,0.0005432517138113,0.0039324005583403,0.0009855526150179,0.0,0.0,0.0,0.0,sx2673319c,PQ,1.0,1.0,1.0,104.0,1000000.0,0.9,1.05,s1s2,c,True,True,False,46.6872,-119.2365,default
2269,0.0,0.0,0.0,0.0,0.0,0.0,0.0,0.0,0.0,0.0,0.0,0.0,0.0,0.0,l3172805,PQ,1.0,1.0,1.0,7199.557856794634,1000000.0,0.9,1.05,a,,False,False,False,46.68593874,-119.235521,default
2270,0.0,0.0,0.0,0.0,0.0,0.0,0.0,0.0,0.0,0.0,0.0,0.0,0.0,0.0,x3172805a,PQ,1.0,1.0,1.0,104.0,1000000.0,0.9,1.05,s1s2,a,False,False,False,46.6856,-119.2355,default
2271,0.0,0.0,0.0,0.0,0.0,0.0,0.000831656594581,0.0002084327706339,0.0080383432341343,0.0020145985180196,0.0,0.0,0.0,0.0,sx3172805a,PQ,1.0,1.0,1.0,104.0,1000000.0,0.9,1.05,s1s2,a,False,True,False,46.6856,-119.2358,default
2272,0.0,0.0,0.0,0.0,0.0,0.0,0.0,0.0,0.0,0.0,0.0,0.0,0.0,0.0,n1141474,PQ,1.0,1.0,1.0,7199.557856794634,1000000.0,0.9,1.05,a,,False,False,False,46.68642608,-119.237429,default
2273,0.0,0.0,0.0,0.0,0.0,0.0,0.0,0.0,0.0,0.0,0.0,0.0,0.0,0.0,l2710518,PQ,1.0,1.0,1.0,7199.557856794634,1000000.0,0.9,1.05,a,,False,False,False,46.68624304,-119.2370874,default
2274,0.0,0.0,0.0,0.0,0.0,0.0,0.0,0.0,0.0,0.0,0.0,0.0,0.0,0.0,x2710518a,PQ,1.0,1.0,1.0,104.0,1000000.0,0.9,1.05,s1s2,a,False,False,False,46.6859,-119.2371,default
2275,0.0,0.0,0.0,0.0,0.0,0.0,0.0025981939557414,0.0006511687266486,0.0062718058894755,0.0015718625760415,0.0,0.0,0.0,0.0,sx2710518a,PQ,1.0,1.0,1.0,104.0,1000000.0,0.9,1.05,s1s2,a,False,True,False,46.6859,-119.2374,default
2276,0.0,0.0,0.0,0.0,0.0,0.0,0.0,0.0,0.0,0.0,0.0,0.0,0.0,0.0,n1141475,PQ,1.0,1.0,1.0,7199.557856794634,1000000.0,0.9,1.05,c,,False,False,False,46.68657428,-119.2376198,default
2277,0.0,0.0,0.0,0.0,0.0,0.0,0.0,0.0,0.0,0.0,0.0,0.0,0.0,0.0,m1009655,PQ,1.0,1.0,1.0,7199.557856794634,1000000.0,0.9,1.05,c,,False,False,False,46.68665874,-119.2377114,default
2278,0.0,0.0,0.0,0.0,0.0,0.0,0.0,0.0,0.0,0.0,0.0,0.0,0.0,0.0,p827528,PQ,1.0,1.0,1.0,7199.557856794634,1000000.0,0.9,1.05,c,,False,False,False,46.68674416,-119.2377766,default
2279,0.0,0.0,0.0,0.0,0.0,0.0,0.0,0.0,0.0,0.0,0.0,0.0,0.0,0.0,221-240988,PQ,1.0,1.0,1.0,7199.557856794634,1000000.0,0.9,1.05,c,,False,False,False,46.68682118,-119.2378354,default
2280,0.0,0.0,0.0,0.0,0.0,0.0,0.0,0.0,0.0,0.0,0.0,0.0,0.0,0.0,l3141411,PQ,1.0,1.0,1.0,7199.557856794634,1000000.0,0.9,1.05,c,,False,False,False,46.68731644,-119.2382133,default
2281,0.0,0.0,0.0,0.0,0.0,0.0,0.0,0.0,0.0,0.0,0.0,0.0,0.0,0.0,x3141411c,PQ,1.0,1.0,1.0,104.0,1000000.0,0.9,1.05,s1s2,c,False,False,False,46.687,-119.2382,default
2282,0.0,0.0,0.0,0.0,0.0,0.0,0.0275417062989811,0.0069026034027541,0.0029782948905226,0.0007464311517909,0.0,0.0,0.0,0.0,sx3141411c,PQ,1.0,1.0,1.0,104.0,1000000.0,0.9,1.05,s1s2,c,False,True,False,46.687,-119.2385,default
2283,0.0,0.0,0.0,0.0,0.0,0.0,0.0,0.0,0.0,0.0,0.0,0.0,0.0,0.0,hvmv69sub2_hsb,PQ,1.0,1.0,1.0,39837.16857408418,1000000.0,0.9,1.05,abc,,False,False,False,46.62160852,-119.2047543,default
2284,0.0,0.0,0.0,0.0,0.0,0.0,0.0,0.0,0.0,0.0,0.0,0.0,0.0,0.0,regxfmr_hvmv11sub2_lsb,PQ,1.0,1.0,1.0,7199.557856794634,1000000.0,0.9,1.05,abc,,False,False,False,46.62247972,-119.2047543,default
2285,0.0,0.0,0.0,0.0,0.0,0.0,0.0,0.0,0.0,0.0,0.0,0.0,0.0,0.0,hvmv11sub2_lsb,PQ,1.0,1.0,1.0,7199.557856794634,1000000.0,0.9,1.05,abc,,False,False,False,46.6233509,-119.2047543,default
2286,0.0,0.0,0.0,0.0,0.0,0.0,0.0,0.0,0.0,0.0,0.0,0.0,0.0,0.0,m1047300,PQ,1.0,1.0,1.0,7199.557856794634,1000000.0,0.9,1.05,abc,,False,False,False,46.6247246,-119.2047392,default
2287,0.0,0.0,0.0,0.0,0.0,0.0,0.0,0.0,0.0,0.0,0.0,0.0,0.0,0.0,l3027116,PQ,1.0,1.0,1.0,7199.557856794634,1000000.0,0.9,1.05,abc,,False,False,False,46.6254012,-119.203882,default
2288,0.0,0.0,0.0,0.0,0.0,0.0,0.0,0.0,0.0,0.0,0.0,0.0,0.0,0.0,m1047303,PQ,1.0,1.0,1.0,7199.557856794634,1000000.0,0.9,1.05,abc,,False,False,False,46.62612896,-119.203005,default
2289,0.0,0.0,0.0,0.0,0.0,0.0,0.0,0.0,0.0,0.0,0.0,0.0,0.0,0.0,l3048230,PQ,1.0,1.0,1.0,7199.557856794634,1000000.0,0.9,1.05,c,,False,False,False,46.62963488,-119.2053859,default
2290,0.0,0.0,0.0,0.0,0.0,0.0,0.0,0.0,0.0,0.0,0.0,0.0,0.0,0.0,l2991943,PQ,1.0,1.0,1.0,7199.557856794634,1000000.0,0.9,1.05,c,,False,False,False,46.63051682,-119.2059196,default
2291,0.0,0.0,0.0,0.0,0.0,0.0,0.0,0.0,0.0,0.0,0.0,0.0,0.0,0.0,m1047319,PQ,1.0,1.0,1.0,7199.557856794634,1000000.0,0.9,1.05,c,,False,False,False,46.63102412,-119.2070996,default
2292,0.0,0.0,0.0,0.0,0.0,0.0,0.0,0.0,0.0,0.0,0.0,0.0,0.0,0.0,l2991921,PQ,1.0,1.0,1.0,7199.557856794634,1000000.0,0.9,1.05,c,,False,False,False,46.63145108,-119.2067473,default
2293,0.0,0.0,0.0,0.0,0.0,0.0,0.0,0.0,0.0,0.0,0.0,0.0,0.0,0.0,x2991921c,PQ,1.0,1.0,1.0,104.0,1000000.0,0.9,1.05,s1s2,c,False,False,False,46.6311,-119.2067,default
2294,0.0,0.0,0.0,0.0,0.0,0.0,0.0053185131005279,0.0013329453172362,0.0048514871411325,0.0012158975521485,0.0,0.0,0.0,0.0,sx2991921c,PQ,1.0,1.0,1.0,104.0,1000000.0,0.9,1.05,s1s2,c,False,True,False,46.6311,-119.207,default
2295,0.0,0.0,0.0,0.0,0.0,0.0,0.0,0.0,0.0,0.0,0.0,0.0,0.0,0.0,m1047318,PQ,1.0,1.0,1.0,7199.557856794634,1000000.0,0.9,1.05,c,,False,False,False,46.6309951,-119.2083681,default
2296,0.0,0.0,0.0,0.0,0.0,0.0,0.0,0.0,0.0,0.0,0.0,0.0,0.0,0.0,l2841637,PQ,1.0,1.0,1.0,7199.557856794634,1000000.0,0.9,1.05,c,,False,False,False,46.63097556,-119.2096227,default
2297,0.0,0.0,0.0,0.0,0.0,0.0,0.0,0.0,0.0,0.0,0.0,0.0,0.0,0.0,x2841637c,PQ,1.0,1.0,1.0,104.0,1000000.0,0.9,1.05,s1s2,c,False,False,False,46.6306,-119.2096,default
2298,0.0,0.0,0.0,0.0,0.0,0.0,0.0002785678545974,6.981569985063558e-05,0.0098914324930482,0.0024790272287554,0.0,0.0,0.0,0.0,sx2841637c,PQ,1.0,1.0,1.0,104.0,1000000.0,0.9,1.05,s1s2,c,False,True,False,46.6307,-119.2099,default
2299,0.0,0.0,0.0,0.0,0.0,0.0,0.0,0.0,0.0,0.0,0.0,0.0,0.0,0.0,l3254205,PQ,1.0,1.0,1.0,7199.557856794634,1000000.0,0.9,1.05,c,,False,False,False,46.63623214,-119.2093417,default
2300,0.0,0.0,0.0,0.0,0.0,0.0,0.0,0.0,0.0,0.0,0.0,0.0,0.0,0.0,x3254205c,PQ,1.0,1.0,1.0,104.0,1000000.0,0.9,1.05,s1s2,c,False,False,False,46.6359,-119.2093,default
2301,0.0,0.0,0.0,0.0,0.0,0.0,0.0045941985994624,0.0011514149510659,0.0055758016440545,0.0013974279194881,0.0,0.0,0.0,0.0,sx3254205c,PQ,1.0,1.0,1.0,104.0,1000000.0,0.9,1.05,s1s2,c,False,True,False,46.6359,-119.2096,default
2302,0.0,0.0,0.0,0.0,0.0,0.0,0.0,0.0,0.0,0.0,0.0,0.0,0.0,0.0,x2991943c,PQ,1.0,1.0,1.0,104.0,1000000.0,0.9,1.05,s1s2,c,False,False,False,46.6302,-119.2059,default
2303,0.0,0.0,0.0,0.0,0.0,0.0,0.0065284098873944,0.0016361740736804,0.0036415903090608,0.0009126687401539,0.0,0.0,0.0,0.0,sx2991943c,PQ,1.0,1.0,1.0,104.0,1000000.0,0.9,1.05,s1s2,c,True,True,False,46.6302,-119.2062,default
2304,0.0,0.0,0.0,0.0,0.0,0.0,0.0,0.0,0.0,0.0,0.0,0.0,0.0,0.0,x3048230c,PQ,1.0,1.0,1.0,104.0,1000000.0,0.9,1.05,s1s2,c,False,False,False,46.6293,-119.2054,default
2305,0.0,0.0,0.0,0.0,0.0,0.0,0.0068790919023654,0.001724063323198,0.0032909083519621,0.0008247795533007,0.0,0.0,0.0,0.0,sx3048230c,PQ,1.0,1.0,1.0,104.0,1000000.0,0.9,1.05,s1s2,c,False,True,False,46.6293,-119.2057,default
2306,0.0,0.0,0.0,0.0,0.0,0.0,0.0,0.0,0.0,0.0,0.0,0.0,0.0,0.0,l3254238,PQ,1.0,1.0,1.0,7199.557856794634,1000000.0,0.9,1.05,abc,,False,False,False,46.62712412,-119.2017922,default
2307,0.0,0.0,0.0,0.0,0.0,0.0,0.0,0.0,0.0,0.0,0.0,0.0,0.0,0.0,l2673346,PQ,1.0,1.0,1.0,7199.557856794634,1000000.0,0.9,1.05,abc,,False,False,False,46.628414,-119.2002089,default
2308,0.0,0.0,0.0,0.0,0.0,0.0,0.0,0.0,0.0,0.0,0.0,0.0,0.0,0.0,e182748,PQ,1.0,1.0,1.0,7199.557856794634,1000000.0,0.9,1.05,abc,,False,False,False,46.62905798,-119.1994313,default
2309,0.0,0.0,0.0,0.0,0.0,0.0,0.0,0.0,0.0,0.0,0.0,0.0,0.0,0.0,d6049825-1_int,PQ,1.0,1.0,1.0,7199.557856794634,1000000.0,0.9,1.05,abc,,False,False,False,46.62907898,-119.1994019,default
2310,0.0,0.0,0.0,0.0,0.0,0.0,0.0,0.0,0.0,0.0,0.0,0.0,0.0,0.0,m1047309,PQ,1.0,1.0,1.0,7199.557856794634,1000000.0,0.9,1.05,abc,,False,False,False,46.62910402,-119.1993757,default
2311,0.0,0.0,0.0,0.0,0.0,0.0,0.0,0.0,0.0,0.0,0.0,0.0,0.0,0.0,n1137960,PQ,1.0,1.0,1.0,7199.557856794634,1000000.0,0.9,1.05,abc,,False,False,False,46.62934464,-119.1990556,default
2312,0.0,0.0,0.0,0.0,0.0,0.0,0.0,0.0,0.0,0.0,0.0,0.0,0.0,0.0,m1047312,PQ,1.0,1.0,1.0,7199.557856794634,1000000.0,0.9,1.05,abc,,False,False,False,46.62948978,-119.1988625,default
2313,0.0,0.0,0.0,0.0,0.0,0.0,0.0,0.0,0.0,0.0,0.0,0.0,0.0,0.0,l3216370,PQ,1.0,1.0,1.0,7199.557856794634,1000000.0,0.9,1.05,abc,,False,False,False,46.63046434,-119.1975889,default
2314,0.0,0.0,0.0,0.0,0.0,0.0,0.0,0.0,0.0,0.0,0.0,0.0,0.0,0.0,m1047316,PQ,1.0,1.0,1.0,7199.557856794634,1000000.0,0.9,1.05,abc,,False,False,False,46.63061544,-119.1974141,default
2315,0.0,0.0,0.0,0.0,0.0,0.0,0.0,0.0,0.0,0.0,0.0,0.0,0.0,0.0,l2766728,PQ,1.0,1.0,1.0,7199.557856794634,1000000.0,0.9,1.05,c,,False,False,False,46.63110702,-119.1973997,default
2316,0.0,0.0,0.0,0.0,0.0,0.0,0.0,0.0,0.0,0.0,0.0,0.0,0.0,0.0,l2785527,PQ,1.0,1.0,1.0,7199.557856794634,1000000.0,0.9,1.05,a,,False,False,False,46.62985886,-119.1967207,default
2317,0.0,0.0,0.0,0.0,0.0,0.0,0.0,0.0,0.0,0.0,0.0,0.0,0.0,0.0,l2766729,PQ,1.0,1.0,1.0,7199.557856794634,1000000.0,0.9,1.05,a,,False,False,False,46.62904448,-119.1959581,default
2318,0.0,0.0,0.0,0.0,0.0,0.0,0.0,0.0,0.0,0.0,0.0,0.0,0.0,0.0,x2766729a,PQ,1.0,1.0,1.0,104.0,1000000.0,0.9,1.05,s1s2,a,False,False,False,46.6287,-119.196,default
2319,0.0,0.0,0.0,0.0,0.0,0.0,0.0027073151617118,0.0006785170740547,0.0061626846405092,0.001544514208573,0.0,0.0,0.0,0.0,sx2766729a,PQ,1.0,1.0,1.0,104.0,1000000.0,0.9,1.05,s1s2,a,False,True,False,46.6287,-119.1962,default
2320,0.0,0.0,0.0,0.0,0.0,0.0,0.0,0.0,0.0,0.0,0.0,0.0,0.0,0.0,x2785527a,PQ,1.0,1.0,1.0,104.0,1000000.0,0.9,1.05,s1s2,a,False,False,False,46.6295,-119.1967,default
2321,0.0,0.0,0.0,0.0,0.0,0.0,0.0023811783990634,0.0005967795033015,0.0029388214895335,0.0007365380218056,0.0,0.0,0.0,0.0,sx2785527a,PQ,1.0,1.0,1.0,104.0,1000000.0,0.9,1.05,s1s2,a,False,True,False,46.6295,-119.197,default
2322,0.0,0.0,0.0,0.0,0.0,0.0,0.0,0.0,0.0,0.0,0.0,0.0,0.0,0.0,l3235255,PQ,1.0,1.0,1.0,7199.557856794634,1000000.0,0.9,1.05,abc,,False,False,False,46.63112954,-119.1967897,default
2323,0.0,0.0,0.0,0.0,0.0,0.0,0.0,0.0,0.0,0.0,0.0,0.0,0.0,0.0,l2897780,PQ,1.0,1.0,1.0,7199.557856794634,1000000.0,0.9,1.05,abc,,False,False,False,46.6315772,-119.1962708,default
2324,0.0,0.0,0.0,0.0,0.0,0.0,0.0,0.0,0.0,0.0,0.0,0.0,0.0,0.0,m1047324,PQ,1.0,1.0,1.0,7199.557856794634,1000000.0,0.9,1.05,abc,,False,False,False,46.63249838,-119.1951319,default
2325,0.0,0.0,0.0,0.0,0.0,0.0,0.0,0.0,0.0,0.0,0.0,0.0,0.0,0.0,m1047325,PQ,1.0,1.0,1.0,7199.557856794634,1000000.0,0.9,1.05,abc,,False,False,False,46.63259122,-119.1950207,default
2326,0.0,0.0,0.0,0.0,0.0,0.0,0.0,0.0,0.0,0.0,0.0,0.0,0.0,0.0,p827532,PQ,1.0,1.0,1.0,7199.557856794634,1000000.0,0.9,1.05,a,,False,False,False,46.632712,-119.1950998,default
2327,0.0,0.0,0.0,0.0,0.0,0.0,0.0,0.0,0.0,0.0,0.0,0.0,0.0,0.0,m1047326,PQ,1.0,1.0,1.0,7199.557856794634,1000000.0,0.9,1.05,a,,False,False,False,46.63280348,-119.1951597,default
2328,0.0,0.0,0.0,0.0,0.0,0.0,0.0,0.0,0.0,0.0,0.0,0.0,0.0,0.0,m1047322,PQ,1.0,1.0,1.0,7199.557856794634,1000000.0,0.9,1.05,a,,False,False,False,46.6323526,-119.1950562,default
2329,0.0,0.0,0.0,0.0,0.0,0.0,0.0,0.0,0.0,0.0,0.0,0.0,0.0,0.0,l3048211,PQ,1.0,1.0,1.0,7199.557856794634,1000000.0,0.9,1.05,a,,False,False,False,46.6313002,-119.1948804,default
2330,0.0,0.0,0.0,0.0,0.0,0.0,0.0,0.0,0.0,0.0,0.0,0.0,0.0,0.0,x3048211a,PQ,1.0,1.0,1.0,104.0,1000000.0,0.9,1.05,s1s2,a,False,False,False,46.631,-119.1949,default
2331,0.0,0.0,0.0,0.0,0.0,0.0,0.0049761326970771,0.0012471362825161,0.0038938670857144,0.0009758949819657,0.0,0.0,0.0,0.0,sx3048211a,PQ,1.0,1.0,1.0,104.0,1000000.0,0.9,1.05,s1s2,a,False,True,False,46.631,-119.1952,default
2332,0.0,0.0,0.0,0.0,0.0,0.0,0.0,0.0,0.0,0.0,0.0,0.0,0.0,0.0,m1047338,PQ,1.0,1.0,1.0,7199.557856794634,1000000.0,0.9,1.05,a,,False,False,False,46.63408678,-119.1960002,default
2333,0.0,0.0,0.0,0.0,0.0,0.0,0.0,0.0,0.0,0.0,0.0,0.0,0.0,0.0,l2691953,PQ,1.0,1.0,1.0,7199.557856794634,1000000.0,0.9,1.05,a,,False,False,False,46.63598484,-119.1972356,default
2334,0.0,0.0,0.0,0.0,0.0,0.0,0.0,0.0,0.0,0.0,0.0,0.0,0.0,0.0,x2691953a,PQ,1.0,1.0,1.0,104.0,1000000.0,0.9,1.05,s1s2,a,False,False,False,46.6356,-119.1972,default
2335,0.0,0.0,0.0,0.0,0.0,0.0,0.0003736296550542,9.36404089183498e-05,0.0049463702062127,0.0012396770960641,0.0,0.0,0.0,0.0,sx2691953a,PQ,1.0,1.0,1.0,104.0,1000000.0,0.9,1.05,s1s2,a,False,True,False,46.6357,-119.1975,default
2336,0.0,0.0,0.0,0.0,0.0,0.0,0.0,0.0,0.0,0.0,0.0,0.0,0.0,0.0,q14412,PQ,1.0,1.0,1.0,7199.557856794634,1000000.0,0.9,1.05,abc,,False,False,False,46.63267262,-119.1948851,default
2337,0.0,0.0,0.0,0.0,0.0,0.0,0.0,0.0,0.0,0.0,0.0,0.0,0.0,0.0,d5926308-3_int,PQ,1.0,1.0,1.0,7199.557856794634,1000000.0,0.9,1.05,abc,,False,False,False,46.63315178,-119.1944673,default
2338,0.0,0.0,0.0,0.0,0.0,0.0,0.0,0.0,0.0,0.0,0.0,0.0,0.0,0.0,l2860491,PQ,1.0,1.0,1.0,7199.557856794634,1000000.0,0.9,1.05,abc,,False,False,False,46.63330654,-119.1942248,default
2339,0.0,0.0,0.0,0.0,0.0,0.0,0.0,0.0,0.0,0.0,0.0,0.0,0.0,0.0,m1047339,PQ,1.0,1.0,1.0,7199.557856794634,1000000.0,0.9,1.05,abc,,False,False,False,46.6341519,-119.1932303,default
2340,0.0,0.0,0.0,0.0,0.0,0.0,0.0,0.0,0.0,0.0,0.0,0.0,0.0,0.0,l2991922,PQ,1.0,1.0,1.0,7199.557856794634,1000000.0,0.9,1.05,abc,,False,False,False,46.63481618,-119.1922837,default
2341,0.0,0.0,0.0,0.0,0.0,0.0,0.0,0.0,0.0,0.0,0.0,0.0,0.0,0.0,m1047345,PQ,1.0,1.0,1.0,7199.557856794634,1000000.0,0.9,1.05,abc,,False,False,False,46.63531398,-119.1915627,default
2342,0.0,0.0,0.0,0.0,0.0,0.0,0.0,0.0,0.0,0.0,0.0,0.0,0.0,0.0,m1047340,PQ,1.0,1.0,1.0,7199.557856794634,1000000.0,0.9,1.05,a,,False,False,False,46.63432014,-119.1906737,default
2343,0.0,0.0,0.0,0.0,0.0,0.0,0.0,0.0,0.0,0.0,0.0,0.0,0.0,0.0,l2991923,PQ,1.0,1.0,1.0,7199.557856794634,1000000.0,0.9,1.05,a,,False,False,False,46.63355444,-119.1900494,default
2344,0.0,0.0,0.0,0.0,0.0,0.0,0.0,0.0,0.0,0.0,0.0,0.0,0.0,0.0,x2991923a,PQ,1.0,1.0,1.0,104.0,1000000.0,0.9,1.05,s1s2,a,False,False,False,46.6332,-119.19,default
2345,0.0,0.0,0.0,0.0,0.0,0.0,0.00803422407565,0.0020135661179747,0.0008357756357885,0.0002094650964635,0.0,0.0,0.0,0.0,sx2991923a,PQ,1.0,1.0,1.0,104.0,1000000.0,0.9,1.05,s1s2,a,False,True,False,46.6332,-119.1903,default
2346,0.0,0.0,0.0,0.0,0.0,0.0,0.0,0.0,0.0,0.0,0.0,0.0,0.0,0.0,m1047342,PQ,1.0,1.0,1.0,7199.557856794634,1000000.0,0.9,1.05,a,,False,False,False,46.6346944,-119.1890615,default
2347,0.0,0.0,0.0,0.0,0.0,0.0,0.0,0.0,0.0,0.0,0.0,0.0,0.0,0.0,l3197645,PQ,1.0,1.0,1.0,7199.557856794634,1000000.0,0.9,1.05,a,,False,False,False,46.63370054,-119.1886436,default
2348,0.0,0.0,0.0,0.0,0.0,0.0,0.0,0.0,0.0,0.0,0.0,0.0,0.0,0.0,x3197645a,PQ,1.0,1.0,1.0,104.0,1000000.0,0.9,1.05,s1s2,a,False,False,False,46.6334,-119.1886,default
2349,0.0,0.0,0.0,0.0,0.0,0.0,0.0018129344015791,0.0004543641410406,0.0070570653270669,0.001768667083093,0.0,0.0,0.0,0.0,sx3197645a,PQ,1.0,1.0,1.0,104.0,1000000.0,0.9,1.05,s1s2,a,False,True,False,46.6334,-119.1889,default
2350,0.0,0.0,0.0,0.0,0.0,0.0,0.0,0.0,0.0,0.0,0.0,0.0,0.0,0.0,m1047346,PQ,1.0,1.0,1.0,7199.557856794634,1000000.0,0.9,1.05,abc,,False,False,False,46.63570258,-119.1909888,default
2351,0.0,0.0,0.0,0.0,0.0,0.0,0.0,0.0,0.0,0.0,0.0,0.0,0.0,0.0,l3104134,PQ,1.0,1.0,1.0,7199.557856794634,1000000.0,0.9,1.05,abc,,False,False,False,46.63614532,-119.1903949,default
2352,0.0,0.0,0.0,0.0,0.0,0.0,0.0,0.0,0.0,0.0,0.0,0.0,0.0,0.0,l2860490,PQ,1.0,1.0,1.0,7199.557856794634,1000000.0,0.9,1.05,abc,,False,False,False,46.63682132,-119.1896728,default
2353,0.0,0.0,0.0,0.0,0.0,0.0,0.0,0.0,0.0,0.0,0.0,0.0,0.0,0.0,l3254218,PQ,1.0,1.0,1.0,7199.557856794634,1000000.0,0.9,1.05,abc,,False,False,False,46.6375779,-119.1888555,default
2354,0.0,0.0,0.0,0.0,0.0,0.0,0.0,0.0,0.0,0.0,0.0,0.0,0.0,0.0,r18242,PQ,1.0,1.0,1.0,7199.557856794634,1000000.0,0.9,1.05,abc,,False,False,True,46.63797664,-119.1884169,default
2355,0.0,0.0,0.0,0.0,0.0,0.0,0.0,0.0,0.0,0.0,0.0,0.0,0.0,0.0,m1069135,PQ,1.0,1.0,1.0,7199.557856794634,1000000.0,0.9,1.05,abc,,False,False,False,46.63872438,-119.1875949,default
2356,0.0,0.0,0.0,0.0,0.0,0.0,0.0,0.0,0.0,0.0,0.0,0.0,0.0,0.0,m1069136,PQ,1.0,1.0,1.0,7199.557856794634,1000000.0,0.9,1.05,abc,,False,False,False,46.6395403,-119.186757,default
2357,0.0,0.0,0.0,0.0,0.0,0.0,0.0,0.0,0.0,0.0,0.0,0.0,0.0,0.0,l2841638,PQ,1.0,1.0,1.0,7199.557856794634,1000000.0,0.9,1.05,c,,False,False,False,46.64010086,-119.187247,default
2358,0.0,0.0,0.0,0.0,0.0,0.0,0.0,0.0,0.0,0.0,0.0,0.0,0.0,0.0,l2860492,PQ,1.0,1.0,1.0,7199.557856794634,1000000.0,0.9,1.05,c,,False,False,False,46.6412677,-119.1879439,default
2359,0.0,0.0,0.0,0.0,0.0,0.0,0.0,0.0,0.0,0.0,0.0,0.0,0.0,0.0,x2860492c,PQ,1.0,1.0,1.0,104.0,1000000.0,0.9,1.05,s1s2,c,False,False,False,46.6409,-119.1879,default
2360,0.0,0.0,0.0,0.0,0.0,0.0,0.0051461273056374,0.0012897415492367,0.0009538729274227,0.0002390631742233,0.0,0.0,0.0,0.0,sx2860492c,PQ,1.0,1.0,1.0,104.0,1000000.0,0.9,1.05,s1s2,c,False,True,False,46.641,-119.1882,default
2361,0.0,0.0,0.0,0.0,0.0,0.0,0.0,0.0,0.0,0.0,0.0,0.0,0.0,0.0,x2841638c,PQ,1.0,1.0,1.0,104.0,1000000.0,0.9,1.05,s1s2,c,False,False,False,46.6398,-119.1872,default
2362,0.0,0.0,0.0,0.0,0.0,0.0,0.0009056262044863,0.0002269713955562,0.005194373985912,0.0013018332728637,0.0,0.0,0.0,0.0,sx2841638c,PQ,1.0,1.0,1.0,104.0,1000000.0,0.9,1.05,s1s2,c,True,True,False,46.6398,-119.1875,default
2363,0.0,0.0,0.0,0.0,0.0,0.0,0.0,0.0,0.0,0.0,0.0,0.0,0.0,0.0,l3235256,PQ,1.0,1.0,1.0,7199.557856794634,1000000.0,0.9,1.05,abc,,False,False,False,46.63993208,-119.1863872,default
2364,0.0,0.0,0.0,0.0,0.0,0.0,0.0,0.0,0.0,0.0,0.0,0.0,0.0,0.0,l3197630,PQ,1.0,1.0,1.0,7199.557856794634,1000000.0,0.9,1.05,abc,,False,False,False,46.6412267,-119.1850467,default
2365,0.0,0.0,0.0,0.0,0.0,0.0,0.0,0.0,0.0,0.0,0.0,0.0,0.0,0.0,m1069154,PQ,1.0,1.0,1.0,7199.557856794634,1000000.0,0.9,1.05,abc,,False,False,False,46.64313652,-119.18304,default
2366,0.0,0.0,0.0,0.0,0.0,0.0,0.0,0.0,0.0,0.0,0.0,0.0,0.0,0.0,l2804251,PQ,1.0,1.0,1.0,7199.557856794634,1000000.0,0.9,1.05,a,,False,False,False,46.64304552,-119.1823763,default
2367,0.0,0.0,0.0,0.0,0.0,0.0,0.0,0.0,0.0,0.0,0.0,0.0,0.0,0.0,x2804251a,PQ,1.0,1.0,1.0,104.0,1000000.0,0.9,1.05,s1s2,a,False,False,False,46.6427,-119.1824,default
2368,0.0,0.0,0.0,0.0,0.0,0.0,0.0021352092985139,0.0005351338203547,0.0014147905704363,0.0003545798928936,0.0,0.0,0.0,0.0,sx2804251a,PQ,1.0,1.0,1.0,104.0,1000000.0,0.9,1.05,s1s2,a,False,True,False,46.6427,-119.1827,default
2369,0.0,0.0,0.0,0.0,0.0,0.0,0.0,0.0,0.0,0.0,0.0,0.0,0.0,0.0,l3104120,PQ,1.0,1.0,1.0,7199.557856794634,1000000.0,0.9,1.05,b,,False,False,False,46.64342898,-119.1840832,default
2370,0.0,0.0,0.0,0.0,0.0,0.0,0.0,0.0,0.0,0.0,0.0,0.0,0.0,0.0,x3104120b,PQ,1.0,1.0,1.0,104.0,1000000.0,0.9,1.05,s1s2,b,False,False,False,46.6431,-119.1841,default
2371,0.0,0.0,0.0,0.0,0.0,0.0,0.0038690059027028,0.0009696643379873,0.0019709943831623,0.0004939777822982,0.0,0.0,0.0,0.0,sx3104120b,PQ,1.0,1.0,1.0,104.0,1000000.0,0.9,1.05,s1s2,b,False,True,False,46.6431,-119.1844,default
2372,0.0,0.0,0.0,0.0,0.0,0.0,0.0,0.0,0.0,0.0,0.0,0.0,0.0,0.0,m1069155,PQ,1.0,1.0,1.0,7199.557856794634,1000000.0,0.9,1.05,abc,,False,False,False,46.64421632,-119.1819034,default
2373,0.0,0.0,0.0,0.0,0.0,0.0,0.0,0.0,0.0,0.0,0.0,0.0,0.0,0.0,l3085395,PQ,1.0,1.0,1.0,7199.557856794634,1000000.0,0.9,1.05,a,,False,False,False,46.6442841,-119.1809635,default
2374,0.0,0.0,0.0,0.0,0.0,0.0,0.0,0.0,0.0,0.0,0.0,0.0,0.0,0.0,x3085395a,PQ,1.0,1.0,1.0,104.0,1000000.0,0.9,1.05,s1s2,a,False,False,False,46.6439,-119.181,default
2375,0.0,0.0,0.0,0.0,0.0,0.0,0.004960461898664,0.0012432087602666,0.0003595378727226,9.010867275769406e-05,0.0,0.0,0.0,0.0,sx3085395a,PQ,1.0,1.0,1.0,104.0,1000000.0,0.9,1.05,s1s2,a,False,True,False,46.644,-119.1812,default
2376,0.0,0.0,0.0,0.0,0.0,0.0,0.0,0.0,0.0,0.0,0.0,0.0,0.0,0.0,l3254210,PQ,1.0,1.0,1.0,7199.557856794634,1000000.0,0.9,1.05,c,,False,False,False,46.645491,-119.1829292,default
2377,0.0,0.0,0.0,0.0,0.0,0.0,0.0,0.0,0.0,0.0,0.0,0.0,0.0,0.0,x3254210c,PQ,1.0,1.0,1.0,104.0,1000000.0,0.9,1.05,s1s2,c,False,False,False,46.6451,-119.1829,default
2378,0.0,0.0,0.0,0.0,0.0,0.0,0.0060766797441053,0.0015229601393171,2.332055634630344e-05,5.844684657311742e-06,0.0,0.0,0.0,0.0,sx3254210c,PQ,1.0,1.0,1.0,104.0,1000000.0,0.9,1.05,s1s2,c,False,True,False,46.6452,-119.1832,default
2379,0.0,0.0,0.0,0.0,0.0,0.0,0.0,0.0,0.0,0.0,0.0,0.0,0.0,0.0,m1069156,PQ,1.0,1.0,1.0,7199.557856794634,1000000.0,0.9,1.05,abc,,False,False,False,46.64552402,-119.1804516,default
2380,0.0,0.0,0.0,0.0,0.0,0.0,0.0,0.0,0.0,0.0,0.0,0.0,0.0,0.0,l2710510,PQ,1.0,1.0,1.0,7199.557856794634,1000000.0,0.9,1.05,c,,False,False,False,46.64577436,-119.1806495,default
2381,0.0,0.0,0.0,0.0,0.0,0.0,0.0,0.0,0.0,0.0,0.0,0.0,0.0,0.0,l3197628,PQ,1.0,1.0,1.0,7199.557856794634,1000000.0,0.9,1.05,c,,False,False,False,46.64654204,-119.1811305,default
2382,0.0,0.0,0.0,0.0,0.0,0.0,0.0,0.0,0.0,0.0,0.0,0.0,0.0,0.0,x3197628c,PQ,1.0,1.0,1.0,104.0,1000000.0,0.9,1.05,s1s2,c,False,False,False,46.6462,-119.1811,default
2383,0.0,0.0,0.0,0.0,0.0,0.0,0.0037231390693224,0.0009331069906661,0.0064468613621352,0.001615736441017,0.0,0.0,0.0,0.0,sx3197628c,PQ,1.0,1.0,1.0,104.0,1000000.0,0.9,1.05,s1s2,c,False,True,False,46.6462,-119.1814,default
2384,0.0,0.0,0.0,0.0,0.0,0.0,0.0,0.0,0.0,0.0,0.0,0.0,0.0,0.0,x2710510c,PQ,1.0,1.0,1.0,104.0,1000000.0,0.9,1.05,s1s2,c,False,False,False,46.6454,-119.1806,default
2385,0.0,0.0,0.0,0.0,0.0,0.0,0.0001569694190507,3.934025967699987e-05,0.0039130307320577,0.0009806983302918,0.0,0.0,0.0,0.0,sx2710510c,PQ,1.0,1.0,1.0,104.0,1000000.0,0.9,1.05,s1s2,c,True,True,False,46.6455,-119.1809,default
2386,0.0,0.0,0.0,0.0,0.0,0.0,0.0,0.0,0.0,0.0,0.0,0.0,0.0,0.0,l3048206,PQ,1.0,1.0,1.0,7199.557856794634,1000000.0,0.9,1.05,abc,,False,False,False,46.6461295,-119.1797264,default
2387,0.0,0.0,0.0,0.0,0.0,0.0,0.0,0.0,0.0,0.0,0.0,0.0,0.0,0.0,l2766718,PQ,1.0,1.0,1.0,7199.557856794634,1000000.0,0.9,1.05,abc,,False,False,False,46.64703696,-119.1785906,default
2388,0.0,0.0,0.0,0.0,0.0,0.0,0.0,0.0,0.0,0.0,0.0,0.0,0.0,0.0,l3010556,PQ,1.0,1.0,1.0,7199.557856794634,1000000.0,0.9,1.05,abc,,False,False,False,46.6480445,-119.1772301,default
2389,0.0,0.0,0.0,0.0,0.0,0.0,0.0,0.0,0.0,0.0,0.0,0.0,0.0,0.0,m1069169,PQ,1.0,1.0,1.0,7199.557856794634,1000000.0,0.9,1.05,abc,,False,False,False,46.64871544,-119.1762644,default
2390,0.0,0.0,0.0,0.0,0.0,0.0,0.0,0.0,0.0,0.0,0.0,0.0,0.0,0.0,e182724,PQ,1.0,1.0,1.0,7199.557856794634,1000000.0,0.9,1.05,abc,,False,False,False,46.64948422,-119.1749648,default
2391,0.0,0.0,0.0,0.0,0.0,0.0,0.0,0.0,0.0,0.0,0.0,0.0,0.0,0.0,d6413567-3_int,PQ,1.0,1.0,1.0,7199.557856794634,1000000.0,0.9,1.05,abc,,False,False,False,46.64953014,-119.1748333,default
2392,0.0,0.0,0.0,0.0,0.0,0.0,0.0,0.0,0.0,0.0,0.0,0.0,0.0,0.0,n1139541,PQ,1.0,1.0,1.0,7199.557856794634,1000000.0,0.9,1.05,abc,,False,False,False,46.649595,-119.1747455,default
2393,0.0,0.0,0.0,0.0,0.0,0.0,0.0,0.0,0.0,0.0,0.0,0.0,0.0,0.0,m1069175,PQ,1.0,1.0,1.0,7199.557856794634,1000000.0,0.9,1.05,abc,,False,False,False,46.6499176,-119.1741067,default
2394,0.0,0.0,0.0,0.0,0.0,0.0,0.0,0.0,0.0,0.0,0.0,0.0,0.0,0.0,l3197637,PQ,1.0,1.0,1.0,7199.557856794634,1000000.0,0.9,1.05,c,,False,False,False,46.65085278,-119.1747859,default
2395,0.0,0.0,0.0,0.0,0.0,0.0,0.0,0.0,0.0,0.0,0.0,0.0,0.0,0.0,x3197637c,PQ,1.0,1.0,1.0,104.0,1000000.0,0.9,1.05,s1s2,c,False,False,False,46.6505,-119.1748,default
2396,0.0,0.0,0.0,0.0,0.0,0.0,0.0008635612997512,0.0002164289554049,0.0032064388507277,0.0008036096771889,0.0,0.0,0.0,0.0,sx3197637c,PQ,1.0,1.0,1.0,104.0,1000000.0,0.9,1.05,s1s2,c,True,True,False,46.6505,-119.1751,default
2397,0.0,0.0,0.0,0.0,0.0,0.0,0.0,0.0,0.0,0.0,0.0,0.0,0.0,0.0,m1069184,PQ,1.0,1.0,1.0,7199.557856794634,1000000.0,0.9,1.05,abc,,False,False,False,46.65041418,-119.1731885,default
2398,0.0,0.0,0.0,0.0,0.0,0.0,0.0,0.0,0.0,0.0,0.0,0.0,0.0,0.0,m1069189,PQ,1.0,1.0,1.0,7199.557856794634,1000000.0,0.9,1.05,abc,,False,False,False,46.65061498,-119.1728172,default
2399,0.0,0.0,0.0,0.0,0.0,0.0,0.0,0.0,0.0,0.0,0.0,0.0,0.0,0.0,l2860487,PQ,1.0,1.0,1.0,7199.557856794634,1000000.0,0.9,1.05,c,,False,False,False,46.65165688,-119.17363,default
2400,0.0,0.0,0.0,0.0,0.0,0.0,0.0,0.0,0.0,0.0,0.0,0.0,0.0,0.0,x2860487c,PQ,1.0,1.0,1.0,104.0,1000000.0,0.9,1.05,s1s2,c,False,False,False,46.6513,-119.1736,default
2401,0.0,0.0,0.0,0.0,0.0,0.0,0.0059189646148714,0.0014834330947334,0.0001810357273073,4.537185123165334e-05,0.0,0.0,0.0,0.0,sx2860487c,PQ,1.0,1.0,1.0,104.0,1000000.0,0.9,1.05,s1s2,c,False,True,False,46.6513,-119.1739,default
2402,0.0,0.0,0.0,0.0,0.0,0.0,0.0,0.0,0.0,0.0,0.0,0.0,0.0,0.0,l3195356,PQ,1.0,1.0,1.0,7199.557856794634,1000000.0,0.9,1.05,abc,,False,False,False,46.65115006,-119.1717579,default
2403,0.0,0.0,0.0,0.0,0.0,0.0,0.0,0.0,0.0,0.0,0.0,0.0,0.0,0.0,m1089112,PQ,1.0,1.0,1.0,7199.557856794634,1000000.0,0.9,1.05,abc,,False,False,False,46.65149384,-119.1712257,default
2404,0.0,0.0,0.0,0.0,0.0,0.0,0.0,0.0,0.0,0.0,0.0,0.0,0.0,0.0,d6138609-1_int,PQ,1.0,1.0,1.0,7199.557856794634,1000000.0,0.9,1.05,abc,,False,False,False,46.65231794,-119.1712302,default
2405,0.0,0.0,0.0,0.0,0.0,0.0,0.0,0.0,0.0,0.0,0.0,0.0,0.0,0.0,l2691951,PQ,1.0,1.0,1.0,7199.557856794634,1000000.0,0.9,1.05,abc,,False,False,False,46.65242332,-119.1712348,default
2406,0.0,0.0,0.0,0.0,0.0,0.0,0.0,0.0,0.0,0.0,0.0,0.0,0.0,0.0,n1139542,PQ,1.0,1.0,1.0,7199.557856794634,1000000.0,0.9,1.05,abc,,False,False,False,46.65275372,-119.1712343,default
2407,0.0,0.0,0.0,0.0,0.0,0.0,0.0,0.0,0.0,0.0,0.0,0.0,0.0,0.0,p827523,PQ,1.0,1.0,1.0,7199.557856794634,1000000.0,0.9,1.05,abc,,False,False,False,46.65306158,-119.1712488,default
2408,0.0,0.0,0.0,0.0,0.0,0.0,0.0,0.0,0.0,0.0,0.0,0.0,0.0,0.0,l2879076,PQ,1.0,1.0,1.0,7199.557856794634,1000000.0,0.9,1.05,abc,,False,False,False,46.653563,-119.1713209,default
2409,0.0,0.0,0.0,0.0,0.0,0.0,0.0,0.0,0.0,0.0,0.0,0.0,0.0,0.0,m1089122,PQ,1.0,1.0,1.0,7199.557856794634,1000000.0,0.9,1.05,abc,,False,False,False,46.65390948,-119.1713227,default
2410,0.0,0.0,0.0,0.0,0.0,0.0,0.0,0.0,0.0,0.0,0.0,0.0,0.0,0.0,m1089132,PQ,1.0,1.0,1.0,7199.557856794634,1000000.0,0.9,1.05,abc,,False,False,False,46.65499672,-119.1713283,default
2411,0.0,0.0,0.0,0.0,0.0,0.0,0.0,0.0,0.0,0.0,0.0,0.0,0.0,0.0,l2691950,PQ,1.0,1.0,1.0,7199.557856794634,1000000.0,0.9,1.05,c,,False,False,False,46.65553432,-119.1712321,default
2412,0.0,0.0,0.0,0.0,0.0,0.0,0.0,0.0,0.0,0.0,0.0,0.0,0.0,0.0,l2916609,PQ,1.0,1.0,1.0,7199.557856794634,1000000.0,0.9,1.05,c,,False,False,False,46.6553634,-119.1700336,default
2413,0.0,0.0,0.0,0.0,0.0,0.0,0.0,0.0,0.0,0.0,0.0,0.0,0.0,0.0,x2916609c,PQ,1.0,1.0,1.0,104.0,1000000.0,0.9,1.05,s1s2,c,False,False,False,46.655,-119.17,default
2414,0.0,0.0,0.0,0.0,0.0,0.0,0.0006409971658802,0.0001606491119736,0.005459003180903,0.0013681558687959,0.0,0.0,0.0,0.0,sx2916609c,PQ,1.0,1.0,1.0,104.0,1000000.0,0.9,1.05,s1s2,c,False,True,False,46.655,-119.1703,default
2415,0.0,0.0,0.0,0.0,0.0,0.0,0.0,0.0,0.0,0.0,0.0,0.0,0.0,0.0,x2691950c,PQ,1.0,1.0,1.0,104.0,1000000.0,0.9,1.05,s1s2,c,False,False,False,46.6552,-119.1712,default
2416,0.0,0.0,0.0,0.0,0.0,0.0,0.0013819062521015,0.0003463385220406,0.0087880944086765,0.0022025052230226,0.0,0.0,0.0,0.0,sx2691950c,PQ,1.0,1.0,1.0,104.0,1000000.0,0.9,1.05,s1s2,c,False,True,False,46.6552,-119.1715,default
2417,0.0,0.0,0.0,0.0,0.0,0.0,0.0,0.0,0.0,0.0,0.0,0.0,0.0,0.0,l3029503,PQ,1.0,1.0,1.0,7199.557856794634,1000000.0,0.9,1.05,abc,,False,False,False,46.65559274,-119.1716997,default
2418,0.0,0.0,0.0,0.0,0.0,0.0,0.0,0.0,0.0,0.0,0.0,0.0,0.0,0.0,m1069202,PQ,1.0,1.0,1.0,7199.557856794634,1000000.0,0.9,1.05,abc,,False,False,False,46.65641884,-119.1721301,default
2419,0.0,0.0,0.0,0.0,0.0,0.0,0.0,0.0,0.0,0.0,0.0,0.0,0.0,0.0,l2785524,PQ,1.0,1.0,1.0,7199.557856794634,1000000.0,0.9,1.05,c,,False,False,False,46.65639994,-119.1717689,default
2420,0.0,0.0,0.0,0.0,0.0,0.0,0.0,0.0,0.0,0.0,0.0,0.0,0.0,0.0,m1069201,PQ,1.0,1.0,1.0,7199.557856794634,1000000.0,0.9,1.05,c,,False,False,False,46.65638126,-119.1714116,default
2421,0.0,0.0,0.0,0.0,0.0,0.0,0.0,0.0,0.0,0.0,0.0,0.0,0.0,0.0,l3010565,PQ,1.0,1.0,1.0,7199.557856794634,1000000.0,0.9,1.05,c,,False,False,False,46.65663112,-119.1689727,default
2422,0.0,0.0,0.0,0.0,0.0,0.0,0.0,0.0,0.0,0.0,0.0,0.0,0.0,0.0,l2897775,PQ,1.0,1.0,1.0,7199.557856794634,1000000.0,0.9,1.05,c,,False,False,False,46.6563018,-119.1669037,default
2423,0.0,0.0,0.0,0.0,0.0,0.0,0.0,0.0,0.0,0.0,0.0,0.0,0.0,0.0,x2897775c,PQ,1.0,1.0,1.0,104.0,1000000.0,0.9,1.05,s1s2,c,False,False,False,46.656,-119.1669,default
2424,0.0,0.0,0.0,0.0,0.0,0.0,0.0054670950702145,0.001370183878521,0.0047029054590519,0.0011786598066742,0.0,0.0,0.0,0.0,sx2897775c,PQ,1.0,1.0,1.0,104.0,1000000.0,0.9,1.05,s1s2,c,False,True,False,46.656,-119.1672,default
2425,0.0,0.0,0.0,0.0,0.0,0.0,0.0,0.0,0.0,0.0,0.0,0.0,0.0,0.0,x3010565c,PQ,1.0,1.0,1.0,104.0,1000000.0,0.9,1.05,s1s2,c,False,False,False,46.6563,-119.169,default
2426,0.0,0.0,0.0,0.0,0.0,0.0,0.0019073186593074,0.0004780193393901,0.0021626815015189,0.0005420193310353,0.0,0.0,0.0,0.0,sx3010565c,PQ,1.0,1.0,1.0,104.0,1000000.0,0.9,1.05,s1s2,c,True,True,False,46.6563,-119.1693,default
2427,0.0,0.0,0.0,0.0,0.0,0.0,0.0,0.0,0.0,0.0,0.0,0.0,0.0,0.0,x2785524c,PQ,1.0,1.0,1.0,104.0,1000000.0,0.9,1.05,s1s2,c,False,False,False,46.656,-119.1718,default
2428,0.0,0.0,0.0,0.0,0.0,0.0,0.0011494958331755,0.0002880909558302,0.0049505044987458,0.0012407140235783,0.0,0.0,0.0,0.0,sx2785524c,PQ,1.0,1.0,1.0,104.0,1000000.0,0.9,1.05,s1s2,c,False,True,False,46.6561,-119.172,default
2429,0.0,0.0,0.0,0.0,0.0,0.0,0.0,0.0,0.0,0.0,0.0,0.0,0.0,0.0,l2879073,PQ,1.0,1.0,1.0,7199.557856794634,1000000.0,0.9,1.05,abc,,False,False,False,46.6579974,-119.1729997,default
2430,0.0,0.0,0.0,0.0,0.0,0.0,0.0,0.0,0.0,0.0,0.0,0.0,0.0,0.0,m1069205,PQ,1.0,1.0,1.0,7199.557856794634,1000000.0,0.9,1.05,abc,,False,False,False,46.65881262,-119.1734384,default
2431,0.0,0.0,0.0,0.0,0.0,0.0,0.0,0.0,0.0,0.0,0.0,0.0,0.0,0.0,m1069208,PQ,1.0,1.0,1.0,7199.557856794634,1000000.0,0.9,1.05,abc,,False,False,False,46.65928588,-119.1736931,default
2432,0.0,0.0,0.0,0.0,0.0,0.0,0.0,0.0,0.0,0.0,0.0,0.0,0.0,0.0,l2691945,PQ,1.0,1.0,1.0,7199.557856794634,1000000.0,0.9,1.05,c,,False,False,False,46.65905728,-119.1739865,default
2433,0.0,0.0,0.0,0.0,0.0,0.0,0.0,0.0,0.0,0.0,0.0,0.0,0.0,0.0,x2691945c,PQ,1.0,1.0,1.0,104.0,1000000.0,0.9,1.05,s1s2,c,False,False,False,46.6587,-119.174,default
2434,0.0,0.0,0.0,0.0,0.0,0.0,0.0050261365679605,0.0012596691630439,0.0051438638567496,0.0012891744173549,0.0,0.0,0.0,0.0,sx2691945c,PQ,1.0,1.0,1.0,104.0,1000000.0,0.9,1.05,s1s2,c,True,True,False,46.6587,-119.1743,default
2435,0.0,0.0,0.0,0.0,0.0,0.0,0.0,0.0,0.0,0.0,0.0,0.0,0.0,0.0,l3010567,PQ,1.0,1.0,1.0,7199.557856794634,1000000.0,0.9,1.05,c,,False,False,False,46.66022756,-119.172167,default
2436,0.0,0.0,0.0,0.0,0.0,0.0,0.0,0.0,0.0,0.0,0.0,0.0,0.0,0.0,x3010567c,PQ,1.0,1.0,1.0,104.0,1000000.0,0.9,1.05,s1s2,c,False,False,False,46.6599,-119.1722,default
2437,0.0,0.0,0.0,0.0,0.0,0.0,0.0029614565725384,0.0007422113648465,0.0031385437359655,0.0007865936153305,0.0,0.0,0.0,0.0,sx3010567c,PQ,1.0,1.0,1.0,104.0,1000000.0,0.9,1.05,s1s2,c,False,True,False,46.6599,-119.1724,default
2438,0.0,0.0,0.0,0.0,0.0,0.0,0.0,0.0,0.0,0.0,0.0,0.0,0.0,0.0,m1069213,PQ,1.0,1.0,1.0,7199.557856794634,1000000.0,0.9,1.05,abc,,False,False,False,46.66055168,-119.1755755,default
2439,0.0,0.0,0.0,0.0,0.0,0.0,0.0,0.0,0.0,0.0,0.0,0.0,0.0,0.0,l3178977,PQ,1.0,1.0,1.0,7199.557856794634,1000000.0,0.9,1.05,c,,False,False,False,46.65998166,-119.1757324,default
2440,0.0,0.0,0.0,0.0,0.0,0.0,0.0,0.0,0.0,0.0,0.0,0.0,0.0,0.0,l3160105,PQ,1.0,1.0,1.0,7199.557856794634,1000000.0,0.9,1.05,c,,False,False,False,46.65915286,-119.1759707,default
2441,0.0,0.0,0.0,0.0,0.0,0.0,0.0,0.0,0.0,0.0,0.0,0.0,0.0,0.0,l3235251,PQ,1.0,1.0,1.0,7199.557856794634,1000000.0,0.9,1.05,c,,False,False,False,46.6595147,-119.1773162,default
2442,0.0,0.0,0.0,0.0,0.0,0.0,0.0,0.0,0.0,0.0,0.0,0.0,0.0,0.0,x3235251c,PQ,1.0,1.0,1.0,104.0,1000000.0,0.9,1.05,s1s2,c,False,False,False,46.6592,-119.1773,default
2443,0.0,0.0,0.0,0.0,0.0,0.0,3.852982079804013e-05,9.65648831992122e-06,0.0060614705996433,0.0015191485643387,0.0,0.0,0.0,0.0,sx3235251c,PQ,1.0,1.0,1.0,104.0,1000000.0,0.9,1.05,s1s2,c,False,True,False,46.6592,-119.1776,default
2444,0.0,0.0,0.0,0.0,0.0,0.0,0.0,0.0,0.0,0.0,0.0,0.0,0.0,0.0,x3160105c,PQ,1.0,1.0,1.0,104.0,1000000.0,0.9,1.05,s1s2,c,False,False,False,46.6588,-119.176,default
2445,0.0,0.0,0.0,0.0,0.0,0.0,0.0019853694605162,0.0004975807498059,0.0041146308697671,0.0010312242517675,0.0,0.0,0.0,0.0,sx3160105c,PQ,1.0,1.0,1.0,104.0,1000000.0,0.9,1.05,s1s2,c,False,True,False,46.6588,-119.1763,default
2446,0.0,0.0,0.0,0.0,0.0,0.0,0.0,0.0,0.0,0.0,0.0,0.0,0.0,0.0,x3178977c,PQ,1.0,1.0,1.0,104.0,1000000.0,0.9,1.05,s1s2,c,False,False,False,46.6596,-119.1757,default
2447,0.0,0.0,0.0,0.0,0.0,0.0,0.0025385869573097,0.0006362301978538,0.0035614133630282,0.000892574798077,0.0,0.0,0.0,0.0,sx3178977c,PQ,1.0,1.0,1.0,104.0,1000000.0,0.9,1.05,s1s2,c,False,True,False,46.6597,-119.176,default
2448,0.0,0.0,0.0,0.0,0.0,0.0,0.0,0.0,0.0,0.0,0.0,0.0,0.0,0.0,m1069215,PQ,1.0,1.0,1.0,7199.557856794634,1000000.0,0.9,1.05,abc,,False,False,False,46.66124764,-119.1751466,default
2449,0.0,0.0,0.0,0.0,0.0,0.0,0.0,0.0,0.0,0.0,0.0,0.0,0.0,0.0,m1069der480-1,PQ,1.0,1.0,1.0,277.1281292110204,1000000.0,0.9,1.05,abc,,False,False,False,46.66124764,-119.1741022,default
2450,0.0,0.0,0.0,0.0,0.0,0.0,0.0,0.0,0.0,0.0,0.0,0.0,0.0,0.0,m1069-mt1,PQ,1.0,1.0,1.0,277.1281292110204,1000000.0,0.9,1.05,abc,,True,False,False,46.66124764,-119.1730578,default
2451,0.0,0.0,0.0,0.0,0.0,0.0,0.0,0.0,0.0,0.0,0.0,0.0,0.0,0.0,m1069217,PQ,1.0,1.0,1.0,7199.557856794634,1000000.0,0.9,1.05,abc,,False,False,False,46.66139892,-119.1768812,default
2452,0.0,0.0,0.0,0.0,0.0,0.0,0.0,0.0,0.0,0.0,0.0,0.0,0.0,0.0,l2841626,PQ,1.0,1.0,1.0,7199.557856794634,1000000.0,0.9,1.05,abc,,False,False,False,46.66143454,-119.1769363,default
2453,0.0,0.0,0.0,0.0,0.0,0.0,0.0,0.0,0.0,0.0,0.0,0.0,0.0,0.0,l3235266,PQ,1.0,1.0,1.0,7199.557856794634,1000000.0,0.9,1.05,abc,,False,False,False,46.66217876,-119.1782677,default
2454,0.0,0.0,0.0,0.0,0.0,0.0,0.0,0.0,0.0,0.0,0.0,0.0,0.0,0.0,l2801950,PQ,1.0,1.0,1.0,7199.557856794634,1000000.0,0.9,1.05,abc,,False,False,False,46.66298592,-119.179224,default
2455,0.0,0.0,0.0,0.0,0.0,0.0,0.0,0.0,0.0,0.0,0.0,0.0,0.0,0.0,m1069224,PQ,1.0,1.0,1.0,7199.557856794634,1000000.0,0.9,1.05,abc,,False,False,False,46.66327218,-119.1796711,default
2456,0.0,0.0,0.0,0.0,0.0,0.0,0.0,0.0,0.0,0.0,0.0,0.0,0.0,0.0,m1069218,PQ,1.0,1.0,1.0,7199.557856794634,1000000.0,0.9,1.05,c,,False,False,False,46.6619691,-119.1809975,default
2457,0.0,0.0,0.0,0.0,0.0,0.0,0.0,0.0,0.0,0.0,0.0,0.0,0.0,0.0,l2860486,PQ,1.0,1.0,1.0,7199.557856794634,1000000.0,0.9,1.05,c,,False,False,False,46.66193226,-119.1810382,default
2458,0.0,0.0,0.0,0.0,0.0,0.0,0.0,0.0,0.0,0.0,0.0,0.0,0.0,0.0,l3141399,PQ,1.0,1.0,1.0,7199.557856794634,1000000.0,0.9,1.05,c,,False,False,False,46.66087162,-119.1822106,default
2459,0.0,0.0,0.0,0.0,0.0,0.0,0.0,0.0,0.0,0.0,0.0,0.0,0.0,0.0,m1069210,PQ,1.0,1.0,1.0,7199.557856794634,1000000.0,0.9,1.05,c,,False,False,False,46.660073,-119.183115,default
2460,0.0,0.0,0.0,0.0,0.0,0.0,0.0,0.0,0.0,0.0,0.0,0.0,0.0,0.0,l3085400,PQ,1.0,1.0,1.0,7199.557856794634,1000000.0,0.9,1.05,c,,False,False,False,46.65912336,-119.183913,default
2461,0.0,0.0,0.0,0.0,0.0,0.0,0.0,0.0,0.0,0.0,0.0,0.0,0.0,0.0,x3085400c,PQ,1.0,1.0,1.0,104.0,1000000.0,0.9,1.05,s1s2,c,False,False,False,46.6588,-119.1839,default
2462,0.0,0.0,0.0,0.0,0.0,0.0,0.0016772289210209,0.0004203534135266,0.0084927718253294,0.0021284904601851,0.0,0.0,0.0,0.0,sx3085400c,PQ,1.0,1.0,1.0,104.0,1000000.0,0.9,1.05,s1s2,c,False,True,False,46.6588,-119.1842,default
2463,0.0,0.0,0.0,0.0,0.0,0.0,0.0,0.0,0.0,0.0,0.0,0.0,0.0,0.0,x3141399c,PQ,1.0,1.0,1.0,104.0,1000000.0,0.9,1.05,s1s2,c,False,False,False,46.6605,-119.1822,default
2464,0.0,0.0,0.0,0.0,0.0,0.0,0.011269506416676,0.0028244061418077,0.0039904947535056,0.0010001127833089,0.0,0.0,0.0,0.0,sx3141399c,PQ,1.0,1.0,1.0,104.0,1000000.0,0.9,1.05,s1s2,c,False,True,False,46.6606,-119.1825,default
2465,0.0,0.0,0.0,0.0,0.0,0.0,0.0,0.0,0.0,0.0,0.0,0.0,0.0,0.0,x2860486c,PQ,1.0,1.0,1.0,104.0,1000000.0,0.9,1.05,s1s2,c,False,False,False,46.6616,-119.181,default
2466,0.0,0.0,0.0,0.0,0.0,0.0,0.0016718803153156,0.0004190129292908,0.0044281200441561,0.0011097921078287,0.0,0.0,0.0,0.0,sx2860486c,PQ,1.0,1.0,1.0,104.0,1000000.0,0.9,1.05,s1s2,c,False,True,False,46.6616,-119.1813,default
2467,0.0,0.0,0.0,0.0,0.0,0.0,0.0,0.0,0.0,0.0,0.0,0.0,0.0,0.0,l2954351,PQ,1.0,1.0,1.0,7199.557856794634,1000000.0,0.9,1.05,c,,False,False,False,46.66087394,-119.1801806,default
2468,0.0,0.0,0.0,0.0,0.0,0.0,0.0,0.0,0.0,0.0,0.0,0.0,0.0,0.0,x2954351c,PQ,1.0,1.0,1.0,104.0,1000000.0,0.9,1.05,s1s2,c,False,False,False,46.6605,-119.1802,default
2469,0.0,0.0,0.0,0.0,0.0,0.0,0.0024535349226951,0.0006149141473905,0.0036464654189953,0.0009138908796764,0.0,0.0,0.0,0.0,sx2954351c,PQ,1.0,1.0,1.0,104.0,1000000.0,0.9,1.05,s1s2,c,False,True,False,46.6606,-119.1805,default
2470,0.0,0.0,0.0,0.0,0.0,0.0,0.0,0.0,0.0,0.0,0.0,0.0,0.0,0.0,m1069226,PQ,1.0,1.0,1.0,7199.557856794634,1000000.0,0.9,1.05,c,,False,False,False,46.66483814,-119.178707,default
2471,0.0,0.0,0.0,0.0,0.0,0.0,0.0,0.0,0.0,0.0,0.0,0.0,0.0,0.0,d5712486-1_int,PQ,1.0,1.0,1.0,7199.557856794634,1000000.0,0.9,1.05,c,,False,False,False,46.66479772,-119.1786452,default
2472,0.0,0.0,0.0,0.0,0.0,0.0,0.0,0.0,0.0,0.0,0.0,0.0,0.0,0.0,e206210,PQ,1.0,1.0,1.0,7199.557856794634,1000000.0,0.9,1.05,c,,False,False,False,46.66477212,-119.1785882,default
2473,0.0,0.0,0.0,0.0,0.0,0.0,0.0,0.0,0.0,0.0,0.0,0.0,0.0,0.0,m1069225,PQ,1.0,1.0,1.0,7199.557856794634,1000000.0,0.9,1.05,c,,False,False,False,46.66473566,-119.1785225,default
2474,0.0,0.0,0.0,0.0,0.0,0.0,0.0,0.0,0.0,0.0,0.0,0.0,0.0,0.0,l3122819,PQ,1.0,1.0,1.0,7199.557856794634,1000000.0,0.9,1.05,c,,False,False,False,46.66552098,-119.1788807,default
2475,0.0,0.0,0.0,0.0,0.0,0.0,0.0,0.0,0.0,0.0,0.0,0.0,0.0,0.0,x3122819c,PQ,1.0,1.0,1.0,104.0,1000000.0,0.9,1.05,s1s2,c,False,False,False,46.6652,-119.1789,default
2476,0.0,0.0,0.0,0.0,0.0,0.0,0.0048254026208282,0.0012093605331852,0.0104345984736704,0.0026151583527841,0.0,0.0,0.0,0.0,sx3122819c,PQ,1.0,1.0,1.0,104.0,1000000.0,0.9,1.05,s1s2,c,False,True,False,46.6652,-119.1792,default
2477,0.0,0.0,0.0,0.0,0.0,0.0,0.0,0.0,0.0,0.0,0.0,0.0,0.0,0.0,n1139544,PQ,1.0,1.0,1.0,7199.557856794634,1000000.0,0.9,1.05,c,,False,False,False,46.66463886,-119.1783483,default
2478,0.0,0.0,0.0,0.0,0.0,0.0,0.0,0.0,0.0,0.0,0.0,0.0,0.0,0.0,l2897776,PQ,1.0,1.0,1.0,7199.557856794634,1000000.0,0.9,1.05,c,,False,False,False,46.66442808,-119.177969,default
2479,0.0,0.0,0.0,0.0,0.0,0.0,0.0,0.0,0.0,0.0,0.0,0.0,0.0,0.0,l3254215,PQ,1.0,1.0,1.0,7199.557856794634,1000000.0,0.9,1.05,c,,False,False,False,46.66392488,-119.1756279,default
2480,0.0,0.0,0.0,0.0,0.0,0.0,0.0,0.0,0.0,0.0,0.0,0.0,0.0,0.0,x3254215c,PQ,1.0,1.0,1.0,104.0,1000000.0,0.9,1.05,s1s2,c,False,False,False,46.6636,-119.1756,default
2481,0.0,0.0,0.0,0.0,0.0,0.0,0.0058494160678733,0.0014660026827104,0.0002505843629583,6.280239472564864e-05,0.0,0.0,0.0,0.0,sx3254215c,PQ,1.0,1.0,1.0,104.0,1000000.0,0.9,1.05,s1s2,c,False,True,False,46.6636,-119.1759,default
2482,0.0,0.0,0.0,0.0,0.0,0.0,0.0,0.0,0.0,0.0,0.0,0.0,0.0,0.0,x2897776c,PQ,1.0,1.0,1.0,104.0,1000000.0,0.9,1.05,s1s2,c,False,False,False,46.6641,-119.178,default
2483,0.0,0.0,0.0,0.0,0.0,0.0,0.0040230875505774,0.0010082813256894,0.0061469130663793,0.0015405624777152,0.0,0.0,0.0,0.0,sx2897776c,PQ,1.0,1.0,1.0,104.0,1000000.0,0.9,1.05,s1s2,c,False,True,False,46.6641,-119.1782,default
2484,0.0,0.0,0.0,0.0,0.0,0.0,0.0,0.0,0.0,0.0,0.0,0.0,0.0,0.0,m1069227,PQ,1.0,1.0,1.0,7199.557856794634,1000000.0,0.9,1.05,c,,False,False,False,46.66496918,-119.1786208,default
2485,0.0,0.0,0.0,0.0,0.0,0.0,0.0,0.0,0.0,0.0,0.0,0.0,0.0,0.0,l2748133,PQ,1.0,1.0,1.0,7199.557856794634,1000000.0,0.9,1.05,c,,False,False,False,46.6662115,-119.1777778,default
2486,0.0,0.0,0.0,0.0,0.0,0.0,0.0,0.0,0.0,0.0,0.0,0.0,0.0,0.0,l3085399,PQ,1.0,1.0,1.0,7199.557856794634,1000000.0,0.9,1.05,c,,False,False,False,46.66726738,-119.1770471,default
2487,0.0,0.0,0.0,0.0,0.0,0.0,0.0,0.0,0.0,0.0,0.0,0.0,0.0,0.0,x3085399c,PQ,1.0,1.0,1.0,104.0,1000000.0,0.9,1.05,s1s2,c,False,False,False,46.6669,-119.177,default
2488,0.0,0.0,0.0,0.0,0.0,0.0,0.0040839345735209,0.0010235310477915,0.0020160657771657,0.0005052739843527,0.0,0.0,0.0,0.0,sx3085399c,PQ,1.0,1.0,1.0,104.0,1000000.0,0.9,1.05,s1s2,c,False,True,False,46.667,-119.1773,default
2489,0.0,0.0,0.0,0.0,0.0,0.0,0.0,0.0,0.0,0.0,0.0,0.0,0.0,0.0,x2748133c,PQ,1.0,1.0,1.0,104.0,1000000.0,0.9,1.05,s1s2,c,False,False,False,46.6659,-119.1778,default
2490,0.0,0.0,0.0,0.0,0.0,0.0,0.0032935738283173,0.0008254478601385,0.002806426510454,0.0007033571652696,0.0,0.0,0.0,0.0,sx2748133c,PQ,1.0,1.0,1.0,104.0,1000000.0,0.9,1.05,s1s2,c,False,True,False,46.6659,-119.1781,default
2491,0.0,0.0,0.0,0.0,0.0,0.0,0.0,0.0,0.0,0.0,0.0,0.0,0.0,0.0,m1069230,PQ,1.0,1.0,1.0,7199.557856794634,1000000.0,0.9,1.05,abc,,False,False,False,46.66603918,-119.1803684,default
2492,0.0,0.0,0.0,0.0,0.0,0.0,0.0,0.0,0.0,0.0,0.0,0.0,0.0,0.0,m1069300,PQ,1.0,1.0,1.0,7199.557856794634,1000000.0,0.9,1.05,abc,,False,False,False,46.66691036,-119.1803684,default
2493,0.0,0.0,0.0,0.0,0.0,0.0,0.0,0.0,0.0,0.0,0.0,0.0,0.0,0.0,m1069310,PQ,1.0,1.0,1.0,7199.557856794634,1000000.0,0.9,1.05,abc,,False,False,False,46.66952392,-119.179324,default
2494,0.0,0.0,0.0,0.0,0.0,0.0,0.0,0.0,0.0,0.0,0.0,0.0,0.0,0.0,m1069311,PQ,1.0,1.0,1.0,7199.557856794634,1000000.0,0.9,1.05,abc,,False,False,False,46.6713398,-119.1782192,default
2495,0.0,0.0,0.0,0.0,0.0,0.0,0.0,0.0,0.0,0.0,0.0,0.0,0.0,0.0,l3159448,PQ,1.0,1.0,1.0,7199.557856794634,1000000.0,0.9,1.05,abc,,False,False,False,46.67137516,-119.1782233,default
2496,0.0,0.0,0.0,0.0,0.0,0.0,0.0,0.0,0.0,0.0,0.0,0.0,0.0,0.0,n1138607,PQ,1.0,1.0,1.0,7199.557856794634,1000000.0,0.9,1.05,abc,,False,False,False,46.67229,-119.1783296,default
2497,0.0,0.0,0.0,0.0,0.0,0.0,0.0,0.0,0.0,0.0,0.0,0.0,0.0,0.0,m4113347,PQ,1.0,1.0,1.0,7199.557856794634,1000000.0,0.9,1.05,abc,,False,False,False,46.6726203,-119.1783679,default
2498,0.0,0.0,0.0,0.0,0.0,0.0,0.0,0.0,0.0,0.0,0.0,0.0,0.0,0.0,n1138606,PQ,1.0,1.0,1.0,7199.557856794634,1000000.0,0.9,1.05,c,,False,False,False,46.67273792,-119.1781525,default
2499,0.0,0.0,0.0,0.0,0.0,0.0,0.0,0.0,0.0,0.0,0.0,0.0,0.0,0.0,m1069335,PQ,1.0,1.0,1.0,7199.557856794634,1000000.0,0.9,1.05,c,,False,False,False,46.67299034,-119.1776901,default
2500,0.0,0.0,0.0,0.0,0.0,0.0,0.0,0.0,0.0,0.0,0.0,0.0,0.0,0.0,p827564,PQ,1.0,1.0,1.0,7199.557856794634,1000000.0,0.9,1.05,c,,False,False,False,46.67307886,-119.1775178,default
2501,0.0,0.0,0.0,0.0,0.0,0.0,0.0,0.0,0.0,0.0,0.0,0.0,0.0,0.0,m1069348,PQ,1.0,1.0,1.0,7199.557856794634,1000000.0,0.9,1.05,c,,False,False,False,46.67331888,-119.1765046,default
2502,0.0,0.0,0.0,0.0,0.0,0.0,0.0,0.0,0.0,0.0,0.0,0.0,0.0,0.0,m1069356,PQ,1.0,1.0,1.0,7199.557856794634,1000000.0,0.9,1.05,c,,False,False,False,46.67364758,-119.174892,default
2503,0.0,0.0,0.0,0.0,0.0,0.0,0.0,0.0,0.0,0.0,0.0,0.0,0.0,0.0,m1069363,PQ,1.0,1.0,1.0,7199.557856794634,1000000.0,0.9,1.05,c,,False,False,False,46.67384132,-119.1737707,default
2504,0.0,0.0,0.0,0.0,0.0,0.0,0.0,0.0,0.0,0.0,0.0,0.0,0.0,0.0,m1069364,PQ,1.0,1.0,1.0,7199.557856794634,1000000.0,0.9,1.05,c,,False,False,False,46.67393236,-119.1721876,default
2505,0.0,0.0,0.0,0.0,0.0,0.0,0.0,0.0,0.0,0.0,0.0,0.0,0.0,0.0,m1069365,PQ,1.0,1.0,1.0,7199.557856794634,1000000.0,0.9,1.05,c,,False,False,False,46.67403438,-119.1714056,default
2506,0.0,0.0,0.0,0.0,0.0,0.0,0.0,0.0,0.0,0.0,0.0,0.0,0.0,0.0,l3235243,PQ,1.0,1.0,1.0,7199.557856794634,1000000.0,0.9,1.05,c,,False,False,False,46.67408752,-119.1700049,default
2507,0.0,0.0,0.0,0.0,0.0,0.0,0.0,0.0,0.0,0.0,0.0,0.0,0.0,0.0,x3235243c,PQ,1.0,1.0,1.0,104.0,1000000.0,0.9,1.05,s1s2,c,False,False,False,46.6737,-119.17,default
2508,0.0,0.0,0.0,0.0,0.0,0.0,0.0089510147415271,0.0022433369510416,0.0012189858772467,0.0003055068132567,0.0,0.0,0.0,0.0,sx3235243c,PQ,1.0,1.0,1.0,104.0,1000000.0,0.9,1.05,s1s2,c,True,True,False,46.6738,-119.1703,default
2509,0.0,0.0,0.0,0.0,0.0,0.0,0.0,0.0,0.0,0.0,0.0,0.0,0.0,0.0,n1144668,PQ,1.0,1.0,1.0,7199.557856794634,1000000.0,0.9,1.05,abc,,False,False,False,46.67304148,-119.1784169,default
2510,0.0,0.0,0.0,0.0,0.0,0.0,0.0,0.0,0.0,0.0,0.0,0.0,0.0,0.0,m1069350,PQ,1.0,1.0,1.0,7199.557856794634,1000000.0,0.9,1.05,abc,,False,False,False,46.67342198,-119.1784611,default
2511,0.0,0.0,0.0,0.0,0.0,0.0,0.0,0.0,0.0,0.0,0.0,0.0,0.0,0.0,l3143999,PQ,1.0,1.0,1.0,7199.557856794634,1000000.0,0.9,1.05,abc,,False,False,False,46.673462,-119.1784769,default
2512,0.0,0.0,0.0,0.0,0.0,0.0,0.0,0.0,0.0,0.0,0.0,0.0,0.0,0.0,n1138604,PQ,1.0,1.0,1.0,7199.557856794634,1000000.0,0.9,1.05,abc,,False,False,False,46.67449602,-119.1789819,default
2513,0.0,0.0,0.0,0.0,0.0,0.0,0.0,0.0,0.0,0.0,0.0,0.0,0.0,0.0,l3125349,PQ,1.0,1.0,1.0,7199.557856794634,1000000.0,0.9,1.05,abc,,False,False,False,46.67529412,-119.1793716,default
2514,0.0,0.0,0.0,0.0,0.0,0.0,0.0,0.0,0.0,0.0,0.0,0.0,0.0,0.0,n1138603,PQ,1.0,1.0,1.0,7199.557856794634,1000000.0,0.9,1.05,abc,,False,False,False,46.67553444,-119.1796167,default
2515,0.0,0.0,0.0,0.0,0.0,0.0,0.0,0.0,0.0,0.0,0.0,0.0,0.0,0.0,l3181545,PQ,1.0,1.0,1.0,7199.557856794634,1000000.0,0.9,1.05,abc,,False,False,False,46.6763893,-119.1804888,default
2516,0.0,0.0,0.0,0.0,0.0,0.0,0.0,0.0,0.0,0.0,0.0,0.0,0.0,0.0,n1138599,PQ,1.0,1.0,1.0,7199.557856794634,1000000.0,0.9,1.05,abc,,False,False,False,46.67682932,-119.1814342,default
2517,0.0,0.0,0.0,0.0,0.0,0.0,0.0,0.0,0.0,0.0,0.0,0.0,0.0,0.0,m1069376,PQ,1.0,1.0,1.0,7199.557856794634,1000000.0,0.9,1.05,abc,,False,False,False,46.67698248,-119.1817633,default
2518,0.0,0.0,0.0,0.0,0.0,0.0,0.0,0.0,0.0,0.0,0.0,0.0,0.0,0.0,n1138598,PQ,1.0,1.0,1.0,7199.557856794634,1000000.0,0.9,1.05,abc,,False,False,False,46.6771822,-119.1816787,default
2519,0.0,0.0,0.0,0.0,0.0,0.0,0.0,0.0,0.0,0.0,0.0,0.0,0.0,0.0,l2822877,PQ,1.0,1.0,1.0,7199.557856794634,1000000.0,0.9,1.05,abc,,False,False,False,46.67749578,-119.1815458,default
2520,0.0,0.0,0.0,0.0,0.0,0.0,0.0,0.0,0.0,0.0,0.0,0.0,0.0,0.0,m1069382,PQ,1.0,1.0,1.0,7199.557856794634,1000000.0,0.9,1.05,abc,,False,False,False,46.67803888,-119.1814177,default
2521,0.0,0.0,0.0,0.0,0.0,0.0,0.0,0.0,0.0,0.0,0.0,0.0,0.0,0.0,d6049822-1_int,PQ,1.0,1.0,1.0,7199.557856794634,1000000.0,0.9,1.05,a,,False,False,False,46.67806158,-119.1814128,default
2522,0.0,0.0,0.0,0.0,0.0,0.0,0.0,0.0,0.0,0.0,0.0,0.0,0.0,0.0,e182722,PQ,1.0,1.0,1.0,7199.557856794634,1000000.0,0.9,1.05,a,,False,False,False,46.6781487,-119.1808906,default
2523,0.0,0.0,0.0,0.0,0.0,0.0,0.0,0.0,0.0,0.0,0.0,0.0,0.0,0.0,n1138596,PQ,1.0,1.0,1.0,7199.557856794634,1000000.0,0.9,1.05,a,,False,False,False,46.67823582,-119.1807861,default
2524,0.0,0.0,0.0,0.0,0.0,0.0,0.0,0.0,0.0,0.0,0.0,0.0,0.0,0.0,l3254207,PQ,1.0,1.0,1.0,7199.557856794634,1000000.0,0.9,1.05,a,,False,False,False,46.67829462,-119.1806341,default
2525,0.0,0.0,0.0,0.0,0.0,0.0,0.0,0.0,0.0,0.0,0.0,0.0,0.0,0.0,m1069390,PQ,1.0,1.0,1.0,7199.557856794634,1000000.0,0.9,1.05,a,,False,False,False,46.6787348,-119.1795402,default
2526,0.0,0.0,0.0,0.0,0.0,0.0,0.0,0.0,0.0,0.0,0.0,0.0,0.0,0.0,l2841618,PQ,1.0,1.0,1.0,7199.557856794634,1000000.0,0.9,1.05,a,,False,False,False,46.67808052,-119.1796355,default
2527,0.0,0.0,0.0,0.0,0.0,0.0,0.0,0.0,0.0,0.0,0.0,0.0,0.0,0.0,x2841618a,PQ,1.0,1.0,1.0,104.0,1000000.0,0.9,1.05,s1s2,a,False,False,False,46.6777,-119.1796,default
2528,0.0,0.0,0.0,0.0,0.0,0.0,0.0015084768686982,0.0003780598703676,0.0073615225149037,0.001844971075219,0.0,0.0,0.0,0.0,sx2841618a,PQ,1.0,1.0,1.0,104.0,1000000.0,0.9,1.05,s1s2,a,False,True,False,46.6778,-119.1799,default
2529,0.0,0.0,0.0,0.0,0.0,0.0,0.0,0.0,0.0,0.0,0.0,0.0,0.0,0.0,l2897801,PQ,1.0,1.0,1.0,7199.557856794634,1000000.0,0.9,1.05,a,,False,False,False,46.6785772,-119.1788158,default
2530,0.0,0.0,0.0,0.0,0.0,0.0,0.0,0.0,0.0,0.0,0.0,0.0,0.0,0.0,m1069384,PQ,1.0,1.0,1.0,7199.557856794634,1000000.0,0.9,1.05,a,,False,False,False,46.67845644,-119.1778916,default
2531,0.0,0.0,0.0,0.0,0.0,0.0,0.0,0.0,0.0,0.0,0.0,0.0,0.0,0.0,l2785514,PQ,1.0,1.0,1.0,7199.557856794634,1000000.0,0.9,1.05,a,,False,False,False,46.6791398,-119.1768565,default
2532,0.0,0.0,0.0,0.0,0.0,0.0,0.0,0.0,0.0,0.0,0.0,0.0,0.0,0.0,l3235244,PQ,1.0,1.0,1.0,7199.557856794634,1000000.0,0.9,1.05,a,,False,False,False,46.67912556,-119.1758417,default
2533,0.0,0.0,0.0,0.0,0.0,0.0,0.0,0.0,0.0,0.0,0.0,0.0,0.0,0.0,m1069398,PQ,1.0,1.0,1.0,7199.557856794634,1000000.0,0.9,1.05,a,,False,False,False,46.67894278,-119.1747867,default
2534,0.0,0.0,0.0,0.0,0.0,0.0,0.0,0.0,0.0,0.0,0.0,0.0,0.0,0.0,l2785513,PQ,1.0,1.0,1.0,7199.557856794634,1000000.0,0.9,1.05,a,,False,False,False,46.67875796,-119.1736643,default
2535,0.0,0.0,0.0,0.0,0.0,0.0,0.0,0.0,0.0,0.0,0.0,0.0,0.0,0.0,x2785513a,PQ,1.0,1.0,1.0,104.0,1000000.0,0.9,1.05,s1s2,a,False,False,False,46.6784,-119.1737,default
2536,0.0,0.0,0.0,0.0,0.0,0.0,0.0008392464860166,0.0002103349626986,0.0080307529486114,0.0020126960543306,0.0,0.0,0.0,0.0,sx2785513a,PQ,1.0,1.0,1.0,104.0,1000000.0,0.9,1.05,s1s2,a,True,True,False,46.6784,-119.1739,default
2537,0.0,0.0,0.0,0.0,0.0,0.0,0.0,0.0,0.0,0.0,0.0,0.0,0.0,0.0,l3010559,PQ,1.0,1.0,1.0,7199.557856794634,1000000.0,0.9,1.05,a,,False,False,False,46.67746664,-119.1748941,default
2538,0.0,0.0,0.0,0.0,0.0,0.0,0.0,0.0,0.0,0.0,0.0,0.0,0.0,0.0,x3010559a,PQ,1.0,1.0,1.0,104.0,1000000.0,0.9,1.05,s1s2,a,False,False,False,46.6771,-119.1749,default
2539,0.0,0.0,0.0,0.0,0.0,0.0,0.0001244794777838,3.1197492065206384e-05,0.0051955201513356,0.0013021198228211,0.0,0.0,0.0,0.0,sx3010559a,PQ,1.0,1.0,1.0,104.0,1000000.0,0.9,1.05,s1s2,a,False,True,False,46.6772,-119.1752,default
2540,0.0,0.0,0.0,0.0,0.0,0.0,0.0,0.0,0.0,0.0,0.0,0.0,0.0,0.0,l3160101,PQ,1.0,1.0,1.0,7199.557856794634,1000000.0,0.9,1.05,a,,False,False,False,46.68026268,-119.1746816,default
2541,0.0,0.0,0.0,0.0,0.0,0.0,0.0,0.0,0.0,0.0,0.0,0.0,0.0,0.0,x3160101a,PQ,1.0,1.0,1.0,104.0,1000000.0,0.9,1.05,s1s2,a,False,False,False,46.6799,-119.1747,default
2542,0.0,0.0,0.0,0.0,0.0,0.0,0.0021325626717417,0.0005344704862398,0.0067374367292738,0.0016885604694731,0.0,0.0,0.0,0.0,sx3160101a,PQ,1.0,1.0,1.0,104.0,1000000.0,0.9,1.05,s1s2,a,False,True,False,46.6799,-119.175,default
2543,0.0,0.0,0.0,0.0,0.0,0.0,0.0,0.0,0.0,0.0,0.0,0.0,0.0,0.0,x3235244a,PQ,1.0,1.0,1.0,104.0,1000000.0,0.9,1.05,s1s2,a,False,False,False,46.6788,-119.1758,default
2544,0.0,0.0,0.0,0.0,0.0,0.0,0.0059841631866383,0.0014997723671379,0.0028858362341959,0.0007232585998027,0.0,0.0,0.0,0.0,sx3235244a,PQ,1.0,1.0,1.0,104.0,1000000.0,0.9,1.05,s1s2,a,False,True,False,46.6788,-119.1761,default
2545,0.0,0.0,0.0,0.0,0.0,0.0,0.0,0.0,0.0,0.0,0.0,0.0,0.0,0.0,x2785514a,PQ,1.0,1.0,1.0,104.0,1000000.0,0.9,1.05,s1s2,a,False,False,False,46.6788,-119.1769,default
2546,0.0,0.0,0.0,0.0,0.0,0.0,0.0084264617124474,0.0021118699308303,0.0004435376193656,0.0001111609854745,0.0,0.0,0.0,0.0,sx2785514a,PQ,1.0,1.0,1.0,104.0,1000000.0,0.9,1.05,s1s2,a,False,True,False,46.6788,-119.1771,default
2547,0.0,0.0,0.0,0.0,0.0,0.0,0.0,0.0,0.0,0.0,0.0,0.0,0.0,0.0,l3066805,PQ,1.0,1.0,1.0,7199.557856794634,1000000.0,0.9,1.05,a,,False,False,False,46.67823778,-119.1772559,default
2548,0.0,0.0,0.0,0.0,0.0,0.0,0.0,0.0,0.0,0.0,0.0,0.0,0.0,0.0,x3066805a,PQ,1.0,1.0,1.0,104.0,1000000.0,0.9,1.05,s1s2,a,False,False,False,46.6779,-119.1773,default
2549,0.0,0.0,0.0,0.0,0.0,0.0,0.005302647047348,0.0013289683600892,0.0035673523857722,0.0008940626137372,0.0,0.0,0.0,0.0,sx3066805a,PQ,1.0,1.0,1.0,104.0,1000000.0,0.9,1.05,s1s2,a,False,True,False,46.6779,-119.1775,default
2550,0.0,0.0,0.0,0.0,0.0,0.0,0.0,0.0,0.0,0.0,0.0,0.0,0.0,0.0,x2897801a,PQ,1.0,1.0,1.0,104.0,1000000.0,0.9,1.05,s1s2,a,False,False,False,46.6782,-119.1788,default
2551,0.0,0.0,0.0,0.0,0.0,0.0,0.007282267356068,0.0018251078819818,0.0060177317629747,0.0015081854570603,0.0,0.0,0.0,0.0,sx2897801a,PQ,1.0,1.0,1.0,104.0,1000000.0,0.9,1.05,s1s2,a,False,True,False,46.6783,-119.1791,default
2552,0.0,0.0,0.0,0.0,0.0,0.0,0.0,0.0,0.0,0.0,0.0,0.0,0.0,0.0,x3254207a,PQ,1.0,1.0,1.0,104.0,1000000.0,0.9,1.05,s1s2,a,False,False,False,46.6779,-119.1806,default
2553,0.0,0.0,0.0,0.0,0.0,0.0,0.0025208349803005,0.0006317806771661,0.0027991646959179,0.0007015366650537,0.0,0.0,0.0,0.0,sx3254207a,PQ,1.0,1.0,1.0,104.0,1000000.0,0.9,1.05,s1s2,a,False,True,False,46.678,-119.1809,default
2554,0.0,0.0,0.0,0.0,0.0,0.0,0.0,0.0,0.0,0.0,0.0,0.0,0.0,0.0,l2766741,PQ,1.0,1.0,1.0,7199.557856794634,1000000.0,0.9,1.05,abc,,False,False,False,46.67890224,-119.1812568,default
2555,0.0,0.0,0.0,0.0,0.0,0.0,0.0,0.0,0.0,0.0,0.0,0.0,0.0,0.0,m1069411,PQ,1.0,1.0,1.0,7199.557856794634,1000000.0,0.9,1.05,abc,,False,False,False,46.6801419,-119.1811115,default
2556,0.0,0.0,0.0,0.0,0.0,0.0,0.0,0.0,0.0,0.0,0.0,0.0,0.0,0.0,l2991905,PQ,1.0,1.0,1.0,7199.557856794634,1000000.0,0.9,1.05,a,,False,False,False,46.68002402,-119.1820663,default
2557,0.0,0.0,0.0,0.0,0.0,0.0,0.0,0.0,0.0,0.0,0.0,0.0,0.0,0.0,x2991905a,PQ,1.0,1.0,1.0,104.0,1000000.0,0.9,1.05,s1s2,a,False,False,False,46.6797,-119.1821,default
2558,0.0,0.0,0.0,0.0,0.0,0.0,0.0052196826449485,0.0013081755363297,0.0080803164650712,0.0020251177971334,0.0,0.0,0.0,0.0,sx2991905a,PQ,1.0,1.0,1.0,104.0,1000000.0,0.9,1.05,s1s2,a,False,True,False,46.6797,-119.1823,default
2559,0.0,0.0,0.0,0.0,0.0,0.0,0.0,0.0,0.0,0.0,0.0,0.0,0.0,0.0,n1138597,PQ,1.0,1.0,1.0,7199.557856794634,1000000.0,0.9,1.05,abc,,False,False,False,46.68082616,-119.1811156,default
2560,0.0,0.0,0.0,0.0,0.0,0.0,0.0,0.0,0.0,0.0,0.0,0.0,0.0,0.0,m1069417,PQ,1.0,1.0,1.0,7199.557856794634,1000000.0,0.9,1.05,abc,,False,False,False,46.68128024,-119.1811183,default
2561,0.0,0.0,0.0,0.0,0.0,0.0,0.0,0.0,0.0,0.0,0.0,0.0,0.0,0.0,m1069418,PQ,1.0,1.0,1.0,7199.557856794634,1000000.0,0.9,1.05,abc,,False,False,False,46.68251502,-119.1813828,default
2562,0.0,0.0,0.0,0.0,0.0,0.0,0.0,0.0,0.0,0.0,0.0,0.0,0.0,0.0,m1069419,PQ,1.0,1.0,1.0,7199.557856794634,1000000.0,0.9,1.05,abc,,False,False,False,46.68317468,-119.1816374,default
2563,0.0,0.0,0.0,0.0,0.0,0.0,0.0,0.0,0.0,0.0,0.0,0.0,0.0,0.0,m4277837,PQ,1.0,1.0,1.0,7199.557856794634,1000000.0,0.9,1.05,abc,,False,False,False,46.68414362,-119.1818539,default
2564,0.0,0.0,0.0,0.0,0.0,0.0,0.0,0.0,0.0,0.0,0.0,0.0,0.0,0.0,m1069420,PQ,1.0,1.0,1.0,7199.557856794634,1000000.0,0.9,1.05,abc,,False,False,False,46.68653682,-119.1814515,default
2565,0.0,0.0,0.0,0.0,0.0,0.0,0.0,0.0,0.0,0.0,0.0,0.0,0.0,0.0,l2935549,PQ,1.0,1.0,1.0,7199.557856794634,1000000.0,0.9,1.05,abc,,False,False,False,46.68785836,-119.1810084,default
2566,0.0,0.0,0.0,0.0,0.0,0.0,0.0,0.0,0.0,0.0,0.0,0.0,0.0,0.0,m1069424,PQ,1.0,1.0,1.0,7199.557856794634,1000000.0,0.9,1.05,abc,,False,False,False,46.68908778,-119.1806455,default
2567,0.0,0.0,0.0,0.0,0.0,0.0,0.0,0.0,0.0,0.0,0.0,0.0,0.0,0.0,m1069428,PQ,1.0,1.0,1.0,7199.557856794634,1000000.0,0.9,1.05,abc,,False,False,False,46.69014942,-119.1803212,default
2568,0.0,0.0,0.0,0.0,0.0,0.0,0.0,0.0,0.0,0.0,0.0,0.0,0.0,0.0,n1139257,PQ,1.0,1.0,1.0,7199.557856794634,1000000.0,0.9,1.05,b,,False,False,False,46.69024328,-119.1805801,default
2569,0.0,0.0,0.0,0.0,0.0,0.0,0.0,0.0,0.0,0.0,0.0,0.0,0.0,0.0,l3029518,PQ,1.0,1.0,1.0,7199.557856794634,1000000.0,0.9,1.05,b,,False,False,False,46.69039854,-119.1810084,default
2570,0.0,0.0,0.0,0.0,0.0,0.0,0.0,0.0,0.0,0.0,0.0,0.0,0.0,0.0,l2897807,PQ,1.0,1.0,1.0,7199.557856794634,1000000.0,0.9,1.05,b,,False,False,False,46.69101102,-119.1824094,default
2571,0.0,0.0,0.0,0.0,0.0,0.0,0.0,0.0,0.0,0.0,0.0,0.0,0.0,0.0,x2897807b,PQ,1.0,1.0,1.0,104.0,1000000.0,0.9,1.05,s1s2,b,False,False,False,46.6907,-119.1824,default
2572,0.0,0.0,0.0,0.0,0.0,0.0,0.0054089042923226,0.001355599282406,0.0004310962740231,0.0001080429151399,0.0,0.0,0.0,0.0,sx2897807b,PQ,1.0,1.0,1.0,104.0,1000000.0,0.9,1.05,s1s2,b,False,True,False,46.6907,-119.1827,default
2573,0.0,0.0,0.0,0.0,0.0,0.0,0.0,0.0,0.0,0.0,0.0,0.0,0.0,0.0,x3029518b,PQ,1.0,1.0,1.0,104.0,1000000.0,0.9,1.05,s1s2,b,False,False,False,46.69,-119.181,default
2574,0.0,0.0,0.0,0.0,0.0,0.0,0.0025634252297253,0.0006424549484925,0.0071665756991401,0.0017961132830662,0.0,0.0,0.0,0.0,sx3029518b,PQ,1.0,1.0,1.0,104.0,1000000.0,0.9,1.05,s1s2,b,False,True,False,46.6901,-119.1813,default
2575,0.0,0.0,0.0,0.0,0.0,0.0,0.0,0.0,0.0,0.0,0.0,0.0,0.0,0.0,p827576,PQ,1.0,1.0,1.0,7199.557856794634,1000000.0,0.9,1.05,b,,False,False,False,46.69008874,-119.180467,default
2576,0.0,0.0,0.0,0.0,0.0,0.0,0.0,0.0,0.0,0.0,0.0,0.0,0.0,0.0,n1139256,PQ,1.0,1.0,1.0,7199.557856794634,1000000.0,0.9,1.05,b,,False,False,False,46.6900274,-119.1806144,default
2577,0.0,0.0,0.0,0.0,0.0,0.0,0.0,0.0,0.0,0.0,0.0,0.0,0.0,0.0,l2973178,PQ,1.0,1.0,1.0,7199.557856794634,1000000.0,0.9,1.05,b,,False,False,False,46.69018282,-119.1816448,default
2578,0.0,0.0,0.0,0.0,0.0,0.0,0.0,0.0,0.0,0.0,0.0,0.0,0.0,0.0,x2973178b,PQ,1.0,1.0,1.0,104.0,1000000.0,0.9,1.05,s1s2,b,False,False,False,46.6898,-119.1816,default
2579,0.0,0.0,0.0,0.0,0.0,0.0,0.0031917578127641,0.000799929952104,0.0026482427062708,0.00066371221773,0.0,0.0,0.0,0.0,sx2973178b,PQ,1.0,1.0,1.0,104.0,1000000.0,0.9,1.05,s1s2,b,False,True,False,46.6899,-119.1819,default
2580,0.0,0.0,0.0,0.0,0.0,0.0,0.0,0.0,0.0,0.0,0.0,0.0,0.0,0.0,q14411,PQ,1.0,1.0,1.0,7199.557856794634,1000000.0,0.9,1.05,abc,,False,False,False,46.69043246,-119.180264,default
2581,0.0,0.0,0.0,0.0,0.0,0.0,0.0,0.0,0.0,0.0,0.0,0.0,0.0,0.0,d5956499-2_int,PQ,1.0,1.0,1.0,7199.557856794634,1000000.0,0.9,1.05,abc,,False,False,False,46.69108586,-119.1800551,default
2582,0.0,0.0,0.0,0.0,0.0,0.0,0.0,0.0,0.0,0.0,0.0,0.0,0.0,0.0,l2766749,PQ,1.0,1.0,1.0,7199.557856794634,1000000.0,0.9,1.05,abc,,False,False,False,46.69133694,-119.179935,default
2583,0.0,0.0,0.0,0.0,0.0,0.0,0.0,0.0,0.0,0.0,0.0,0.0,0.0,0.0,m1069438,PQ,1.0,1.0,1.0,7199.557856794634,1000000.0,0.9,1.05,abc,,False,False,False,46.6922789,-119.1796474,default
2584,0.0,0.0,0.0,0.0,0.0,0.0,0.0,0.0,0.0,0.0,0.0,0.0,0.0,0.0,l2925506,PQ,1.0,1.0,1.0,7199.557856794634,1000000.0,0.9,1.05,abc,,False,False,False,46.69271228,-119.179518,default
2585,0.0,0.0,0.0,0.0,0.0,0.0,0.0,0.0,0.0,0.0,0.0,0.0,0.0,0.0,n1139260,PQ,1.0,1.0,1.0,7199.557856794634,1000000.0,0.9,1.05,abc,,False,False,False,46.6941115,-119.1790156,default
2586,0.0,0.0,0.0,0.0,0.0,0.0,0.0,0.0,0.0,0.0,0.0,0.0,0.0,0.0,m1069457,PQ,1.0,1.0,1.0,7199.557856794634,1000000.0,0.9,1.05,abc,,False,False,False,46.6942051,-119.178982,default
2587,0.0,0.0,0.0,0.0,0.0,0.0,0.0,0.0,0.0,0.0,0.0,0.0,0.0,0.0,e182745,PQ,1.0,1.0,1.0,7199.557856794634,1000000.0,0.9,1.05,abc,,False,False,False,46.6941784,-119.1787972,default
2588,0.0,0.0,0.0,0.0,0.0,0.0,0.0,0.0,0.0,0.0,0.0,0.0,0.0,0.0,d5837361-8_int,PQ,1.0,1.0,1.0,7199.557856794634,1000000.0,0.9,1.05,abc,,False,False,False,46.69416552,-119.1782797,default
2589,0.0,0.0,0.0,0.0,0.0,0.0,0.0,0.0,0.0,0.0,0.0,0.0,0.0,0.0,n1147867,PQ,1.0,1.0,1.0,7199.557856794634,1000000.0,0.9,1.05,abc,,False,False,False,46.69416404,-119.1780185,default
2590,0.0,0.0,0.0,0.0,0.0,0.0,0.0,0.0,0.0,0.0,0.0,0.0,0.0,0.0,m1069456,PQ,1.0,1.0,1.0,7199.557856794634,1000000.0,0.9,1.05,abc,,False,False,False,46.69410892,-119.1777575,default
2591,0.0,0.0,0.0,0.0,0.0,0.0,0.0,0.0,0.0,0.0,0.0,0.0,0.0,0.0,l2897806,PQ,1.0,1.0,1.0,7199.557856794634,1000000.0,0.9,1.05,c,,False,False,False,46.69499358,-119.1785217,default
2592,0.0,0.0,0.0,0.0,0.0,0.0,0.0,0.0,0.0,0.0,0.0,0.0,0.0,0.0,x2897806c,PQ,1.0,1.0,1.0,104.0,1000000.0,0.9,1.05,s1s2,c,False,False,False,46.6946,-119.1785,default
2593,0.0,0.0,0.0,0.0,0.0,0.0,0.0029240855357652,0.0007328453407484,0.0031759148335736,0.0007959597499472,0.0,0.0,0.0,0.0,sx2897806c,PQ,1.0,1.0,1.0,104.0,1000000.0,0.9,1.05,s1s2,c,False,True,False,46.6947,-119.1788,default
2594,0.0,0.0,0.0,0.0,0.0,0.0,0.0,0.0,0.0,0.0,0.0,0.0,0.0,0.0,l3104155,PQ,1.0,1.0,1.0,7199.557856794634,1000000.0,0.9,1.05,abc,,False,False,False,46.69399724,-119.1772309,default
2595,0.0,0.0,0.0,0.0,0.0,0.0,0.0,0.0,0.0,0.0,0.0,0.0,0.0,0.0,l3104154,PQ,1.0,1.0,1.0,7199.557856794634,1000000.0,0.9,1.05,abc,,False,False,False,46.69396714,-119.1765417,default
2596,0.0,0.0,0.0,0.0,0.0,0.0,0.0,0.0,0.0,0.0,0.0,0.0,0.0,0.0,l2804282,PQ,1.0,1.0,1.0,7199.557856794634,1000000.0,0.9,1.05,abc,,False,False,False,46.69393024,-119.1751479,default
2597,0.0,0.0,0.0,0.0,0.0,0.0,0.0,0.0,0.0,0.0,0.0,0.0,0.0,0.0,m1069451,PQ,1.0,1.0,1.0,7199.557856794634,1000000.0,0.9,1.05,abc,,False,False,False,46.6935786,-119.1716592,default
2598,0.0,0.0,0.0,0.0,0.0,0.0,0.0,0.0,0.0,0.0,0.0,0.0,0.0,0.0,m1089179,PQ,1.0,1.0,1.0,7199.557856794634,1000000.0,0.9,1.05,abc,,False,False,False,46.69331524,-119.169735,default
2599,0.0,0.0,0.0,0.0,0.0,0.0,0.0,0.0,0.0,0.0,0.0,0.0,0.0,0.0,m1089176,PQ,1.0,1.0,1.0,7199.557856794634,1000000.0,0.9,1.05,abc,,False,False,False,46.6929489,-119.1686314,default
2600,0.0,0.0,0.0,0.0,0.0,0.0,0.0,0.0,0.0,0.0,0.0,0.0,0.0,0.0,n1140516,PQ,1.0,1.0,1.0,7199.557856794634,1000000.0,0.9,1.05,abc,,False,False,False,46.69214378,-119.1667009,default
2601,0.0,0.0,0.0,0.0,0.0,0.0,0.0,0.0,0.0,0.0,0.0,0.0,0.0,0.0,p827501,PQ,1.0,1.0,1.0,7199.557856794634,1000000.0,0.9,1.05,abc,,False,False,False,46.69211626,-119.1666349,default
2602,0.0,0.0,0.0,0.0,0.0,0.0,0.0,0.0,0.0,0.0,0.0,0.0,0.0,0.0,d5534967-1_int,PQ,1.0,1.0,1.0,7199.557856794634,1000000.0,0.9,1.05,abc,,False,False,False,46.69173926,-119.1662695,default
2603,0.0,0.0,0.0,0.0,0.0,0.0,0.0,0.0,0.0,0.0,0.0,0.0,0.0,0.0,m1089174,PQ,1.0,1.0,1.0,7199.557856794634,1000000.0,0.9,1.05,abc,,False,False,False,46.69132792,-119.1650827,default
2604,0.0,0.0,0.0,0.0,0.0,0.0,0.0,0.0,0.0,0.0,0.0,0.0,0.0,0.0,m1089173,PQ,1.0,1.0,1.0,7199.557856794634,1000000.0,0.9,1.05,abc,,False,False,False,46.69119358,-119.1646024,default
2605,0.0,0.0,0.0,0.0,0.0,0.0,0.0,0.0,0.0,0.0,0.0,0.0,0.0,0.0,l2673307,PQ,1.0,1.0,1.0,7199.557856794634,1000000.0,0.9,1.05,c,,False,False,False,46.68999242,-119.1645587,default
2606,0.0,0.0,0.0,0.0,0.0,0.0,0.0,0.0,0.0,0.0,0.0,0.0,0.0,0.0,x2673307c,PQ,1.0,1.0,1.0,104.0,1000000.0,0.9,1.05,s1s2,c,False,False,False,46.6896,-119.1646,default
2607,0.0,0.0,0.0,0.0,0.0,0.0,0.0001515610767186,3.798480804616382e-05,0.0059484394035837,0.0014908203462147,0.0,0.0,0.0,0.0,sx2673307c,PQ,1.0,1.0,1.0,104.0,1000000.0,0.9,1.05,s1s2,c,False,True,False,46.6897,-119.1648,default
2608,0.0,0.0,0.0,0.0,0.0,0.0,0.0,0.0,0.0,0.0,0.0,0.0,0.0,0.0,l2879062,PQ,1.0,1.0,1.0,7199.557856794634,1000000.0,0.9,1.05,c,,False,False,False,46.6906386,-119.1632082,default
2609,0.0,0.0,0.0,0.0,0.0,0.0,0.0,0.0,0.0,0.0,0.0,0.0,0.0,0.0,x2879062c,PQ,1.0,1.0,1.0,104.0,1000000.0,0.9,1.05,s1s2,c,False,False,False,46.6903,-119.1632,default
2610,0.0,0.0,0.0,0.0,0.0,0.0,0.0054941084577221,0.001376954202844,0.0006058919908637,0.0001518509336159,0.0,0.0,0.0,0.0,sx2879062c,PQ,1.0,1.0,1.0,104.0,1000000.0,0.9,1.05,s1s2,c,False,True,False,46.6903,-119.1635,default
2611,0.0,0.0,0.0,0.0,0.0,0.0,0.0,0.0,0.0,0.0,0.0,0.0,0.0,0.0,l2935551,PQ,1.0,1.0,1.0,7199.557856794634,1000000.0,0.9,1.05,abc,,False,False,False,46.69206328,-119.164605,default
2612,0.0,0.0,0.0,0.0,0.0,0.0,0.0,0.0,0.0,0.0,0.0,0.0,0.0,0.0,d5746546-1_int,PQ,1.0,1.0,1.0,7199.557856794634,1000000.0,0.9,1.05,abc,,False,False,False,46.69217484,-119.1646047,default
2613,0.0,0.0,0.0,0.0,0.0,0.0,0.0,0.0,0.0,0.0,0.0,0.0,0.0,0.0,x2935551c,PQ,1.0,1.0,1.0,104.0,1000000.0,0.9,1.05,s1s2,c,False,False,False,46.6917,-119.1646,default
2614,0.0,0.0,0.0,0.0,0.0,0.0,0.005202062931443,0.001303760579026,0.000897937419434,0.0002250444494447,0.0,0.0,0.0,0.0,sx2935551c,PQ,1.0,1.0,1.0,104.0,1000000.0,0.9,1.05,s1s2,c,True,True,False,46.6917,-119.1649,default
2615,0.0,0.0,0.0,0.0,0.0,0.0,0.0,0.0,0.0,0.0,0.0,0.0,0.0,0.0,x2804282c,PQ,1.0,1.0,1.0,104.0,1000000.0,0.9,1.05,s1s2,c,False,False,False,46.6936,-119.1751,default
2616,0.0,0.0,0.0,0.0,0.0,0.0,0.0007845156763613,0.0001966182746304,0.0053154847590413,0.0013321868536943,0.0,0.0,0.0,0.0,sx2804282c,PQ,1.0,1.0,1.0,104.0,1000000.0,0.9,1.05,s1s2,c,False,True,False,46.6936,-119.1754,default
2617,0.0,0.0,0.0,0.0,0.0,0.0,0.0,0.0,0.0,0.0,0.0,0.0,0.0,0.0,x3104154c,PQ,1.0,1.0,1.0,104.0,1000000.0,0.9,1.05,s1s2,c,False,False,False,46.6936,-119.1765,default
2618,0.0,0.0,0.0,0.0,0.0,0.0,0.009520078939275,0.0023859581019162,0.0057399221920131,0.0014385609233135,0.0,0.0,0.0,0.0,sx3104154c,PQ,1.0,1.0,1.0,104.0,1000000.0,0.9,1.05,s1s2,c,False,True,False,46.6937,-119.1768,default
2619,0.0,0.0,0.0,0.0,0.0,0.0,0.0,0.0,0.0,0.0,0.0,0.0,0.0,0.0,x3104155c,PQ,1.0,1.0,1.0,104.0,1000000.0,0.9,1.05,s1s2,c,False,False,False,46.6936,-119.1772,default
2620,0.0,0.0,0.0,0.0,0.0,0.0,0.0025140266541903,0.0006300748020504,0.0076559739143095,0.0019187689704304,0.0,0.0,0.0,0.0,sx3104155c,PQ,1.0,1.0,1.0,104.0,1000000.0,0.9,1.05,s1s2,c,True,True,False,46.6937,-119.1775,default
2621,0.0,0.0,0.0,0.0,0.0,0.0,0.0,0.0,0.0,0.0,0.0,0.0,0.0,0.0,x2925506c,PQ,1.0,1.0,1.0,104.0,1000000.0,0.9,1.05,s1s2,c,False,False,False,46.6924,-119.1795,default
2622,0.0,0.0,0.0,0.0,0.0,0.0,0.0027993540536238,0.0007015846581959,0.0073706466704051,0.0018472592822265,0.0,0.0,0.0,0.0,sx2925506c,PQ,1.0,1.0,1.0,104.0,1000000.0,0.9,1.05,s1s2,c,False,True,False,46.6924,-119.1798,default
2623,0.0,0.0,0.0,0.0,0.0,0.0,0.0,0.0,0.0,0.0,0.0,0.0,0.0,0.0,p827575,PQ,1.0,1.0,1.0,7199.557856794634,1000000.0,0.9,1.05,c,,False,False,False,46.6922719,-119.1798195,default
2624,0.0,0.0,0.0,0.0,0.0,0.0,0.0,0.0,0.0,0.0,0.0,0.0,0.0,0.0,m1069437,PQ,1.0,1.0,1.0,7199.557856794634,1000000.0,0.9,1.05,c,,False,False,False,46.69226836,-119.1799065,default
2625,0.0,0.0,0.0,0.0,0.0,0.0,0.0,0.0,0.0,0.0,0.0,0.0,0.0,0.0,n1139258,PQ,1.0,1.0,1.0,7199.557856794634,1000000.0,0.9,1.05,c,,False,False,False,46.69226052,-119.1800991,default
2626,0.0,0.0,0.0,0.0,0.0,0.0,0.0,0.0,0.0,0.0,0.0,0.0,0.0,0.0,l3066810,PQ,1.0,1.0,1.0,7199.557856794634,1000000.0,0.9,1.05,c,,False,False,False,46.69223222,-119.1807949,default
2627,0.0,0.0,0.0,0.0,0.0,0.0,0.0,0.0,0.0,0.0,0.0,0.0,0.0,0.0,l2897769,PQ,1.0,1.0,1.0,7199.557856794634,1000000.0,0.9,1.05,c,,False,False,False,46.69213142,-119.1830124,default
2628,0.0,0.0,0.0,0.0,0.0,0.0,0.0,0.0,0.0,0.0,0.0,0.0,0.0,0.0,l3778577,PQ,1.0,1.0,1.0,7199.557856794634,1000000.0,0.9,1.05,c,,False,False,False,46.69232504,-119.1839278,default
2629,0.0,0.0,0.0,0.0,0.0,0.0,0.0,0.0,0.0,0.0,0.0,0.0,0.0,0.0,l3141395,PQ,1.0,1.0,1.0,7199.557856794634,1000000.0,0.9,1.05,c,,False,False,False,46.6922272,-119.1850168,default
2630,0.0,0.0,0.0,0.0,0.0,0.0,0.0,0.0,0.0,0.0,0.0,0.0,0.0,0.0,x3141395c,PQ,1.0,1.0,1.0,104.0,1000000.0,0.9,1.05,s1s2,c,False,False,False,46.6919,-119.185,default
2631,0.0,0.0,0.0,0.0,0.0,0.0,0.0023063914883213,0.0005780365222698,0.0078636092739782,0.0019708074390275,0.0,0.0,0.0,0.0,sx3141395c,PQ,1.0,1.0,1.0,104.0,1000000.0,0.9,1.05,s1s2,c,False,True,False,46.6919,-119.1853,default
2632,0.0,0.0,0.0,0.0,0.0,0.0,0.0,0.0,0.0,0.0,0.0,0.0,0.0,0.0,x3778577c,PQ,1.0,1.0,1.0,104.0,1000000.0,0.9,1.05,s1s2,c,False,False,False,46.692,-119.1839,default
2633,0.0,0.0,0.0,0.0,0.0,0.0,0.0034111841374073,0.0008549238213463,0.0067588165600543,0.0016939201048465,0.0,0.0,0.0,0.0,sx3778577c,PQ,1.0,1.0,1.0,104.0,1000000.0,0.9,1.05,s1s2,c,False,True,False,46.692,-119.1842,default
2634,0.0,0.0,0.0,0.0,0.0,0.0,0.0,0.0,0.0,0.0,0.0,0.0,0.0,0.0,x2897769c,PQ,1.0,1.0,1.0,104.0,1000000.0,0.9,1.05,s1s2,c,False,False,False,46.6918,-119.183,default
2635,0.0,0.0,0.0,0.0,0.0,0.0,0.0006170577578478,0.0001546493386158,0.0095529431679167,0.0023941947106844,0.0,0.0,0.0,0.0,sx2897769c,PQ,1.0,1.0,1.0,104.0,1000000.0,0.9,1.05,s1s2,c,False,True,False,46.6918,-119.1833,default
2636,0.0,0.0,0.0,0.0,0.0,0.0,0.0,0.0,0.0,0.0,0.0,0.0,0.0,0.0,x3066810c,PQ,1.0,1.0,1.0,104.0,1000000.0,0.9,1.05,s1s2,c,False,False,False,46.6919,-119.1808,default
2637,0.0,0.0,0.0,0.0,0.0,0.0,0.0022827468587291,0.0005721106158004,0.0078872539007711,0.0019767333438033,0.0,0.0,0.0,0.0,sx3066810c,PQ,1.0,1.0,1.0,104.0,1000000.0,0.9,1.05,s1s2,c,False,True,False,46.6919,-119.1811,default
2638,0.0,0.0,0.0,0.0,0.0,0.0,0.0,0.0,0.0,0.0,0.0,0.0,0.0,0.0,n1139259,PQ,1.0,1.0,1.0,7199.557856794634,1000000.0,0.9,1.05,c,,False,False,False,46.69226998,-119.179306,default
2639,0.0,0.0,0.0,0.0,0.0,0.0,0.0,0.0,0.0,0.0,0.0,0.0,0.0,0.0,l2710543,PQ,1.0,1.0,1.0,7199.557856794634,1000000.0,0.9,1.05,c,,False,False,False,46.69225674,-119.1786958,default
2640,0.0,0.0,0.0,0.0,0.0,0.0,0.0,0.0,0.0,0.0,0.0,0.0,0.0,0.0,x2710543c,PQ,1.0,1.0,1.0,104.0,1000000.0,0.9,1.05,s1s2,c,False,False,False,46.6919,-119.1787,default
2641,0.0,0.0,0.0,0.0,0.0,0.0,0.0075016812779324,0.0018800995668817,0.0026683192811133,0.0006687441994376,0.0,0.0,0.0,0.0,sx2710543c,PQ,1.0,1.0,1.0,104.0,1000000.0,0.9,1.05,s1s2,c,True,True,False,46.6919,-119.179,default
2642,0.0,0.0,0.0,0.0,0.0,0.0,0.0,0.0,0.0,0.0,0.0,0.0,0.0,0.0,x2766749b,PQ,1.0,1.0,1.0,104.0,1000000.0,0.9,1.05,s1s2,b,False,False,False,46.691,-119.1799,default
2643,0.0,0.0,0.0,0.0,0.0,0.0,0.0072567769912255,0.0018187198591207,0.0024732239415236,0.0006198483733159,0.0,0.0,0.0,0.0,sx2766749b,PQ,1.0,1.0,1.0,104.0,1000000.0,0.9,1.05,s1s2,b,False,True,False,46.691,-119.1802,default
2644,0.0,0.0,0.0,0.0,0.0,0.0,0.0,0.0,0.0,0.0,0.0,0.0,0.0,0.0,n1139255,PQ,1.0,1.0,1.0,7199.557856794634,1000000.0,0.9,1.05,a,,False,False,False,46.68908666,-119.1808283,default
2645,0.0,0.0,0.0,0.0,0.0,0.0,0.0,0.0,0.0,0.0,0.0,0.0,0.0,0.0,p827500,PQ,1.0,1.0,1.0,7199.557856794634,1000000.0,0.9,1.05,a,,False,False,False,46.68908626,-119.1808925,default
2646,0.0,0.0,0.0,0.0,0.0,0.0,0.0,0.0,0.0,0.0,0.0,0.0,0.0,0.0,l2822861,PQ,1.0,1.0,1.0,7199.557856794634,1000000.0,0.9,1.05,a,,False,False,False,46.68909466,-119.1825745,default
2647,0.0,0.0,0.0,0.0,0.0,0.0,0.0,0.0,0.0,0.0,0.0,0.0,0.0,0.0,l2841616,PQ,1.0,1.0,1.0,7199.557856794634,1000000.0,0.9,1.05,a,,False,False,False,46.68920396,-119.1861055,default
2648,0.0,0.0,0.0,0.0,0.0,0.0,0.0,0.0,0.0,0.0,0.0,0.0,0.0,0.0,x2841616a,PQ,1.0,1.0,1.0,104.0,1000000.0,0.9,1.05,s1s2,a,False,False,False,46.6889,-119.1861,default
2649,0.0,0.0,0.0,0.0,0.0,0.0,0.00704591021035,0.001765871246739,0.0018240892522541,0.000457159786144,0.0,0.0,0.0,0.0,sx2841616a,PQ,1.0,1.0,1.0,104.0,1000000.0,0.9,1.05,s1s2,a,True,True,False,46.6889,-119.1864,default
2650,0.0,0.0,0.0,0.0,0.0,0.0,0.0,0.0,0.0,0.0,0.0,0.0,0.0,0.0,x2822861a,PQ,1.0,1.0,1.0,104.0,1000000.0,0.9,1.05,s1s2,a,False,False,False,46.6887,-119.1826,default
2651,0.0,0.0,0.0,0.0,0.0,0.0,0.0010778932906719,0.0002701454734769,0.0077921060663992,0.0019528854576284,0.0,0.0,0.0,0.0,sx2822861a,PQ,1.0,1.0,1.0,104.0,1000000.0,0.9,1.05,s1s2,a,False,True,False,46.6888,-119.1829,default
2652,0.0,0.0,0.0,0.0,0.0,0.0,0.0,0.0,0.0,0.0,0.0,0.0,0.0,0.0,x2935549b,PQ,1.0,1.0,1.0,104.0,1000000.0,0.9,1.05,s1s2,b,False,False,False,46.6875,-119.181,default
2653,0.0,0.0,0.0,0.0,0.0,0.0,0.0101101573619554,0.0025338444372312,0.0044798440807128,0.0011227548040603,0.0,0.0,0.0,0.0,sx2935549b,PQ,1.0,1.0,1.0,104.0,1000000.0,0.9,1.05,s1s2,b,False,True,False,46.6875,-119.1813,default
2654,0.0,0.0,0.0,0.0,0.0,0.0,0.0,0.0,0.0,0.0,0.0,0.0,0.0,0.0,p827499,PQ,1.0,1.0,1.0,7199.557856794634,1000000.0,0.9,1.05,a,,False,False,False,46.68661892,-119.181539,default
2655,0.0,0.0,0.0,0.0,0.0,0.0,0.0,0.0,0.0,0.0,0.0,0.0,0.0,0.0,n1139254,PQ,1.0,1.0,1.0,7199.557856794634,1000000.0,0.9,1.05,a,,False,False,False,46.686687,-119.1816115,default
2656,0.0,0.0,0.0,0.0,0.0,0.0,0.0,0.0,0.0,0.0,0.0,0.0,0.0,0.0,l3122811,PQ,1.0,1.0,1.0,7199.557856794634,1000000.0,0.9,1.05,a,,False,False,False,46.68698204,-119.1819256,default
2657,0.0,0.0,0.0,0.0,0.0,0.0,0.0,0.0,0.0,0.0,0.0,0.0,0.0,0.0,x3122811a,PQ,1.0,1.0,1.0,104.0,1000000.0,0.9,1.05,s1s2,a,False,False,False,46.6866,-119.1819,default
2658,0.0,0.0,0.0,0.0,0.0,0.0,0.0075499799402604,0.0018922029453788,0.0013200194299808,0.0003308279927146,0.0,0.0,0.0,0.0,sx3122811a,PQ,1.0,1.0,1.0,104.0,1000000.0,0.9,1.05,s1s2,a,False,True,False,46.6867,-119.1822,default
2659,0.0,0.0,0.0,0.0,0.0,0.0,0.0,0.0,0.0,0.0,0.0,0.0,0.0,0.0,p901910,PQ,1.0,1.0,1.0,7199.557856794634,1000000.0,0.9,1.05,b,,False,False,False,46.68127504,-119.1811919,default
2660,0.0,0.0,0.0,0.0,0.0,0.0,0.0,0.0,0.0,0.0,0.0,0.0,0.0,0.0,n1139252,PQ,1.0,1.0,1.0,7199.557856794634,1000000.0,0.9,1.05,b,,False,False,False,46.68126694,-119.1813075,default
2661,0.0,0.0,0.0,0.0,0.0,0.0,0.0,0.0,0.0,0.0,0.0,0.0,0.0,0.0,l3122812,PQ,1.0,1.0,1.0,7199.557856794634,1000000.0,0.9,1.05,b,,False,False,False,46.6812595,-119.181414,default
2662,0.0,0.0,0.0,0.0,0.0,0.0,0.0,0.0,0.0,0.0,0.0,0.0,0.0,0.0,x3122812b,PQ,1.0,1.0,1.0,104.0,1000000.0,0.9,1.05,s1s2,b,False,False,False,46.6809,-119.1814,default
2663,0.0,0.0,0.0,0.0,0.0,0.0,0.0048538240378137,0.0012164830230729,0.0097361773755975,0.0024401162101461,0.0,0.0,0.0,0.0,sx3122812b,PQ,1.0,1.0,1.0,104.0,1000000.0,0.9,1.05,s1s2,b,False,True,False,46.6809,-119.1817,default
2664,0.0,0.0,0.0,0.0,0.0,0.0,0.0,0.0,0.0,0.0,0.0,0.0,0.0,0.0,x2766741a,PQ,1.0,1.0,1.0,104.0,1000000.0,0.9,1.05,s1s2,a,False,False,False,46.6786,-119.1813,default
2665,0.0,0.0,0.0,0.0,0.0,0.0,0.0001761515769939,4.414773867616923e-05,0.0086938477455513,0.0021788831719968,0.0,0.0,0.0,0.0,sx2766741a,PQ,1.0,1.0,1.0,104.0,1000000.0,0.9,1.05,s1s2,a,False,True,False,46.6786,-119.1815,default
2666,0.0,0.0,0.0,0.0,0.0,0.0,0.0,0.0,0.0,0.0,0.0,0.0,0.0,0.0,x2822877b,PQ,1.0,1.0,1.0,104.0,1000000.0,0.9,1.05,s1s2,b,False,False,False,46.6771,-119.1815,default
2667,0.0,0.0,0.0,0.0,0.0,0.0,7.645125987592767e-06,1.9160492655194923e-06,0.0058323554468573,0.0014617261583348,0.0,0.0,0.0,0.0,sx2822877b,PQ,1.0,1.0,1.0,104.0,1000000.0,0.9,1.05,s1s2,b,False,True,False,46.6772,-119.1818,default
2668,0.0,0.0,0.0,0.0,0.0,0.0,0.0,0.0,0.0,0.0,0.0,0.0,0.0,0.0,p827563,PQ,1.0,1.0,1.0,7199.557856794634,1000000.0,0.9,1.05,abc,,False,False,False,46.67702884,-119.1819186,default
2669,0.0,0.0,0.0,0.0,0.0,0.0,0.0,0.0,0.0,0.0,0.0,0.0,0.0,0.0,n1138595,PQ,1.0,1.0,1.0,7199.557856794634,1000000.0,0.9,1.05,abc,,False,False,False,46.67706116,-119.182027,default
2670,0.0,0.0,0.0,0.0,0.0,0.0,0.0,0.0,0.0,0.0,0.0,0.0,0.0,0.0,m3036167,PQ,1.0,1.0,1.0,7199.557856794634,1000000.0,0.9,1.05,abc,,False,False,False,46.67771506,-119.1838847,default
2671,0.0,0.0,0.0,0.0,0.0,0.0,0.0,0.0,0.0,0.0,0.0,0.0,0.0,0.0,l2973156,PQ,1.0,1.0,1.0,7199.557856794634,1000000.0,0.9,1.05,abc,,False,False,False,46.67773502,-119.1839325,default
2672,0.0,0.0,0.0,0.0,0.0,0.0,0.0,0.0,0.0,0.0,0.0,0.0,0.0,0.0,d6017295-1_int,PQ,1.0,1.0,1.0,7199.557856794634,1000000.0,0.9,1.05,abc,,False,False,False,46.67823582,-119.185068,default
2673,0.0,0.0,0.0,0.0,0.0,0.0,0.0,0.0,0.0,0.0,0.0,0.0,0.0,0.0,m1069393,PQ,1.0,1.0,1.0,7199.557856794634,1000000.0,0.9,1.05,abc,,False,False,False,46.67881524,-119.1854472,default
2674,0.0,0.0,0.0,0.0,0.0,0.0,0.0,0.0,0.0,0.0,0.0,0.0,0.0,0.0,l3029501,PQ,1.0,1.0,1.0,7199.557856794634,1000000.0,0.9,1.05,abc,,False,False,False,46.67767098,-119.1867359,default
2675,0.0,0.0,0.0,0.0,0.0,0.0,0.0,0.0,0.0,0.0,0.0,0.0,0.0,0.0,m3036165,PQ,1.0,1.0,1.0,7199.557856794634,1000000.0,0.9,1.05,abc,,False,False,False,46.67765364,-119.1867602,default
2676,0.0,0.0,0.0,0.0,0.0,0.0,0.0,0.0,0.0,0.0,0.0,0.0,0.0,0.0,l3197636,PQ,1.0,1.0,1.0,7199.557856794634,1000000.0,0.9,1.05,abc,,False,False,False,46.67592808,-119.1889259,default
2677,0.0,0.0,0.0,0.0,0.0,0.0,0.0,0.0,0.0,0.0,0.0,0.0,0.0,0.0,m1047424,PQ,1.0,1.0,1.0,7199.557856794634,1000000.0,0.9,1.05,abc,,False,False,False,46.67463772,-119.1889005,default
2678,0.0,0.0,0.0,0.0,0.0,0.0,0.0,0.0,0.0,0.0,0.0,0.0,0.0,0.0,l2691949,PQ,1.0,1.0,1.0,7199.557856794634,1000000.0,0.9,1.05,abc,,False,False,False,46.6737102,-119.1889304,default
2679,0.0,0.0,0.0,0.0,0.0,0.0,0.0,0.0,0.0,0.0,0.0,0.0,0.0,0.0,l2692000,PQ,1.0,1.0,1.0,7199.557856794634,1000000.0,0.9,1.05,a,,False,False,False,46.67257308,-119.1902899,default
2680,0.0,0.0,0.0,0.0,0.0,0.0,0.0,0.0,0.0,0.0,0.0,0.0,0.0,0.0,x2691949b,PQ,1.0,1.0,1.0,104.0,1000000.0,0.9,1.05,s1s2,b,False,False,False,46.6734,-119.1889,default
2681,0.0,0.0,0.0,0.0,0.0,0.0,0.0084117835078534,0.0021081918288358,0.001318217477217,0.0003303764573929,0.0,0.0,0.0,0.0,sx2691949b,PQ,1.0,1.0,1.0,104.0,1000000.0,0.9,1.05,s1s2,b,False,True,False,46.6734,-119.1892,default
2682,0.0,0.0,0.0,0.0,0.0,0.0,0.0,0.0,0.0,0.0,0.0,0.0,0.0,0.0,l3104127,PQ,1.0,1.0,1.0,7199.557856794634,1000000.0,0.9,1.05,b,,False,False,False,46.67443394,-119.1896668,default
2683,0.0,0.0,0.0,0.0,0.0,0.0,0.0,0.0,0.0,0.0,0.0,0.0,0.0,0.0,x3104127b,PQ,1.0,1.0,1.0,104.0,1000000.0,0.9,1.05,s1s2,b,False,False,False,46.6741,-119.1897,default
2684,0.0,0.0,0.0,0.0,0.0,0.0,0.0012725420997024,0.0003189291281504,0.0084574588879716,0.0021196391594781,0.0,0.0,0.0,0.0,sx3104127b,PQ,1.0,1.0,1.0,104.0,1000000.0,0.9,1.05,s1s2,b,False,True,False,46.6741,-119.1899,default
2685,0.0,0.0,0.0,0.0,0.0,0.0,0.0,0.0,0.0,0.0,0.0,0.0,0.0,0.0,x3197636b,PQ,1.0,1.0,1.0,104.0,1000000.0,0.9,1.05,s1s2,b,False,False,False,46.6756,-119.1889,default
2686,0.0,0.0,0.0,0.0,0.0,0.0,0.0089715607887688,0.00224848525679,0.0007584402287441,0.0001900830476199,0.0,0.0,0.0,0.0,sx3197636b,PQ,1.0,1.0,1.0,104.0,1000000.0,0.9,1.05,s1s2,b,False,True,False,46.6756,-119.1892,default
2687,0.0,0.0,0.0,0.0,0.0,0.0,0.0,0.0,0.0,0.0,0.0,0.0,0.0,0.0,l3235252,PQ,1.0,1.0,1.0,7199.557856794634,1000000.0,0.9,1.05,b,,False,False,False,46.6767382,-119.1865418,default
2688,0.0,0.0,0.0,0.0,0.0,0.0,0.0,0.0,0.0,0.0,0.0,0.0,0.0,0.0,x3235252b,PQ,1.0,1.0,1.0,104.0,1000000.0,0.9,1.05,s1s2,b,False,False,False,46.6764,-119.1865,default
2689,0.0,0.0,0.0,0.0,0.0,0.0,0.0093053853746719,0.0023321495943467,0.0004246156638375,0.0001064187213319,0.0,0.0,0.0,0.0,sx3235252b,PQ,1.0,1.0,1.0,104.0,1000000.0,0.9,1.05,s1s2,b,False,True,False,46.6764,-119.1868,default
2690,0.0,0.0,0.0,0.0,0.0,0.0,0.0,0.0,0.0,0.0,0.0,0.0,0.0,0.0,x3029501b,PQ,1.0,1.0,1.0,104.0,1000000.0,0.9,1.05,s1s2,b,False,False,False,46.6773,-119.1867,default
2691,0.0,0.0,0.0,0.0,0.0,0.0,0.003852507588013,0.0009655294754101,0.0019874929364511,0.0004981127106077,0.0,0.0,0.0,0.0,sx3029501b,PQ,1.0,1.0,1.0,104.0,1000000.0,0.9,1.05,s1s2,b,False,True,False,46.6774,-119.187,default
2692,0.0,0.0,0.0,0.0,0.0,0.0,0.0,0.0,0.0,0.0,0.0,0.0,0.0,0.0,m1069408,PQ,1.0,1.0,1.0,7199.557856794634,1000000.0,0.9,1.05,b,,False,False,False,46.67945118,-119.1863686,default
2693,0.0,0.0,0.0,0.0,0.0,0.0,0.0,0.0,0.0,0.0,0.0,0.0,0.0,0.0,l2822867,PQ,1.0,1.0,1.0,7199.557856794634,1000000.0,0.9,1.05,b,,False,False,False,46.68024962,-119.1873511,default
2694,0.0,0.0,0.0,0.0,0.0,0.0,0.0,0.0,0.0,0.0,0.0,0.0,0.0,0.0,m1069412,PQ,1.0,1.0,1.0,7199.557856794634,1000000.0,0.9,1.05,b,,False,False,False,46.6802872,-119.1873974,default
2695,0.0,0.0,0.0,0.0,0.0,0.0,0.0,0.0,0.0,0.0,0.0,0.0,0.0,0.0,l2879061,PQ,1.0,1.0,1.0,7199.557856794634,1000000.0,0.9,1.05,b,,False,False,False,46.6811161,-119.1863969,default
2696,0.0,0.0,0.0,0.0,0.0,0.0,0.0,0.0,0.0,0.0,0.0,0.0,0.0,0.0,x2879061b,PQ,1.0,1.0,1.0,104.0,1000000.0,0.9,1.05,s1s2,b,False,False,False,46.6808,-119.1864,default
2697,0.0,0.0,0.0,0.0,0.0,0.0,0.0017129658096747,0.0004293097253975,0.0021770345380032,0.0005456163202343,0.0,0.0,0.0,0.0,sx2879061b,PQ,1.0,1.0,1.0,104.0,1000000.0,0.9,1.05,s1s2,b,False,True,False,46.6808,-119.1867,default
2698,0.0,0.0,0.0,0.0,0.0,0.0,0.0,0.0,0.0,0.0,0.0,0.0,0.0,0.0,l3066813,PQ,1.0,1.0,1.0,7199.557856794634,1000000.0,0.9,1.05,b,,False,False,False,46.6809619,-119.1880796,default
2699,0.0,0.0,0.0,0.0,0.0,0.0,0.0,0.0,0.0,0.0,0.0,0.0,0.0,0.0,l2991910,PQ,1.0,1.0,1.0,7199.557856794634,1000000.0,0.9,1.05,b,,False,False,False,46.6817018,-119.1892591,default
2700,0.0,0.0,0.0,0.0,0.0,0.0,0.0,0.0,0.0,0.0,0.0,0.0,0.0,0.0,l2879072,PQ,1.0,1.0,1.0,7199.557856794634,1000000.0,0.9,1.05,b,,False,False,False,46.68221122,-119.1897367,default
2701,0.0,0.0,0.0,0.0,0.0,0.0,0.0,0.0,0.0,0.0,0.0,0.0,0.0,0.0,m1047441,PQ,1.0,1.0,1.0,7199.557856794634,1000000.0,0.9,1.05,b,,False,False,False,46.6823917,-119.193657,default
2702,0.0,0.0,0.0,0.0,0.0,0.0,0.0,0.0,0.0,0.0,0.0,0.0,0.0,0.0,l2804258,PQ,1.0,1.0,1.0,7199.557856794634,1000000.0,0.9,1.05,b,,False,False,False,46.68157196,-119.193816,default
2703,0.0,0.0,0.0,0.0,0.0,0.0,0.0,0.0,0.0,0.0,0.0,0.0,0.0,0.0,x2804258b,PQ,1.0,1.0,1.0,104.0,1000000.0,0.9,1.05,s1s2,b,False,False,False,46.6812,-119.1938,default
2704,0.0,0.0,0.0,0.0,0.0,0.0,0.0095928885959318,0.0024042047273948,0.0001371125455345,3.4363644843985524e-05,0.0,0.0,0.0,0.0,sx2804258b,PQ,1.0,1.0,1.0,104.0,1000000.0,0.9,1.05,s1s2,b,False,True,False,46.6813,-119.1941,default
2705,0.0,0.0,0.0,0.0,0.0,0.0,0.0,0.0,0.0,0.0,0.0,0.0,0.0,0.0,l3197635,PQ,1.0,1.0,1.0,7199.557856794634,1000000.0,0.9,1.05,b,,False,False,False,46.68200776,-119.1927229,default
2706,0.0,0.0,0.0,0.0,0.0,0.0,0.0,0.0,0.0,0.0,0.0,0.0,0.0,0.0,x3197635b,PQ,1.0,1.0,1.0,104.0,1000000.0,0.9,1.05,s1s2,b,False,False,False,46.6817,-119.1927,default
2707,0.0,0.0,0.0,0.0,0.0,0.0,0.00116481221607,0.0002919294768804,0.0046751883676368,0.0011717127425139,0.0,0.0,0.0,0.0,sx3197635b,PQ,1.0,1.0,1.0,104.0,1000000.0,0.9,1.05,s1s2,b,False,True,False,46.6817,-119.193,default
2708,0.0,0.0,0.0,0.0,0.0,0.0,0.0,0.0,0.0,0.0,0.0,0.0,0.0,0.0,m1047442,PQ,1.0,1.0,1.0,7199.557856794634,1000000.0,0.9,1.05,b,,False,False,False,46.6824748,-119.1943722,default
2709,0.0,0.0,0.0,0.0,0.0,0.0,0.0,0.0,0.0,0.0,0.0,0.0,0.0,0.0,l3235250,PQ,1.0,1.0,1.0,7199.557856794634,1000000.0,0.9,1.05,b,,False,False,False,46.68305676,-119.1952292,default
2710,0.0,0.0,0.0,0.0,0.0,0.0,0.0,0.0,0.0,0.0,0.0,0.0,0.0,0.0,x3235250b,PQ,1.0,1.0,1.0,104.0,1000000.0,0.9,1.05,s1s2,b,False,False,False,46.6827,-119.1952,default
2711,0.0,0.0,0.0,0.0,0.0,0.0,0.0001729243686844,4.333893465110246e-05,0.0037170760282064,0.0009315871396008,0.0,0.0,0.0,0.0,sx3235250b,PQ,1.0,1.0,1.0,104.0,1000000.0,0.9,1.05,s1s2,b,False,True,False,46.6827,-119.1955,default
2712,0.0,0.0,0.0,0.0,0.0,0.0,0.0,0.0,0.0,0.0,0.0,0.0,0.0,0.0,m1047444,PQ,1.0,1.0,1.0,7199.557856794634,1000000.0,0.9,1.05,b,,False,False,False,46.68337004,-119.1948608,default
2713,0.0,0.0,0.0,0.0,0.0,0.0,0.0,0.0,0.0,0.0,0.0,0.0,0.0,0.0,m1047447,PQ,1.0,1.0,1.0,7199.557856794634,1000000.0,0.9,1.05,b,,False,False,False,46.6841149,-119.1973043,default
2714,0.0,0.0,0.0,0.0,0.0,0.0,0.0,0.0,0.0,0.0,0.0,0.0,0.0,0.0,l2766722,PQ,1.0,1.0,1.0,7199.557856794634,1000000.0,0.9,1.05,b,,False,False,False,46.6841647,-119.1989906,default
2715,0.0,0.0,0.0,0.0,0.0,0.0,0.0,0.0,0.0,0.0,0.0,0.0,0.0,0.0,l2879071,PQ,1.0,1.0,1.0,7199.557856794634,1000000.0,0.9,1.05,b,,False,False,False,46.6842255,-119.1998896,default
2716,0.0,0.0,0.0,0.0,0.0,0.0,0.0,0.0,0.0,0.0,0.0,0.0,0.0,0.0,l3029504,PQ,1.0,1.0,1.0,7199.557856794634,1000000.0,0.9,1.05,b,,False,False,False,46.68443978,-119.2012335,default
2717,0.0,0.0,0.0,0.0,0.0,0.0,0.0,0.0,0.0,0.0,0.0,0.0,0.0,0.0,l3046854,PQ,1.0,1.0,1.0,7199.557856794634,1000000.0,0.9,1.05,b,,False,False,False,46.68473664,-119.2021801,default
2718,0.0,0.0,0.0,0.0,0.0,0.0,0.0,0.0,0.0,0.0,0.0,0.0,0.0,0.0,m1047453,PQ,1.0,1.0,1.0,7199.557856794634,1000000.0,0.9,1.05,b,,False,False,False,46.68500078,-119.2030224,default
2719,0.0,0.0,0.0,0.0,0.0,0.0,0.0,0.0,0.0,0.0,0.0,0.0,0.0,0.0,l2691948,PQ,1.0,1.0,1.0,7199.557856794634,1000000.0,0.9,1.05,b,,False,False,False,46.6840608,-119.2034124,default
2720,0.0,0.0,0.0,0.0,0.0,0.0,0.0,0.0,0.0,0.0,0.0,0.0,0.0,0.0,x2691948b,PQ,1.0,1.0,1.0,104.0,1000000.0,0.9,1.05,s1s2,b,False,False,False,46.6837,-119.2034,default
2721,0.0,0.0,0.0,0.0,0.0,0.0,0.0026600158774067,0.0006666628693549,0.0031799847125614,0.0007969793549925,0.0,0.0,0.0,0.0,sx2691948b,PQ,1.0,1.0,1.0,104.0,1000000.0,0.9,1.05,s1s2,b,False,True,False,46.6837,-119.2037,default
2722,0.0,0.0,0.0,0.0,0.0,0.0,0.0,0.0,0.0,0.0,0.0,0.0,0.0,0.0,l2785547,PQ,1.0,1.0,1.0,7199.557856794634,1000000.0,0.9,1.05,b,,False,False,False,46.68562014,-119.2041137,default
2723,0.0,0.0,0.0,0.0,0.0,0.0,0.0,0.0,0.0,0.0,0.0,0.0,0.0,0.0,m1047457,PQ,1.0,1.0,1.0,7199.557856794634,1000000.0,0.9,1.05,b,,False,False,False,46.6859516,-119.2046583,default
2724,0.0,0.0,0.0,0.0,0.0,0.0,0.0,0.0,0.0,0.0,0.0,0.0,0.0,0.0,l2710546,PQ,1.0,1.0,1.0,7199.557856794634,1000000.0,0.9,1.05,b,,False,False,False,46.68640814,-119.2050741,default
2725,0.0,0.0,0.0,0.0,0.0,0.0,0.0,0.0,0.0,0.0,0.0,0.0,0.0,0.0,m4362181,PQ,1.0,1.0,1.0,7199.557856794634,1000000.0,0.9,1.05,b,,False,False,False,46.68662638,-119.2054324,default
2726,0.0,0.0,0.0,0.0,0.0,0.0,0.0,0.0,0.0,0.0,0.0,0.0,0.0,0.0,l3254214,PQ,1.0,1.0,1.0,7199.557856794634,1000000.0,0.9,1.05,b,,False,False,False,46.68717792,-119.206338,default
2727,0.0,0.0,0.0,0.0,0.0,0.0,0.0,0.0,0.0,0.0,0.0,0.0,0.0,0.0,l3214112,PQ,1.0,1.0,1.0,7199.557856794634,1000000.0,0.9,1.05,b,,False,False,False,46.68834366,-119.2066427,default
2728,0.0,0.0,0.0,0.0,0.0,0.0,0.0,0.0,0.0,0.0,0.0,0.0,0.0,0.0,l3160104,PQ,1.0,1.0,1.0,7199.557856794634,1000000.0,0.9,1.05,b,,False,False,False,46.68982198,-119.2066398,default
2729,0.0,0.0,0.0,0.0,0.0,0.0,0.0,0.0,0.0,0.0,0.0,0.0,0.0,0.0,m1047471,PQ,1.0,1.0,1.0,7199.557856794634,1000000.0,0.9,1.05,b,,False,False,False,46.69105664,-119.2078495,default
2730,0.0,0.0,0.0,0.0,0.0,0.0,0.0,0.0,0.0,0.0,0.0,0.0,0.0,0.0,l2879077,PQ,1.0,1.0,1.0,7199.557856794634,1000000.0,0.9,1.05,b,,False,False,False,46.69193754,-119.2090966,default
2731,0.0,0.0,0.0,0.0,0.0,0.0,0.0,0.0,0.0,0.0,0.0,0.0,0.0,0.0,m1026693,PQ,1.0,1.0,1.0,7199.557856794634,1000000.0,0.9,1.05,b,,False,False,False,46.69329218,-119.2103487,default
2732,0.0,0.0,0.0,0.0,0.0,0.0,0.0,0.0,0.0,0.0,0.0,0.0,0.0,0.0,l2991916,PQ,1.0,1.0,1.0,7199.557856794634,1000000.0,0.9,1.05,b,,False,False,False,46.69330638,-119.2086052,default
2733,0.0,0.0,0.0,0.0,0.0,0.0,0.0,0.0,0.0,0.0,0.0,0.0,0.0,0.0,x2991916b,PQ,1.0,1.0,1.0,104.0,1000000.0,0.9,1.05,s1s2,b,False,False,False,46.693,-119.2086,default
2734,0.0,0.0,0.0,0.0,0.0,0.0,0.0008359370714637,0.0002095055920998,0.0088940641092815,0.0022290628095166,0.0,0.0,0.0,0.0,sx2991916b,PQ,1.0,1.0,1.0,104.0,1000000.0,0.9,1.05,s1s2,b,False,True,False,46.693,-119.2089,default
2735,0.0,0.0,0.0,0.0,0.0,0.0,0.0,0.0,0.0,0.0,0.0,0.0,0.0,0.0,m1026699,PQ,1.0,1.0,1.0,7199.557856794634,1000000.0,0.9,1.05,b,,False,False,False,46.69401266,-119.2114931,default
2736,0.0,0.0,0.0,0.0,0.0,0.0,0.0,0.0,0.0,0.0,0.0,0.0,0.0,0.0,m1026704,PQ,1.0,1.0,1.0,7199.557856794634,1000000.0,0.9,1.05,b,,False,False,False,46.6943374,-119.2123046,default
2737,0.0,0.0,0.0,0.0,0.0,0.0,0.0,0.0,0.0,0.0,0.0,0.0,0.0,0.0,l2841634,PQ,1.0,1.0,1.0,7199.557856794634,1000000.0,0.9,1.05,b,,False,False,False,46.69199838,-119.2124515,default
2738,0.0,0.0,0.0,0.0,0.0,0.0,0.0,0.0,0.0,0.0,0.0,0.0,0.0,0.0,x2841634b,PQ,1.0,1.0,1.0,104.0,1000000.0,0.9,1.05,s1s2,b,False,False,False,46.6916,-119.2125,default
2739,0.0,0.0,0.0,0.0,0.0,0.0,0.0092617968318683,0.0023212252977485,0.0053282048219545,0.0013353740987221,0.0,0.0,0.0,0.0,sx2841634b,PQ,1.0,1.0,1.0,104.0,1000000.0,0.9,1.05,s1s2,b,False,True,False,46.6917,-119.2127,default
2740,0.0,0.0,0.0,0.0,0.0,0.0,0.0,0.0,0.0,0.0,0.0,0.0,0.0,0.0,l2991915,PQ,1.0,1.0,1.0,7199.557856794634,1000000.0,0.9,1.05,b,,False,False,False,46.6951226,-119.2122834,default
2741,0.0,0.0,0.0,0.0,0.0,0.0,0.0,0.0,0.0,0.0,0.0,0.0,0.0,0.0,l2673320,PQ,1.0,1.0,1.0,7199.557856794634,1000000.0,0.9,1.05,b,,False,False,False,46.69597066,-119.2121855,default
2742,0.0,0.0,0.0,0.0,0.0,0.0,0.0,0.0,0.0,0.0,0.0,0.0,0.0,0.0,l3048209,PQ,1.0,1.0,1.0,7199.557856794634,1000000.0,0.9,1.05,b,,False,False,False,46.69690454,-119.2120744,default
2743,0.0,0.0,0.0,0.0,0.0,0.0,0.0,0.0,0.0,0.0,0.0,0.0,0.0,0.0,x3048209b,PQ,1.0,1.0,1.0,104.0,1000000.0,0.9,1.05,s1s2,b,False,False,False,46.6966,-119.2121,default
2744,0.0,0.0,0.0,0.0,0.0,0.0,0.0095064019984847,0.0023825291777083,0.000223599234341,5.603925406263207e-05,0.0,0.0,0.0,0.0,sx3048209b,PQ,1.0,1.0,1.0,104.0,1000000.0,0.9,1.05,s1s2,b,False,True,False,46.6966,-119.2124,default
2745,0.0,0.0,0.0,0.0,0.0,0.0,0.0,0.0,0.0,0.0,0.0,0.0,0.0,0.0,x2673320b,PQ,1.0,1.0,1.0,104.0,1000000.0,0.9,1.05,s1s2,b,False,False,False,46.6956,-119.2122,default
2746,0.0,0.0,0.0,0.0,0.0,0.0,0.0058425250935306,0.00146427493921,0.003887475954208,0.0009742933875491,0.0,0.0,0.0,0.0,sx2673320b,PQ,1.0,1.0,1.0,104.0,1000000.0,0.9,1.05,s1s2,b,False,True,False,46.6957,-119.2125,default
2747,0.0,0.0,0.0,0.0,0.0,0.0,0.0,0.0,0.0,0.0,0.0,0.0,0.0,0.0,x2991915b,PQ,1.0,1.0,1.0,104.0,1000000.0,0.9,1.05,s1s2,b,False,False,False,46.6948,-119.2123,default
2748,0.0,0.0,0.0,0.0,0.0,0.0,0.0072487383809052,0.0018167052533658,0.0024812627082391,0.0006218630968349,0.0,0.0,0.0,0.0,sx2991915b,PQ,1.0,1.0,1.0,104.0,1000000.0,0.9,1.05,s1s2,b,False,True,False,46.6948,-119.2126,default
2749,0.0,0.0,0.0,0.0,0.0,0.0,0.0,0.0,0.0,0.0,0.0,0.0,0.0,0.0,m1026722,PQ,1.0,1.0,1.0,7199.557856794634,1000000.0,0.9,1.05,b,,False,False,False,46.6953214,-119.2112482,default
2750,0.0,0.0,0.0,0.0,0.0,0.0,0.0,0.0,0.0,0.0,0.0,0.0,0.0,0.0,m1026736,PQ,1.0,1.0,1.0,7199.557856794634,1000000.0,0.9,1.05,b,,False,False,False,46.6963285,-119.2110749,default
2751,0.0,0.0,0.0,0.0,0.0,0.0,0.0,0.0,0.0,0.0,0.0,0.0,0.0,0.0,m1026745,PQ,1.0,1.0,1.0,7199.557856794634,1000000.0,0.9,1.05,b,,False,False,False,46.69782036,-119.2106837,default
2752,0.0,0.0,0.0,0.0,0.0,0.0,0.0,0.0,0.0,0.0,0.0,0.0,0.0,0.0,l3029183,PQ,1.0,1.0,1.0,7199.557856794634,1000000.0,0.9,1.05,b,,False,False,False,46.69907454,-119.2102701,default
2753,0.0,0.0,0.0,0.0,0.0,0.0,0.0,0.0,0.0,0.0,0.0,0.0,0.0,0.0,x3029183b,PQ,1.0,1.0,1.0,104.0,1000000.0,0.9,1.05,s1s2,b,False,False,False,46.6987,-119.2103,default
2754,0.0,0.0,0.0,0.0,0.0,0.0,0.0002847208147583,7.135776755034635e-05,0.0055552798536956,0.0013922845056168,0.0,0.0,0.0,0.0,sx3029183b,PQ,1.0,1.0,1.0,104.0,1000000.0,0.9,1.05,s1s2,b,False,True,False,46.6988,-119.2106,default
2755,0.0,0.0,0.0,0.0,0.0,0.0,0.0,0.0,0.0,0.0,0.0,0.0,0.0,0.0,x2879077b,PQ,1.0,1.0,1.0,104.0,1000000.0,0.9,1.05,s1s2,b,False,False,False,46.6916,-119.2091,default
2756,0.0,0.0,0.0,0.0,0.0,0.0,0.0033059220151976,0.0008285422250736,0.0025340785884809,0.0006351000098109,0.0,0.0,0.0,0.0,sx2879077b,PQ,1.0,1.0,1.0,104.0,1000000.0,0.9,1.05,s1s2,b,False,True,False,46.6916,-119.2094,default
2757,0.0,0.0,0.0,0.0,0.0,0.0,0.0,0.0,0.0,0.0,0.0,0.0,0.0,0.0,l2973180,PQ,1.0,1.0,1.0,7199.557856794634,1000000.0,0.9,1.05,b,,False,False,False,46.69112868,-119.2091514,default
2758,0.0,0.0,0.0,0.0,0.0,0.0,0.0,0.0,0.0,0.0,0.0,0.0,0.0,0.0,x2973180b,PQ,1.0,1.0,1.0,104.0,1000000.0,0.9,1.05,s1s2,b,False,False,False,46.6908,-119.2092,default
2759,0.0,0.0,0.0,0.0,0.0,0.0,0.0004408178230308,0.0001104793673745,0.0092891833820062,0.0023280890469835,0.0,0.0,0.0,0.0,sx2973180b,PQ,1.0,1.0,1.0,104.0,1000000.0,0.9,1.05,s1s2,b,False,True,False,46.6908,-119.2094,default
2760,0.0,0.0,0.0,0.0,0.0,0.0,0.0,0.0,0.0,0.0,0.0,0.0,0.0,0.0,l3216349,PQ,1.0,1.0,1.0,7199.557856794634,1000000.0,0.9,1.05,b,,False,False,False,46.69117242,-119.2075665,default
2761,0.0,0.0,0.0,0.0,0.0,0.0,0.0,0.0,0.0,0.0,0.0,0.0,0.0,0.0,x3216349b,PQ,1.0,1.0,1.0,104.0,1000000.0,0.9,1.05,s1s2,b,False,False,False,46.6908,-119.2076,default
2762,0.0,0.0,0.0,0.0,0.0,0.0,0.0052057649820061,0.0013046878080082,0.0006342356661248,0.0001589544524783,0.0,0.0,0.0,0.0,sx3216349b,PQ,1.0,1.0,1.0,104.0,1000000.0,0.9,1.05,s1s2,b,False,True,False,46.6909,-119.2078,default
2763,0.0,0.0,0.0,0.0,0.0,0.0,0.0,0.0,0.0,0.0,0.0,0.0,0.0,0.0,x3160104b,PQ,1.0,1.0,1.0,104.0,1000000.0,0.9,1.05,s1s2,b,False,False,False,46.6895,-119.2066,default
2764,0.0,0.0,0.0,0.0,0.0,0.0,0.0020573760322347,0.0005156270723113,0.0076726250644306,0.0019229412798727,0.0,0.0,0.0,0.0,sx3160104b,PQ,1.0,1.0,1.0,104.0,1000000.0,0.9,1.05,s1s2,b,False,True,False,46.6895,-119.2069,default
2765,0.0,0.0,0.0,0.0,0.0,0.0,0.0,0.0,0.0,0.0,0.0,0.0,0.0,0.0,x3214112b,PQ,1.0,1.0,1.0,104.0,1000000.0,0.9,1.05,s1s2,b,False,False,False,46.688,-119.2066,default
2766,0.0,0.0,0.0,0.0,0.0,0.0,0.0024448673461227,0.0006127415617427,0.0033951332529463,0.0008509006693583,0.0,0.0,0.0,0.0,sx3214112b,PQ,1.0,1.0,1.0,104.0,1000000.0,0.9,1.05,s1s2,b,False,True,False,46.688,-119.2069,default
2767,0.0,0.0,0.0,0.0,0.0,0.0,0.0,0.0,0.0,0.0,0.0,0.0,0.0,0.0,x3254214b,PQ,1.0,1.0,1.0,104.0,1000000.0,0.9,1.05,s1s2,b,False,False,False,46.6868,-119.2063,default
2768,0.0,0.0,0.0,0.0,0.0,0.0,0.0045621946852494,0.0011433938096051,0.0051678062339101,0.0012951743789959,0.0,0.0,0.0,0.0,sx3254214b,PQ,1.0,1.0,1.0,104.0,1000000.0,0.9,1.05,s1s2,b,True,True,False,46.6869,-119.2066,default
2769,0.0,0.0,0.0,0.0,0.0,0.0,0.0,0.0,0.0,0.0,0.0,0.0,0.0,0.0,x2710546b,PQ,1.0,1.0,1.0,104.0,1000000.0,0.9,1.05,s1s2,b,False,False,False,46.6861,-119.2051,default
2770,0.0,0.0,0.0,0.0,0.0,0.0,8.215037716648818e-06,2.058882647244065e-06,0.0097217861874509,0.0024365095405168,0.0,0.0,0.0,0.0,sx2710546b,PQ,1.0,1.0,1.0,104.0,1000000.0,0.9,1.05,s1s2,b,False,True,False,46.6861,-119.2054,default
2771,0.0,0.0,0.0,0.0,0.0,0.0,0.0,0.0,0.0,0.0,0.0,0.0,0.0,0.0,l3139086,PQ,1.0,1.0,1.0,7199.557856794634,1000000.0,0.9,1.05,b,,False,False,False,46.68521866,-119.2053979,default
2772,0.0,0.0,0.0,0.0,0.0,0.0,0.0,0.0,0.0,0.0,0.0,0.0,0.0,0.0,l3029520,PQ,1.0,1.0,1.0,7199.557856794634,1000000.0,0.9,1.05,b,,False,False,False,46.68449898,-119.2061615,default
2773,0.0,0.0,0.0,0.0,0.0,0.0,0.0,0.0,0.0,0.0,0.0,0.0,0.0,0.0,x3029520b,PQ,1.0,1.0,1.0,104.0,1000000.0,0.9,1.05,s1s2,b,False,False,False,46.6841,-119.2062,default
2774,0.0,0.0,0.0,0.0,0.0,0.0,0.001864725733406,0.0004673443552544,0.0039752748692145,0.0009962978771078,0.0,0.0,0.0,0.0,sx3029520b,PQ,1.0,1.0,1.0,104.0,1000000.0,0.9,1.05,s1s2,b,False,True,False,46.6842,-119.2064,default
2775,0.0,0.0,0.0,0.0,0.0,0.0,0.0,0.0,0.0,0.0,0.0,0.0,0.0,0.0,x3139086b,PQ,1.0,1.0,1.0,104.0,1000000.0,0.9,1.05,s1s2,b,False,False,False,46.6849,-119.2054,default
2776,0.0,0.0,0.0,0.0,0.0,0.0,0.006210234011706,0.0015564314840896,0.0035197670205665,0.000882136829411,0.0,0.0,0.0,0.0,sx3139086b,PQ,1.0,1.0,1.0,104.0,1000000.0,0.9,1.05,s1s2,b,False,True,False,46.6849,-119.2057,default
2777,0.0,0.0,0.0,0.0,0.0,0.0,0.0,0.0,0.0,0.0,0.0,0.0,0.0,0.0,x2785547b,PQ,1.0,1.0,1.0,104.0,1000000.0,0.9,1.05,s1s2,b,False,False,False,46.6853,-119.2041,default
2778,0.0,0.0,0.0,0.0,0.0,0.0,0.0045058215321158,0.001129265406385,0.0052241794835421,0.0013093028972626,0.0,0.0,0.0,0.0,sx2785547b,PQ,1.0,1.0,1.0,104.0,1000000.0,0.9,1.05,s1s2,b,False,True,False,46.6853,-119.2044,default
2779,0.0,0.0,0.0,0.0,0.0,0.0,0.0,0.0,0.0,0.0,0.0,0.0,0.0,0.0,l2913406,PQ,1.0,1.0,1.0,7199.557856794634,1000000.0,0.9,1.05,b,,False,False,False,46.68605456,-119.2023618,default
2780,0.0,0.0,0.0,0.0,0.0,0.0,0.0,0.0,0.0,0.0,0.0,0.0,0.0,0.0,x2913406b,PQ,1.0,1.0,1.0,104.0,1000000.0,0.9,1.05,s1s2,b,False,False,False,46.6857,-119.2024,default
2781,0.0,0.0,0.0,0.0,0.0,0.0,0.0032271063921177,0.0008087891466642,0.0113628953338209,0.0028478102814709,0.0,0.0,0.0,0.0,sx2913406b,PQ,1.0,1.0,1.0,104.0,1000000.0,0.9,1.05,s1s2,b,False,True,False,46.6857,-119.2026,default
2782,0.0,0.0,0.0,0.0,0.0,0.0,0.0,0.0,0.0,0.0,0.0,0.0,0.0,0.0,x3046854b,PQ,1.0,1.0,1.0,104.0,1000000.0,0.9,1.05,s1s2,b,False,False,False,46.6844,-119.2022,default
2783,0.0,0.0,0.0,0.0,0.0,0.0,0.0089646087928243,0.0022467429289434,0.0056253928012151,0.0014098564253622,0.0,0.0,0.0,0.0,sx3046854b,PQ,1.0,1.0,1.0,104.0,1000000.0,0.9,1.05,s1s2,b,False,True,False,46.6844,-119.2025,default
2784,0.0,0.0,0.0,0.0,0.0,0.0,0.0,0.0,0.0,0.0,0.0,0.0,0.0,0.0,x3029504b,PQ,1.0,1.0,1.0,104.0,1000000.0,0.9,1.05,s1s2,b,False,False,False,46.6841,-119.2012,default
2785,0.0,0.0,0.0,0.0,0.0,0.0,0.0036717275288971,0.0009202217237055,0.006058273487501,0.00151834657847,0.0,0.0,0.0,0.0,sx3029504b,PQ,1.0,1.0,1.0,104.0,1000000.0,0.9,1.05,s1s2,b,False,True,False,46.6841,-119.2015,default
2786,0.0,0.0,0.0,0.0,0.0,0.0,0.0,0.0,0.0,0.0,0.0,0.0,0.0,0.0,x2879071b,PQ,1.0,1.0,1.0,104.0,1000000.0,0.9,1.05,s1s2,b,False,False,False,46.6839,-119.1999,default
2787,0.0,0.0,0.0,0.0,0.0,0.0,0.0034842477773078,0.0008732348641143,0.0062457532379901,0.001565333436476,0.0,0.0,0.0,0.0,sx2879071b,PQ,1.0,1.0,1.0,104.0,1000000.0,0.9,1.05,s1s2,b,False,True,False,46.6839,-119.2002,default
2788,0.0,0.0,0.0,0.0,0.0,0.0,0.0,0.0,0.0,0.0,0.0,0.0,0.0,0.0,x2766722b,PQ,1.0,1.0,1.0,104.0,1000000.0,0.9,1.05,s1s2,b,False,False,False,46.6838,-119.199,default
2789,0.0,0.0,0.0,0.0,0.0,0.0,0.0015990383924389,0.0004007568210506,0.0081309626937171,0.0020378115191843,0.0,0.0,0.0,0.0,sx2766722b,PQ,1.0,1.0,1.0,104.0,1000000.0,0.9,1.05,s1s2,b,False,True,False,46.6838,-119.1993,default
2790,0.0,0.0,0.0,0.0,0.0,0.0,0.0,0.0,0.0,0.0,0.0,0.0,0.0,0.0,l2954349,PQ,1.0,1.0,1.0,7199.557856794634,1000000.0,0.9,1.05,b,,False,False,False,46.68470844,-119.1978808,default
2791,0.0,0.0,0.0,0.0,0.0,0.0,0.0,0.0,0.0,0.0,0.0,0.0,0.0,0.0,x2954349b,PQ,1.0,1.0,1.0,104.0,1000000.0,0.9,1.05,s1s2,b,False,False,False,46.6844,-119.1979,default
2792,0.0,0.0,0.0,0.0,0.0,0.0,0.0053767454533497,0.0013475395304132,0.0043532555344448,0.0010910287539794,0.0,0.0,0.0,0.0,sx2954349b,PQ,1.0,1.0,1.0,104.0,1000000.0,0.9,1.05,s1s2,b,False,True,False,46.6844,-119.1982,default
2793,0.0,0.0,0.0,0.0,0.0,0.0,0.0,0.0,0.0,0.0,0.0,0.0,0.0,0.0,x2879072b,PQ,1.0,1.0,1.0,104.0,1000000.0,0.9,1.05,s1s2,b,False,False,False,46.6819,-119.1897,default
2794,0.0,0.0,0.0,0.0,0.0,0.0,0.0031697299211641,0.0007944092527131,0.0026702706219071,0.0006692329433086,0.0,0.0,0.0,0.0,sx2879072b,PQ,1.0,1.0,1.0,104.0,1000000.0,0.9,1.05,s1s2,b,False,True,False,46.6819,-119.19,default
2795,0.0,0.0,0.0,0.0,0.0,0.0,0.0,0.0,0.0,0.0,0.0,0.0,0.0,0.0,x2991910b,PQ,1.0,1.0,1.0,104.0,1000000.0,0.9,1.05,s1s2,b,False,False,False,46.6814,-119.1893,default
2796,0.0,0.0,0.0,0.0,0.0,0.0,0.0020595505981656,0.0005161720662647,0.0037804499471537,0.0009474701311255,0.0,0.0,0.0,0.0,sx2991910b,PQ,1.0,1.0,1.0,104.0,1000000.0,0.9,1.05,s1s2,b,False,True,False,46.6814,-119.1895,default
2797,0.0,0.0,0.0,0.0,0.0,0.0,0.0,0.0,0.0,0.0,0.0,0.0,0.0,0.0,x3066813b,PQ,1.0,1.0,1.0,104.0,1000000.0,0.9,1.05,s1s2,b,False,False,False,46.6806,-119.1881,default
2798,0.0,0.0,0.0,0.0,0.0,0.0,0.0031041237824757,0.0007779668015722,0.0027358767510222,0.000685675389016,0.0,0.0,0.0,0.0,sx3066813b,PQ,1.0,1.0,1.0,104.0,1000000.0,0.9,1.05,s1s2,b,False,True,False,46.6806,-119.1884,default
2799,0.0,0.0,0.0,0.0,0.0,0.0,0.0,0.0,0.0,0.0,0.0,0.0,0.0,0.0,x2822867b,PQ,1.0,1.0,1.0,104.0,1000000.0,0.9,1.05,s1s2,b,False,False,False,46.6799,-119.1874,default
2800,0.0,0.0,0.0,0.0,0.0,0.0,0.0004199302042814,0.0001052444320583,0.0054200703247636,0.0013583977209533,0.0,0.0,0.0,0.0,sx2822867b,PQ,1.0,1.0,1.0,104.0,1000000.0,0.9,1.05,s1s2,b,True,True,False,46.6799,-119.1876,default
2801,0.0,0.0,0.0,0.0,0.0,0.0,0.0,0.0,0.0,0.0,0.0,0.0,0.0,0.0,l2897774,PQ,1.0,1.0,1.0,7199.557856794634,1000000.0,0.9,1.05,b,,False,False,False,46.67904294,-119.1867765,default
2802,0.0,0.0,0.0,0.0,0.0,0.0,0.0,0.0,0.0,0.0,0.0,0.0,0.0,0.0,x2897774b,PQ,1.0,1.0,1.0,104.0,1000000.0,0.9,1.05,s1s2,b,False,False,False,46.6787,-119.1868,default
2803,0.0,0.0,0.0,0.0,0.0,0.0,0.0036622357404721,0.0009178428522549,0.0021777647863559,0.0005457993346533,0.0,0.0,0.0,0.0,sx2897774b,PQ,1.0,1.0,1.0,104.0,1000000.0,0.9,1.05,s1s2,b,False,True,False,46.6787,-119.1871,default
2804,0.0,0.0,0.0,0.0,0.0,0.0,0.0,0.0,0.0,0.0,0.0,0.0,0.0,0.0,x2973156b,PQ,1.0,1.0,1.0,104.0,1000000.0,0.9,1.05,s1s2,b,False,False,False,46.6774,-119.1839,default
2805,0.0,0.0,0.0,0.0,0.0,0.0,0.0030789226678884,0.0007716508016211,0.002761077845393,0.0006919913748227,0.0,0.0,0.0,0.0,sx2973156b,PQ,1.0,1.0,1.0,104.0,1000000.0,0.9,1.05,s1s2,b,False,True,False,46.6774,-119.1842,default
2806,0.0,0.0,0.0,0.0,0.0,0.0,0.0,0.0,0.0,0.0,0.0,0.0,0.0,0.0,l3085391,PQ,1.0,1.0,1.0,7199.557856794634,1000000.0,0.9,1.05,abc,,False,False,False,46.6785778,-119.1831714,default
2807,0.0,0.0,0.0,0.0,0.0,0.0,0.0,0.0,0.0,0.0,0.0,0.0,0.0,0.0,x3085391b,PQ,1.0,1.0,1.0,104.0,1000000.0,0.9,1.05,s1s2,b,False,False,False,46.6782,-119.1832,default
2808,0.0,0.0,0.0,0.0,0.0,0.0,0.0146018922278317,0.0036595794330583,0.0048481098783396,0.0012150509121327,0.0,0.0,0.0,0.0,sx3085391b,PQ,1.0,1.0,1.0,104.0,1000000.0,0.9,1.05,s1s2,b,False,True,False,46.6783,-119.1835,default
2809,0.0,0.0,0.0,0.0,0.0,0.0,0.0,0.0,0.0,0.0,0.0,0.0,0.0,0.0,x3181545c,PQ,1.0,1.0,1.0,104.0,1000000.0,0.9,1.05,s1s2,c,False,False,False,46.676,-119.1805,default
2810,0.0,0.0,0.0,0.0,0.0,0.0,0.0007517163691882,0.0001883979862161,0.0053482840474923,0.001340407116902,0.0,0.0,0.0,0.0,sx3181545c,PQ,1.0,1.0,1.0,104.0,1000000.0,0.9,1.05,s1s2,c,False,True,False,46.6761,-119.1808,default
2811,0.0,0.0,0.0,0.0,0.0,0.0,0.0,0.0,0.0,0.0,0.0,0.0,0.0,0.0,x3125349c,PQ,1.0,1.0,1.0,104.0,1000000.0,0.9,1.05,s1s2,c,False,False,False,46.6749,-119.1794,default
2812,0.0,0.0,0.0,0.0,0.0,0.0,0.0041147315630007,0.0010312495172825,0.0060552690793149,0.0015175943524119,0.0,0.0,0.0,0.0,sx3125349c,PQ,1.0,1.0,1.0,104.0,1000000.0,0.9,1.05,s1s2,c,False,True,False,46.675,-119.1797,default
2813,0.0,0.0,0.0,0.0,0.0,0.0,0.0,0.0,0.0,0.0,0.0,0.0,0.0,0.0,x3143999a,PQ,1.0,1.0,1.0,104.0,1000000.0,0.9,1.05,s1s2,a,False,False,False,46.6731,-119.1785,default
2814,0.0,0.0,0.0,0.0,0.0,0.0,0.0025419329807346,0.0006370683576951,0.0063280665136541,0.0015859627040408,0.0,0.0,0.0,0.0,sx3143999a,PQ,1.0,1.0,1.0,104.0,1000000.0,0.9,1.05,s1s2,a,True,True,False,46.6731,-119.1788,default
2815,0.0,0.0,0.0,0.0,0.0,0.0,0.0,0.0,0.0,0.0,0.0,0.0,0.0,0.0,x3159448a,PQ,1.0,1.0,1.0,104.0,1000000.0,0.9,1.05,s1s2,a,False,False,False,46.671,-119.1782,default
2816,0.0,0.0,0.0,0.0,0.0,0.0,0.006215935930846,0.0015578600956247,0.0026540634990243,0.0006651708950875,0.0,0.0,0.0,0.0,sx3159448a,PQ,1.0,1.0,1.0,104.0,1000000.0,0.9,1.05,s1s2,a,False,True,False,46.6711,-119.1785,default
2817,0.0,0.0,0.0,0.0,0.0,0.0,0.0,0.0,0.0,0.0,0.0,0.0,0.0,0.0,m1069285,PQ,1.0,1.0,1.0,7199.557856794634,1000000.0,0.9,1.05,ac,,False,False,False,46.6701605,-119.1781093,default
2818,0.0,0.0,0.0,0.0,0.0,0.0,0.0,0.0,0.0,0.0,0.0,0.0,0.0,0.0,m4113348,PQ,1.0,1.0,1.0,7199.557856794634,1000000.0,0.9,1.05,ac,,False,False,False,46.67013594,-119.1781099,default
2819,0.0,0.0,0.0,0.0,0.0,0.0,0.0,0.0,0.0,0.0,0.0,0.0,0.0,0.0,m1069284,PQ,1.0,1.0,1.0,7199.557856794634,1000000.0,0.9,1.05,ac,,False,False,False,46.67011512,-119.1781104,default
2820,0.0,0.0,0.0,0.0,0.0,0.0,0.0,0.0,0.0,0.0,0.0,0.0,0.0,0.0,p850401,PQ,1.0,1.0,1.0,7199.557856794634,1000000.0,0.9,1.05,a,,False,False,False,46.66998396,-119.1781008,default
2821,0.0,0.0,0.0,0.0,0.0,0.0,0.0,0.0,0.0,0.0,0.0,0.0,0.0,0.0,221-311583,PQ,1.0,1.0,1.0,7199.557856794634,1000000.0,0.9,1.05,a,,False,False,False,46.66992446,-119.1780943,default
2822,0.0,0.0,0.0,0.0,0.0,0.0,0.0,0.0,0.0,0.0,0.0,0.0,0.0,0.0,n1139250,PQ,1.0,1.0,1.0,7199.557856794634,1000000.0,0.9,1.05,a,,False,False,False,46.6698674,-119.1780881,default
2823,0.0,0.0,0.0,0.0,0.0,0.0,0.0,0.0,0.0,0.0,0.0,0.0,0.0,0.0,l2821770,PQ,1.0,1.0,1.0,7199.557856794634,1000000.0,0.9,1.05,a,,False,False,False,46.66847192,-119.1771442,default
2824,0.0,0.0,0.0,0.0,0.0,0.0,0.0,0.0,0.0,0.0,0.0,0.0,0.0,0.0,m1069247,PQ,1.0,1.0,1.0,7199.557856794634,1000000.0,0.9,1.05,a,,False,False,False,46.66830008,-119.1760562,default
2825,0.0,0.0,0.0,0.0,0.0,0.0,0.0,0.0,0.0,0.0,0.0,0.0,0.0,0.0,m1069248,PQ,1.0,1.0,1.0,7199.557856794634,1000000.0,0.9,1.05,a,,False,False,False,46.66830308,-119.1739525,default
2826,0.0,0.0,0.0,0.0,0.0,0.0,0.0,0.0,0.0,0.0,0.0,0.0,0.0,0.0,l2915534,PQ,1.0,1.0,1.0,7199.557856794634,1000000.0,0.9,1.05,a,,False,False,False,46.66944892,-119.1714005,default
2827,0.0,0.0,0.0,0.0,0.0,0.0,0.0,0.0,0.0,0.0,0.0,0.0,0.0,0.0,193-48013,PQ,1.0,1.0,1.0,7199.557856794634,1000000.0,0.9,1.05,a,,False,False,False,46.66831516,-119.1735838,default
2828,0.0,0.0,0.0,0.0,0.0,0.0,0.0,0.0,0.0,0.0,0.0,0.0,0.0,0.0,x2915534a,PQ,1.0,1.0,1.0,104.0,1000000.0,0.9,1.05,s1s2,a,False,False,False,46.6691,-119.1714,default
2829,0.0,0.0,0.0,0.0,0.0,0.0,0.0040695079584162,0.0010199146555813,0.0092304911314622,0.0023133786964426,0.0,0.0,0.0,0.0,sx2915534a,PQ,1.0,1.0,1.0,104.0,1000000.0,0.9,1.05,s1s2,a,False,True,False,46.6691,-119.1717,default
2830,0.0,0.0,0.0,0.0,0.0,0.0,0.0,0.0,0.0,0.0,0.0,0.0,0.0,0.0,x2821770a,PQ,1.0,1.0,1.0,104.0,1000000.0,0.9,1.05,s1s2,a,False,False,False,46.6681,-119.1771,default
2831,0.0,0.0,0.0,0.0,0.0,0.0,0.0027209218980804,0.0006819271911394,0.0105790771344474,0.0026513661288321,0.0,0.0,0.0,0.0,sx2821770a,PQ,1.0,1.0,1.0,104.0,1000000.0,0.9,1.05,s1s2,a,False,True,False,46.6682,-119.1774,default
2832,0.0,0.0,0.0,0.0,0.0,0.0,0.0,0.0,0.0,0.0,0.0,0.0,0.0,0.0,p850400,PQ,1.0,1.0,1.0,7199.557856794634,1000000.0,0.9,1.05,c,,False,False,False,46.67001876,-119.1780879,default
2833,0.0,0.0,0.0,0.0,0.0,0.0,0.0,0.0,0.0,0.0,0.0,0.0,0.0,0.0,221-311595,PQ,1.0,1.0,1.0,7199.557856794634,1000000.0,0.9,1.05,c,,False,False,False,46.66992324,-119.1780518,default
2834,0.0,0.0,0.0,0.0,0.0,0.0,0.0,0.0,0.0,0.0,0.0,0.0,0.0,0.0,n1139251,PQ,1.0,1.0,1.0,7199.557856794634,1000000.0,0.9,1.05,c,,False,False,False,46.66987058,-119.178032,default
2835,0.0,0.0,0.0,0.0,0.0,0.0,0.0,0.0,0.0,0.0,0.0,0.0,0.0,0.0,m1069249,PQ,1.0,1.0,1.0,7199.557856794634,1000000.0,0.9,1.05,c,,False,False,False,46.66832422,-119.1759875,default
2836,0.0,0.0,0.0,0.0,0.0,0.0,0.0,0.0,0.0,0.0,0.0,0.0,0.0,0.0,l2803194,PQ,1.0,1.0,1.0,7199.557856794634,1000000.0,0.9,1.05,c,,False,False,False,46.66882476,-119.1757489,default
2837,0.0,0.0,0.0,0.0,0.0,0.0,0.0,0.0,0.0,0.0,0.0,0.0,0.0,0.0,l3047073,PQ,1.0,1.0,1.0,7199.557856794634,1000000.0,0.9,1.05,c,,False,False,False,46.66967804,-119.1763345,default
2838,0.0,0.0,0.0,0.0,0.0,0.0,0.0,0.0,0.0,0.0,0.0,0.0,0.0,0.0,m1069250,PQ,1.0,1.0,1.0,7199.557856794634,1000000.0,0.9,1.05,c,,False,False,False,46.66832422,-119.1739597,default
2839,0.0,0.0,0.0,0.0,0.0,0.0,0.0,0.0,0.0,0.0,0.0,0.0,0.0,0.0,l2690868,PQ,1.0,1.0,1.0,7199.557856794634,1000000.0,0.9,1.05,c,,False,False,False,46.66841764,-119.1736994,default
2840,0.0,0.0,0.0,0.0,0.0,0.0,0.0,0.0,0.0,0.0,0.0,0.0,0.0,0.0,228-979371-2_int,PQ,1.0,1.0,1.0,7199.557856794634,1000000.0,0.9,1.05,c,,False,False,False,46.66834782,-119.1736427,default
2841,0.0,0.0,0.0,0.0,0.0,0.0,0.0,0.0,0.0,0.0,0.0,0.0,0.0,0.0,x2690868c,PQ,1.0,1.0,1.0,104.0,1000000.0,0.9,1.05,s1s2,c,False,False,False,46.6681,-119.1737,default
2842,0.0,0.0,0.0,0.0,0.0,0.0,0.0117544165379681,0.0029459361619289,0.0085855850372597,0.0021517516280523,0.0,0.0,0.0,0.0,sx2690868c,PQ,1.0,1.0,1.0,104.0,1000000.0,0.9,1.05,s1s2,c,False,True,False,46.6681,-119.174,default
2843,0.0,0.0,0.0,0.0,0.0,0.0,0.0,0.0,0.0,0.0,0.0,0.0,0.0,0.0,x3047073c,PQ,1.0,1.0,1.0,104.0,1000000.0,0.9,1.05,s1s2,c,False,False,False,46.6693,-119.1763,default
2844,0.0,0.0,0.0,0.0,0.0,0.0,0.003570381966074,0.0008948225666979,0.006599618706577,0.0016540213079366,0.0,0.0,0.0,0.0,sx3047073c,PQ,1.0,1.0,1.0,104.0,1000000.0,0.9,1.05,s1s2,c,False,True,False,46.6694,-119.1766,default
2845,0.0,0.0,0.0,0.0,0.0,0.0,0.0,0.0,0.0,0.0,0.0,0.0,0.0,0.0,x2803194c,PQ,1.0,1.0,1.0,104.0,1000000.0,0.9,1.05,s1s2,c,False,False,False,46.6685,-119.1757,default
2846,0.0,0.0,0.0,0.0,0.0,0.0,0.0148221708736061,0.003714788486159,0.0004378309483899,0.0001097308374327,0.0,0.0,0.0,0.0,sx2803194c,PQ,1.0,1.0,1.0,104.0,1000000.0,0.9,1.05,s1s2,c,False,True,False,46.6685,-119.176,default
2847,0.0,0.0,0.0,0.0,0.0,0.0,0.0,0.0,0.0,0.0,0.0,0.0,0.0,0.0,m1069312,PQ,1.0,1.0,1.0,7199.557856794634,1000000.0,0.9,1.05,c,,False,False,False,46.67135068,-119.1786725,default
2848,0.0,0.0,0.0,0.0,0.0,0.0,0.0,0.0,0.0,0.0,0.0,0.0,0.0,0.0,p873800,PQ,1.0,1.0,1.0,7199.557856794634,1000000.0,0.9,1.05,c,,False,False,False,46.6712725,-119.1785888,default
2849,0.0,0.0,0.0,0.0,0.0,0.0,0.0,0.0,0.0,0.0,0.0,0.0,0.0,0.0,221-306686,PQ,1.0,1.0,1.0,7199.557856794634,1000000.0,0.9,1.05,c,,False,False,False,46.67125124,-119.1785108,default
2850,0.0,0.0,0.0,0.0,0.0,0.0,0.0,0.0,0.0,0.0,0.0,0.0,0.0,0.0,l2970258,PQ,1.0,1.0,1.0,7199.557856794634,1000000.0,0.9,1.05,c,,False,False,False,46.6708423,-119.1785272,default
2851,0.0,0.0,0.0,0.0,0.0,0.0,0.0,0.0,0.0,0.0,0.0,0.0,0.0,0.0,x2970258c,PQ,1.0,1.0,1.0,104.0,1000000.0,0.9,1.05,s1s2,c,False,False,False,46.6705,-119.1785,default
2852,0.0,0.0,0.0,0.0,0.0,0.0,0.0083231587818795,0.0020859814031998,0.0069368422695614,0.0017385375233995,0.0,0.0,0.0,0.0,sx2970258c,PQ,1.0,1.0,1.0,104.0,1000000.0,0.9,1.05,s1s2,c,False,True,False,46.6705,-119.1788,default
2853,0.0,0.0,0.0,0.0,0.0,0.0,0.0,0.0,0.0,0.0,0.0,0.0,0.0,0.0,p873801,PQ,1.0,1.0,1.0,7199.557856794634,1000000.0,0.9,1.05,c,,False,False,False,46.67138418,-119.1785587,default
2854,0.0,0.0,0.0,0.0,0.0,0.0,0.0,0.0,0.0,0.0,0.0,0.0,0.0,0.0,n1138608,PQ,1.0,1.0,1.0,7199.557856794634,1000000.0,0.9,1.05,c,,False,False,False,46.6714612,-119.1784801,default
2855,0.0,0.0,0.0,0.0,0.0,0.0,0.0,0.0,0.0,0.0,0.0,0.0,0.0,0.0,l3232301,PQ,1.0,1.0,1.0,7199.557856794634,1000000.0,0.9,1.05,c,,False,False,False,46.6725967,-119.1784459,default
2856,0.0,0.0,0.0,0.0,0.0,0.0,0.0,0.0,0.0,0.0,0.0,0.0,0.0,0.0,m1069328,PQ,1.0,1.0,1.0,7199.557856794634,1000000.0,0.9,1.05,c,,False,False,False,46.672806,-119.1784768,default
2857,0.0,0.0,0.0,0.0,0.0,0.0,0.0,0.0,0.0,0.0,0.0,0.0,0.0,0.0,l2763811,PQ,1.0,1.0,1.0,7199.557856794634,1000000.0,0.9,1.05,c,,False,False,False,46.67312478,-119.1810249,default
2858,0.0,0.0,0.0,0.0,0.0,0.0,0.0,0.0,0.0,0.0,0.0,0.0,0.0,0.0,l2763812,PQ,1.0,1.0,1.0,7199.557856794634,1000000.0,0.9,1.05,c,,False,False,False,46.67344292,-119.1826458,default
2859,0.0,0.0,0.0,0.0,0.0,0.0,0.0,0.0,0.0,0.0,0.0,0.0,0.0,0.0,l2951995,PQ,1.0,1.0,1.0,7199.557856794634,1000000.0,0.9,1.05,c,,False,False,False,46.67511758,-119.1838396,default
2860,0.0,0.0,0.0,0.0,0.0,0.0,0.0,0.0,0.0,0.0,0.0,0.0,0.0,0.0,l3101194,PQ,1.0,1.0,1.0,7199.557856794634,1000000.0,0.9,1.05,c,,False,False,False,46.67307506,-119.1843718,default
2861,0.0,0.0,0.0,0.0,0.0,0.0,0.0,0.0,0.0,0.0,0.0,0.0,0.0,0.0,l2862616,PQ,1.0,1.0,1.0,7199.557856794634,1000000.0,0.9,1.05,c,,False,False,False,46.6702289,-119.1841694,default
2862,0.0,0.0,0.0,0.0,0.0,0.0,0.0,0.0,0.0,0.0,0.0,0.0,0.0,0.0,x2862616c,PQ,1.0,1.0,1.0,104.0,1000000.0,0.9,1.05,s1s2,c,False,False,False,46.6699,-119.1842,default
2863,0.0,0.0,0.0,0.0,0.0,0.0,0.0141650173048827,0.0035500899305836,0.0163549856008101,0.0040989480980088,0.0,0.0,0.0,0.0,sx2862616c,PQ,1.0,1.0,1.0,104.0,1000000.0,0.9,1.05,s1s2,c,False,True,False,46.6699,-119.1844,default
2864,0.0,0.0,0.0,0.0,0.0,0.0,0.0,0.0,0.0,0.0,0.0,0.0,0.0,0.0,x3101194c,PQ,1.0,1.0,1.0,104.0,1000000.0,0.9,1.05,s1s2,c,False,False,False,46.6727,-119.1844,default
2865,0.0,0.0,0.0,0.0,0.0,0.0,0.0301838517760313,0.0075647903968759,0.0003361522753722,8.424774120837537e-05,0.0,0.0,0.0,0.0,sx3101194c,PQ,1.0,1.0,1.0,104.0,1000000.0,0.9,1.05,s1s2,c,True,True,False,46.6728,-119.1847,default
2866,0.0,0.0,0.0,0.0,0.0,0.0,0.0,0.0,0.0,0.0,0.0,0.0,0.0,0.0,x2951995c,PQ,1.0,1.0,1.0,104.0,1000000.0,0.9,1.05,s1s2,c,False,False,False,46.6748,-119.1838,default
2867,0.0,0.0,0.0,0.0,0.0,0.0,0.0060494203632267,0.0015161284011044,0.0244705845726082,0.0061329105821826,0.0,0.0,0.0,0.0,sx2951995c,PQ,1.0,1.0,1.0,104.0,1000000.0,0.9,1.05,s1s2,c,False,True,False,46.6748,-119.1841,default
2868,0.0,0.0,0.0,0.0,0.0,0.0,0.0,0.0,0.0,0.0,0.0,0.0,0.0,0.0,x2763812c,PQ,1.0,1.0,1.0,104.0,1000000.0,0.9,1.05,s1s2,c,False,False,False,46.6731,-119.1826,default
2869,0.0,0.0,0.0,0.0,0.0,0.0,0.0088111021198022,0.0022082714759985,0.0217089016961879,0.0054407669895959,0.0,0.0,0.0,0.0,sx2763812c,PQ,1.0,1.0,1.0,104.0,1000000.0,0.9,1.05,s1s2,c,False,True,False,46.6731,-119.1829,default
2870,0.0,0.0,0.0,0.0,0.0,0.0,0.0,0.0,0.0,0.0,0.0,0.0,0.0,0.0,x2763811c,PQ,1.0,1.0,1.0,104.0,1000000.0,0.9,1.05,s1s2,c,False,False,False,46.6728,-119.181,default
2871,0.0,0.0,0.0,0.0,0.0,0.0,0.0199439810710867,0.0049984358221902,0.0105760222483835,0.0026506024152115,0.0,0.0,0.0,0.0,sx2763811c,PQ,1.0,1.0,1.0,104.0,1000000.0,0.9,1.05,s1s2,c,False,True,False,46.6728,-119.1813,default
2872,0.0,0.0,0.0,0.0,0.0,0.0,0.0,0.0,0.0,0.0,0.0,0.0,0.0,0.0,x3232301c,PQ,1.0,1.0,1.0,104.0,1000000.0,0.9,1.05,s1s2,c,False,False,False,46.6722,-119.1784,default
2873,0.0,0.0,0.0,0.0,0.0,0.0,0.0069135689757231,0.0017327045769563,0.0236064354396729,0.0059163341836136,0.0,0.0,0.0,0.0,sx3232301c,PQ,1.0,1.0,1.0,104.0,1000000.0,0.9,1.05,s1s2,c,False,True,False,46.6723,-119.1787,default
2874,0.0,0.0,0.0,0.0,0.0,0.0,0.0,0.0,0.0,0.0,0.0,0.0,0.0,0.0,x3235266c,PQ,1.0,1.0,1.0,104.0,1000000.0,0.9,1.05,s1s2,c,False,False,False,46.6618,-119.1783,default
2875,0.0,0.0,0.0,0.0,0.0,0.0,0.0096124826133619,0.0024091166001735,0.0005575182212816,0.000139727309868,0.0,0.0,0.0,0.0,sx3235266c,PQ,1.0,1.0,1.0,104.0,1000000.0,0.9,1.05,s1s2,c,False,True,False,46.6619,-119.1785,default
2876,0.0,0.0,0.0,0.0,0.0,0.0,0.0,0.0,0.0,0.0,0.0,0.0,0.0,0.0,x2841626c,PQ,1.0,1.0,1.0,104.0,1000000.0,0.9,1.05,s1s2,c,False,False,False,46.6611,-119.1769,default
2877,0.0,0.0,0.0,0.0,0.0,0.0,0.0026513620142677,0.0006644943143093,0.0014186381988097,0.0003555444353585,0.0,0.0,0.0,0.0,sx2841626c,PQ,1.0,1.0,1.0,104.0,1000000.0,0.9,1.05,s1s2,c,False,True,False,46.6611,-119.1772,default
2878,0.0,0.0,0.0,0.0,0.0,0.0,0.0,0.0,0.0,0.0,0.0,0.0,0.0,0.0,l2954350,PQ,1.0,1.0,1.0,7199.557856794634,1000000.0,0.9,1.05,c,,False,False,False,46.6604958,-119.1779394,default
2879,0.0,0.0,0.0,0.0,0.0,0.0,0.0,0.0,0.0,0.0,0.0,0.0,0.0,0.0,m1069206,PQ,1.0,1.0,1.0,7199.557856794634,1000000.0,0.9,1.05,c,,False,False,False,46.65886388,-119.1781312,default
2880,0.0,0.0,0.0,0.0,0.0,0.0,0.0,0.0,0.0,0.0,0.0,0.0,0.0,0.0,l2841625,PQ,1.0,1.0,1.0,7199.557856794634,1000000.0,0.9,1.05,c,,False,False,False,46.65781684,-119.1795701,default
2881,0.0,0.0,0.0,0.0,0.0,0.0,0.0,0.0,0.0,0.0,0.0,0.0,0.0,0.0,l3010566,PQ,1.0,1.0,1.0,7199.557856794634,1000000.0,0.9,1.05,c,,False,False,False,46.65659522,-119.1792838,default
2882,0.0,0.0,0.0,0.0,0.0,0.0,0.0,0.0,0.0,0.0,0.0,0.0,0.0,0.0,x3010566c,PQ,1.0,1.0,1.0,104.0,1000000.0,0.9,1.05,s1s2,c,False,False,False,46.6562,-119.1793,default
2883,0.0,0.0,0.0,0.0,0.0,0.0,0.0015765179954435,0.0003951128617467,0.004523482353777,0.0011336921566097,0.0,0.0,0.0,0.0,sx3010566c,PQ,1.0,1.0,1.0,104.0,1000000.0,0.9,1.05,s1s2,c,False,True,False,46.6563,-119.1796,default
2884,0.0,0.0,0.0,0.0,0.0,0.0,0.0,0.0,0.0,0.0,0.0,0.0,0.0,0.0,x2841625c,PQ,1.0,1.0,1.0,104.0,1000000.0,0.9,1.05,s1s2,c,False,False,False,46.6575,-119.1796,default
2885,0.0,0.0,0.0,0.0,0.0,0.0,0.0018586636766954,0.0004658252749273,0.002211336532939,0.000554213472551,0.0,0.0,0.0,0.0,sx2841625c,PQ,1.0,1.0,1.0,104.0,1000000.0,0.9,1.05,s1s2,c,False,True,False,46.6575,-119.1799,default
2886,0.0,0.0,0.0,0.0,0.0,0.0,0.0,0.0,0.0,0.0,0.0,0.0,0.0,0.0,x2954350c,PQ,1.0,1.0,1.0,104.0,1000000.0,0.9,1.05,s1s2,c,False,False,False,46.6601,-119.1779,default
2887,0.0,0.0,0.0,0.0,0.0,0.0,0.0043598391807645,0.0010926792392144,0.0017401610998769,0.000436125693837,0.0,0.0,0.0,0.0,sx2954350c,PQ,1.0,1.0,1.0,104.0,1000000.0,0.9,1.05,s1s2,c,True,True,False,46.6602,-119.1782,default
2888,0.0,0.0,0.0,0.0,0.0,0.0,0.0,0.0,0.0,0.0,0.0,0.0,0.0,0.0,x2879073c,PQ,1.0,1.0,1.0,104.0,1000000.0,0.9,1.05,s1s2,c,False,False,False,46.6576,-119.173,default
2889,0.0,0.0,0.0,0.0,0.0,0.0,0.0051504959228327,0.0012908366360067,0.0009495044263889,0.000237968361004,0.0,0.0,0.0,0.0,sx2879073c,PQ,1.0,1.0,1.0,104.0,1000000.0,0.9,1.05,s1s2,c,False,True,False,46.6577,-119.1733,default
2890,0.0,0.0,0.0,0.0,0.0,0.0,0.0,0.0,0.0,0.0,0.0,0.0,0.0,0.0,l3104126,PQ,1.0,1.0,1.0,7199.557856794634,1000000.0,0.9,1.05,c,,False,False,False,46.65653372,-119.1736768,default
2891,0.0,0.0,0.0,0.0,0.0,0.0,0.0,0.0,0.0,0.0,0.0,0.0,0.0,0.0,x3104126c,PQ,1.0,1.0,1.0,104.0,1000000.0,0.9,1.05,s1s2,c,False,False,False,46.6562,-119.1737,default
2892,0.0,0.0,0.0,0.0,0.0,0.0,0.0035335562264642,0.0008855930909043,0.0005364439534241,0.0001344455902985,0.0,0.0,0.0,0.0,sx3104126c,PQ,1.0,1.0,1.0,104.0,1000000.0,0.9,1.05,s1s2,c,True,True,False,46.6562,-119.174,default
2893,0.0,0.0,0.0,0.0,0.0,0.0,0.0,0.0,0.0,0.0,0.0,0.0,0.0,0.0,x3029503c,PQ,1.0,1.0,1.0,104.0,1000000.0,0.9,1.05,s1s2,c,False,False,False,46.6552,-119.1717,default
2894,0.0,0.0,0.0,0.0,0.0,0.0,0.0031062719873198,0.0007785055360329,0.0029937283021971,0.0007502994151376,0.0,0.0,0.0,0.0,sx3029503c,PQ,1.0,1.0,1.0,104.0,1000000.0,0.9,1.05,s1s2,c,False,True,False,46.6553,-119.172,default
2895,0.0,0.0,0.0,0.0,0.0,0.0,0.0,0.0,0.0,0.0,0.0,0.0,0.0,0.0,p860892,PQ,1.0,1.0,1.0,7199.557856794634,1000000.0,0.9,1.05,c,,False,False,False,46.653907,-119.1718597,default
2896,0.0,0.0,0.0,0.0,0.0,0.0,0.0,0.0,0.0,0.0,0.0,0.0,0.0,0.0,n1139543,PQ,1.0,1.0,1.0,7199.557856794634,1000000.0,0.9,1.05,c,,False,False,False,46.65390742,-119.1720436,default
2897,0.0,0.0,0.0,0.0,0.0,0.0,0.0,0.0,0.0,0.0,0.0,0.0,0.0,0.0,l2727795,PQ,1.0,1.0,1.0,7199.557856794634,1000000.0,0.9,1.05,c,,False,False,False,46.65390948,-119.1728939,default
2898,0.0,0.0,0.0,0.0,0.0,0.0,0.0,0.0,0.0,0.0,0.0,0.0,0.0,0.0,l2972704,PQ,1.0,1.0,1.0,7199.557856794634,1000000.0,0.9,1.05,c,,False,False,False,46.6539045,-119.1734431,default
2899,0.0,0.0,0.0,0.0,0.0,0.0,0.0,0.0,0.0,0.0,0.0,0.0,0.0,0.0,l3263051,PQ,1.0,1.0,1.0,7199.557856794634,1000000.0,0.9,1.05,c,,False,False,False,46.65447466,-119.174046,default
2900,0.0,0.0,0.0,0.0,0.0,0.0,0.0,0.0,0.0,0.0,0.0,0.0,0.0,0.0,m1069199,PQ,1.0,1.0,1.0,7199.557856794634,1000000.0,0.9,1.05,c,,False,False,False,46.65447218,-119.1752698,default
2901,0.0,0.0,0.0,0.0,0.0,0.0,0.0,0.0,0.0,0.0,0.0,0.0,0.0,0.0,l2785525,PQ,1.0,1.0,1.0,7199.557856794634,1000000.0,0.9,1.05,c,,False,False,False,46.65447218,-119.1764995,default
2902,0.0,0.0,0.0,0.0,0.0,0.0,0.0,0.0,0.0,0.0,0.0,0.0,0.0,0.0,x2785525c,PQ,1.0,1.0,1.0,104.0,1000000.0,0.9,1.05,s1s2,c,False,False,False,46.6541,-119.1765,default
2903,0.0,0.0,0.0,0.0,0.0,0.0,0.002332850577791,0.000584667750947,0.007837150007923,0.0019641759451146,0.0,0.0,0.0,0.0,sx2785525c,PQ,1.0,1.0,1.0,104.0,1000000.0,0.9,1.05,s1s2,c,False,True,False,46.6542,-119.1768,default
2904,0.0,0.0,0.0,0.0,0.0,0.0,0.0,0.0,0.0,0.0,0.0,0.0,0.0,0.0,x3263051c,PQ,1.0,1.0,1.0,104.0,1000000.0,0.9,1.05,s1s2,c,False,False,False,46.6541,-119.174,default
2905,0.0,0.0,0.0,0.0,0.0,0.0,0.0081265193965105,0.0020366987908074,0.0020434812065137,0.0005121449145826,0.0,0.0,0.0,0.0,sx3263051c,PQ,1.0,1.0,1.0,104.0,1000000.0,0.9,1.05,s1s2,c,False,True,False,46.6542,-119.1743,default
2906,0.0,0.0,0.0,0.0,0.0,0.0,0.0,0.0,0.0,0.0,0.0,0.0,0.0,0.0,x2972704c,PQ,1.0,1.0,1.0,104.0,1000000.0,0.9,1.05,s1s2,c,False,False,False,46.6536,-119.1734,default
2907,0.0,0.0,0.0,0.0,0.0,0.0,0.0009218073540783,0.0002310268129467,0.0051781929739301,0.0012977781521985,0.0,0.0,0.0,0.0,sx2972704c,PQ,1.0,1.0,1.0,104.0,1000000.0,0.9,1.05,s1s2,c,False,True,False,46.6536,-119.1737,default
2908,0.0,0.0,0.0,0.0,0.0,0.0,0.0,0.0,0.0,0.0,0.0,0.0,0.0,0.0,x2727795c,PQ,1.0,1.0,1.0,104.0,1000000.0,0.9,1.05,s1s2,c,False,False,False,46.6536,-119.1729,default
2909,0.0,0.0,0.0,0.0,0.0,0.0,0.0035374543229237,0.0008865700660298,0.0025625459609619,0.0006422348739101,0.0,0.0,0.0,0.0,sx2727795c,PQ,1.0,1.0,1.0,104.0,1000000.0,0.9,1.05,s1s2,c,False,True,False,46.6536,-119.1732,default
2910,0.0,0.0,0.0,0.0,0.0,0.0,0.0,0.0,0.0,0.0,0.0,0.0,0.0,0.0,x2879076c,PQ,1.0,1.0,1.0,104.0,1000000.0,0.9,1.05,s1s2,c,False,False,False,46.6532,-119.1713,default
2911,0.0,0.0,0.0,0.0,0.0,0.0,0.0026128179168847,0.0006548341981132,0.0014571822376461,0.000365204460441,0.0,0.0,0.0,0.0,sx2879076c,PQ,1.0,1.0,1.0,104.0,1000000.0,0.9,1.05,s1s2,c,True,True,False,46.6532,-119.1716,default
2912,0.0,0.0,0.0,0.0,0.0,0.0,0.0,0.0,0.0,0.0,0.0,0.0,0.0,0.0,x2691951c,PQ,1.0,1.0,1.0,104.0,1000000.0,0.9,1.05,s1s2,c,False,False,False,46.6521,-119.1712,default
2913,0.0,0.0,0.0,0.0,0.0,0.0,0.0055343354195862,0.0013870358281954,0.0046356649556036,0.0011618076747036,0.0,0.0,0.0,0.0,sx2691951c,PQ,1.0,1.0,1.0,104.0,1000000.0,0.9,1.05,s1s2,c,True,True,False,46.6521,-119.1715,default
2914,0.0,0.0,0.0,0.0,0.0,0.0,0.0,0.0,0.0,0.0,0.0,0.0,0.0,0.0,m1089115,PQ,1.0,1.0,1.0,7199.557856794634,1000000.0,0.9,1.05,abc,,False,False,False,46.6521457,-119.1698667,default
2915,0.0,0.0,0.0,0.0,0.0,0.0,0.0,0.0,0.0,0.0,0.0,0.0,0.0,0.0,l2991911,PQ,1.0,1.0,1.0,7199.557856794634,1000000.0,0.9,1.05,c,,False,False,False,46.65315586,-119.1700845,default
2916,0.0,0.0,0.0,0.0,0.0,0.0,0.0,0.0,0.0,0.0,0.0,0.0,0.0,0.0,x2991911c,PQ,1.0,1.0,1.0,104.0,1000000.0,0.9,1.05,s1s2,c,False,False,False,46.6528,-119.1701,default
2917,0.0,0.0,0.0,0.0,0.0,0.0,0.0009320270937795,0.0002335881208377,0.0051679732208444,0.0012952168299006,0.0,0.0,0.0,0.0,sx2991911c,PQ,1.0,1.0,1.0,104.0,1000000.0,0.9,1.05,s1s2,c,False,True,False,46.6528,-119.1704,default
2918,0.0,0.0,0.0,0.0,0.0,0.0,0.0,0.0,0.0,0.0,0.0,0.0,0.0,0.0,m1089118,PQ,1.0,1.0,1.0,7199.557856794634,1000000.0,0.9,1.05,abc,,False,False,False,46.65308232,-119.1673346,default
2919,0.0,0.0,0.0,0.0,0.0,0.0,0.0,0.0,0.0,0.0,0.0,0.0,0.0,0.0,l2973158,PQ,1.0,1.0,1.0,7199.557856794634,1000000.0,0.9,1.05,c,,False,False,False,46.65421884,-119.1679067,default
2920,0.0,0.0,0.0,0.0,0.0,0.0,0.0,0.0,0.0,0.0,0.0,0.0,0.0,0.0,x2973158c,PQ,1.0,1.0,1.0,104.0,1000000.0,0.9,1.05,s1s2,c,False,False,False,46.6539,-119.1679,default
2921,0.0,0.0,0.0,0.0,0.0,0.0,0.0006160655481282,0.0001544006558099,0.0054839347856549,0.001374404314742,0.0,0.0,0.0,0.0,sx2973158c,PQ,1.0,1.0,1.0,104.0,1000000.0,0.9,1.05,s1s2,c,False,True,False,46.6539,-119.1682,default
2922,0.0,0.0,0.0,0.0,0.0,0.0,0.0,0.0,0.0,0.0,0.0,0.0,0.0,0.0,l3048208,PQ,1.0,1.0,1.0,7199.557856794634,1000000.0,0.9,1.05,a,,False,False,False,46.65248016,-119.1670498,default
2923,0.0,0.0,0.0,0.0,0.0,0.0,0.0,0.0,0.0,0.0,0.0,0.0,0.0,0.0,x3048208a,PQ,1.0,1.0,1.0,104.0,1000000.0,0.9,1.05,s1s2,a,False,False,False,46.6521,-119.167,default
2924,0.0,0.0,0.0,0.0,0.0,0.0,0.0014571604681163,0.0003651987804248,0.00386283925594,0.0009681186152216,0.0,0.0,0.0,0.0,sx3048208a,PQ,1.0,1.0,1.0,104.0,1000000.0,0.9,1.05,s1s2,a,False,True,False,46.6522,-119.1673,default
2925,0.0,0.0,0.0,0.0,0.0,0.0,0.0,0.0,0.0,0.0,0.0,0.0,0.0,0.0,m1089119,PQ,1.0,1.0,1.0,7199.557856794634,1000000.0,0.9,1.05,abc,,False,False,False,46.65352986,-119.1660942,default
2926,0.0,0.0,0.0,0.0,0.0,0.0,0.0,0.0,0.0,0.0,0.0,0.0,0.0,0.0,m1089120,PQ,1.0,1.0,1.0,7199.557856794634,1000000.0,0.9,1.05,abc,,False,False,False,46.65367038,-119.165705,default
2927,0.0,0.0,0.0,0.0,0.0,0.0,0.0,0.0,0.0,0.0,0.0,0.0,0.0,0.0,d5472350-1_int,PQ,1.0,1.0,1.0,7199.557856794634,1000000.0,0.9,1.05,abc,,False,False,False,46.65379896,-119.1653295,default
2928,0.0,0.0,0.0,0.0,0.0,0.0,0.0,0.0,0.0,0.0,0.0,0.0,0.0,0.0,190-7361,PQ,1.0,1.0,1.0,7199.557856794634,1000000.0,0.9,1.05,abc,,False,False,False,46.65388888,-119.1650904,default
2929,0.0,0.0,0.0,0.0,0.0,0.0,0.0,0.0,0.0,0.0,0.0,0.0,0.0,0.0,regxfmr_190-7361,PQ,1.0,1.0,1.0,7199.557856794634,1000000.0,0.9,1.05,abc,,False,False,False,46.65406032,-119.1645463,default
2930,0.0,0.0,0.0,0.0,0.0,0.0,0.0,0.0,0.0,0.0,0.0,0.0,0.0,0.0,q14404,PQ,1.0,1.0,1.0,7199.557856794634,1000000.0,0.9,1.05,abc,,False,False,False,46.65410388,-119.1644418,default
2931,0.0,0.0,0.0,0.0,0.0,0.0,0.0,0.0,0.0,0.0,0.0,0.0,0.0,0.0,d6138608-3_int,PQ,1.0,1.0,1.0,7199.557856794634,1000000.0,0.9,1.05,abc,,False,False,False,46.65427812,-119.1639196,default
2932,0.0,0.0,0.0,0.0,0.0,0.0,0.0,0.0,0.0,0.0,0.0,0.0,0.0,0.0,l3029502,PQ,1.0,1.0,1.0,7199.557856794634,1000000.0,0.9,1.05,abc,,False,False,False,46.6543722,-119.1636594,default
2933,0.0,0.0,0.0,0.0,0.0,0.0,0.0,0.0,0.0,0.0,0.0,0.0,0.0,0.0,m1089131,PQ,1.0,1.0,1.0,7199.557856794634,1000000.0,0.9,1.05,abc,,False,False,False,46.65492302,-119.1621574,default
2934,0.0,0.0,0.0,0.0,0.0,0.0,0.0,0.0,0.0,0.0,0.0,0.0,0.0,0.0,l3104125,PQ,1.0,1.0,1.0,7199.557856794634,1000000.0,0.9,1.05,abc,,False,False,False,46.6551328,-119.1615523,default
2935,0.0,0.0,0.0,0.0,0.0,0.0,0.0,0.0,0.0,0.0,0.0,0.0,0.0,0.0,l3160107,PQ,1.0,1.0,1.0,7199.557856794634,1000000.0,0.9,1.05,abc,,False,False,False,46.65601166,-119.1600349,default
2936,0.0,0.0,0.0,0.0,0.0,0.0,0.0,0.0,0.0,0.0,0.0,0.0,0.0,0.0,m1089141,PQ,1.0,1.0,1.0,7199.557856794634,1000000.0,0.9,1.05,abc,,False,False,False,46.65692318,-119.1584879,default
2937,0.0,0.0,0.0,0.0,0.0,0.0,0.0,0.0,0.0,0.0,0.0,0.0,0.0,0.0,m1089143,PQ,1.0,1.0,1.0,7199.557856794634,1000000.0,0.9,1.05,abc,,False,False,False,46.65808024,-119.156587,default
2938,0.0,0.0,0.0,0.0,0.0,0.0,0.0,0.0,0.0,0.0,0.0,0.0,0.0,0.0,l3029498,PQ,1.0,1.0,1.0,7199.557856794634,1000000.0,0.9,1.05,abc,,False,False,False,46.65854132,-119.1551896,default
2939,0.0,0.0,0.0,0.0,0.0,0.0,0.0,0.0,0.0,0.0,0.0,0.0,0.0,0.0,l2933164,PQ,1.0,1.0,1.0,7199.557856794634,1000000.0,0.9,1.05,abc,,False,False,False,46.65891824,-119.1541253,default
2940,0.0,0.0,0.0,0.0,0.0,0.0,0.0,0.0,0.0,0.0,0.0,0.0,0.0,0.0,m1108286,PQ,1.0,1.0,1.0,7199.557856794634,1000000.0,0.9,1.05,abc,,False,False,False,46.65906104,-119.1527777,default
2941,0.0,0.0,0.0,0.0,0.0,0.0,0.0,0.0,0.0,0.0,0.0,0.0,0.0,0.0,l2688692,PQ,1.0,1.0,1.0,7199.557856794634,1000000.0,0.9,1.05,abc,,False,False,False,46.65906792,-119.1526908,default
2942,0.0,0.0,0.0,0.0,0.0,0.0,0.0,0.0,0.0,0.0,0.0,0.0,0.0,0.0,l2688693,PQ,1.0,1.0,1.0,7199.557856794634,1000000.0,0.9,1.05,abc,,False,False,False,46.6591211,-119.1520226,default
2943,0.0,0.0,0.0,0.0,0.0,0.0,0.0,0.0,0.0,0.0,0.0,0.0,0.0,0.0,n1139547,PQ,1.0,1.0,1.0,7199.557856794634,1000000.0,0.9,1.05,abc,,False,False,False,46.65923644,-119.1505725,default
2944,0.0,0.0,0.0,0.0,0.0,0.0,0.0,0.0,0.0,0.0,0.0,0.0,0.0,0.0,l2804249,PQ,1.0,1.0,1.0,7199.557856794634,1000000.0,0.9,1.05,abc,,False,False,False,46.65949472,-119.1494016,default
2945,0.0,0.0,0.0,0.0,0.0,0.0,0.0,0.0,0.0,0.0,0.0,0.0,0.0,0.0,l3179678,PQ,1.0,1.0,1.0,7199.557856794634,1000000.0,0.9,1.05,abc,,False,False,False,46.66033894,-119.1476571,default
2946,0.0,0.0,0.0,0.0,0.0,0.0,0.0,0.0,0.0,0.0,0.0,0.0,0.0,0.0,l2936279,PQ,1.0,1.0,1.0,7199.557856794634,1000000.0,0.9,1.05,abc,,False,False,False,46.66099242,-119.1461007,default
2947,0.0,0.0,0.0,0.0,0.0,0.0,0.0,0.0,0.0,0.0,0.0,0.0,0.0,0.0,m1108295,PQ,1.0,1.0,1.0,7199.557856794634,1000000.0,0.9,1.05,abc,,False,False,False,46.66107304,-119.1446693,default
2948,0.0,0.0,0.0,0.0,0.0,0.0,0.0,0.0,0.0,0.0,0.0,0.0,0.0,0.0,l3011298,PQ,1.0,1.0,1.0,7199.557856794634,1000000.0,0.9,1.05,abc,,False,False,False,46.66150698,-119.1433984,default
2949,0.0,0.0,0.0,0.0,0.0,0.0,0.0,0.0,0.0,0.0,0.0,0.0,0.0,0.0,196-36167,PQ,1.0,1.0,1.0,7199.557856794634,1000000.0,0.9,1.05,abc,,False,False,False,46.66248036,-119.14263,default
2950,0.0,0.0,0.0,0.0,0.0,0.0,0.0,0.0,0.0,0.0,0.0,0.0,0.0,0.0,m1108298,PQ,1.0,1.0,1.0,7199.557856794634,1000000.0,0.9,1.05,abc,,False,False,False,46.66294902,-119.14226,default
2951,0.0,0.0,0.0,0.0,0.0,0.0,0.0,0.0,0.0,0.0,0.0,0.0,0.0,0.0,l2879773,PQ,1.0,1.0,1.0,7199.557856794634,1000000.0,0.9,1.05,abc,,False,False,False,46.66417718,-119.1416659,default
2952,0.0,0.0,0.0,0.0,0.0,0.0,0.0,0.0,0.0,0.0,0.0,0.0,0.0,0.0,d6170302-1_int,PQ,1.0,1.0,1.0,7199.557856794634,1000000.0,0.9,1.05,abc,,False,False,False,46.66495018,-119.1414136,default
2953,0.0,0.0,0.0,0.0,0.0,0.0,0.0,0.0,0.0,0.0,0.0,0.0,0.0,0.0,m1108311,PQ,1.0,1.0,1.0,7199.557856794634,1000000.0,0.9,1.05,abc,,False,False,False,46.66541248,-119.1413154,default
2954,0.0,0.0,0.0,0.0,0.0,0.0,0.0,0.0,0.0,0.0,0.0,0.0,0.0,0.0,l2898526,PQ,1.0,1.0,1.0,7199.557856794634,1000000.0,0.9,1.05,c,,False,False,False,46.66530598,-119.1417184,default
2955,0.0,0.0,0.0,0.0,0.0,0.0,0.0,0.0,0.0,0.0,0.0,0.0,0.0,0.0,x2898526c,PQ,1.0,1.0,1.0,104.0,1000000.0,0.9,1.05,s1s2,c,False,False,False,46.665,-119.1417,default
2956,0.0,0.0,0.0,0.0,0.0,0.0,0.0047054499576497,0.0011792975978737,0.0013945503850747,0.0003495074648909,0.0,0.0,0.0,0.0,sx2898526c,PQ,1.0,1.0,1.0,104.0,1000000.0,0.9,1.05,s1s2,c,False,True,False,46.665,-119.142,default
2957,0.0,0.0,0.0,0.0,0.0,0.0,0.0,0.0,0.0,0.0,0.0,0.0,0.0,0.0,m1108315,PQ,1.0,1.0,1.0,7199.557856794634,1000000.0,0.9,1.05,abc,,False,False,False,46.66642506,-119.1410774,default
2958,0.0,0.0,0.0,0.0,0.0,0.0,0.0,0.0,0.0,0.0,0.0,0.0,0.0,0.0,l2955081,PQ,1.0,1.0,1.0,7199.557856794634,1000000.0,0.9,1.05,abc,,False,False,False,46.66769888,-119.1405301,default
2959,0.0,0.0,0.0,0.0,0.0,0.0,0.0,0.0,0.0,0.0,0.0,0.0,0.0,0.0,226-23751,PQ,1.0,1.0,1.0,7199.557856794634,1000000.0,0.9,1.05,abc,,False,False,False,46.66802514,-119.1399273,default
2960,0.0,0.0,0.0,0.0,0.0,0.0,0.0,0.0,0.0,0.0,0.0,0.0,0.0,0.0,m1125902,PQ,1.0,1.0,1.0,7199.557856794634,1000000.0,0.9,1.05,abc,,False,False,False,46.66861532,-119.138837,default
2961,0.0,0.0,0.0,0.0,0.0,0.0,0.0,0.0,0.0,0.0,0.0,0.0,0.0,0.0,e183493,PQ,1.0,1.0,1.0,7199.557856794634,1000000.0,0.9,1.05,abc,,False,False,False,46.66927454,-119.1375278,default
2962,0.0,0.0,0.0,0.0,0.0,0.0,0.0,0.0,0.0,0.0,0.0,0.0,0.0,0.0,p829986,PQ,1.0,1.0,1.0,7199.557856794634,1000000.0,0.9,1.05,a,,False,False,False,46.66871434,-119.1387253,default
2963,0.0,0.0,0.0,0.0,0.0,0.0,0.0,0.0,0.0,0.0,0.0,0.0,0.0,0.0,m1125904,PQ,1.0,1.0,1.0,7199.557856794634,1000000.0,0.9,1.05,a,,False,False,False,46.66893766,-119.1384733,default
2964,0.0,0.0,0.0,0.0,0.0,0.0,0.0,0.0,0.0,0.0,0.0,0.0,0.0,0.0,m1125903,PQ,1.0,1.0,1.0,7199.557856794634,1000000.0,0.9,1.05,a,,False,False,False,46.66878874,-119.1383961,default
2965,0.0,0.0,0.0,0.0,0.0,0.0,0.0,0.0,0.0,0.0,0.0,0.0,0.0,0.0,l2989565,PQ,1.0,1.0,1.0,7199.557856794634,1000000.0,0.9,1.05,a,,False,False,False,46.66858048,-119.1383035,default
2966,0.0,0.0,0.0,0.0,0.0,0.0,0.0,0.0,0.0,0.0,0.0,0.0,0.0,0.0,x2989565a,PQ,1.0,1.0,1.0,104.0,1000000.0,0.9,1.05,s1s2,a,False,False,False,46.6682,-119.1383,default
2967,0.0,0.0,0.0,0.0,0.0,0.0,0.0064114022571402,0.001606848594002,0.0024585971793192,0.0006161824380161,0.0,0.0,0.0,0.0,sx2989565a,PQ,1.0,1.0,1.0,104.0,1000000.0,0.9,1.05,s1s2,a,False,True,False,46.6683,-119.1386,default
2968,0.0,0.0,0.0,0.0,0.0,0.0,0.0,0.0,0.0,0.0,0.0,0.0,0.0,0.0,n1142108,PQ,1.0,1.0,1.0,7199.557856794634,1000000.0,0.9,1.05,a,,False,False,False,46.66912196,-119.1385928,default
2969,0.0,0.0,0.0,0.0,0.0,0.0,0.0,0.0,0.0,0.0,0.0,0.0,0.0,0.0,l2674051,PQ,1.0,1.0,1.0,7199.557856794634,1000000.0,0.9,1.05,a,,False,False,False,46.6700482,-119.1391932,default
2970,0.0,0.0,0.0,0.0,0.0,0.0,0.0,0.0,0.0,0.0,0.0,0.0,0.0,0.0,x2674051a,PQ,1.0,1.0,1.0,104.0,1000000.0,0.9,1.05,s1s2,a,False,False,False,46.6697,-119.1392,default
2971,0.0,0.0,0.0,0.0,0.0,0.0,0.0011208657848538,0.0002809154071158,0.0041991339172662,0.0010524020087238,0.0,0.0,0.0,0.0,sx2674051a,PQ,1.0,1.0,1.0,104.0,1000000.0,0.9,1.05,s1s2,a,True,True,False,46.6697,-119.1395,default
2972,0.0,0.0,0.0,0.0,0.0,0.0,0.0,0.0,0.0,0.0,0.0,0.0,0.0,0.0,x2955081a,PQ,1.0,1.0,1.0,104.0,1000000.0,0.9,1.05,s1s2,a,False,False,False,46.6673,-119.1405,default
2973,0.0,0.0,0.0,0.0,0.0,0.0,0.0021678439018075,0.0005433128067947,0.003152155784042,0.0007900045749647,0.0,0.0,0.0,0.0,sx2955081a,PQ,1.0,1.0,1.0,104.0,1000000.0,0.9,1.05,s1s2,a,False,True,False,46.6674,-119.1408,default
2974,0.0,0.0,0.0,0.0,0.0,0.0,0.0,0.0,0.0,0.0,0.0,0.0,0.0,0.0,n1230121,PQ,1.0,1.0,1.0,7199.557856794634,1000000.0,0.9,1.05,c,,False,False,False,46.66645826,-119.1412283,default
2975,0.0,0.0,0.0,0.0,0.0,0.0,0.0,0.0,0.0,0.0,0.0,0.0,0.0,0.0,m1108316,PQ,1.0,1.0,1.0,7199.557856794634,1000000.0,0.9,1.05,c,,False,False,False,46.66651192,-119.1414781,default
2976,0.0,0.0,0.0,0.0,0.0,0.0,0.0,0.0,0.0,0.0,0.0,0.0,0.0,0.0,196-35541,PQ,1.0,1.0,1.0,7199.557856794634,1000000.0,0.9,1.05,c,,False,False,False,46.666531,-119.1416199,default
2977,0.0,0.0,0.0,0.0,0.0,0.0,0.0,0.0,0.0,0.0,0.0,0.0,0.0,0.0,d6141147-1_int,PQ,1.0,1.0,1.0,7199.557856794634,1000000.0,0.9,1.05,c,,False,False,False,46.66660544,-119.1423535,default
2978,0.0,0.0,0.0,0.0,0.0,0.0,0.0,0.0,0.0,0.0,0.0,0.0,0.0,0.0,m1108317,PQ,1.0,1.0,1.0,7199.557856794634,1000000.0,0.9,1.05,c,,False,False,False,46.66670776,-119.142886,default
2979,0.0,0.0,0.0,0.0,0.0,0.0,0.0,0.0,0.0,0.0,0.0,0.0,0.0,0.0,l2820590,PQ,1.0,1.0,1.0,7199.557856794634,1000000.0,0.9,1.05,c,,False,False,False,46.66723026,-119.1438432,default
2980,0.0,0.0,0.0,0.0,0.0,0.0,0.0,0.0,0.0,0.0,0.0,0.0,0.0,0.0,m1108328,PQ,1.0,1.0,1.0,7199.557856794634,1000000.0,0.9,1.05,c,,False,False,False,46.66802186,-119.1438775,default
2981,0.0,0.0,0.0,0.0,0.0,0.0,0.0,0.0,0.0,0.0,0.0,0.0,0.0,0.0,l2767414,PQ,1.0,1.0,1.0,7199.557856794634,1000000.0,0.9,1.05,c,,False,False,False,46.66802788,-119.1445019,default
2982,0.0,0.0,0.0,0.0,0.0,0.0,0.0,0.0,0.0,0.0,0.0,0.0,0.0,0.0,m1108331,PQ,1.0,1.0,1.0,7199.557856794634,1000000.0,0.9,1.05,c,,False,False,False,46.66875546,-119.1460644,default
2983,0.0,0.0,0.0,0.0,0.0,0.0,0.0,0.0,0.0,0.0,0.0,0.0,0.0,0.0,l3045895,PQ,1.0,1.0,1.0,7199.557856794634,1000000.0,0.9,1.05,c,,False,False,False,46.66875336,-119.1460991,default
2984,0.0,0.0,0.0,0.0,0.0,0.0,0.0,0.0,0.0,0.0,0.0,0.0,0.0,0.0,m1108329,PQ,1.0,1.0,1.0,7199.557856794634,1000000.0,0.9,1.05,c,,False,False,False,46.66866092,-119.1476299,default
2985,0.0,0.0,0.0,0.0,0.0,0.0,0.0,0.0,0.0,0.0,0.0,0.0,0.0,0.0,l2935552,PQ,1.0,1.0,1.0,7199.557856794634,1000000.0,0.9,1.05,c,,False,False,False,46.66855586,-119.1502413,default
2986,0.0,0.0,0.0,0.0,0.0,0.0,0.0,0.0,0.0,0.0,0.0,0.0,0.0,0.0,x2935552c,PQ,1.0,1.0,1.0,104.0,1000000.0,0.9,1.05,s1s2,c,False,False,False,46.6682,-119.1502,default
2987,0.0,0.0,0.0,0.0,0.0,0.0,0.004577639967323,0.0011472653933556,0.001522360429048,0.0003815397044673,0.0,0.0,0.0,0.0,sx2935552c,PQ,1.0,1.0,1.0,104.0,1000000.0,0.9,1.05,s1s2,c,False,True,False,46.6682,-119.1505,default
2988,0.0,0.0,0.0,0.0,0.0,0.0,0.0,0.0,0.0,0.0,0.0,0.0,0.0,0.0,x3045895c,PQ,1.0,1.0,1.0,104.0,1000000.0,0.9,1.05,s1s2,c,False,False,False,46.6684,-119.1461,default
2989,0.0,0.0,0.0,0.0,0.0,0.0,0.007639719214847,0.001914695142983,0.0025302813522523,0.0006341486095363,0.0,0.0,0.0,0.0,sx3045895c,PQ,1.0,1.0,1.0,104.0,1000000.0,0.9,1.05,s1s2,c,True,True,False,46.6684,-119.1464,default
2990,0.0,0.0,0.0,0.0,0.0,0.0,0.0,0.0,0.0,0.0,0.0,0.0,0.0,0.0,m1108334,PQ,1.0,1.0,1.0,7199.557856794634,1000000.0,0.9,1.05,c,,False,False,False,46.67006432,-119.1454317,default
2991,0.0,0.0,0.0,0.0,0.0,0.0,0.0,0.0,0.0,0.0,0.0,0.0,0.0,0.0,l2692664,PQ,1.0,1.0,1.0,7199.557856794634,1000000.0,0.9,1.05,c,,False,False,False,46.66984944,-119.1448118,default
2992,0.0,0.0,0.0,0.0,0.0,0.0,0.0,0.0,0.0,0.0,0.0,0.0,0.0,0.0,x2692664c,PQ,1.0,1.0,1.0,104.0,1000000.0,0.9,1.05,s1s2,c,False,False,False,46.6695,-119.1448,default
2993,0.0,0.0,0.0,0.0,0.0,0.0,0.0012843496748467,0.0003218885524665,0.0048156507314414,0.0012069165513984,0.0,0.0,0.0,0.0,sx2692664c,PQ,1.0,1.0,1.0,104.0,1000000.0,0.9,1.05,s1s2,c,False,True,False,46.6695,-119.1451,default
2994,0.0,0.0,0.0,0.0,0.0,0.0,0.0,0.0,0.0,0.0,0.0,0.0,0.0,0.0,m1108335,PQ,1.0,1.0,1.0,7199.557856794634,1000000.0,0.9,1.05,c,,False,False,False,46.67036946,-119.1481365,default
2995,0.0,0.0,0.0,0.0,0.0,0.0,0.0,0.0,0.0,0.0,0.0,0.0,0.0,0.0,m1108340,PQ,1.0,1.0,1.0,7199.557856794634,1000000.0,0.9,1.05,c,,False,False,False,46.67219316,-119.1507784,default
2996,0.0,0.0,0.0,0.0,0.0,0.0,0.0,0.0,0.0,0.0,0.0,0.0,0.0,0.0,l2822865,PQ,1.0,1.0,1.0,7199.557856794634,1000000.0,0.9,1.05,c,,False,False,False,46.67119534,-119.1516388,default
2997,0.0,0.0,0.0,0.0,0.0,0.0,0.0,0.0,0.0,0.0,0.0,0.0,0.0,0.0,l2916606,PQ,1.0,1.0,1.0,7199.557856794634,1000000.0,0.9,1.05,c,,False,False,False,46.67119952,-119.152964,default
2998,0.0,0.0,0.0,0.0,0.0,0.0,0.0,0.0,0.0,0.0,0.0,0.0,0.0,0.0,l2822864,PQ,1.0,1.0,1.0,7199.557856794634,1000000.0,0.9,1.05,c,,False,False,False,46.67067124,-119.1538103,default
2999,0.0,0.0,0.0,0.0,0.0,0.0,0.0,0.0,0.0,0.0,0.0,0.0,0.0,0.0,x2822864c,PQ,1.0,1.0,1.0,104.0,1000000.0,0.9,1.05,s1s2,c,False,False,False,46.6703,-119.1538,default
3000,0.0,0.0,0.0,0.0,0.0,0.0,0.0059028305625313,0.0014793896972485,0.0001971699640911,4.9415479222221056e-05,0.0,0.0,0.0,0.0,sx2822864c,PQ,1.0,1.0,1.0,104.0,1000000.0,0.9,1.05,s1s2,c,False,True,False,46.6704,-119.1541,default
3001,0.0,0.0,0.0,0.0,0.0,0.0,0.0,0.0,0.0,0.0,0.0,0.0,0.0,0.0,x2916606c,PQ,1.0,1.0,1.0,104.0,1000000.0,0.9,1.05,s1s2,c,False,False,False,46.6708,-119.153,default
3002,0.0,0.0,0.0,0.0,0.0,0.0,0.0013258729275274,0.0003322952695493,0.0047741275231208,0.0011965098609501,0.0,0.0,0.0,0.0,sx2916606c,PQ,1.0,1.0,1.0,104.0,1000000.0,0.9,1.05,s1s2,c,False,True,False,46.6709,-119.1532,default
3003,0.0,0.0,0.0,0.0,0.0,0.0,0.0,0.0,0.0,0.0,0.0,0.0,0.0,0.0,x2822865c,PQ,1.0,1.0,1.0,104.0,1000000.0,0.9,1.05,s1s2,c,False,False,False,46.6708,-119.1516,default
3004,0.0,0.0,0.0,0.0,0.0,0.0,0.0005394110949219,0.0001351892414746,0.0035305892017506,0.0008848495926746,0.0,0.0,0.0,0.0,sx2822865c,PQ,1.0,1.0,1.0,104.0,1000000.0,0.9,1.05,s1s2,c,False,True,False,46.6709,-119.1519,default
3005,0.0,0.0,0.0,0.0,0.0,0.0,0.0,0.0,0.0,0.0,0.0,0.0,0.0,0.0,l2916605,PQ,1.0,1.0,1.0,7199.557856794634,1000000.0,0.9,1.05,c,,False,False,False,46.67201574,-119.1506986,default
3006,0.0,0.0,0.0,0.0,0.0,0.0,0.0,0.0,0.0,0.0,0.0,0.0,0.0,0.0,x2916605c,PQ,1.0,1.0,1.0,104.0,1000000.0,0.9,1.05,s1s2,c,False,False,False,46.6717,-119.1507,default
3007,0.0,0.0,0.0,0.0,0.0,0.0,0.0022917472190499,0.000574366327062,0.0038082531966735,0.0009544387822775,0.0,0.0,0.0,0.0,sx2916605c,PQ,1.0,1.0,1.0,104.0,1000000.0,0.9,1.05,s1s2,c,False,True,False,46.6717,-119.151,default
3008,0.0,0.0,0.0,0.0,0.0,0.0,0.0,0.0,0.0,0.0,0.0,0.0,0.0,0.0,l3085394,PQ,1.0,1.0,1.0,7199.557856794634,1000000.0,0.9,1.05,c,,False,False,False,46.67242054,-119.1525115,default
3009,0.0,0.0,0.0,0.0,0.0,0.0,0.0,0.0,0.0,0.0,0.0,0.0,0.0,0.0,x3085394c,PQ,1.0,1.0,1.0,104.0,1000000.0,0.9,1.05,s1s2,c,False,False,False,46.6721,-119.1525,default
3010,0.0,0.0,0.0,0.0,0.0,0.0,0.0053101236894273,0.0013308432510677,0.0007898767910759,0.0001979618975046,0.0,0.0,0.0,0.0,sx3085394c,PQ,1.0,1.0,1.0,104.0,1000000.0,0.9,1.05,s1s2,c,False,True,False,46.6721,-119.1528,default
3011,0.0,0.0,0.0,0.0,0.0,0.0,0.0,0.0,0.0,0.0,0.0,0.0,0.0,0.0,m1108344,PQ,1.0,1.0,1.0,7199.557856794634,1000000.0,0.9,1.05,c,,False,False,False,46.67296574,-119.1515398,default
3012,0.0,0.0,0.0,0.0,0.0,0.0,0.0,0.0,0.0,0.0,0.0,0.0,0.0,0.0,l2804250,PQ,1.0,1.0,1.0,7199.557856794634,1000000.0,0.9,1.05,c,,False,False,False,46.67349664,-119.1513134,default
3013,0.0,0.0,0.0,0.0,0.0,0.0,0.0,0.0,0.0,0.0,0.0,0.0,0.0,0.0,l2820583,PQ,1.0,1.0,1.0,7199.557856794634,1000000.0,0.9,1.05,c,,False,False,False,46.67440946,-119.150861,default
3014,0.0,0.0,0.0,0.0,0.0,0.0,0.0,0.0,0.0,0.0,0.0,0.0,0.0,0.0,m1108354,PQ,1.0,1.0,1.0,7199.557856794634,1000000.0,0.9,1.05,c,,False,False,False,46.67454264,-119.1483119,default
3015,0.0,0.0,0.0,0.0,0.0,0.0,0.0,0.0,0.0,0.0,0.0,0.0,0.0,0.0,m1108350,PQ,1.0,1.0,1.0,7199.557856794634,1000000.0,0.9,1.05,c,,False,False,False,46.6741904,-119.1470415,default
3016,0.0,0.0,0.0,0.0,0.0,0.0,0.0,0.0,0.0,0.0,0.0,0.0,0.0,0.0,l3198356,PQ,1.0,1.0,1.0,7199.557856794634,1000000.0,0.9,1.05,c,,False,False,False,46.67363398,-119.1460586,default
3017,0.0,0.0,0.0,0.0,0.0,0.0,0.0,0.0,0.0,0.0,0.0,0.0,0.0,0.0,m1108345,PQ,1.0,1.0,1.0,7199.557856794634,1000000.0,0.9,1.05,c,,False,False,False,46.67305634,-119.145279,default
3018,0.0,0.0,0.0,0.0,0.0,0.0,0.0,0.0,0.0,0.0,0.0,0.0,0.0,0.0,m1108347,PQ,1.0,1.0,1.0,7199.557856794634,1000000.0,0.9,1.05,c,,False,False,False,46.67354042,-119.1449577,default
3019,0.0,0.0,0.0,0.0,0.0,0.0,0.0,0.0,0.0,0.0,0.0,0.0,0.0,0.0,m1108355,PQ,1.0,1.0,1.0,7199.557856794634,1000000.0,0.9,1.05,c,,False,False,False,46.67475438,-119.1443719,default
3020,0.0,0.0,0.0,0.0,0.0,0.0,0.0,0.0,0.0,0.0,0.0,0.0,0.0,0.0,m1108352,PQ,1.0,1.0,1.0,7199.557856794634,1000000.0,0.9,1.05,c,,False,False,False,46.67439162,-119.1429404,default
3021,0.0,0.0,0.0,0.0,0.0,0.0,0.0,0.0,0.0,0.0,0.0,0.0,0.0,0.0,m1108356,PQ,1.0,1.0,1.0,7199.557856794634,1000000.0,0.9,1.05,c,,False,False,False,46.67483822,-119.1414539,default
3022,0.0,0.0,0.0,0.0,0.0,0.0,0.0,0.0,0.0,0.0,0.0,0.0,0.0,0.0,l2674052,PQ,1.0,1.0,1.0,7199.557856794634,1000000.0,0.9,1.05,c,,False,False,False,46.6745973,-119.1404254,default
3023,0.0,0.0,0.0,0.0,0.0,0.0,0.0,0.0,0.0,0.0,0.0,0.0,0.0,0.0,x2674052c,PQ,1.0,1.0,1.0,104.0,1000000.0,0.9,1.05,s1s2,c,False,False,False,46.6742,-119.1404,default
3024,0.0,0.0,0.0,0.0,0.0,0.0,0.0013628814983504,0.0003415704981969,0.0047371189654738,0.0011872346405931,0.0,0.0,0.0,0.0,sx2674052c,PQ,1.0,1.0,1.0,104.0,1000000.0,0.9,1.05,s1s2,c,False,True,False,46.6743,-119.1407,default
3025,0.0,0.0,0.0,0.0,0.0,0.0,0.0,0.0,0.0,0.0,0.0,0.0,0.0,0.0,l2842390,PQ,1.0,1.0,1.0,7199.557856794634,1000000.0,0.9,1.05,c,,False,False,False,46.67582842,-119.1415314,default
3026,0.0,0.0,0.0,0.0,0.0,0.0,0.0,0.0,0.0,0.0,0.0,0.0,0.0,0.0,x2842390c,PQ,1.0,1.0,1.0,104.0,1000000.0,0.9,1.05,s1s2,c,False,False,False,46.6755,-119.1415,default
3027,0.0,0.0,0.0,0.0,0.0,0.0,0.0009353772173002,0.0002344277634718,0.0051646232705615,0.0012943773898562,0.0,0.0,0.0,0.0,sx2842390c,PQ,1.0,1.0,1.0,104.0,1000000.0,0.9,1.05,s1s2,c,False,True,False,46.6755,-119.1418,default
3028,0.0,0.0,0.0,0.0,0.0,0.0,0.0,0.0,0.0,0.0,0.0,0.0,0.0,0.0,x3198356c,PQ,1.0,1.0,1.0,104.0,1000000.0,0.9,1.05,s1s2,c,False,False,False,46.6733,-119.1461,default
3029,0.0,0.0,0.0,0.0,0.0,0.0,0.0029188786115268,0.000731540365923,0.0031811218098372,0.0007972647468512,0.0,0.0,0.0,0.0,sx3198356c,PQ,1.0,1.0,1.0,104.0,1000000.0,0.9,1.05,s1s2,c,False,True,False,46.6733,-119.1463,default
3030,0.0,0.0,0.0,0.0,0.0,0.0,0.0,0.0,0.0,0.0,0.0,0.0,0.0,0.0,m1108360,PQ,1.0,1.0,1.0,7199.557856794634,1000000.0,0.9,1.05,c,,False,False,False,46.67723936,-119.1481591,default
3031,0.0,0.0,0.0,0.0,0.0,0.0,0.0,0.0,0.0,0.0,0.0,0.0,0.0,0.0,l3048968,PQ,1.0,1.0,1.0,7199.557856794634,1000000.0,0.9,1.05,c,,False,False,False,46.67798744,-119.1484469,default
3032,0.0,0.0,0.0,0.0,0.0,0.0,0.0,0.0,0.0,0.0,0.0,0.0,0.0,0.0,x3048968c,PQ,1.0,1.0,1.0,104.0,1000000.0,0.9,1.05,s1s2,c,False,False,False,46.6776,-119.1484,default
3033,0.0,0.0,0.0,0.0,0.0,0.0,0.0044858194956777,0.0011242529772513,0.0107741819292566,0.0027002661941391,0.0,0.0,0.0,0.0,sx3048968c,PQ,1.0,1.0,1.0,104.0,1000000.0,0.9,1.05,s1s2,c,False,True,False,46.6777,-119.1487,default
3034,0.0,0.0,0.0,0.0,0.0,0.0,0.0,0.0,0.0,0.0,0.0,0.0,0.0,0.0,x2804250c,PQ,1.0,1.0,1.0,104.0,1000000.0,0.9,1.05,s1s2,c,False,False,False,46.6731,-119.1513,default
3035,0.0,0.0,0.0,0.0,0.0,0.0,0.004074632238459,0.0010211996915345,0.0060953685181154,0.0015276442575572,0.0,0.0,0.0,0.0,sx2804250c,PQ,1.0,1.0,1.0,104.0,1000000.0,0.9,1.05,s1s2,c,False,True,False,46.6732,-119.1516,default
3036,0.0,0.0,0.0,0.0,0.0,0.0,0.0,0.0,0.0,0.0,0.0,0.0,0.0,0.0,m1108353,PQ,1.0,1.0,1.0,7199.557856794634,1000000.0,0.9,1.05,c,,False,False,False,46.67441722,-119.1527697,default
3037,0.0,0.0,0.0,0.0,0.0,0.0,0.0,0.0,0.0,0.0,0.0,0.0,0.0,0.0,l3048205,PQ,1.0,1.0,1.0,7199.557856794634,1000000.0,0.9,1.05,c,,False,False,False,46.67543616,-119.1535682,default
3038,0.0,0.0,0.0,0.0,0.0,0.0,0.0,0.0,0.0,0.0,0.0,0.0,0.0,0.0,m1108361,PQ,1.0,1.0,1.0,7199.557856794634,1000000.0,0.9,1.05,c,,False,False,False,46.67777932,-119.1554046,default
3039,0.0,0.0,0.0,0.0,0.0,0.0,0.0,0.0,0.0,0.0,0.0,0.0,0.0,0.0,l3048228,PQ,1.0,1.0,1.0,7199.557856794634,1000000.0,0.9,1.05,c,,False,False,False,46.67795146,-119.1548812,default
3040,0.0,0.0,0.0,0.0,0.0,0.0,0.0,0.0,0.0,0.0,0.0,0.0,0.0,0.0,l2991940,PQ,1.0,1.0,1.0,7199.557856794634,1000000.0,0.9,1.05,c,,False,False,False,46.67843642,-119.1534392,default
3041,0.0,0.0,0.0,0.0,0.0,0.0,0.0,0.0,0.0,0.0,0.0,0.0,0.0,0.0,x2991940c,PQ,1.0,1.0,1.0,104.0,1000000.0,0.9,1.05,s1s2,c,False,False,False,46.6781,-119.1534,default
3042,0.0,0.0,0.0,0.0,0.0,0.0,0.0025536802893692,0.0006400129871656,0.0035463201608703,0.000888792142985,0.0,0.0,0.0,0.0,sx2991940c,PQ,1.0,1.0,1.0,104.0,1000000.0,0.9,1.05,s1s2,c,False,True,False,46.6781,-119.1537,default
3043,0.0,0.0,0.0,0.0,0.0,0.0,0.0,0.0,0.0,0.0,0.0,0.0,0.0,0.0,x3048228c,PQ,1.0,1.0,1.0,104.0,1000000.0,0.9,1.05,s1s2,c,False,False,False,46.6776,-119.1549,default
3044,0.0,0.0,0.0,0.0,0.0,0.0,0.0030540894143772,0.0007654274024108,0.0071159114478753,0.0017834166081115,0.0,0.0,0.0,0.0,sx3048228c,PQ,1.0,1.0,1.0,104.0,1000000.0,0.9,1.05,s1s2,c,False,True,False,46.6776,-119.1552,default
3045,0.0,0.0,0.0,0.0,0.0,0.0,0.0,0.0,0.0,0.0,0.0,0.0,0.0,0.0,m1089155,PQ,1.0,1.0,1.0,7199.557856794634,1000000.0,0.9,1.05,c,,False,False,False,46.67954544,-119.155926,default
3046,0.0,0.0,0.0,0.0,0.0,0.0,0.0,0.0,0.0,0.0,0.0,0.0,0.0,0.0,l2935550,PQ,1.0,1.0,1.0,7199.557856794634,1000000.0,0.9,1.05,c,,False,False,False,46.68014298,-119.157091,default
3047,0.0,0.0,0.0,0.0,0.0,0.0,0.0,0.0,0.0,0.0,0.0,0.0,0.0,0.0,x2935550c,PQ,1.0,1.0,1.0,104.0,1000000.0,0.9,1.05,s1s2,c,False,False,False,46.6798,-119.1571,default
3048,0.0,0.0,0.0,0.0,0.0,0.0,0.004372504528022,0.0010958535792375,0.0057974962909484,0.0014529904062036,0.0,0.0,0.0,0.0,sx2935550c,PQ,1.0,1.0,1.0,104.0,1000000.0,0.9,1.05,s1s2,c,False,True,False,46.6798,-119.1574,default
3049,0.0,0.0,0.0,0.0,0.0,0.0,0.0,0.0,0.0,0.0,0.0,0.0,0.0,0.0,m1089158,PQ,1.0,1.0,1.0,7199.557856794634,1000000.0,0.9,1.05,c,,False,False,False,46.68095476,-119.1563608,default
3050,0.0,0.0,0.0,0.0,0.0,0.0,0.0,0.0,0.0,0.0,0.0,0.0,0.0,0.0,m1089162,PQ,1.0,1.0,1.0,7199.557856794634,1000000.0,0.9,1.05,c,,False,False,False,46.6833981,-119.1573215,default
3051,0.0,0.0,0.0,0.0,0.0,0.0,0.0,0.0,0.0,0.0,0.0,0.0,0.0,0.0,l2991640,PQ,1.0,1.0,1.0,7199.557856794634,1000000.0,0.9,1.05,c,,False,False,False,46.683231,-119.1592611,default
3052,0.0,0.0,0.0,0.0,0.0,0.0,0.0,0.0,0.0,0.0,0.0,0.0,0.0,0.0,m1089160,PQ,1.0,1.0,1.0,7199.557856794634,1000000.0,0.9,1.05,c,,False,False,False,46.68300832,-119.160999,default
3053,0.0,0.0,0.0,0.0,0.0,0.0,0.0,0.0,0.0,0.0,0.0,0.0,0.0,0.0,m1089163,PQ,1.0,1.0,1.0,7199.557856794634,1000000.0,0.9,1.05,c,,False,False,False,46.68414174,-119.1614637,default
3054,0.0,0.0,0.0,0.0,0.0,0.0,0.0,0.0,0.0,0.0,0.0,0.0,0.0,0.0,l3066807,PQ,1.0,1.0,1.0,7199.557856794634,1000000.0,0.9,1.05,c,,False,False,False,46.68529014,-119.1621857,default
3055,0.0,0.0,0.0,0.0,0.0,0.0,0.0,0.0,0.0,0.0,0.0,0.0,0.0,0.0,x3066807c,PQ,1.0,1.0,1.0,104.0,1000000.0,0.9,1.05,s1s2,c,False,False,False,46.6849,-119.1622,default
3056,0.0,0.0,0.0,0.0,0.0,0.0,0.0011129236936827,0.0002789251348541,0.0029570766233455,0.0007411137115109,0.0,0.0,0.0,0.0,sx3066807c,PQ,1.0,1.0,1.0,104.0,1000000.0,0.9,1.05,s1s2,c,False,True,False,46.685,-119.1625,default
3057,0.0,0.0,0.0,0.0,0.0,0.0,0.0,0.0,0.0,0.0,0.0,0.0,0.0,0.0,x2991640c,PQ,1.0,1.0,1.0,104.0,1000000.0,0.9,1.05,s1s2,c,False,False,False,46.6829,-119.1593,default
3058,0.0,0.0,0.0,0.0,0.0,0.0,0.0010390668872866,0.0002604148632498,0.0030309334317031,0.0007596239843228,0.0,0.0,0.0,0.0,sx2991640c,PQ,1.0,1.0,1.0,104.0,1000000.0,0.9,1.05,s1s2,c,False,True,False,46.6829,-119.1595,default
3059,0.0,0.0,0.0,0.0,0.0,0.0,0.0,0.0,0.0,0.0,0.0,0.0,0.0,0.0,l3197626,PQ,1.0,1.0,1.0,7199.557856794634,1000000.0,0.9,1.05,c,,False,False,False,46.68331102,-119.1554728,default
3060,0.0,0.0,0.0,0.0,0.0,0.0,0.0,0.0,0.0,0.0,0.0,0.0,0.0,0.0,x3197626c,PQ,1.0,1.0,1.0,104.0,1000000.0,0.9,1.05,s1s2,c,False,False,False,46.683,-119.1555,default
3061,0.0,0.0,0.0,0.0,0.0,0.0,0.0056751348597304,0.0014223237589838,0.0004248657193969,0.0001064814486431,0.0,0.0,0.0,0.0,sx3197626c,PQ,1.0,1.0,1.0,104.0,1000000.0,0.9,1.05,s1s2,c,False,True,False,46.683,-119.1558,default
3062,0.0,0.0,0.0,0.0,0.0,0.0,0.0,0.0,0.0,0.0,0.0,0.0,0.0,0.0,m1089165,PQ,1.0,1.0,1.0,7199.557856794634,1000000.0,0.9,1.05,c,,False,False,False,46.68690502,-119.1586852,default
3063,0.0,0.0,0.0,0.0,0.0,0.0,0.0,0.0,0.0,0.0,0.0,0.0,0.0,0.0,l2748128,PQ,1.0,1.0,1.0,7199.557856794634,1000000.0,0.9,1.05,c,,False,False,False,46.68743692,-119.1590551,default
3064,0.0,0.0,0.0,0.0,0.0,0.0,0.0,0.0,0.0,0.0,0.0,0.0,0.0,0.0,m1089170,PQ,1.0,1.0,1.0,7199.557856794634,1000000.0,0.9,1.05,c,,False,False,False,46.68956446,-119.1605955,default
3065,0.0,0.0,0.0,0.0,0.0,0.0,0.0,0.0,0.0,0.0,0.0,0.0,0.0,0.0,d6320328-1_int,PQ,1.0,1.0,1.0,7199.557856794634,1000000.0,0.9,1.05,c,,False,False,False,46.68999688,-119.1610476,default
3066,0.0,0.0,0.0,0.0,0.0,0.0,0.0,0.0,0.0,0.0,0.0,0.0,0.0,0.0,l3029497,PQ,1.0,1.0,1.0,7199.557856794634,1000000.0,0.9,1.05,c,,False,False,False,46.68997862,-119.1599537,default
3067,0.0,0.0,0.0,0.0,0.0,0.0,0.0,0.0,0.0,0.0,0.0,0.0,0.0,0.0,x3029497c,PQ,1.0,1.0,1.0,104.0,1000000.0,0.9,1.05,s1s2,c,False,False,False,46.6896,-119.16,default
3068,0.0,0.0,0.0,0.0,0.0,0.0,0.0016204493799495,0.000406123139451,0.002449550932954,0.0006139157043392,0.0,0.0,0.0,0.0,sx3029497c,PQ,1.0,1.0,1.0,104.0,1000000.0,0.9,1.05,s1s2,c,False,True,False,46.6897,-119.1602,default
3069,0.0,0.0,0.0,0.0,0.0,0.0,0.0,0.0,0.0,0.0,0.0,0.0,0.0,0.0,l3085392,PQ,1.0,1.0,1.0,7199.557856794634,1000000.0,0.9,1.05,c,,False,False,False,46.68874864,-119.1615135,default
3070,0.0,0.0,0.0,0.0,0.0,0.0,0.0,0.0,0.0,0.0,0.0,0.0,0.0,0.0,x3085392c,PQ,1.0,1.0,1.0,104.0,1000000.0,0.9,1.05,s1s2,c,False,False,False,46.6884,-119.1615,default
3071,0.0,0.0,0.0,0.0,0.0,0.0,0.0019681146967412,0.0004932563312166,0.0041318858018003,0.0010355488278825,0.0,0.0,0.0,0.0,sx3085392c,PQ,1.0,1.0,1.0,104.0,1000000.0,0.9,1.05,s1s2,c,False,True,False,46.6884,-119.1618,default
3072,0.0,0.0,0.0,0.0,0.0,0.0,0.0,0.0,0.0,0.0,0.0,0.0,0.0,0.0,x2748128c,PQ,1.0,1.0,1.0,104.0,1000000.0,0.9,1.05,s1s2,c,False,False,False,46.6871,-119.1591,default
3073,0.0,0.0,0.0,0.0,0.0,0.0,0.0028769747520209,0.0007210382621566,0.0072930261845048,0.001827805791288,0.0,0.0,0.0,0.0,sx2748128c,PQ,1.0,1.0,1.0,104.0,1000000.0,0.9,1.05,s1s2,c,False,True,False,46.6871,-119.1593,default
3074,0.0,0.0,0.0,0.0,0.0,0.0,0.0,0.0,0.0,0.0,0.0,0.0,0.0,0.0,l3197627,PQ,1.0,1.0,1.0,7199.557856794634,1000000.0,0.9,1.05,c,,False,False,False,46.68654392,-119.1608133,default
3075,0.0,0.0,0.0,0.0,0.0,0.0,0.0,0.0,0.0,0.0,0.0,0.0,0.0,0.0,x3197627c,PQ,1.0,1.0,1.0,104.0,1000000.0,0.9,1.05,s1s2,c,False,False,False,46.6862,-119.1608,default
3076,0.0,0.0,0.0,0.0,0.0,0.0,0.0049951761702854,0.0012519099074953,0.0051748246825537,0.0012969340976249,0.0,0.0,0.0,0.0,sx3197627c,PQ,1.0,1.0,1.0,104.0,1000000.0,0.9,1.05,s1s2,c,False,True,False,46.6862,-119.1611,default
3077,0.0,0.0,0.0,0.0,0.0,0.0,0.0,0.0,0.0,0.0,0.0,0.0,0.0,0.0,l3216343,PQ,1.0,1.0,1.0,7199.557856794634,1000000.0,0.9,1.05,c,,False,False,False,46.68851798,-119.1569152,default
3078,0.0,0.0,0.0,0.0,0.0,0.0,0.0,0.0,0.0,0.0,0.0,0.0,0.0,0.0,l3082981,PQ,1.0,1.0,1.0,7199.557856794634,1000000.0,0.9,1.05,c,,False,False,False,46.68806946,-119.1557584,default
3079,0.0,0.0,0.0,0.0,0.0,0.0,0.0,0.0,0.0,0.0,0.0,0.0,0.0,0.0,m1108368,PQ,1.0,1.0,1.0,7199.557856794634,1000000.0,0.9,1.05,c,,False,False,False,46.68771244,-119.1533421,default
3080,0.0,0.0,0.0,0.0,0.0,0.0,0.0,0.0,0.0,0.0,0.0,0.0,0.0,0.0,l2897770,PQ,1.0,1.0,1.0,7199.557856794634,1000000.0,0.9,1.05,c,,False,False,False,46.6875893,-119.1521454,default
3081,0.0,0.0,0.0,0.0,0.0,0.0,0.0,0.0,0.0,0.0,0.0,0.0,0.0,0.0,x2897770c,PQ,1.0,1.0,1.0,104.0,1000000.0,0.9,1.05,s1s2,c,False,False,False,46.6872,-119.1521,default
3082,0.0,0.0,0.0,0.0,0.0,0.0,0.0075399466807715,0.0018896899482427,0.0026300542894218,0.0006591541246763,0.0,0.0,0.0,0.0,sx2897770c,PQ,1.0,1.0,1.0,104.0,1000000.0,0.9,1.05,s1s2,c,False,True,False,46.6873,-119.1524,default
3083,0.0,0.0,0.0,0.0,0.0,0.0,0.0,0.0,0.0,0.0,0.0,0.0,0.0,0.0,l3085393,PQ,1.0,1.0,1.0,7199.557856794634,1000000.0,0.9,1.05,c,,False,False,False,46.68871784,-119.1533486,default
3084,0.0,0.0,0.0,0.0,0.0,0.0,0.0,0.0,0.0,0.0,0.0,0.0,0.0,0.0,x3085393c,PQ,1.0,1.0,1.0,104.0,1000000.0,0.9,1.05,s1s2,c,False,False,False,46.6884,-119.1533,default
3085,0.0,0.0,0.0,0.0,0.0,0.0,2.684464907855247e-05,6.727907119558679e-06,0.0101431566979255,0.002542116382546,0.0,0.0,0.0,0.0,sx3085393c,PQ,1.0,1.0,1.0,104.0,1000000.0,0.9,1.05,s1s2,c,False,True,False,46.6884,-119.1536,default
3086,0.0,0.0,0.0,0.0,0.0,0.0,0.0,0.0,0.0,0.0,0.0,0.0,0.0,0.0,x3082981c,PQ,1.0,1.0,1.0,104.0,1000000.0,0.9,1.05,s1s2,c,False,False,False,46.6877,-119.1558,default
3087,0.0,0.0,0.0,0.0,0.0,0.0,0.0011391266883066,0.0002854922276252,0.0049608738541384,0.001243312957847,0.0,0.0,0.0,0.0,sx3082981c,PQ,1.0,1.0,1.0,104.0,1000000.0,0.9,1.05,s1s2,c,False,True,False,46.6878,-119.156,default
3088,0.0,0.0,0.0,0.0,0.0,0.0,0.0,0.0,0.0,0.0,0.0,0.0,0.0,0.0,x3216343c,PQ,1.0,1.0,1.0,104.0,1000000.0,0.9,1.05,s1s2,c,False,False,False,46.6882,-119.1569,default
3089,0.0,0.0,0.0,0.0,0.0,0.0,0.0003505959061153,8.786766727559906e-05,0.0098194053666796,0.0024609765798058,0.0,0.0,0.0,0.0,sx3216343c,PQ,1.0,1.0,1.0,104.0,1000000.0,0.9,1.05,s1s2,c,False,True,False,46.6882,-119.1572,default
3090,0.0,0.0,0.0,0.0,0.0,0.0,0.0,0.0,0.0,0.0,0.0,0.0,0.0,0.0,m3037540,PQ,1.0,1.0,1.0,7199.557856794634,1000000.0,0.9,1.05,c,,False,False,False,46.67979154,-119.1547116,default
3091,0.0,0.0,0.0,0.0,0.0,0.0,0.0,0.0,0.0,0.0,0.0,0.0,0.0,0.0,l2710509,PQ,1.0,1.0,1.0,7199.557856794634,1000000.0,0.9,1.05,c,,False,False,False,46.67980366,-119.1546562,default
3092,0.0,0.0,0.0,0.0,0.0,0.0,0.0,0.0,0.0,0.0,0.0,0.0,0.0,0.0,m1108364,PQ,1.0,1.0,1.0,7199.557856794634,1000000.0,0.9,1.05,c,,False,False,False,46.68017766,-119.1529468,default
3093,0.0,0.0,0.0,0.0,0.0,0.0,0.0,0.0,0.0,0.0,0.0,0.0,0.0,0.0,l2897766,PQ,1.0,1.0,1.0,7199.557856794634,1000000.0,0.9,1.05,c,,False,False,False,46.6805334,-119.1513559,default
3094,0.0,0.0,0.0,0.0,0.0,0.0,0.0,0.0,0.0,0.0,0.0,0.0,0.0,0.0,x2897766c,PQ,1.0,1.0,1.0,104.0,1000000.0,0.9,1.05,s1s2,c,False,False,False,46.6802,-119.1514,default
3095,0.0,0.0,0.0,0.0,0.0,0.0,0.0065736119198622,0.0016475034472798,0.0035963889296806,0.0009013405560986,0.0,0.0,0.0,0.0,sx2897766c,PQ,1.0,1.0,1.0,104.0,1000000.0,0.9,1.05,s1s2,c,False,True,False,46.6802,-119.1516,default
3096,0.0,0.0,0.0,0.0,0.0,0.0,0.0,0.0,0.0,0.0,0.0,0.0,0.0,0.0,x2710509c,PQ,1.0,1.0,1.0,104.0,1000000.0,0.9,1.05,s1s2,c,False,False,False,46.6795,-119.1547,default
3097,0.0,0.0,0.0,0.0,0.0,0.0,0.0059329095593499,0.0014869282293085,0.0001670910279143,4.18769833262738e-05,0.0,0.0,0.0,0.0,sx2710509c,PQ,1.0,1.0,1.0,104.0,1000000.0,0.9,1.05,s1s2,c,False,True,False,46.6795,-119.1549,default
3098,0.0,0.0,0.0,0.0,0.0,0.0,0.0,0.0,0.0,0.0,0.0,0.0,0.0,0.0,l2822862,PQ,1.0,1.0,1.0,7199.557856794634,1000000.0,0.9,1.05,c,,False,False,False,46.68060298,-119.154943,default
3099,0.0,0.0,0.0,0.0,0.0,0.0,0.0,0.0,0.0,0.0,0.0,0.0,0.0,0.0,l3066806,PQ,1.0,1.0,1.0,7199.557856794634,1000000.0,0.9,1.05,c,,False,False,False,46.68079882,-119.1538609,default
3100,0.0,0.0,0.0,0.0,0.0,0.0,0.0,0.0,0.0,0.0,0.0,0.0,0.0,0.0,x3066806c,PQ,1.0,1.0,1.0,104.0,1000000.0,0.9,1.05,s1s2,c,False,False,False,46.6804,-119.1539,default
3101,0.0,0.0,0.0,0.0,0.0,0.0,0.0042840398838658,0.0010736822541725,0.0018159605956718,0.0004551228935819,0.0,0.0,0.0,0.0,sx3066806c,PQ,1.0,1.0,1.0,104.0,1000000.0,0.9,1.05,s1s2,c,False,True,False,46.6805,-119.1541,default
3102,0.0,0.0,0.0,0.0,0.0,0.0,0.0,0.0,0.0,0.0,0.0,0.0,0.0,0.0,x2822862c,PQ,1.0,1.0,1.0,104.0,1000000.0,0.9,1.05,s1s2,c,False,False,False,46.6803,-119.1549,default
3103,0.0,0.0,0.0,0.0,0.0,0.0,0.0029729536715575,0.0007450928676243,0.0031270467846671,0.0007837122660437,0.0,0.0,0.0,0.0,sx2822862c,PQ,1.0,1.0,1.0,104.0,1000000.0,0.9,1.05,s1s2,c,False,True,False,46.6803,-119.1552,default
3104,0.0,0.0,0.0,0.0,0.0,0.0,0.0,0.0,0.0,0.0,0.0,0.0,0.0,0.0,x3048205c,PQ,1.0,1.0,1.0,104.0,1000000.0,0.9,1.05,s1s2,c,False,False,False,46.6751,-119.1536,default
3105,0.0,0.0,0.0,0.0,0.0,0.0,0.0071593714534846,0.0017943087127285,0.0030106293836132,0.0007545352831407,0.0,0.0,0.0,0.0,sx3048205c,PQ,1.0,1.0,1.0,104.0,1000000.0,0.9,1.05,s1s2,c,False,True,False,46.6751,-119.1538,default
3106,0.0,0.0,0.0,0.0,0.0,0.0,0.0,0.0,0.0,0.0,0.0,0.0,0.0,0.0,x2767414c,PQ,1.0,1.0,1.0,104.0,1000000.0,0.9,1.05,s1s2,c,False,False,False,46.6677,-119.1445,default
3107,0.0,0.0,0.0,0.0,0.0,0.0,0.0022703743834763,0.0005690097789064,0.0038296259722908,0.0009597952944574,0.0,0.0,0.0,0.0,sx2767414c,PQ,1.0,1.0,1.0,104.0,1000000.0,0.9,1.05,s1s2,c,False,True,False,46.6677,-119.1448,default
3108,0.0,0.0,0.0,0.0,0.0,0.0,0.0,0.0,0.0,0.0,0.0,0.0,0.0,0.0,l2875754,PQ,1.0,1.0,1.0,7199.557856794634,1000000.0,0.9,1.05,c,,False,False,False,46.66802466,-119.1435132,default
3109,0.0,0.0,0.0,0.0,0.0,0.0,0.0,0.0,0.0,0.0,0.0,0.0,0.0,0.0,x2875754c,PQ,1.0,1.0,1.0,104.0,1000000.0,0.9,1.05,s1s2,c,False,False,False,46.6677,-119.1435,default
3110,0.0,0.0,0.0,0.0,0.0,0.0,0.0164491910946072,0.0041225585307548,0.0038908112876536,0.0009751297409624,0.0,0.0,0.0,0.0,sx2875754c,PQ,1.0,1.0,1.0,104.0,1000000.0,0.9,1.05,s1s2,c,False,True,False,46.6677,-119.1438,default
3111,0.0,0.0,0.0,0.0,0.0,0.0,0.0,0.0,0.0,0.0,0.0,0.0,0.0,0.0,l3160878,PQ,1.0,1.0,1.0,7199.557856794634,1000000.0,0.9,1.05,c,,False,False,False,46.67099946,-119.1436646,default
3112,0.0,0.0,0.0,0.0,0.0,0.0,0.0,0.0,0.0,0.0,0.0,0.0,0.0,0.0,l2917336,PQ,1.0,1.0,1.0,7199.557856794634,1000000.0,0.9,1.05,c,,False,False,False,46.67377904,-119.1436757,default
3113,0.0,0.0,0.0,0.0,0.0,0.0,0.0,0.0,0.0,0.0,0.0,0.0,0.0,0.0,x2917336c,PQ,1.0,1.0,1.0,104.0,1000000.0,0.9,1.05,s1s2,c,False,False,False,46.6734,-119.1437,default
3114,0.0,0.0,0.0,0.0,0.0,0.0,0.0024395487729122,0.0006114089016838,0.0036604515783707,0.0009173961684098,0.0,0.0,0.0,0.0,sx2917336c,PQ,1.0,1.0,1.0,104.0,1000000.0,0.9,1.05,s1s2,c,False,True,False,46.6735,-119.144,default
3115,0.0,0.0,0.0,0.0,0.0,0.0,0.0,0.0,0.0,0.0,0.0,0.0,0.0,0.0,x3160878c,PQ,1.0,1.0,1.0,104.0,1000000.0,0.9,1.05,s1s2,c,False,False,False,46.6706,-119.1437,default
3116,0.0,0.0,0.0,0.0,0.0,0.0,0.0026053701511942,0.0006529676806008,0.0034946301975053,0.0008758373879109,0.0,0.0,0.0,0.0,sx3160878c,PQ,1.0,1.0,1.0,104.0,1000000.0,0.9,1.05,s1s2,c,False,True,False,46.6707,-119.1439,default
3117,0.0,0.0,0.0,0.0,0.0,0.0,0.0,0.0,0.0,0.0,0.0,0.0,0.0,0.0,p860843,PQ,1.0,1.0,1.0,7199.557856794634,1000000.0,0.9,1.05,c,,False,False,False,46.66650352,-119.1409022,default
3118,0.0,0.0,0.0,0.0,0.0,0.0,0.0,0.0,0.0,0.0,0.0,0.0,0.0,0.0,l3179682,PQ,1.0,1.0,1.0,7199.557856794634,1000000.0,0.9,1.05,c,,False,False,False,46.66677246,-119.1403016,default
3119,0.0,0.0,0.0,0.0,0.0,0.0,0.0,0.0,0.0,0.0,0.0,0.0,0.0,0.0,l2786274,PQ,1.0,1.0,1.0,7199.557856794634,1000000.0,0.9,1.05,c,,False,False,False,46.6670352,-119.139946,default
3120,0.0,0.0,0.0,0.0,0.0,0.0,0.0,0.0,0.0,0.0,0.0,0.0,0.0,0.0,x2786274c,PQ,1.0,1.0,1.0,104.0,1000000.0,0.9,1.05,s1s2,c,False,False,False,46.6667,-119.1399,default
3121,0.0,0.0,0.0,0.0,0.0,0.0,0.0048633574351196,0.0012188728955308,0.0053066430014246,0.0013299707902317,0.0,0.0,0.0,0.0,sx2786274c,PQ,1.0,1.0,1.0,104.0,1000000.0,0.9,1.05,s1s2,c,True,True,False,46.6667,-119.1402,default
3122,0.0,0.0,0.0,0.0,0.0,0.0,0.0,0.0,0.0,0.0,0.0,0.0,0.0,0.0,x3179682c,PQ,1.0,1.0,1.0,104.0,1000000.0,0.9,1.05,s1s2,c,False,False,False,46.6664,-119.1403,default
3123,0.0,0.0,0.0,0.0,0.0,0.0,0.0047298452843391,0.001185411649521,0.0013701550614481,0.000343393417804,0.0,0.0,0.0,0.0,sx3179682c,PQ,1.0,1.0,1.0,104.0,1000000.0,0.9,1.05,s1s2,c,False,True,False,46.6665,-119.1406,default
3124,0.0,0.0,0.0,0.0,0.0,0.0,0.0,0.0,0.0,0.0,0.0,0.0,0.0,0.0,x2879773a,PQ,1.0,1.0,1.0,104.0,1000000.0,0.9,1.05,s1s2,a,False,False,False,46.6638,-119.1417,default
3125,0.0,0.0,0.0,0.0,0.0,0.0,0.0050981490803783,0.0012777163861262,0.0037718503838426,0.0009453146596961,0.0,0.0,0.0,0.0,sx2879773a,PQ,1.0,1.0,1.0,104.0,1000000.0,0.9,1.05,s1s2,a,False,True,False,46.6639,-119.1419,default
3126,0.0,0.0,0.0,0.0,0.0,0.0,0.0,0.0,0.0,0.0,0.0,0.0,0.0,0.0,m1108299,PQ,1.0,1.0,1.0,7199.557856794634,1000000.0,0.9,1.05,b,,False,False,False,46.66296092,-119.1420763,default
3127,0.0,0.0,0.0,0.0,0.0,0.0,0.0,0.0,0.0,0.0,0.0,0.0,0.0,0.0,m1108300,PQ,1.0,1.0,1.0,7199.557856794634,1000000.0,0.9,1.05,b,,False,False,False,46.6629684,-119.1419602,default
3128,0.0,0.0,0.0,0.0,0.0,0.0,0.0,0.0,0.0,0.0,0.0,0.0,0.0,0.0,l2711234,PQ,1.0,1.0,1.0,7199.557856794634,1000000.0,0.9,1.05,b,,False,False,False,46.6630469,-119.1407456,default
3129,0.0,0.0,0.0,0.0,0.0,0.0,0.0,0.0,0.0,0.0,0.0,0.0,0.0,0.0,l3198355,PQ,1.0,1.0,1.0,7199.557856794634,1000000.0,0.9,1.05,b,,False,False,False,46.66317248,-119.1387152,default
3130,0.0,0.0,0.0,0.0,0.0,0.0,0.0,0.0,0.0,0.0,0.0,0.0,0.0,0.0,l2805037,PQ,1.0,1.0,1.0,7199.557856794634,1000000.0,0.9,1.05,b,,False,False,False,46.66328612,-119.1368216,default
3131,0.0,0.0,0.0,0.0,0.0,0.0,0.0,0.0,0.0,0.0,0.0,0.0,0.0,0.0,x3198355b,PQ,1.0,1.0,1.0,104.0,1000000.0,0.9,1.05,s1s2,b,False,False,False,46.6628,-119.1387,default
3132,0.0,0.0,0.0,0.0,0.0,0.0,0.0023569965716521,0.0005907190340866,0.0015330037003623,0.0003842069493485,0.0,0.0,0.0,0.0,sx3198355b,PQ,1.0,1.0,1.0,104.0,1000000.0,0.9,1.05,s1s2,b,False,True,False,46.6629,-119.139,default
3133,0.0,0.0,0.0,0.0,0.0,0.0,0.0,0.0,0.0,0.0,0.0,0.0,0.0,0.0,x2711234b,PQ,1.0,1.0,1.0,104.0,1000000.0,0.9,1.05,s1s2,b,False,False,False,46.6627,-119.1407,default
3134,0.0,0.0,0.0,0.0,0.0,0.0,0.0010619291624851,0.0002661445373097,0.0086680716455879,0.0021724236029059,0.0,0.0,0.0,0.0,sx2711234b,PQ,1.0,1.0,1.0,104.0,1000000.0,0.9,1.05,s1s2,b,False,True,False,46.6627,-119.141,default
3135,0.0,0.0,0.0,0.0,0.0,0.0,0.0,0.0,0.0,0.0,0.0,0.0,0.0,0.0,p893610,PQ,1.0,1.0,1.0,7199.557856794634,1000000.0,0.9,1.05,b,,False,False,False,46.66299376,-119.1424259,default
3136,0.0,0.0,0.0,0.0,0.0,0.0,0.0,0.0,0.0,0.0,0.0,0.0,0.0,0.0,m1108302,PQ,1.0,1.0,1.0,7199.557856794634,1000000.0,0.9,1.05,b,,False,False,False,46.66337456,-119.1438648,default
3137,0.0,0.0,0.0,0.0,0.0,0.0,0.0,0.0,0.0,0.0,0.0,0.0,0.0,0.0,l3236011,PQ,1.0,1.0,1.0,7199.557856794634,1000000.0,0.9,1.05,b,,False,False,False,46.66313842,-119.1443973,default
3138,0.0,0.0,0.0,0.0,0.0,0.0,0.0,0.0,0.0,0.0,0.0,0.0,0.0,0.0,l3198358,PQ,1.0,1.0,1.0,7199.557856794634,1000000.0,0.9,1.05,b,,False,False,False,46.66426242,-119.1458028,default
3139,0.0,0.0,0.0,0.0,0.0,0.0,0.0,0.0,0.0,0.0,0.0,0.0,0.0,0.0,l3104859,PQ,1.0,1.0,1.0,7199.557856794634,1000000.0,0.9,1.05,b,,False,False,False,46.66578042,-119.1458602,default
3140,0.0,0.0,0.0,0.0,0.0,0.0,0.0,0.0,0.0,0.0,0.0,0.0,0.0,0.0,l2970845,PQ,1.0,1.0,1.0,7199.557856794634,1000000.0,0.9,1.05,b,,False,False,False,46.6662574,-119.1477075,default
3141,0.0,0.0,0.0,0.0,0.0,0.0,0.0,0.0,0.0,0.0,0.0,0.0,0.0,0.0,l2897771,PQ,1.0,1.0,1.0,7199.557856794634,1000000.0,0.9,1.05,b,,False,False,False,46.66593144,-119.1491607,default
3142,0.0,0.0,0.0,0.0,0.0,0.0,0.0,0.0,0.0,0.0,0.0,0.0,0.0,0.0,x2897771b,PQ,1.0,1.0,1.0,104.0,1000000.0,0.9,1.05,s1s2,b,False,False,False,46.6656,-119.1492,default
3143,0.0,0.0,0.0,0.0,0.0,0.0,0.0013707916462413,0.000343552774916,0.0044692087834612,0.0011200893289612,0.0,0.0,0.0,0.0,sx2897771b,PQ,1.0,1.0,1.0,104.0,1000000.0,0.9,1.05,s1s2,b,False,True,False,46.6656,-119.1494,default
3144,0.0,0.0,0.0,0.0,0.0,0.0,0.0,0.0,0.0,0.0,0.0,0.0,0.0,0.0,x3104859b,PQ,1.0,1.0,1.0,104.0,1000000.0,0.9,1.05,s1s2,b,False,False,False,46.6654,-119.1459,default
3145,0.0,0.0,0.0,0.0,0.0,0.0,0.0047556178395197,0.001191870207815,0.0010843825963363,0.0002717718996958,0.0,0.0,0.0,0.0,sx3104859b,PQ,1.0,1.0,1.0,104.0,1000000.0,0.9,1.05,s1s2,b,False,True,False,46.6655,-119.1461,default
3146,0.0,0.0,0.0,0.0,0.0,0.0,0.0,0.0,0.0,0.0,0.0,0.0,0.0,0.0,x3198358b,PQ,1.0,1.0,1.0,104.0,1000000.0,0.9,1.05,s1s2,b,False,False,False,46.6639,-119.1458,default
3147,0.0,0.0,0.0,0.0,0.0,0.0,0.0023820667897642,0.0005970022135688,0.0122079345267073,0.0030595969206131,0.0,0.0,0.0,0.0,sx3198358b,PQ,1.0,1.0,1.0,104.0,1000000.0,0.9,1.05,s1s2,b,False,True,False,46.6639,-119.1461,default
3148,0.0,0.0,0.0,0.0,0.0,0.0,0.0,0.0,0.0,0.0,0.0,0.0,0.0,0.0,x3236011b,PQ,1.0,1.0,1.0,104.0,1000000.0,0.9,1.05,s1s2,b,False,False,False,46.6628,-119.1444,default
3149,0.0,0.0,0.0,0.0,0.0,0.0,0.003178627756301,0.0007966392226402,0.0026613726572639,0.0006670028716049,0.0,0.0,0.0,0.0,sx3236011b,PQ,1.0,1.0,1.0,104.0,1000000.0,0.9,1.05,s1s2,b,False,True,False,46.6628,-119.1447,default
3150,0.0,0.0,0.0,0.0,0.0,0.0,0.0,0.0,0.0,0.0,0.0,0.0,0.0,0.0,x3011298c,PQ,1.0,1.0,1.0,104.0,1000000.0,0.9,1.05,s1s2,c,False,False,False,46.6612,-119.1434,default
3151,0.0,0.0,0.0,0.0,0.0,0.0,0.0013540621907928,0.0003393601595243,0.0027159380105169,0.0006806786062181,0.0,0.0,0.0,0.0,sx3011298c,PQ,1.0,1.0,1.0,104.0,1000000.0,0.9,1.05,s1s2,c,False,True,False,46.6612,-119.1437,default
3152,0.0,0.0,0.0,0.0,0.0,0.0,0.0,0.0,0.0,0.0,0.0,0.0,0.0,0.0,x2936279c,PQ,1.0,1.0,1.0,104.0,1000000.0,0.9,1.05,s1s2,c,False,False,False,46.6606,-119.1461,default
3153,0.0,0.0,0.0,0.0,0.0,0.0,0.0019136569960082,0.0004796078879143,0.0082563434952568,0.0020692357950967,0.0,0.0,0.0,0.0,sx2936279c,PQ,1.0,1.0,1.0,104.0,1000000.0,0.9,1.05,s1s2,c,True,True,False,46.6607,-119.1464,default
3154,0.0,0.0,0.0,0.0,0.0,0.0,0.0,0.0,0.0,0.0,0.0,0.0,0.0,0.0,x3179678b,PQ,1.0,1.0,1.0,104.0,1000000.0,0.9,1.05,s1s2,b,False,False,False,46.66,-119.1477,default
3155,0.0,0.0,0.0,0.0,0.0,0.0,0.0040816245896745,0.0010229515741002,0.0017583758233172,0.0004406905297756,0.0,0.0,0.0,0.0,sx3179678b,PQ,1.0,1.0,1.0,104.0,1000000.0,0.9,1.05,s1s2,b,False,True,False,46.66,-119.1479,default
3156,0.0,0.0,0.0,0.0,0.0,0.0,0.0,0.0,0.0,0.0,0.0,0.0,0.0,0.0,x2804249c,PQ,1.0,1.0,1.0,104.0,1000000.0,0.9,1.05,s1s2,c,False,False,False,46.6591,-119.1494,default
3157,0.0,0.0,0.0,0.0,0.0,0.0,0.0039718140728994,0.0009954309807013,0.0021281862313603,0.000533374031583,0.0,0.0,0.0,0.0,sx2804249c,PQ,1.0,1.0,1.0,104.0,1000000.0,0.9,1.05,s1s2,c,False,True,False,46.6592,-119.1497,default
3158,0.0,0.0,0.0,0.0,0.0,0.0,0.0,0.0,0.0,0.0,0.0,0.0,0.0,0.0,x2688693c,PQ,1.0,1.0,1.0,104.0,1000000.0,0.9,1.05,s1s2,c,False,False,False,46.6588,-119.152,default
3159,0.0,0.0,0.0,0.0,0.0,0.0,0.0004319811329746,0.000108264733835,0.0056680192324886,0.0014205403098827,0.0,0.0,0.0,0.0,sx2688693c,PQ,1.0,1.0,1.0,104.0,1000000.0,0.9,1.05,s1s2,c,False,True,False,46.6588,-119.1523,default
3160,0.0,0.0,0.0,0.0,0.0,0.0,0.0,0.0,0.0,0.0,0.0,0.0,0.0,0.0,x2688692b,PQ,1.0,1.0,1.0,104.0,1000000.0,0.9,1.05,s1s2,b,False,False,False,46.6587,-119.1527,default
3161,0.0,0.0,0.0,0.0,0.0,0.0,0.0027067783566264,0.0006783826188836,0.0031332220421135,0.0007852594846341,0.0,0.0,0.0,0.0,sx2688692b,PQ,1.0,1.0,1.0,104.0,1000000.0,0.9,1.05,s1s2,b,False,True,False,46.6588,-119.153,default
3162,0.0,0.0,0.0,0.0,0.0,0.0,0.0,0.0,0.0,0.0,0.0,0.0,0.0,0.0,x3029498c,PQ,1.0,1.0,1.0,104.0,1000000.0,0.9,1.05,s1s2,c,False,False,False,46.6582,-119.1552,default
3163,0.0,0.0,0.0,0.0,0.0,0.0,0.0009118131263386,0.0002285220297725,0.0031581870721981,0.0007915167148581,0.0,0.0,0.0,0.0,sx3029498c,PQ,1.0,1.0,1.0,104.0,1000000.0,0.9,1.05,s1s2,c,False,True,False,46.6582,-119.1555,default
3164,0.0,0.0,0.0,0.0,0.0,0.0,0.0,0.0,0.0,0.0,0.0,0.0,0.0,0.0,l3141400,PQ,1.0,1.0,1.0,7199.557856794634,1000000.0,0.9,1.05,a,,False,False,False,46.65711206,-119.1554422,default
3165,0.0,0.0,0.0,0.0,0.0,0.0,0.0,0.0,0.0,0.0,0.0,0.0,0.0,0.0,x3141400a,PQ,1.0,1.0,1.0,104.0,1000000.0,0.9,1.05,s1s2,a,False,False,False,46.6568,-119.1554,default
3166,0.0,0.0,0.0,0.0,0.0,0.0,0.0033028555330289,0.0008277734822402,0.0002471442638585,6.194018122404976e-05,0.0,0.0,0.0,0.0,sx3141400a,PQ,1.0,1.0,1.0,104.0,1000000.0,0.9,1.05,s1s2,a,False,True,False,46.6568,-119.1557,default
3167,0.0,0.0,0.0,0.0,0.0,0.0,0.0,0.0,0.0,0.0,0.0,0.0,0.0,0.0,m1089144,PQ,1.0,1.0,1.0,7199.557856794634,1000000.0,0.9,1.05,a,,False,False,False,46.65814686,-119.1570202,default
3168,0.0,0.0,0.0,0.0,0.0,0.0,0.0,0.0,0.0,0.0,0.0,0.0,0.0,0.0,p827522,PQ,1.0,1.0,1.0,7199.557856794634,1000000.0,0.9,1.05,a,,False,False,False,46.6581837,-119.1570245,default
3169,0.0,0.0,0.0,0.0,0.0,0.0,0.0,0.0,0.0,0.0,0.0,0.0,0.0,0.0,n1142111,PQ,1.0,1.0,1.0,7199.557856794634,1000000.0,0.9,1.05,a,,False,False,False,46.6583325,-119.1570421,default
3170,0.0,0.0,0.0,0.0,0.0,0.0,0.0,0.0,0.0,0.0,0.0,0.0,0.0,0.0,l2991912,PQ,1.0,1.0,1.0,7199.557856794634,1000000.0,0.9,1.05,a,,False,False,False,46.65907606,-119.1571299,default
3171,0.0,0.0,0.0,0.0,0.0,0.0,0.0,0.0,0.0,0.0,0.0,0.0,0.0,0.0,l3104128,PQ,1.0,1.0,1.0,7199.557856794634,1000000.0,0.9,1.05,a,,False,False,False,46.65932148,-119.1590328,default
3172,0.0,0.0,0.0,0.0,0.0,0.0,0.0,0.0,0.0,0.0,0.0,0.0,0.0,0.0,l2673315,PQ,1.0,1.0,1.0,7199.557856794634,1000000.0,0.9,1.05,a,,False,False,False,46.65978294,-119.1609499,default
3173,0.0,0.0,0.0,0.0,0.0,0.0,0.0,0.0,0.0,0.0,0.0,0.0,0.0,0.0,m1089148,PQ,1.0,1.0,1.0,7199.557856794634,1000000.0,0.9,1.05,a,,False,False,False,46.66074674,-119.161871,default
3174,0.0,0.0,0.0,0.0,0.0,0.0,0.0,0.0,0.0,0.0,0.0,0.0,0.0,0.0,l2766721,PQ,1.0,1.0,1.0,7199.557856794634,1000000.0,0.9,1.05,a,,False,False,False,46.66117572,-119.1625215,default
3175,0.0,0.0,0.0,0.0,0.0,0.0,0.0,0.0,0.0,0.0,0.0,0.0,0.0,0.0,x2766721a,PQ,1.0,1.0,1.0,104.0,1000000.0,0.9,1.05,s1s2,a,False,False,False,46.6608,-119.1625,default
3176,0.0,0.0,0.0,0.0,0.0,0.0,0.0088087604141502,0.002207683124933,6.123905939126532e-05,1.5347952981961296e-05,0.0,0.0,0.0,0.0,sx2766721a,PQ,1.0,1.0,1.0,104.0,1000000.0,0.9,1.05,s1s2,a,True,True,False,46.6609,-119.1628,default
3177,0.0,0.0,0.0,0.0,0.0,0.0,0.0,0.0,0.0,0.0,0.0,0.0,0.0,0.0,l2991906,PQ,1.0,1.0,1.0,7199.557856794634,1000000.0,0.9,1.05,a,,False,False,False,46.66231602,-119.159982,default
3178,0.0,0.0,0.0,0.0,0.0,0.0,0.0,0.0,0.0,0.0,0.0,0.0,0.0,0.0,l2879054,PQ,1.0,1.0,1.0,7199.557856794634,1000000.0,0.9,1.05,a,,False,False,False,46.66266296,-119.1589614,default
3179,0.0,0.0,0.0,0.0,0.0,0.0,0.0,0.0,0.0,0.0,0.0,0.0,0.0,0.0,x2879054a,PQ,1.0,1.0,1.0,104.0,1000000.0,0.9,1.05,s1s2,a,False,False,False,46.6623,-119.159,default
3180,0.0,0.0,0.0,0.0,0.0,0.0,0.0053811040955189,0.0013486315849302,0.0034888954021747,0.0008743994689316,0.0,0.0,0.0,0.0,sx2879054a,PQ,1.0,1.0,1.0,104.0,1000000.0,0.9,1.05,s1s2,a,False,True,False,46.6623,-119.1592,default
3181,0.0,0.0,0.0,0.0,0.0,0.0,0.0,0.0,0.0,0.0,0.0,0.0,0.0,0.0,x2991906a,PQ,1.0,1.0,1.0,104.0,1000000.0,0.9,1.05,s1s2,a,False,False,False,46.662,-119.16,default
3182,0.0,0.0,0.0,0.0,0.0,0.0,0.0035266073769667,0.000883850969362,2.3392413912389696e-05,5.862690619257007e-06,0.0,0.0,0.0,0.0,sx2991906a,PQ,1.0,1.0,1.0,104.0,1000000.0,0.9,1.05,s1s2,a,False,True,False,46.662,-119.1603,default
3183,0.0,0.0,0.0,0.0,0.0,0.0,0.0,0.0,0.0,0.0,0.0,0.0,0.0,0.0,x2673315a,PQ,1.0,1.0,1.0,104.0,1000000.0,0.9,1.05,s1s2,a,False,False,False,46.6594,-119.1609,default
3184,0.0,0.0,0.0,0.0,0.0,0.0,0.0015247265552909,0.000382132432612,0.002025273255581,0.0005075812392083,0.0,0.0,0.0,0.0,sx2673315a,PQ,1.0,1.0,1.0,104.0,1000000.0,0.9,1.05,s1s2,a,False,True,False,46.6595,-119.1612,default
3185,0.0,0.0,0.0,0.0,0.0,0.0,0.0,0.0,0.0,0.0,0.0,0.0,0.0,0.0,x3104128a,PQ,1.0,1.0,1.0,104.0,1000000.0,0.9,1.05,s1s2,a,False,False,False,46.659,-119.159,default
3186,0.0,0.0,0.0,0.0,0.0,0.0,0.003434291310697,0.0008607143909251,0.001885708398584,0.0004726029964787,0.0,0.0,0.0,0.0,sx3104128a,PQ,1.0,1.0,1.0,104.0,1000000.0,0.9,1.05,s1s2,a,False,True,False,46.659,-119.1593,default
3187,0.0,0.0,0.0,0.0,0.0,0.0,0.0,0.0,0.0,0.0,0.0,0.0,0.0,0.0,x2991912a,PQ,1.0,1.0,1.0,104.0,1000000.0,0.9,1.05,s1s2,a,False,False,False,46.6587,-119.1571,default
3188,0.0,0.0,0.0,0.0,0.0,0.0,0.0022992617820454,0.0005762492267566,0.0030207379304805,0.0007570681625027,0.0,0.0,0.0,0.0,sx2991912a,PQ,1.0,1.0,1.0,104.0,1000000.0,0.9,1.05,s1s2,a,False,True,False,46.6588,-119.1574,default
3189,0.0,0.0,0.0,0.0,0.0,0.0,0.0,0.0,0.0,0.0,0.0,0.0,0.0,0.0,m1089145,PQ,1.0,1.0,1.0,7199.557856794634,1000000.0,0.9,1.05,abc,,False,False,False,46.65913412,-119.1567058,default
3190,0.0,0.0,0.0,0.0,0.0,0.0,0.0,0.0,0.0,0.0,0.0,0.0,0.0,0.0,l3047289,PQ,1.0,1.0,1.0,7199.557856794634,1000000.0,0.9,1.05,abc,,False,False,False,46.66018578,-119.1568495,default
3191,0.0,0.0,0.0,0.0,0.0,0.0,0.0,0.0,0.0,0.0,0.0,0.0,0.0,0.0,x3047289a,PQ,1.0,1.0,1.0,104.0,1000000.0,0.9,1.05,s1s2,a,False,False,False,46.6598,-119.1568,default
3192,0.0,0.0,0.0,0.0,0.0,0.0,0.0038337551001179,0.0009608294536137,0.0139062437160804,0.0034852325877196,0.0,0.0,0.0,0.0,sx3047289a,PQ,1.0,1.0,1.0,104.0,1000000.0,0.9,1.05,s1s2,a,False,True,False,46.6599,-119.1571,default
3193,0.0,0.0,0.0,0.0,0.0,0.0,0.0,0.0,0.0,0.0,0.0,0.0,0.0,0.0,x3047289b,PQ,1.0,1.0,1.0,104.0,1000000.0,0.9,1.05,s1s2,b,False,False,False,46.6598,-119.1568,default
3194,0.0,0.0,0.0,0.0,0.0,0.0,0.0110588071412437,0.0027715984192387,0.0083911943415117,0.002103031586288,0.0,0.0,0.0,0.0,sx3047289b,PQ,1.0,1.0,1.0,104.0,1000000.0,0.9,1.05,s1s2,b,False,True,False,46.6599,-119.1571,default
3195,0.0,0.0,0.0,0.0,0.0,0.0,0.0,0.0,0.0,0.0,0.0,0.0,0.0,0.0,x3047289c,PQ,1.0,1.0,1.0,104.0,1000000.0,0.9,1.05,s1s2,c,False,False,False,46.6598,-119.1568,default
3196,0.0,0.0,0.0,0.0,0.0,0.0,0.0042929954439854,0.0010759266061661,0.0160470064496911,0.0040217612538665,0.0,0.0,0.0,0.0,sx3047289c,PQ,1.0,1.0,1.0,104.0,1000000.0,0.9,1.05,s1s2,c,False,True,False,46.6599,-119.1571,default
3197,0.0,0.0,0.0,0.0,0.0,0.0,0.0,0.0,0.0,0.0,0.0,0.0,0.0,0.0,l3215385,PQ,1.0,1.0,1.0,7199.557856794634,1000000.0,0.9,1.05,abc,,False,False,False,46.6593808,-119.1561652,default
3198,0.0,0.0,0.0,0.0,0.0,0.0,0.0,0.0,0.0,0.0,0.0,0.0,0.0,0.0,x3215385a,PQ,1.0,1.0,1.0,104.0,1000000.0,0.9,1.05,s1s2,a,False,False,False,46.659,-119.1562,default
3199,0.0,0.0,0.0,0.0,0.0,0.0,0.0019484870516199,0.0004883368128781,0.0113515120663585,0.0028449565903874,0.0,0.0,0.0,0.0,sx3215385a,PQ,1.0,1.0,1.0,104.0,1000000.0,0.9,1.05,s1s2,a,False,True,False,46.6591,-119.1564,default
3200,0.0,0.0,0.0,0.0,0.0,0.0,0.0,0.0,0.0,0.0,0.0,0.0,0.0,0.0,x3215385b,PQ,1.0,1.0,1.0,104.0,1000000.0,0.9,1.05,s1s2,b,False,False,False,46.659,-119.1562,default
3201,0.0,0.0,0.0,0.0,0.0,0.0,0.0004698499555025,0.0001177554984253,0.0189801526431815,0.0047568751111904,0.0,0.0,0.0,0.0,sx3215385b,PQ,1.0,1.0,1.0,104.0,1000000.0,0.9,1.05,s1s2,b,False,True,False,46.6591,-119.1564,default
3202,0.0,0.0,0.0,0.0,0.0,0.0,0.0,0.0,0.0,0.0,0.0,0.0,0.0,0.0,x3215385c,PQ,1.0,1.0,1.0,104.0,1000000.0,0.9,1.05,s1s2,c,False,False,False,46.659,-119.1562,default
3203,0.0,0.0,0.0,0.0,0.0,0.0,0.0120786625957855,0.0030271998923611,0.0031813385264056,0.0007973189937099,0.0,0.0,0.0,0.0,sx3215385c,PQ,1.0,1.0,1.0,104.0,1000000.0,0.9,1.05,s1s2,c,False,True,False,46.6591,-119.1564,default
3204,0.0,0.0,0.0,0.0,0.0,0.0,0.0,0.0,0.0,0.0,0.0,0.0,0.0,0.0,p895105,PQ,1.0,1.0,1.0,7199.557856794634,1000000.0,0.9,1.05,a,,False,False,False,46.65690188,-119.1583725,default
3205,0.0,0.0,0.0,0.0,0.0,0.0,0.0,0.0,0.0,0.0,0.0,0.0,0.0,0.0,n1142110,PQ,1.0,1.0,1.0,7199.557856794634,1000000.0,0.9,1.05,a,,False,False,False,46.6568713,-119.1582071,default
3206,0.0,0.0,0.0,0.0,0.0,0.0,0.0,0.0,0.0,0.0,0.0,0.0,0.0,0.0,l2673316,PQ,1.0,1.0,1.0,7199.557856794634,1000000.0,0.9,1.05,a,,False,False,False,46.65684376,-119.1580579,default
3207,0.0,0.0,0.0,0.0,0.0,0.0,0.0,0.0,0.0,0.0,0.0,0.0,0.0,0.0,m1089138,PQ,1.0,1.0,1.0,7199.557856794634,1000000.0,0.9,1.05,a,,False,False,False,46.6561416,-119.1576989,default
3208,0.0,0.0,0.0,0.0,0.0,0.0,0.0,0.0,0.0,0.0,0.0,0.0,0.0,0.0,l2841628,PQ,1.0,1.0,1.0,7199.557856794634,1000000.0,0.9,1.05,a,,False,False,False,46.65476058,-119.15803,default
3209,0.0,0.0,0.0,0.0,0.0,0.0,0.0,0.0,0.0,0.0,0.0,0.0,0.0,0.0,x2841628a,PQ,1.0,1.0,1.0,104.0,1000000.0,0.9,1.05,s1s2,a,False,False,False,46.6544,-119.158,default
3210,0.0,0.0,0.0,0.0,0.0,0.0,0.0081544132277879,0.0020436882379899,0.00071558621159,0.000179342782268,0.0,0.0,0.0,0.0,sx2841628a,PQ,1.0,1.0,1.0,104.0,1000000.0,0.9,1.05,s1s2,a,False,True,False,46.6544,-119.1583,default
3211,0.0,0.0,0.0,0.0,0.0,0.0,0.0,0.0,0.0,0.0,0.0,0.0,0.0,0.0,x2673316a,PQ,1.0,1.0,1.0,104.0,1000000.0,0.9,1.05,s1s2,a,False,False,False,46.6565,-119.1581,default
3212,0.0,0.0,0.0,0.0,0.0,0.0,0.0033578141225281,0.0008415474011835,0.0001921856758138,4.816626294149491e-05,0.0,0.0,0.0,0.0,sx2673316a,PQ,1.0,1.0,1.0,104.0,1000000.0,0.9,1.05,s1s2,a,False,True,False,46.6565,-119.1583,default
3213,0.0,0.0,0.0,0.0,0.0,0.0,0.0,0.0,0.0,0.0,0.0,0.0,0.0,0.0,x3160107a,PQ,1.0,1.0,1.0,104.0,1000000.0,0.9,1.05,s1s2,a,False,False,False,46.6557,-119.16,default
3214,0.0,0.0,0.0,0.0,0.0,0.0,0.0054258341896647,0.0013598420035687,0.0034441653222131,0.0008631890574763,0.0,0.0,0.0,0.0,sx3160107a,PQ,1.0,1.0,1.0,104.0,1000000.0,0.9,1.05,s1s2,a,False,True,False,46.6557,-119.1603,default
3215,0.0,0.0,0.0,0.0,0.0,0.0,0.0,0.0,0.0,0.0,0.0,0.0,0.0,0.0,x3104125b,PQ,1.0,1.0,1.0,104.0,1000000.0,0.9,1.05,s1s2,b,False,False,False,46.6548,-119.1616,default
3216,0.0,0.0,0.0,0.0,0.0,0.0,0.0007210587477921,0.0001807143609779,0.0090089420215019,0.0022578538132636,0.0,0.0,0.0,0.0,sx3104125b,PQ,1.0,1.0,1.0,104.0,1000000.0,0.9,1.05,s1s2,b,False,True,False,46.6548,-119.1618,default
3217,0.0,0.0,0.0,0.0,0.0,0.0,0.0,0.0,0.0,0.0,0.0,0.0,0.0,0.0,l3270854,PQ,1.0,1.0,1.0,7199.557856794634,1000000.0,0.9,1.05,a,,False,False,False,46.6543614,-119.1616141,default
3218,0.0,0.0,0.0,0.0,0.0,0.0,0.0,0.0,0.0,0.0,0.0,0.0,0.0,0.0,x3029502a,PQ,1.0,1.0,1.0,104.0,1000000.0,0.9,1.05,s1s2,a,False,False,False,46.654,-119.1637,default
3219,0.0,0.0,0.0,0.0,0.0,0.0,0.0113558533758154,0.0028460446553925,0.0063841455711715,0.0016000174546693,0.0,0.0,0.0,0.0,sx3029502a,PQ,1.0,1.0,1.0,104.0,1000000.0,0.9,1.05,s1s2,a,False,True,False,46.6541,-119.1639,default
3220,0.0,0.0,0.0,0.0,0.0,0.0,0.0,0.0,0.0,0.0,0.0,0.0,0.0,0.0,p827521,PQ,1.0,1.0,1.0,7199.557856794634,1000000.0,0.9,1.05,b,,False,False,False,46.65345092,-119.1660259,default
3221,0.0,0.0,0.0,0.0,0.0,0.0,0.0,0.0,0.0,0.0,0.0,0.0,0.0,0.0,n1139546,PQ,1.0,1.0,1.0,7199.557856794634,1000000.0,0.9,1.05,b,,False,False,False,46.65334524,-119.1659339,default
3222,0.0,0.0,0.0,0.0,0.0,0.0,0.0,0.0,0.0,0.0,0.0,0.0,0.0,0.0,d5955074-2_int,PQ,1.0,1.0,1.0,7199.557856794634,1000000.0,0.9,1.05,b,,False,False,False,46.65275354,-119.1653817,default
3223,0.0,0.0,0.0,0.0,0.0,0.0,0.0,0.0,0.0,0.0,0.0,0.0,0.0,0.0,l2970842,PQ,1.0,1.0,1.0,7199.557856794634,1000000.0,0.9,1.05,b,,False,False,False,46.65235596,-119.1650721,default
3224,0.0,0.0,0.0,0.0,0.0,0.0,0.0,0.0,0.0,0.0,0.0,0.0,0.0,0.0,m1089113,PQ,1.0,1.0,1.0,7199.557856794634,1000000.0,0.9,1.05,b,,False,False,False,46.65152302,-119.1643515,default
3225,0.0,0.0,0.0,0.0,0.0,0.0,0.0,0.0,0.0,0.0,0.0,0.0,0.0,0.0,l2691946,PQ,1.0,1.0,1.0,7199.557856794634,1000000.0,0.9,1.05,b,,False,False,False,46.65081114,-119.1653351,default
3226,0.0,0.0,0.0,0.0,0.0,0.0,0.0,0.0,0.0,0.0,0.0,0.0,0.0,0.0,x2691946b,PQ,1.0,1.0,1.0,104.0,1000000.0,0.9,1.05,s1s2,b,False,False,False,46.6505,-119.1653,default
3227,0.0,0.0,0.0,0.0,0.0,0.0,0.0021550395936631,0.0005401038403044,0.0036849607591407,0.0009235382357916,0.0,0.0,0.0,0.0,sx2691946b,PQ,1.0,1.0,1.0,104.0,1000000.0,0.9,1.05,s1s2,b,True,True,False,46.6505,-119.1656,default
3228,0.0,0.0,0.0,0.0,0.0,0.0,0.0,0.0,0.0,0.0,0.0,0.0,0.0,0.0,m1089103,PQ,1.0,1.0,1.0,7199.557856794634,1000000.0,0.9,1.05,b,,False,False,False,46.64654954,-119.1599998,default
3229,0.0,0.0,0.0,0.0,0.0,0.0,0.0,0.0,0.0,0.0,0.0,0.0,0.0,0.0,l2673305,PQ,1.0,1.0,1.0,7199.557856794634,1000000.0,0.9,1.05,b,,False,False,False,46.64676402,-119.1581429,default
3230,0.0,0.0,0.0,0.0,0.0,0.0,0.0,0.0,0.0,0.0,0.0,0.0,0.0,0.0,x2673305b,PQ,1.0,1.0,1.0,104.0,1000000.0,0.9,1.05,s1s2,b,False,False,False,46.6464,-119.1581,default
3231,0.0,0.0,0.0,0.0,0.0,0.0,0.0006961805099275,0.0001744792887226,0.0031938197527048,0.0008004467170303,0.0,0.0,0.0,0.0,sx2673305b,PQ,1.0,1.0,1.0,104.0,1000000.0,0.9,1.05,s1s2,b,False,True,False,46.6464,-119.1584,default
3232,0.0,0.0,0.0,0.0,0.0,0.0,0.0,0.0,0.0,0.0,0.0,0.0,0.0,0.0,l3048196,PQ,1.0,1.0,1.0,7199.557856794634,1000000.0,0.9,1.05,b,,False,False,False,46.64589598,-119.159232,default
3233,0.0,0.0,0.0,0.0,0.0,0.0,0.0,0.0,0.0,0.0,0.0,0.0,0.0,0.0,m1089097,PQ,1.0,1.0,1.0,7199.557856794634,1000000.0,0.9,1.05,b,,False,False,False,46.64304888,-119.1559837,default
3234,0.0,0.0,0.0,0.0,0.0,0.0,0.0,0.0,0.0,0.0,0.0,0.0,0.0,0.0,m1108268,PQ,1.0,1.0,1.0,7199.557856794634,1000000.0,0.9,1.05,b,,False,False,False,46.64119394,-119.1549581,default
3235,0.0,0.0,0.0,0.0,0.0,0.0,0.0,0.0,0.0,0.0,0.0,0.0,0.0,0.0,m1108267,PQ,1.0,1.0,1.0,7199.557856794634,1000000.0,0.9,1.05,b,,False,False,False,46.63522818,-119.1542567,default
3236,0.0,0.0,0.0,0.0,0.0,0.0,0.0,0.0,0.0,0.0,0.0,0.0,0.0,0.0,m1108266,PQ,1.0,1.0,1.0,7199.557856794634,1000000.0,0.9,1.05,b,,False,False,False,46.63249838,-119.1542822,default
3237,0.0,0.0,0.0,0.0,0.0,0.0,0.0,0.0,0.0,0.0,0.0,0.0,0.0,0.0,m1108265,PQ,1.0,1.0,1.0,7199.557856794634,1000000.0,0.9,1.05,b,,False,False,False,46.63052832,-119.1543006,default
3238,0.0,0.0,0.0,0.0,0.0,0.0,0.0,0.0,0.0,0.0,0.0,0.0,0.0,0.0,m1108264,PQ,1.0,1.0,1.0,7199.557856794634,1000000.0,0.9,1.05,b,,False,False,False,46.61690872,-119.1514366,default
3239,0.0,0.0,0.0,0.0,0.0,0.0,0.0,0.0,0.0,0.0,0.0,0.0,0.0,0.0,m1108263,PQ,1.0,1.0,1.0,7199.557856794634,1000000.0,0.9,1.05,b,,False,False,False,46.61553098,-119.1509818,default
3240,0.0,0.0,0.0,0.0,0.0,0.0,0.0,0.0,0.0,0.0,0.0,0.0,0.0,0.0,n1142112,PQ,1.0,1.0,1.0,7199.557856794634,1000000.0,0.9,1.05,b,,False,False,False,46.61418638,-119.1497598,default
3241,0.0,0.0,0.0,0.0,0.0,0.0,0.0,0.0,0.0,0.0,0.0,0.0,0.0,0.0,p827496,PQ,1.0,1.0,1.0,7199.557856794634,1000000.0,0.9,1.05,b,,False,False,False,46.61404508,-119.1496314,default
3242,0.0,0.0,0.0,0.0,0.0,0.0,0.0,0.0,0.0,0.0,0.0,0.0,0.0,0.0,m1108262,PQ,1.0,1.0,1.0,7199.557856794634,1000000.0,0.9,1.05,b,,False,False,False,46.61399302,-119.149584,default
3243,0.0,0.0,0.0,0.0,0.0,0.0,0.0,0.0,0.0,0.0,0.0,0.0,0.0,0.0,m1108261,PQ,1.0,1.0,1.0,7199.557856794634,1000000.0,0.9,1.05,b,,False,False,False,46.61394062,-119.1495373,default
3244,0.0,0.0,0.0,0.0,0.0,0.0,0.0,0.0,0.0,0.0,0.0,0.0,0.0,0.0,m1108260,PQ,1.0,1.0,1.0,7199.557856794634,1000000.0,0.9,1.05,b,,False,False,False,46.61338066,-119.1490374,default
3245,0.0,0.0,0.0,0.0,0.0,0.0,0.0,0.0,0.0,0.0,0.0,0.0,0.0,0.0,m1108259,PQ,1.0,1.0,1.0,7199.557856794634,1000000.0,0.9,1.05,b,,False,False,False,46.61297194,-119.1486726,default
3246,0.0,0.0,0.0,0.0,0.0,0.0,0.0,0.0,0.0,0.0,0.0,0.0,0.0,0.0,m1108258,PQ,1.0,1.0,1.0,7199.557856794634,1000000.0,0.9,1.05,b,,False,False,False,46.61237758,-119.1483268,default
3247,0.0,0.0,0.0,0.0,0.0,0.0,0.0,0.0,0.0,0.0,0.0,0.0,0.0,0.0,l3195318,PQ,1.0,1.0,1.0,7199.557856794634,1000000.0,0.9,1.05,b,,False,False,False,46.61255352,-119.1475725,default
3248,0.0,0.0,0.0,0.0,0.0,0.0,0.0,0.0,0.0,0.0,0.0,0.0,0.0,0.0,x3195318b,PQ,1.0,1.0,1.0,104.0,1000000.0,0.9,1.05,s1s2,b,False,False,False,46.6122,-119.1476,default
3249,0.0,0.0,0.0,0.0,0.0,0.0,0.0018576089494408,0.0004655607051986,0.0039823914531661,0.0009980814243152,0.0,0.0,0.0,0.0,sx3195318b,PQ,1.0,1.0,1.0,104.0,1000000.0,0.9,1.05,s1s2,b,False,True,False,46.6122,-119.1479,default
3250,0.0,0.0,0.0,0.0,0.0,0.0,0.0,0.0,0.0,0.0,0.0,0.0,0.0,0.0,m1108257,PQ,1.0,1.0,1.0,7199.557856794634,1000000.0,0.9,1.05,b,,False,False,False,46.61176356,-119.1482388,default
3251,0.0,0.0,0.0,0.0,0.0,0.0,0.0,0.0,0.0,0.0,0.0,0.0,0.0,0.0,l3142078,PQ,1.0,1.0,1.0,7199.557856794634,1000000.0,0.9,1.05,b,,False,False,False,46.60553526,-119.148607,default
3252,0.0,0.0,0.0,0.0,0.0,0.0,0.0,0.0,0.0,0.0,0.0,0.0,0.0,0.0,l2879752,PQ,1.0,1.0,1.0,7199.557856794634,1000000.0,0.9,1.05,b,,False,False,False,46.60363668,-119.1489922,default
3253,0.0,0.0,0.0,0.0,0.0,0.0,0.0,0.0,0.0,0.0,0.0,0.0,0.0,0.0,x2879752b,PQ,1.0,1.0,1.0,104.0,1000000.0,0.9,1.05,s1s2,b,False,False,False,46.6033,-119.149,default
3254,0.0,0.0,0.0,0.0,0.0,0.0,0.0050934458608705,0.0012765379255127,0.0007465545645204,0.0001871042173745,0.0,0.0,0.0,0.0,sx2879752b,PQ,1.0,1.0,1.0,104.0,1000000.0,0.9,1.05,s1s2,b,False,True,False,46.6033,-119.1493,default
3255,0.0,0.0,0.0,0.0,0.0,0.0,0.0,0.0,0.0,0.0,0.0,0.0,0.0,0.0,x3142078b,PQ,1.0,1.0,1.0,104.0,1000000.0,0.9,1.05,s1s2,b,False,False,False,46.6052,-119.1486,default
3256,0.0,0.0,0.0,0.0,0.0,0.0,0.0016316865180858,0.000408939205465,0.0022583137430317,0.0005659867993135,0.0,0.0,0.0,0.0,sx3142078b,PQ,1.0,1.0,1.0,104.0,1000000.0,0.9,1.05,s1s2,b,False,True,False,46.6052,-119.1489,default
3257,0.0,0.0,0.0,0.0,0.0,0.0,0.0,0.0,0.0,0.0,0.0,0.0,0.0,0.0,m1108270,PQ,1.0,1.0,1.0,7199.557856794634,1000000.0,0.9,1.05,b,,False,False,False,46.64318526,-119.154569,default
3258,0.0,0.0,0.0,0.0,0.0,0.0,0.0,0.0,0.0,0.0,0.0,0.0,0.0,0.0,l2785516,PQ,1.0,1.0,1.0,7199.557856794634,1000000.0,0.9,1.05,b,,False,False,False,46.64344196,-119.1524778,default
3259,0.0,0.0,0.0,0.0,0.0,0.0,0.0,0.0,0.0,0.0,0.0,0.0,0.0,0.0,m1108274,PQ,1.0,1.0,1.0,7199.557856794634,1000000.0,0.9,1.05,b,,False,False,False,46.64382028,-119.1499283,default
3260,0.0,0.0,0.0,0.0,0.0,0.0,0.0,0.0,0.0,0.0,0.0,0.0,0.0,0.0,m1108269,PQ,1.0,1.0,1.0,7199.557856794634,1000000.0,0.9,1.05,b,,False,False,False,46.64296172,-119.1497205,default
3261,0.0,0.0,0.0,0.0,0.0,0.0,0.0,0.0,0.0,0.0,0.0,0.0,0.0,0.0,l2729405,PQ,1.0,1.0,1.0,7199.557856794634,1000000.0,0.9,1.05,b,,False,False,False,46.64195128,-119.1494438,default
3262,0.0,0.0,0.0,0.0,0.0,0.0,0.0,0.0,0.0,0.0,0.0,0.0,0.0,0.0,x2729405b,PQ,1.0,1.0,1.0,104.0,1000000.0,0.9,1.05,s1s2,b,False,False,False,46.6416,-119.1494,default
3263,0.0,0.0,0.0,0.0,0.0,0.0,0.0084080913132771,0.0021072664296281,0.001321909433382,0.0003313017434929,0.0,0.0,0.0,0.0,sx2729405b,PQ,1.0,1.0,1.0,104.0,1000000.0,0.9,1.05,s1s2,b,False,True,False,46.6416,-119.1497,default
3264,0.0,0.0,0.0,0.0,0.0,0.0,0.0,0.0,0.0,0.0,0.0,0.0,0.0,0.0,m1108276,PQ,1.0,1.0,1.0,7199.557856794634,1000000.0,0.9,1.05,b,,False,False,False,46.64395496,-119.1490374,default
3265,0.0,0.0,0.0,0.0,0.0,0.0,0.0,0.0,0.0,0.0,0.0,0.0,0.0,0.0,l2786273,PQ,1.0,1.0,1.0,7199.557856794634,1000000.0,0.9,1.05,b,,False,False,False,46.64406046,-119.1483397,default
3266,0.0,0.0,0.0,0.0,0.0,0.0,0.0,0.0,0.0,0.0,0.0,0.0,0.0,0.0,m1108278,PQ,1.0,1.0,1.0,7199.557856794634,1000000.0,0.9,1.05,b,,False,False,False,46.64433728,-119.1465196,default
3267,0.0,0.0,0.0,0.0,0.0,0.0,0.0,0.0,0.0,0.0,0.0,0.0,0.0,0.0,l2805036,PQ,1.0,1.0,1.0,7199.557856794634,1000000.0,0.9,1.05,b,,False,False,False,46.64452624,-119.1454061,default
3268,0.0,0.0,0.0,0.0,0.0,0.0,0.0,0.0,0.0,0.0,0.0,0.0,0.0,0.0,x2805036b,PQ,1.0,1.0,1.0,104.0,1000000.0,0.9,1.05,s1s2,b,False,False,False,46.6442,-119.1454,default
3269,0.0,0.0,0.0,0.0,0.0,0.0,0.0018517871577307,0.000464101616762,0.0020382130837761,0.0005108243590717,0.0,0.0,0.0,0.0,sx2805036b,PQ,1.0,1.0,1.0,104.0,1000000.0,0.9,1.05,s1s2,b,True,True,False,46.6442,-119.1457,default
3270,0.0,0.0,0.0,0.0,0.0,0.0,0.0,0.0,0.0,0.0,0.0,0.0,0.0,0.0,l3179699,PQ,1.0,1.0,1.0,7199.557856794634,1000000.0,0.9,1.05,b,,False,False,False,46.64278652,-119.14586,default
3271,0.0,0.0,0.0,0.0,0.0,0.0,0.0,0.0,0.0,0.0,0.0,0.0,0.0,0.0,x3179699b,PQ,1.0,1.0,1.0,104.0,1000000.0,0.9,1.05,s1s2,b,False,False,False,46.6424,-119.1459,default
3272,0.0,0.0,0.0,0.0,0.0,0.0,0.0018695562255544,0.0004685549690634,0.0127204450134231,0.003188044223346,0.0,0.0,0.0,0.0,sx3179699b,PQ,1.0,1.0,1.0,104.0,1000000.0,0.9,1.05,s1s2,b,False,True,False,46.6425,-119.1461,default
3273,0.0,0.0,0.0,0.0,0.0,0.0,0.0,0.0,0.0,0.0,0.0,0.0,0.0,0.0,x2786273b,PQ,1.0,1.0,1.0,104.0,1000000.0,0.9,1.05,s1s2,b,False,False,False,46.6437,-119.1483,default
3274,0.0,0.0,0.0,0.0,0.0,0.0,0.001999030349245,0.0005010042475371,0.0077309703722721,0.0019375639110789,0.0,0.0,0.0,0.0,sx2786273b,PQ,1.0,1.0,1.0,104.0,1000000.0,0.9,1.05,s1s2,b,False,True,False,46.6437,-119.1486,default
3275,0.0,0.0,0.0,0.0,0.0,0.0,0.0,0.0,0.0,0.0,0.0,0.0,0.0,0.0,x2785516b,PQ,1.0,1.0,1.0,104.0,1000000.0,0.9,1.05,s1s2,b,False,False,False,46.6431,-119.1525,default
3276,0.0,0.0,0.0,0.0,0.0,0.0,0.0009799054707834,0.0002455874691225,0.0048600949422962,0.0012180546665033,0.0,0.0,0.0,0.0,sx2785516b,PQ,1.0,1.0,1.0,104.0,1000000.0,0.9,1.05,s1s2,b,False,True,False,46.6431,-119.1528,default
3277,0.0,0.0,0.0,0.0,0.0,0.0,0.0,0.0,0.0,0.0,0.0,0.0,0.0,0.0,x3048196b,PQ,1.0,1.0,1.0,104.0,1000000.0,0.9,1.05,s1s2,b,False,False,False,46.6455,-119.1592,default
3278,0.0,0.0,0.0,0.0,0.0,0.0,0.0023033922250653,0.0005772845290863,0.0035366081628928,0.0008863575918927,0.0,0.0,0.0,0.0,sx3048196b,PQ,1.0,1.0,1.0,104.0,1000000.0,0.9,1.05,s1s2,b,False,True,False,46.6456,-119.1595,default
3279,0.0,0.0,0.0,0.0,0.0,0.0,0.0,0.0,0.0,0.0,0.0,0.0,0.0,0.0,p827520,PQ,1.0,1.0,1.0,7199.557856794634,1000000.0,0.9,1.05,c,,False,False,False,46.65142768,-119.1712281,default
3280,0.0,0.0,0.0,0.0,0.0,0.0,0.0,0.0,0.0,0.0,0.0,0.0,0.0,0.0,n1139545,PQ,1.0,1.0,1.0,7199.557856794634,1000000.0,0.9,1.05,c,,False,False,False,46.6513362,-119.1712315,default
3281,0.0,0.0,0.0,0.0,0.0,0.0,0.0,0.0,0.0,0.0,0.0,0.0,0.0,0.0,d5712477-3_int,PQ,1.0,1.0,1.0,7199.557856794634,1000000.0,0.9,1.05,c,,False,False,False,46.65035776,-119.1713346,default
3282,0.0,0.0,0.0,0.0,0.0,0.0,0.0,0.0,0.0,0.0,0.0,0.0,0.0,0.0,m1069174,PQ,1.0,1.0,1.0,7199.557856794634,1000000.0,0.9,1.05,c,,False,False,False,46.64987082,-119.171418,default
3283,0.0,0.0,0.0,0.0,0.0,0.0,0.0,0.0,0.0,0.0,0.0,0.0,0.0,0.0,l2841629,PQ,1.0,1.0,1.0,7199.557856794634,1000000.0,0.9,1.05,c,,False,False,False,46.64965336,-119.1723815,default
3284,0.0,0.0,0.0,0.0,0.0,0.0,0.0,0.0,0.0,0.0,0.0,0.0,0.0,0.0,x2841629c,PQ,1.0,1.0,1.0,104.0,1000000.0,0.9,1.05,s1s2,c,False,False,False,46.6493,-119.1724,default
3285,0.0,0.0,0.0,0.0,0.0,0.0,0.0086842894737545,0.0021764891720153,0.0065757113402256,0.0016480294016296,0.0,0.0,0.0,0.0,sx2841629c,PQ,1.0,1.0,1.0,104.0,1000000.0,0.9,1.05,s1s2,c,False,True,False,46.6493,-119.1727,default
3286,0.0,0.0,0.0,0.0,0.0,0.0,0.0,0.0,0.0,0.0,0.0,0.0,0.0,0.0,l2841630,PQ,1.0,1.0,1.0,7199.557856794634,1000000.0,0.9,1.05,c,,False,False,False,46.65055292,-119.1700447,default
3287,0.0,0.0,0.0,0.0,0.0,0.0,0.0,0.0,0.0,0.0,0.0,0.0,0.0,0.0,l2954352,PQ,1.0,1.0,1.0,7199.557856794634,1000000.0,0.9,1.05,c,,False,False,False,46.65066478,-119.1695774,default
3288,0.0,0.0,0.0,0.0,0.0,0.0,0.0,0.0,0.0,0.0,0.0,0.0,0.0,0.0,x2954352c,PQ,1.0,1.0,1.0,104.0,1000000.0,0.9,1.05,s1s2,c,False,False,False,46.6503,-119.1696,default
3289,0.0,0.0,0.0,0.0,0.0,0.0,0.0074183219231839,0.0018592076547357,0.0027516786207643,0.0006896359982874,0.0,0.0,0.0,0.0,sx2954352c,PQ,1.0,1.0,1.0,104.0,1000000.0,0.9,1.05,s1s2,c,False,True,False,46.6503,-119.1699,default
3290,0.0,0.0,0.0,0.0,0.0,0.0,0.0,0.0,0.0,0.0,0.0,0.0,0.0,0.0,x2841630c,PQ,1.0,1.0,1.0,104.0,1000000.0,0.9,1.05,s1s2,c,False,False,False,46.6502,-119.17,default
3291,0.0,0.0,0.0,0.0,0.0,0.0,0.0083193522903633,0.0020850272756465,0.0018506483058901,0.0004638164059844,0.0,0.0,0.0,0.0,sx2841630c,PQ,1.0,1.0,1.0,104.0,1000000.0,0.9,1.05,s1s2,c,False,True,False,46.6502,-119.1703,default
3292,0.0,0.0,0.0,0.0,0.0,0.0,0.0,0.0,0.0,0.0,0.0,0.0,0.0,0.0,l3216347,PQ,1.0,1.0,1.0,7199.557856794634,1000000.0,0.9,1.05,c,,False,False,False,46.64882526,-119.1712693,default
3293,0.0,0.0,0.0,0.0,0.0,0.0,0.0,0.0,0.0,0.0,0.0,0.0,0.0,0.0,l2785523,PQ,1.0,1.0,1.0,7199.557856794634,1000000.0,0.9,1.05,c,,False,False,False,46.64759676,-119.1712693,default
3294,0.0,0.0,0.0,0.0,0.0,0.0,0.0,0.0,0.0,0.0,0.0,0.0,0.0,0.0,l3141388,PQ,1.0,1.0,1.0,7199.557856794634,1000000.0,0.9,1.05,c,,False,False,False,46.6462782,-119.1706226,default
3295,0.0,0.0,0.0,0.0,0.0,0.0,0.0,0.0,0.0,0.0,0.0,0.0,0.0,0.0,l3626914,PQ,1.0,1.0,1.0,7199.557856794634,1000000.0,0.9,1.05,c,,False,False,False,46.6457267,-119.1705021,default
3296,0.0,0.0,0.0,0.0,0.0,0.0,0.0,0.0,0.0,0.0,0.0,0.0,0.0,0.0,m1089102,PQ,1.0,1.0,1.0,7199.557856794634,1000000.0,0.9,1.05,c,,False,False,False,46.64511172,-119.1704342,default
3297,0.0,0.0,0.0,0.0,0.0,0.0,0.0,0.0,0.0,0.0,0.0,0.0,0.0,0.0,m1089096,PQ,1.0,1.0,1.0,7199.557856794634,1000000.0,0.9,1.05,c,,False,False,False,46.64268964,-119.1703634,default
3298,0.0,0.0,0.0,0.0,0.0,0.0,0.0,0.0,0.0,0.0,0.0,0.0,0.0,0.0,m1089093,PQ,1.0,1.0,1.0,7199.557856794634,1000000.0,0.9,1.05,c,,False,False,False,46.64144154,-119.1702864,default
3299,0.0,0.0,0.0,0.0,0.0,0.0,0.0,0.0,0.0,0.0,0.0,0.0,0.0,0.0,m1089094,PQ,1.0,1.0,1.0,7199.557856794634,1000000.0,0.9,1.05,c,,False,False,False,46.6415321,-119.1713192,default
3300,0.0,0.0,0.0,0.0,0.0,0.0,0.0,0.0,0.0,0.0,0.0,0.0,0.0,0.0,m1069147,PQ,1.0,1.0,1.0,7199.557856794634,1000000.0,0.9,1.05,c,,False,False,False,46.64158272,-119.1723648,default
3301,0.0,0.0,0.0,0.0,0.0,0.0,0.0,0.0,0.0,0.0,0.0,0.0,0.0,0.0,l2879055,PQ,1.0,1.0,1.0,7199.557856794634,1000000.0,0.9,1.05,c,,False,False,False,46.64159666,-119.1733876,default
3302,0.0,0.0,0.0,0.0,0.0,0.0,0.0,0.0,0.0,0.0,0.0,0.0,0.0,0.0,l2973144,PQ,1.0,1.0,1.0,7199.557856794634,1000000.0,0.9,1.05,c,,False,False,False,46.64162588,-119.1749449,default
3303,0.0,0.0,0.0,0.0,0.0,0.0,0.0,0.0,0.0,0.0,0.0,0.0,0.0,0.0,l2724120,PQ,1.0,1.0,1.0,7199.557856794634,1000000.0,0.9,1.05,c,,False,False,False,46.6416132,-119.1778202,default
3304,0.0,0.0,0.0,0.0,0.0,0.0,0.0,0.0,0.0,0.0,0.0,0.0,0.0,0.0,m1069149,PQ,1.0,1.0,1.0,7199.557856794634,1000000.0,0.9,1.05,c,,False,False,False,46.64161338,-119.1779077,default
3305,0.0,0.0,0.0,0.0,0.0,0.0,0.0,0.0,0.0,0.0,0.0,0.0,0.0,0.0,m1069148,PQ,1.0,1.0,1.0,7199.557856794634,1000000.0,0.9,1.05,c,,False,False,False,46.64160924,-119.1789683,default
3306,0.0,0.0,0.0,0.0,0.0,0.0,0.0,0.0,0.0,0.0,0.0,0.0,0.0,0.0,l2673309,PQ,1.0,1.0,1.0,7199.557856794634,1000000.0,0.9,1.05,c,,False,False,False,46.6415987,-119.1808054,default
3307,0.0,0.0,0.0,0.0,0.0,0.0,0.0,0.0,0.0,0.0,0.0,0.0,0.0,0.0,x2673309c,PQ,1.0,1.0,1.0,104.0,1000000.0,0.9,1.05,s1s2,c,False,False,False,46.6412,-119.1808,default
3308,0.0,0.0,0.0,0.0,0.0,0.0,0.0094470022387348,0.0023676431653209,0.0007229984885,0.0001812005876311,0.0,0.0,0.0,0.0,sx2673309c,PQ,1.0,1.0,1.0,104.0,1000000.0,0.9,1.05,s1s2,c,False,True,False,46.6413,-119.1811,default
3309,0.0,0.0,0.0,0.0,0.0,0.0,0.0,0.0,0.0,0.0,0.0,0.0,0.0,0.0,l2785518,PQ,1.0,1.0,1.0,7199.557856794634,1000000.0,0.9,1.05,c,,False,False,False,46.64193172,-119.1786983,default
3310,0.0,0.0,0.0,0.0,0.0,0.0,0.0,0.0,0.0,0.0,0.0,0.0,0.0,0.0,l2766717,PQ,1.0,1.0,1.0,7199.557856794634,1000000.0,0.9,1.05,c,,False,False,False,46.64302274,-119.1786784,default
3311,0.0,0.0,0.0,0.0,0.0,0.0,0.0,0.0,0.0,0.0,0.0,0.0,0.0,0.0,x2766717c,PQ,1.0,1.0,1.0,104.0,1000000.0,0.9,1.05,s1s2,c,False,False,False,46.6427,-119.1787,default
3312,0.0,0.0,0.0,0.0,0.0,0.0,0.0026089544381998,0.0006538659402855,0.0014610457523159,0.0003661727605065,0.0,0.0,0.0,0.0,sx2766717c,PQ,1.0,1.0,1.0,104.0,1000000.0,0.9,1.05,s1s2,c,False,True,False,46.6427,-119.179,default
3313,0.0,0.0,0.0,0.0,0.0,0.0,0.0,0.0,0.0,0.0,0.0,0.0,0.0,0.0,x2785518c,PQ,1.0,1.0,1.0,104.0,1000000.0,0.9,1.05,s1s2,c,False,False,False,46.6416,-119.1787,default
3314,0.0,0.0,0.0,0.0,0.0,0.0,0.0040107212957989,0.001005182005866,0.0020892790036429,0.0005236229308768,0.0,0.0,0.0,0.0,sx2785518c,PQ,1.0,1.0,1.0,104.0,1000000.0,0.9,1.05,s1s2,c,False,True,False,46.6416,-119.179,default
3315,0.0,0.0,0.0,0.0,0.0,0.0,0.0,0.0,0.0,0.0,0.0,0.0,0.0,0.0,x2724120c,PQ,1.0,1.0,1.0,104.0,1000000.0,0.9,1.05,s1s2,c,False,False,False,46.6413,-119.1778,default
3316,0.0,0.0,0.0,0.0,0.0,0.0,0.0051331563533637,0.0012864908804472,0.0050368441644041,0.0012623527581759,0.0,0.0,0.0,0.0,sx2724120c,PQ,1.0,1.0,1.0,104.0,1000000.0,0.9,1.05,s1s2,c,False,True,False,46.6413,-119.1781,default
3317,0.0,0.0,0.0,0.0,0.0,0.0,0.0,0.0,0.0,0.0,0.0,0.0,0.0,0.0,x2973144c,PQ,1.0,1.0,1.0,104.0,1000000.0,0.9,1.05,s1s2,c,False,False,False,46.6413,-119.1749,default
3318,0.0,0.0,0.0,0.0,0.0,0.0,0.0081009683411999,0.0020302950754896,0.0020690322704534,0.0005185486144265,0.0,0.0,0.0,0.0,sx2973144c,PQ,1.0,1.0,1.0,104.0,1000000.0,0.9,1.05,s1s2,c,False,True,False,46.6413,-119.1752,default
3319,0.0,0.0,0.0,0.0,0.0,0.0,0.0,0.0,0.0,0.0,0.0,0.0,0.0,0.0,x2879055c,PQ,1.0,1.0,1.0,104.0,1000000.0,0.9,1.05,s1s2,c,False,False,False,46.6412,-119.1734,default
3320,0.0,0.0,0.0,0.0,0.0,0.0,0.0039029778343251,0.000978178942995,0.0001670223883246,4.18597765247762e-05,0.0,0.0,0.0,0.0,sx2879055c,PQ,1.0,1.0,1.0,104.0,1000000.0,0.9,1.05,s1s2,c,False,True,False,46.6413,-119.1737,default
3321,0.0,0.0,0.0,0.0,0.0,0.0,0.0,0.0,0.0,0.0,0.0,0.0,0.0,0.0,l3066801,PQ,1.0,1.0,1.0,7199.557856794634,1000000.0,0.9,1.05,c,,False,False,False,46.64106258,-119.1723691,default
3322,0.0,0.0,0.0,0.0,0.0,0.0,0.0,0.0,0.0,0.0,0.0,0.0,0.0,0.0,x3066801c,PQ,1.0,1.0,1.0,104.0,1000000.0,0.9,1.05,s1s2,c,False,False,False,46.6407,-119.1724,default
3323,0.0,0.0,0.0,0.0,0.0,0.0,0.0027493573269236,0.0006890542384332,0.0013206428623687,0.0003309844616568,0.0,0.0,0.0,0.0,sx3066801c,PQ,1.0,1.0,1.0,104.0,1000000.0,0.9,1.05,s1s2,c,False,True,False,46.6407,-119.1726,default
3324,0.0,0.0,0.0,0.0,0.0,0.0,0.0,0.0,0.0,0.0,0.0,0.0,0.0,0.0,x3626914c,PQ,1.0,1.0,1.0,104.0,1000000.0,0.9,1.05,s1s2,c,False,False,False,46.6454,-119.1705,default
3325,0.0,0.0,0.0,0.0,0.0,0.0,0.00457322665667,0.0011461592089664,0.0015267736444678,0.0003826457287681,0.0,0.0,0.0,0.0,sx3626914c,PQ,1.0,1.0,1.0,104.0,1000000.0,0.9,1.05,s1s2,c,False,True,False,46.6454,-119.1708,default
3326,0.0,0.0,0.0,0.0,0.0,0.0,0.0,0.0,0.0,0.0,0.0,0.0,0.0,0.0,x3141388c,PQ,1.0,1.0,1.0,104.0,1000000.0,0.9,1.05,s1s2,c,False,False,False,46.6459,-119.1706,default
3327,0.0,0.0,0.0,0.0,0.0,0.0,0.0020035350769161,0.0005021334675389,0.0020664651015449,0.0005179052262623,0.0,0.0,0.0,0.0,sx3141388c,PQ,1.0,1.0,1.0,104.0,1000000.0,0.9,1.05,s1s2,c,False,True,False,46.646,-119.1709,default
3328,0.0,0.0,0.0,0.0,0.0,0.0,0.0,0.0,0.0,0.0,0.0,0.0,0.0,0.0,x2785523c,PQ,1.0,1.0,1.0,104.0,1000000.0,0.9,1.05,s1s2,c,False,False,False,46.6472,-119.1713,default
3329,0.0,0.0,0.0,0.0,0.0,0.0,0.0025357807458711,0.0006355268462996,0.0035642194809704,0.0008932780083078,0.0,0.0,0.0,0.0,sx2785523c,PQ,1.0,1.0,1.0,104.0,1000000.0,0.9,1.05,s1s2,c,True,True,False,46.6473,-119.1715,default
3330,0.0,0.0,0.0,0.0,0.0,0.0,0.0,0.0,0.0,0.0,0.0,0.0,0.0,0.0,x3216347c,PQ,1.0,1.0,1.0,104.0,1000000.0,0.9,1.05,s1s2,c,False,False,False,46.6485,-119.1713,default
3331,0.0,0.0,0.0,0.0,0.0,0.0,0.0046603042001595,0.0011679828623948,0.0014396960421293,0.0003608220007963,0.0,0.0,0.0,0.0,sx3216347c,PQ,1.0,1.0,1.0,104.0,1000000.0,0.9,1.05,s1s2,c,True,True,False,46.6485,-119.1715,default
3332,0.0,0.0,0.0,0.0,0.0,0.0,0.0,0.0,0.0,0.0,0.0,0.0,0.0,0.0,l2879064,PQ,1.0,1.0,1.0,7199.557856794634,1000000.0,0.9,1.05,a,,False,False,False,46.64832328,-119.1749061,default
3333,0.0,0.0,0.0,0.0,0.0,0.0,0.0,0.0,0.0,0.0,0.0,0.0,0.0,0.0,x2879064a,PQ,1.0,1.0,1.0,104.0,1000000.0,0.9,1.05,s1s2,a,False,False,False,46.648,-119.1749,default
3334,0.0,0.0,0.0,0.0,0.0,0.0,0.0053703954700705,0.0013459477714175,0.0034996041152078,0.0008770833374691,0.0,0.0,0.0,0.0,sx2879064a,PQ,1.0,1.0,1.0,104.0,1000000.0,0.9,1.05,s1s2,a,False,True,False,46.648,-119.1752,default
3335,0.0,0.0,0.0,0.0,0.0,0.0,0.0,0.0,0.0,0.0,0.0,0.0,0.0,0.0,p827508,PQ,1.0,1.0,1.0,7199.557856794634,1000000.0,0.9,1.05,a,,False,False,False,46.64886176,-119.1763437,default
3336,0.0,0.0,0.0,0.0,0.0,0.0,0.0,0.0,0.0,0.0,0.0,0.0,0.0,0.0,n1139540,PQ,1.0,1.0,1.0,7199.557856794634,1000000.0,0.9,1.05,a,,False,False,False,46.64897938,-119.1764073,default
3337,0.0,0.0,0.0,0.0,0.0,0.0,0.0,0.0,0.0,0.0,0.0,0.0,0.0,0.0,l2991907,PQ,1.0,1.0,1.0,7199.557856794634,1000000.0,0.9,1.05,a,,False,False,False,46.65006862,-119.1769972,default
3338,0.0,0.0,0.0,0.0,0.0,0.0,0.0,0.0,0.0,0.0,0.0,0.0,0.0,0.0,m1069192,PQ,1.0,1.0,1.0,7199.557856794634,1000000.0,0.9,1.05,a,,False,False,False,46.65081562,-119.1773946,default
3339,0.0,0.0,0.0,0.0,0.0,0.0,0.0,0.0,0.0,0.0,0.0,0.0,0.0,0.0,l2991913,PQ,1.0,1.0,1.0,7199.557856794634,1000000.0,0.9,1.05,a,,False,False,False,46.65180598,-119.1763445,default
3340,0.0,0.0,0.0,0.0,0.0,0.0,0.0,0.0,0.0,0.0,0.0,0.0,0.0,0.0,x2991913a,PQ,1.0,1.0,1.0,104.0,1000000.0,0.9,1.05,s1s2,a,False,False,False,46.6515,-119.1763,default
3341,0.0,0.0,0.0,0.0,0.0,0.0,0.0015518595006152,0.0003889325948574,0.0037681402523591,0.0009443848212049,0.0,0.0,0.0,0.0,sx2991913a,PQ,1.0,1.0,1.0,104.0,1000000.0,0.9,1.05,s1s2,a,False,True,False,46.6515,-119.1766,default
3342,0.0,0.0,0.0,0.0,0.0,0.0,0.0,0.0,0.0,0.0,0.0,0.0,0.0,0.0,l3235253,PQ,1.0,1.0,1.0,7199.557856794634,1000000.0,0.9,1.05,a,,False,False,False,46.65075842,-119.1759993,default
3343,0.0,0.0,0.0,0.0,0.0,0.0,0.0,0.0,0.0,0.0,0.0,0.0,0.0,0.0,x3235253a,PQ,1.0,1.0,1.0,104.0,1000000.0,0.9,1.05,s1s2,a,False,False,False,46.6504,-119.176,default
3344,0.0,0.0,0.0,0.0,0.0,0.0,0.0064277765107561,0.00161095239356,0.0024422230544411,0.0006120787039509,0.0,0.0,0.0,0.0,sx3235253a,PQ,1.0,1.0,1.0,104.0,1000000.0,0.9,1.05,s1s2,a,False,True,False,46.6504,-119.1763,default
3345,0.0,0.0,0.0,0.0,0.0,0.0,0.0,0.0,0.0,0.0,0.0,0.0,0.0,0.0,m1069191,PQ,1.0,1.0,1.0,7199.557856794634,1000000.0,0.9,1.05,a,,False,False,False,46.65063184,-119.1783124,default
3346,0.0,0.0,0.0,0.0,0.0,0.0,0.0,0.0,0.0,0.0,0.0,0.0,0.0,0.0,l3195315,PQ,1.0,1.0,1.0,7199.557856794634,1000000.0,0.9,1.05,a,,False,False,False,46.65049314,-119.1791069,default
3347,0.0,0.0,0.0,0.0,0.0,0.0,0.0,0.0,0.0,0.0,0.0,0.0,0.0,0.0,m1069181,PQ,1.0,1.0,1.0,7199.557856794634,1000000.0,0.9,1.05,a,,False,False,False,46.6502237,-119.1805123,default
3348,0.0,0.0,0.0,0.0,0.0,0.0,0.0,0.0,0.0,0.0,0.0,0.0,0.0,0.0,l2748146,PQ,1.0,1.0,1.0,7199.557856794634,1000000.0,0.9,1.05,a,,False,False,False,46.651584,-119.1809928,default
3349,0.0,0.0,0.0,0.0,0.0,0.0,0.0,0.0,0.0,0.0,0.0,0.0,0.0,0.0,x2748146a,PQ,1.0,1.0,1.0,104.0,1000000.0,0.9,1.05,s1s2,a,False,False,False,46.6512,-119.181,default
3350,0.0,0.0,0.0,0.0,0.0,0.0,0.0005719638015368,0.0001433476199037,0.0047480359327161,0.0011899697852916,0.0,0.0,0.0,0.0,sx2748146a,PQ,1.0,1.0,1.0,104.0,1000000.0,0.9,1.05,s1s2,a,False,True,False,46.6513,-119.1813,default
3351,0.0,0.0,0.0,0.0,0.0,0.0,0.0,0.0,0.0,0.0,0.0,0.0,0.0,0.0,l2804253,PQ,1.0,1.0,1.0,7199.557856794634,1000000.0,0.9,1.05,a,,False,False,False,46.65000894,-119.1803309,default
3352,0.0,0.0,0.0,0.0,0.0,0.0,0.0,0.0,0.0,0.0,0.0,0.0,0.0,0.0,x2804253a,PQ,1.0,1.0,1.0,104.0,1000000.0,0.9,1.05,s1s2,a,False,False,False,46.6497,-119.1803,default
3353,0.0,0.0,0.0,0.0,0.0,0.0,0.0032555353727107,0.0008159139490609,0.0020644643819472,0.0005174034680623,0.0,0.0,0.0,0.0,sx2804253a,PQ,1.0,1.0,1.0,104.0,1000000.0,0.9,1.05,s1s2,a,False,True,False,46.6497,-119.1806,default
3354,0.0,0.0,0.0,0.0,0.0,0.0,0.0,0.0,0.0,0.0,0.0,0.0,0.0,0.0,l2973151,PQ,1.0,1.0,1.0,7199.557856794634,1000000.0,0.9,1.05,a,,False,False,False,46.65037902,-119.1817911,default
3355,0.0,0.0,0.0,0.0,0.0,0.0,0.0,0.0,0.0,0.0,0.0,0.0,0.0,0.0,m1069187,PQ,1.0,1.0,1.0,7199.557856794634,1000000.0,0.9,1.05,a,,False,False,False,46.65057034,-119.1830861,default
3356,0.0,0.0,0.0,0.0,0.0,0.0,0.0,0.0,0.0,0.0,0.0,0.0,0.0,0.0,l2748129,PQ,1.0,1.0,1.0,7199.557856794634,1000000.0,0.9,1.05,a,,False,False,False,46.64937576,-119.1834659,default
3357,0.0,0.0,0.0,0.0,0.0,0.0,0.0,0.0,0.0,0.0,0.0,0.0,0.0,0.0,x2748129a,PQ,1.0,1.0,1.0,104.0,1000000.0,0.9,1.05,s1s2,a,False,False,False,46.649,-119.1835,default
3358,0.0,0.0,0.0,0.0,0.0,0.0,0.0004893927745299,0.0001226533739903,0.0128106063641927,0.0032106400495778,0.0,0.0,0.0,0.0,sx2748129a,PQ,1.0,1.0,1.0,104.0,1000000.0,0.9,1.05,s1s2,a,False,True,False,46.6491,-119.1837,default
3359,0.0,0.0,0.0,0.0,0.0,0.0,0.0,0.0,0.0,0.0,0.0,0.0,0.0,0.0,l2785519,PQ,1.0,1.0,1.0,7199.557856794634,1000000.0,0.9,1.05,a,,False,False,False,46.65054956,-119.1840121,default
3360,0.0,0.0,0.0,0.0,0.0,0.0,0.0,0.0,0.0,0.0,0.0,0.0,0.0,0.0,l3104122,PQ,1.0,1.0,1.0,7199.557856794634,1000000.0,0.9,1.05,a,,False,False,False,46.65049724,-119.1845677,default
3361,0.0,0.0,0.0,0.0,0.0,0.0,0.0,0.0,0.0,0.0,0.0,0.0,0.0,0.0,l2804283,PQ,1.0,1.0,1.0,7199.557856794634,1000000.0,0.9,1.05,a,,False,False,False,46.65023942,-119.1860488,default
3362,0.0,0.0,0.0,0.0,0.0,0.0,0.0,0.0,0.0,0.0,0.0,0.0,0.0,0.0,l2916627,PQ,1.0,1.0,1.0,7199.557856794634,1000000.0,0.9,1.05,a,,False,False,False,46.6495869,-119.1882141,default
3363,0.0,0.0,0.0,0.0,0.0,0.0,0.0,0.0,0.0,0.0,0.0,0.0,0.0,0.0,l2673310,PQ,1.0,1.0,1.0,7199.557856794634,1000000.0,0.9,1.05,a,,False,False,False,46.64921746,-119.189469,default
3364,0.0,0.0,0.0,0.0,0.0,0.0,0.0,0.0,0.0,0.0,0.0,0.0,0.0,0.0,l3104121,PQ,1.0,1.0,1.0,7199.557856794634,1000000.0,0.9,1.05,a,,False,False,False,46.64878924,-119.1907151,default
3365,0.0,0.0,0.0,0.0,0.0,0.0,0.0,0.0,0.0,0.0,0.0,0.0,0.0,0.0,l3104113,PQ,1.0,1.0,1.0,7199.557856794634,1000000.0,0.9,1.05,a,,False,False,False,46.64847238,-119.1911319,default
3366,0.0,0.0,0.0,0.0,0.0,0.0,0.0,0.0,0.0,0.0,0.0,0.0,0.0,0.0,x3104113a,PQ,1.0,1.0,1.0,104.0,1000000.0,0.9,1.05,s1s2,a,False,False,False,46.6481,-119.1911,default
3367,0.0,0.0,0.0,0.0,0.0,0.0,0.0047663090612494,0.0011945494685051,0.0041036905113391,0.0010284816332393,0.0,0.0,0.0,0.0,sx3104113a,PQ,1.0,1.0,1.0,104.0,1000000.0,0.9,1.05,s1s2,a,False,True,False,46.6482,-119.1914,default
3368,0.0,0.0,0.0,0.0,0.0,0.0,0.0,0.0,0.0,0.0,0.0,0.0,0.0,0.0,x3104121a,PQ,1.0,1.0,1.0,104.0,1000000.0,0.9,1.05,s1s2,a,False,False,False,46.6484,-119.1907,default
3369,0.0,0.0,0.0,0.0,0.0,0.0,0.0065035012236547,0.0016299307894143,0.0023664983283147,0.0005931003006127,0.0,0.0,0.0,0.0,sx3104121a,PQ,1.0,1.0,1.0,104.0,1000000.0,0.9,1.05,s1s2,a,False,True,False,46.6485,-119.191,default
3370,0.0,0.0,0.0,0.0,0.0,0.0,0.0,0.0,0.0,0.0,0.0,0.0,0.0,0.0,x2673310a,PQ,1.0,1.0,1.0,104.0,1000000.0,0.9,1.05,s1s2,a,False,False,False,46.6489,-119.1895,default
3371,0.0,0.0,0.0,0.0,0.0,0.0,0.0068264708888523,0.0017108746029985,0.0020435286562176,0.0005121564831605,0.0,0.0,0.0,0.0,sx2673310a,PQ,1.0,1.0,1.0,104.0,1000000.0,0.9,1.05,s1s2,a,False,True,False,46.6489,-119.1897,default
3372,0.0,0.0,0.0,0.0,0.0,0.0,0.0,0.0,0.0,0.0,0.0,0.0,0.0,0.0,x2916627a,PQ,1.0,1.0,1.0,104.0,1000000.0,0.9,1.05,s1s2,a,False,False,False,46.6492,-119.1882,default
3373,0.0,0.0,0.0,0.0,0.0,0.0,0.0064395473270241,0.001613902435166,0.0024304522268983,0.0006091286561065,0.0,0.0,0.0,0.0,sx2916627a,PQ,1.0,1.0,1.0,104.0,1000000.0,0.9,1.05,s1s2,a,False,True,False,46.6493,-119.1885,default
3374,0.0,0.0,0.0,0.0,0.0,0.0,0.0,0.0,0.0,0.0,0.0,0.0,0.0,0.0,x2804283a,PQ,1.0,1.0,1.0,104.0,1000000.0,0.9,1.05,s1s2,a,False,False,False,46.6499,-119.186,default
3375,0.0,0.0,0.0,0.0,0.0,0.0,0.0075174866505762,0.0018840594902517,0.0013525129364292,0.0003389716512882,0.0,0.0,0.0,0.0,sx2804283a,PQ,1.0,1.0,1.0,104.0,1000000.0,0.9,1.05,s1s2,a,True,True,False,46.6499,-119.1863,default
3376,0.0,0.0,0.0,0.0,0.0,0.0,0.0,0.0,0.0,0.0,0.0,0.0,0.0,0.0,x3104122a,PQ,1.0,1.0,1.0,104.0,1000000.0,0.9,1.05,s1s2,a,False,False,False,46.6501,-119.1846,default
3377,0.0,0.0,0.0,0.0,0.0,0.0,0.0084127877514409,0.002108443010695,0.000457211745493,0.000114588048346,0.0,0.0,0.0,0.0,sx3104122a,PQ,1.0,1.0,1.0,104.0,1000000.0,0.9,1.05,s1s2,a,False,True,False,46.6502,-119.1848,default
3378,0.0,0.0,0.0,0.0,0.0,0.0,0.0,0.0,0.0,0.0,0.0,0.0,0.0,0.0,x2785519a,PQ,1.0,1.0,1.0,104.0,1000000.0,0.9,1.05,s1s2,a,False,False,False,46.6502,-119.184,default
3379,0.0,0.0,0.0,0.0,0.0,0.0,0.0083076513020827,0.002082093337942,0.0005623481994688,0.0001409377236998,0.0,0.0,0.0,0.0,sx2785519a,PQ,1.0,1.0,1.0,104.0,1000000.0,0.9,1.05,s1s2,a,False,True,False,46.6502,-119.1843,default
3380,0.0,0.0,0.0,0.0,0.0,0.0,0.0,0.0,0.0,0.0,0.0,0.0,0.0,0.0,x2973151a,PQ,1.0,1.0,1.0,104.0,1000000.0,0.9,1.05,s1s2,a,False,False,False,46.65,-119.1818,default
3381,0.0,0.0,0.0,0.0,0.0,0.0,0.0038825449308966,0.000973057330748,0.0014374548170516,0.0003602600824839,0.0,0.0,0.0,0.0,sx2973151a,PQ,1.0,1.0,1.0,104.0,1000000.0,0.9,1.05,s1s2,a,False,True,False,46.6501,-119.1821,default
3382,0.0,0.0,0.0,0.0,0.0,0.0,0.0,0.0,0.0,0.0,0.0,0.0,0.0,0.0,x3195315a,PQ,1.0,1.0,1.0,104.0,1000000.0,0.9,1.05,s1s2,a,False,False,False,46.6501,-119.1791,default
3383,0.0,0.0,0.0,0.0,0.0,0.0,0.0057343922511639,0.0014371739470122,0.0031356073225286,0.000785857155425,0.0,0.0,0.0,0.0,sx3195315a,PQ,1.0,1.0,1.0,104.0,1000000.0,0.9,1.05,s1s2,a,False,True,False,46.6502,-119.1794,default
3384,0.0,0.0,0.0,0.0,0.0,0.0,0.0,0.0,0.0,0.0,0.0,0.0,0.0,0.0,x2991907a,PQ,1.0,1.0,1.0,104.0,1000000.0,0.9,1.05,s1s2,a,False,False,False,46.6497,-119.177,default
3385,0.0,0.0,0.0,0.0,0.0,0.0,0.0058247083789824,0.0014598092993209,0.003045291198005,0.0007632218049004,0.0,0.0,0.0,0.0,sx2991907a,PQ,1.0,1.0,1.0,104.0,1000000.0,0.9,1.05,s1s2,a,False,True,False,46.6498,-119.1773,default
3386,0.0,0.0,0.0,0.0,0.0,0.0,0.0,0.0,0.0,0.0,0.0,0.0,0.0,0.0,x3010556a,PQ,1.0,1.0,1.0,104.0,1000000.0,0.9,1.05,s1s2,a,False,False,False,46.6477,-119.1772,default
3387,0.0,0.0,0.0,0.0,0.0,0.0,0.0030171252790167,0.0007561627595794,0.0023028744875931,0.0005771546654002,0.0,0.0,0.0,0.0,sx3010556a,PQ,1.0,1.0,1.0,104.0,1000000.0,0.9,1.05,s1s2,a,False,True,False,46.6477,-119.1775,default
3388,0.0,0.0,0.0,0.0,0.0,0.0,0.0,0.0,0.0,0.0,0.0,0.0,0.0,0.0,x2766718c,PQ,1.0,1.0,1.0,104.0,1000000.0,0.9,1.05,s1s2,c,False,False,False,46.6467,-119.1786,default
3389,0.0,0.0,0.0,0.0,0.0,0.0,0.0041788196183055,0.001047311355958,0.0110811812097522,0.0027772070405225,0.0,0.0,0.0,0.0,sx2766718c,PQ,1.0,1.0,1.0,104.0,1000000.0,0.9,1.05,s1s2,c,False,True,False,46.6467,-119.1789,default
3390,0.0,0.0,0.0,0.0,0.0,0.0,0.0,0.0,0.0,0.0,0.0,0.0,0.0,0.0,x3048206a,PQ,1.0,1.0,1.0,104.0,1000000.0,0.9,1.05,s1s2,a,False,False,False,46.6458,-119.1797,default
3391,0.0,0.0,0.0,0.0,0.0,0.0,0.0076700812363175,0.0019223032675817,0.0011999183396839,0.0003007278423196,0.0,0.0,0.0,0.0,sx3048206a,PQ,1.0,1.0,1.0,104.0,1000000.0,0.9,1.05,s1s2,a,False,True,False,46.6458,-119.18,default
3392,0.0,0.0,0.0,0.0,0.0,0.0,0.0,0.0,0.0,0.0,0.0,0.0,0.0,0.0,x3197630a,PQ,1.0,1.0,1.0,104.0,1000000.0,0.9,1.05,s1s2,a,False,False,False,46.6409,-119.185,default
3393,0.0,0.0,0.0,0.0,0.0,0.0,0.0044877438568487,0.001124734484616,0.0043822558221738,0.0010982966947009,0.0,0.0,0.0,0.0,sx3197630a,PQ,1.0,1.0,1.0,104.0,1000000.0,0.9,1.05,s1s2,a,False,True,False,46.6409,-119.1853,default
3394,0.0,0.0,0.0,0.0,0.0,0.0,0.0,0.0,0.0,0.0,0.0,0.0,0.0,0.0,x3235256a,PQ,1.0,1.0,1.0,104.0,1000000.0,0.9,1.05,s1s2,a,False,False,False,46.6396,-119.1864,default
3395,0.0,0.0,0.0,0.0,0.0,0.0,0.0036910816802829,0.0009250721493994,0.0016289181382939,0.0004082453167591,0.0,0.0,0.0,0.0,sx3235256a,PQ,1.0,1.0,1.0,104.0,1000000.0,0.9,1.05,s1s2,a,False,True,False,46.6396,-119.1867,default
3396,0.0,0.0,0.0,0.0,0.0,0.0,0.0,0.0,0.0,0.0,0.0,0.0,0.0,0.0,n1139539,PQ,1.0,1.0,1.0,7199.557856794634,1000000.0,0.9,1.05,a,,False,False,False,46.63848088,-119.1871952,default
3397,0.0,0.0,0.0,0.0,0.0,0.0,0.0,0.0,0.0,0.0,0.0,0.0,0.0,0.0,l2710520,PQ,1.0,1.0,1.0,7199.557856794634,1000000.0,0.9,1.05,a,,False,False,False,46.63748634,-119.1855624,default
3398,0.0,0.0,0.0,0.0,0.0,0.0,0.0,0.0,0.0,0.0,0.0,0.0,0.0,0.0,m1069131,PQ,1.0,1.0,1.0,7199.557856794634,1000000.0,0.9,1.05,a,,False,False,False,46.63763888,-119.1848526,default
3399,0.0,0.0,0.0,0.0,0.0,0.0,0.0,0.0,0.0,0.0,0.0,0.0,0.0,0.0,p827534,PQ,1.0,1.0,1.0,7199.557856794634,1000000.0,0.9,1.05,a,,False,False,False,46.6375945,-119.1847123,default
3400,0.0,0.0,0.0,0.0,0.0,0.0,0.0,0.0,0.0,0.0,0.0,0.0,0.0,0.0,m1069130,PQ,1.0,1.0,1.0,7199.557856794634,1000000.0,0.9,1.05,a,,False,False,False,46.63756936,-119.184633,default
3401,0.0,0.0,0.0,0.0,0.0,0.0,0.0,0.0,0.0,0.0,0.0,0.0,0.0,0.0,l3085396,PQ,1.0,1.0,1.0,7199.557856794634,1000000.0,0.9,1.05,a,,False,False,False,46.63716984,-119.183371,default
3402,0.0,0.0,0.0,0.0,0.0,0.0,0.0,0.0,0.0,0.0,0.0,0.0,0.0,0.0,l3122813,PQ,1.0,1.0,1.0,7199.557856794634,1000000.0,0.9,1.05,a,,False,False,False,46.6358969,-119.1798002,default
3403,0.0,0.0,0.0,0.0,0.0,0.0,0.0,0.0,0.0,0.0,0.0,0.0,0.0,0.0,x3122813a,PQ,1.0,1.0,1.0,104.0,1000000.0,0.9,1.05,s1s2,a,False,False,False,46.6355,-119.1798,default
3404,0.0,0.0,0.0,0.0,0.0,0.0,0.0022973475186647,0.0005757694908367,0.0030226523105538,0.0007575479831482,0.0,0.0,0.0,0.0,sx3122813a,PQ,1.0,1.0,1.0,104.0,1000000.0,0.9,1.05,s1s2,a,False,True,False,46.6356,-119.1801,default
3405,0.0,0.0,0.0,0.0,0.0,0.0,0.0,0.0,0.0,0.0,0.0,0.0,0.0,0.0,x3085396a,PQ,1.0,1.0,1.0,104.0,1000000.0,0.9,1.05,s1s2,a,False,False,False,46.6368,-119.1834,default
3406,0.0,0.0,0.0,0.0,0.0,0.0,0.0039153727052484,0.0009812847780725,0.0049546270003887,0.0012417464219639,0.0,0.0,0.0,0.0,sx3085396a,PQ,1.0,1.0,1.0,104.0,1000000.0,0.9,1.05,s1s2,a,False,True,False,46.6369,-119.1837,default
3407,0.0,0.0,0.0,0.0,0.0,0.0,0.0,0.0,0.0,0.0,0.0,0.0,0.0,0.0,m1069133,PQ,1.0,1.0,1.0,7199.557856794634,1000000.0,0.9,1.05,a,,False,False,False,46.63773764,-119.1848186,default
3408,0.0,0.0,0.0,0.0,0.0,0.0,0.0,0.0,0.0,0.0,0.0,0.0,0.0,0.0,l2710521,PQ,1.0,1.0,1.0,7199.557856794634,1000000.0,0.9,1.05,a,,False,False,False,46.63798736,-119.1847326,default
3409,0.0,0.0,0.0,0.0,0.0,0.0,0.0,0.0,0.0,0.0,0.0,0.0,0.0,0.0,x2710521a,PQ,1.0,1.0,1.0,104.0,1000000.0,0.9,1.05,s1s2,a,False,False,False,46.6376,-119.1847,default
3410,0.0,0.0,0.0,0.0,0.0,0.0,0.0006649083416462,0.000166641720999,0.00820509136081,0.0020563894990562,0.0,0.0,0.0,0.0,sx2710521a,PQ,1.0,1.0,1.0,104.0,1000000.0,0.9,1.05,s1s2,a,True,True,False,46.6377,-119.185,default
3411,0.0,0.0,0.0,0.0,0.0,0.0,0.0,0.0,0.0,0.0,0.0,0.0,0.0,0.0,x2710520a,PQ,1.0,1.0,1.0,104.0,1000000.0,0.9,1.05,s1s2,a,False,False,False,46.6371,-119.1856,default
3412,0.0,0.0,0.0,0.0,0.0,0.0,0.0030597706989658,0.0007668507270283,0.0022602291304971,0.0005664667470884,0.0,0.0,0.0,0.0,sx2710520a,PQ,1.0,1.0,1.0,104.0,1000000.0,0.9,1.05,s1s2,a,False,True,False,46.6372,-119.1858,default
3413,0.0,0.0,0.0,0.0,0.0,0.0,0.0,0.0,0.0,0.0,0.0,0.0,0.0,0.0,p827533,PQ,1.0,1.0,1.0,7199.557856794634,1000000.0,0.9,1.05,b,,False,False,False,46.63883864,-119.1877273,default
3414,0.0,0.0,0.0,0.0,0.0,0.0,0.0,0.0,0.0,0.0,0.0,0.0,0.0,0.0,n1139538,PQ,1.0,1.0,1.0,7199.557856794634,1000000.0,0.9,1.05,b,,False,False,False,46.63893486,-119.1878387,default
3415,0.0,0.0,0.0,0.0,0.0,0.0,0.0,0.0,0.0,0.0,0.0,0.0,0.0,0.0,l3066818,PQ,1.0,1.0,1.0,7199.557856794634,1000000.0,0.9,1.05,b,,False,False,False,46.63929254,-119.188253,default
3416,0.0,0.0,0.0,0.0,0.0,0.0,0.0,0.0,0.0,0.0,0.0,0.0,0.0,0.0,d5653469-1_int,PQ,1.0,1.0,1.0,7199.557856794634,1000000.0,0.9,1.05,b,,False,False,False,46.6394679,-119.1887233,default
3417,0.0,0.0,0.0,0.0,0.0,0.0,0.0,0.0,0.0,0.0,0.0,0.0,0.0,0.0,l3178981,PQ,1.0,1.0,1.0,7199.557856794634,1000000.0,0.9,1.05,b,,False,False,False,46.6397892,-119.1890861,default
3418,0.0,0.0,0.0,0.0,0.0,0.0,0.0,0.0,0.0,0.0,0.0,0.0,0.0,0.0,m1047368,PQ,1.0,1.0,1.0,7199.557856794634,1000000.0,0.9,1.05,b,,False,False,False,46.64190236,-119.191792,default
3419,0.0,0.0,0.0,0.0,0.0,0.0,0.0,0.0,0.0,0.0,0.0,0.0,0.0,0.0,l2748130,PQ,1.0,1.0,1.0,7199.557856794634,1000000.0,0.9,1.05,b,,False,False,False,46.64275346,-119.1914081,default
3420,0.0,0.0,0.0,0.0,0.0,0.0,0.0,0.0,0.0,0.0,0.0,0.0,0.0,0.0,l3254212,PQ,1.0,1.0,1.0,7199.557856794634,1000000.0,0.9,1.05,b,,False,False,False,46.64325474,-119.1903276,default
3421,0.0,0.0,0.0,0.0,0.0,0.0,0.0,0.0,0.0,0.0,0.0,0.0,0.0,0.0,x3254212b,PQ,1.0,1.0,1.0,104.0,1000000.0,0.9,1.05,s1s2,b,False,False,False,46.6429,-119.1903,default
3422,0.0,0.0,0.0,0.0,0.0,0.0,0.0030080337929789,0.0007538843742944,0.0115819669562083,0.0029027147497715,0.0,0.0,0.0,0.0,sx3254212b,PQ,1.0,1.0,1.0,104.0,1000000.0,0.9,1.05,s1s2,b,False,True,False,46.6429,-119.1906,default
3423,0.0,0.0,0.0,0.0,0.0,0.0,0.0,0.0,0.0,0.0,0.0,0.0,0.0,0.0,x2748130b,PQ,1.0,1.0,1.0,104.0,1000000.0,0.9,1.05,s1s2,b,False,False,False,46.6424,-119.1914,default
3424,0.0,0.0,0.0,0.0,0.0,0.0,0.0008925474199138,0.0002236934823215,0.0088374530731,0.0022148746822688,0.0,0.0,0.0,0.0,sx2748130b,PQ,1.0,1.0,1.0,104.0,1000000.0,0.9,1.05,s1s2,b,False,True,False,46.6424,-119.1917,default
3425,0.0,0.0,0.0,0.0,0.0,0.0,0.0,0.0,0.0,0.0,0.0,0.0,0.0,0.0,l2785528,PQ,1.0,1.0,1.0,7199.557856794634,1000000.0,0.9,1.05,b,,False,False,False,46.64154006,-119.1923718,default
3426,0.0,0.0,0.0,0.0,0.0,0.0,0.0,0.0,0.0,0.0,0.0,0.0,0.0,0.0,x2785528b,PQ,1.0,1.0,1.0,104.0,1000000.0,0.9,1.05,s1s2,b,False,False,False,46.6412,-119.1924,default
3427,0.0,0.0,0.0,0.0,0.0,0.0,0.0041762039752075,0.0010466554470185,0.0016637962838538,0.0004169866808884,0.0,0.0,0.0,0.0,sx2785528b,PQ,1.0,1.0,1.0,104.0,1000000.0,0.9,1.05,s1s2,b,False,True,False,46.6412,-119.1927,default
3428,0.0,0.0,0.0,0.0,0.0,0.0,0.0,0.0,0.0,0.0,0.0,0.0,0.0,0.0,l2841620,PQ,1.0,1.0,1.0,7199.557856794634,1000000.0,0.9,1.05,b,,False,False,False,46.64316906,-119.1932758,default
3429,0.0,0.0,0.0,0.0,0.0,0.0,0.0,0.0,0.0,0.0,0.0,0.0,0.0,0.0,l2785520,PQ,1.0,1.0,1.0,7199.557856794634,1000000.0,0.9,1.05,b,,False,False,False,46.64485334,-119.1967526,default
3430,0.0,0.0,0.0,0.0,0.0,0.0,0.0,0.0,0.0,0.0,0.0,0.0,0.0,0.0,m1047386,PQ,1.0,1.0,1.0,7199.557856794634,1000000.0,0.9,1.05,b,,False,False,False,46.6447013,-119.199047,default
3431,0.0,0.0,0.0,0.0,0.0,0.0,0.0,0.0,0.0,0.0,0.0,0.0,0.0,0.0,l3254211,PQ,1.0,1.0,1.0,7199.557856794634,1000000.0,0.9,1.05,b,,False,False,False,46.645487,-119.1990598,default
3432,0.0,0.0,0.0,0.0,0.0,0.0,0.0,0.0,0.0,0.0,0.0,0.0,0.0,0.0,x3254211b,PQ,1.0,1.0,1.0,104.0,1000000.0,0.9,1.05,s1s2,b,False,False,False,46.6451,-119.1991,default
3433,0.0,0.0,0.0,0.0,0.0,0.0,0.008385456680893,0.0021015937035569,0.0013445438214253,0.0003369744662353,0.0,0.0,0.0,0.0,sx3254211b,PQ,1.0,1.0,1.0,104.0,1000000.0,0.9,1.05,s1s2,b,False,True,False,46.6452,-119.1993,default
3434,0.0,0.0,0.0,0.0,0.0,0.0,0.0,0.0,0.0,0.0,0.0,0.0,0.0,0.0,m1047379,PQ,1.0,1.0,1.0,7199.557856794634,1000000.0,0.9,1.05,b,,False,False,False,46.64340946,-119.1985419,default
3435,0.0,0.0,0.0,0.0,0.0,0.0,0.0,0.0,0.0,0.0,0.0,0.0,0.0,0.0,l3119793,PQ,1.0,1.0,1.0,7199.557856794634,1000000.0,0.9,1.05,b,,False,False,False,46.6432313,-119.1994072,default
3436,0.0,0.0,0.0,0.0,0.0,0.0,0.0,0.0,0.0,0.0,0.0,0.0,0.0,0.0,m1047371,PQ,1.0,1.0,1.0,7199.557856794634,1000000.0,0.9,1.05,b,,False,False,False,46.64294504,-119.2000605,default
3437,0.0,0.0,0.0,0.0,0.0,0.0,0.0,0.0,0.0,0.0,0.0,0.0,0.0,0.0,p841985,PQ,1.0,1.0,1.0,7199.557856794634,1000000.0,0.9,1.05,b,,False,False,False,46.64291816,-119.2000876,default
3438,0.0,0.0,0.0,0.0,0.0,0.0,0.0,0.0,0.0,0.0,0.0,0.0,0.0,0.0,221-306687,PQ,1.0,1.0,1.0,7199.557856794634,1000000.0,0.9,1.05,b,,False,False,False,46.64289938,-119.2001065,default
3439,0.0,0.0,0.0,0.0,0.0,0.0,0.0,0.0,0.0,0.0,0.0,0.0,0.0,0.0,l2916625,PQ,1.0,1.0,1.0,7199.557856794634,1000000.0,0.9,1.05,b,,False,False,False,46.64188228,-119.2019149,default
3440,0.0,0.0,0.0,0.0,0.0,0.0,0.0,0.0,0.0,0.0,0.0,0.0,0.0,0.0,l3139598,PQ,1.0,1.0,1.0,7199.557856794634,1000000.0,0.9,1.05,b,,False,False,False,46.64196604,-119.2042992,default
3441,0.0,0.0,0.0,0.0,0.0,0.0,0.0,0.0,0.0,0.0,0.0,0.0,0.0,0.0,x3139598b,PQ,1.0,1.0,1.0,104.0,1000000.0,0.9,1.05,s1s2,b,False,False,False,46.6416,-119.2043,default
3442,0.0,0.0,0.0,0.0,0.0,0.0,0.0103377499346698,0.0025908845474418,0.004252250813477,0.0010657145758845,0.0,0.0,0.0,0.0,sx3139598b,PQ,1.0,1.0,1.0,104.0,1000000.0,0.9,1.05,s1s2,b,False,True,False,46.6417,-119.2046,default
3443,0.0,0.0,0.0,0.0,0.0,0.0,0.0,0.0,0.0,0.0,0.0,0.0,0.0,0.0,x2916625b,PQ,1.0,1.0,1.0,104.0,1000000.0,0.9,1.05,s1s2,b,False,False,False,46.6415,-119.2019,default
3444,0.0,0.0,0.0,0.0,0.0,0.0,0.0078097632580377,0.0019573113062457,0.0067802374524866,0.0016992877963762,0.0,0.0,0.0,0.0,sx2916625b,PQ,1.0,1.0,1.0,104.0,1000000.0,0.9,1.05,s1s2,b,False,True,False,46.6416,-119.2022,default
3445,0.0,0.0,0.0,0.0,0.0,0.0,0.0,0.0,0.0,0.0,0.0,0.0,0.0,0.0,x3119793b,PQ,1.0,1.0,1.0,104.0,1000000.0,0.9,1.05,s1s2,b,False,False,False,46.6429,-119.1994,default
3446,0.0,0.0,0.0,0.0,0.0,0.0,0.0029974034197512,0.0007512201595536,0.0028425968456826,0.0007124219720256,0.0,0.0,0.0,0.0,sx3119793b,PQ,1.0,1.0,1.0,104.0,1000000.0,0.9,1.05,s1s2,b,False,True,False,46.6429,-119.1997,default
3447,0.0,0.0,0.0,0.0,0.0,0.0,0.0,0.0,0.0,0.0,0.0,0.0,0.0,0.0,m1047388,PQ,1.0,1.0,1.0,7199.557856794634,1000000.0,0.9,1.05,b,,False,False,False,46.6450179,-119.2013063,default
3448,0.0,0.0,0.0,0.0,0.0,0.0,0.0,0.0,0.0,0.0,0.0,0.0,0.0,0.0,l2691942,PQ,1.0,1.0,1.0,7199.557856794634,1000000.0,0.9,1.05,b,,False,False,False,46.64373028,-119.2046385,default
3449,0.0,0.0,0.0,0.0,0.0,0.0,0.0,0.0,0.0,0.0,0.0,0.0,0.0,0.0,m1047374,PQ,1.0,1.0,1.0,7199.557856794634,1000000.0,0.9,1.05,b,,False,False,False,46.64325924,-119.2057907,default
3450,0.0,0.0,0.0,0.0,0.0,0.0,0.0,0.0,0.0,0.0,0.0,0.0,0.0,0.0,l2689678,PQ,1.0,1.0,1.0,7199.557856794634,1000000.0,0.9,1.05,b,,False,False,False,46.64275712,-119.20719,default
3451,0.0,0.0,0.0,0.0,0.0,0.0,0.0,0.0,0.0,0.0,0.0,0.0,0.0,0.0,m1026463,PQ,1.0,1.0,1.0,7199.557856794634,1000000.0,0.9,1.05,b,,False,False,False,46.6479116,-119.2094002,default
3452,0.0,0.0,0.0,0.0,0.0,0.0,0.0,0.0,0.0,0.0,0.0,0.0,0.0,0.0,m1026468,PQ,1.0,1.0,1.0,7199.557856794634,1000000.0,0.9,1.05,b,,False,False,False,46.64816054,-119.2100351,default
3453,0.0,0.0,0.0,0.0,0.0,0.0,0.0,0.0,0.0,0.0,0.0,0.0,0.0,0.0,l2766732,PQ,1.0,1.0,1.0,7199.557856794634,1000000.0,0.9,1.05,b,,False,False,False,46.64919712,-119.2110555,default
3454,0.0,0.0,0.0,0.0,0.0,0.0,0.0,0.0,0.0,0.0,0.0,0.0,0.0,0.0,m1026485,PQ,1.0,1.0,1.0,7199.557856794634,1000000.0,0.9,1.05,b,,False,False,False,46.6493467,-119.2112078,default
3455,0.0,0.0,0.0,0.0,0.0,0.0,0.0,0.0,0.0,0.0,0.0,0.0,0.0,0.0,m1026492,PQ,1.0,1.0,1.0,7199.557856794634,1000000.0,0.9,1.05,b,,False,False,False,46.6500221,-119.2104208,default
3456,0.0,0.0,0.0,0.0,0.0,0.0,0.0,0.0,0.0,0.0,0.0,0.0,0.0,0.0,l3048231,PQ,1.0,1.0,1.0,7199.557856794634,1000000.0,0.9,1.05,b,,False,False,False,46.65077602,-119.2102582,default
3457,0.0,0.0,0.0,0.0,0.0,0.0,0.0,0.0,0.0,0.0,0.0,0.0,0.0,0.0,x3048231b,PQ,1.0,1.0,1.0,104.0,1000000.0,0.9,1.05,s1s2,b,False,False,False,46.6504,-119.2103,default
3458,0.0,0.0,0.0,0.0,0.0,0.0,0.0174387589424511,0.0043705653675123,0.0020112423780035,0.0005040648820438,0.0,0.0,0.0,0.0,sx3048231b,PQ,1.0,1.0,1.0,104.0,1000000.0,0.9,1.05,s1s2,b,False,True,False,46.6505,-119.2105,default
3459,0.0,0.0,0.0,0.0,0.0,0.0,0.0,0.0,0.0,0.0,0.0,0.0,0.0,0.0,p827542,PQ,1.0,1.0,1.0,7199.557856794634,1000000.0,0.9,1.05,b,,False,False,False,46.64939414,-119.2113205,default
3460,0.0,0.0,0.0,0.0,0.0,0.0,0.0,0.0,0.0,0.0,0.0,0.0,0.0,0.0,m1026486,PQ,1.0,1.0,1.0,7199.557856794634,1000000.0,0.9,1.05,b,,False,False,False,46.64942416,-119.2113918,default
3461,0.0,0.0,0.0,0.0,0.0,0.0,0.0,0.0,0.0,0.0,0.0,0.0,0.0,0.0,m1026487,PQ,1.0,1.0,1.0,7199.557856794634,1000000.0,0.9,1.05,b,,False,False,False,46.64948248,-119.2112246,default
3462,0.0,0.0,0.0,0.0,0.0,0.0,0.0,0.0,0.0,0.0,0.0,0.0,0.0,0.0,l2897784,PQ,1.0,1.0,1.0,7199.557856794634,1000000.0,0.9,1.05,b,,False,False,False,46.6496183,-119.2112414,default
3463,0.0,0.0,0.0,0.0,0.0,0.0,0.0,0.0,0.0,0.0,0.0,0.0,0.0,0.0,m1026496,PQ,1.0,1.0,1.0,7199.557856794634,1000000.0,0.9,1.05,b,,False,False,False,46.65023026,-119.2115099,default
3464,0.0,0.0,0.0,0.0,0.0,0.0,0.0,0.0,0.0,0.0,0.0,0.0,0.0,0.0,l2691959,PQ,1.0,1.0,1.0,7199.557856794634,1000000.0,0.9,1.05,b,,False,False,False,46.65084542,-119.2117897,default
3465,0.0,0.0,0.0,0.0,0.0,0.0,0.0,0.0,0.0,0.0,0.0,0.0,0.0,0.0,x2691959b,PQ,1.0,1.0,1.0,104.0,1000000.0,0.9,1.05,s1s2,b,False,False,False,46.6505,-119.2118,default
3466,0.0,0.0,0.0,0.0,0.0,0.0,0.0151318989162728,0.0037924116277183,0.0237681029152804,0.0059568485462723,0.0,0.0,0.0,0.0,sx2691959b,PQ,1.0,1.0,1.0,104.0,1000000.0,0.9,1.05,s1s2,b,False,True,False,46.6505,-119.2121,default
3467,0.0,0.0,0.0,0.0,0.0,0.0,0.0,0.0,0.0,0.0,0.0,0.0,0.0,0.0,x2897784b,PQ,1.0,1.0,1.0,104.0,1000000.0,0.9,1.05,s1s2,b,False,False,False,46.6493,-119.2112,default
3468,0.0,0.0,0.0,0.0,0.0,0.0,0.0023148433329324,0.0005801544614539,0.0122751575168329,0.0030764447210184,0.0,0.0,0.0,0.0,sx2897784b,PQ,1.0,1.0,1.0,104.0,1000000.0,0.9,1.05,s1s2,b,False,True,False,46.6493,-119.2115,default
3469,0.0,0.0,0.0,0.0,0.0,0.0,0.0,0.0,0.0,0.0,0.0,0.0,0.0,0.0,m1026488,PQ,1.0,1.0,1.0,7199.557856794634,1000000.0,0.9,1.05,b,,False,False,False,46.64949368,-119.2115571,default
3470,0.0,0.0,0.0,0.0,0.0,0.0,0.0,0.0,0.0,0.0,0.0,0.0,0.0,0.0,d6047588-1_int,PQ,1.0,1.0,1.0,7199.557856794634,1000000.0,0.9,1.05,b,,False,False,False,46.64950836,-119.2115949,default
3471,0.0,0.0,0.0,0.0,0.0,0.0,0.0,0.0,0.0,0.0,0.0,0.0,0.0,0.0,f739844,PQ,1.0,1.0,1.0,7199.557856794634,1000000.0,0.9,1.05,b,,False,False,False,46.64952884,-119.2116406,default
3472,0.0,0.0,0.0,0.0,0.0,0.0,0.0,0.0,0.0,0.0,0.0,0.0,0.0,0.0,l0247171,PQ,1.0,1.0,1.0,7199.557856794634,1000000.0,0.9,1.05,b,,False,False,False,46.6495,-119.21164,default
3473,0.0,0.0,0.0,0.0,0.0,0.0,0.0,0.0,0.0,0.0,0.0,0.0,0.0,0.0,x0247171b,PQ,1.0,1.0,1.0,104.0,1000000.0,0.9,1.05,s1s2,b,False,False,False,46.64948,-119.21164,default
3474,0.0,0.0,0.0,0.0,0.0,0.0,0.0028726837614984,0.0007199624670043,0.002967316516063,0.000743679672775,0.0,0.0,0.0,0.0,sx0247171b,PQ,1.0,1.0,1.0,104.0,1000000.0,0.9,1.05,s1s2,b,False,True,False,46.64946,-119.21162,default
3475,0.0,0.0,0.0,0.0,0.0,0.0,0.0,0.0,0.0,0.0,0.0,0.0,0.0,0.0,x2766732b,PQ,1.0,1.0,1.0,104.0,1000000.0,0.9,1.05,s1s2,b,False,False,False,46.6488,-119.2111,default
3476,0.0,0.0,0.0,0.0,0.0,0.0,0.0028898962663489,0.000724276329659,0.0010001039197817,0.0002506496863975,0.0,0.0,0.0,0.0,sx2766732b,PQ,1.0,1.0,1.0,104.0,1000000.0,0.9,1.05,s1s2,b,False,True,False,46.6489,-119.2113,default
3477,0.0,0.0,0.0,0.0,0.0,0.0,0.0,0.0,0.0,0.0,0.0,0.0,0.0,0.0,p901909,PQ,1.0,1.0,1.0,7199.557856794634,1000000.0,0.9,1.05,b,,False,False,False,46.64821678,-119.2101858,default
3478,0.0,0.0,0.0,0.0,0.0,0.0,0.0,0.0,0.0,0.0,0.0,0.0,0.0,0.0,m1026472,PQ,1.0,1.0,1.0,7199.557856794634,1000000.0,0.9,1.05,b,,False,False,False,46.6483373,-119.2105086,default
3479,0.0,0.0,0.0,0.0,0.0,0.0,0.0,0.0,0.0,0.0,0.0,0.0,0.0,0.0,d5472341-1_int,PQ,1.0,1.0,1.0,7199.557856794634,1000000.0,0.9,1.05,b,,False,False,False,46.64835404,-119.2105506,default
3480,0.0,0.0,0.0,0.0,0.0,0.0,0.0,0.0,0.0,0.0,0.0,0.0,0.0,0.0,f739842,PQ,1.0,1.0,1.0,7199.557856794634,1000000.0,0.9,1.05,b,,False,False,False,46.64837412,-119.2106072,default
3481,0.0,0.0,0.0,0.0,0.0,0.0,0.0,0.0,0.0,0.0,0.0,0.0,0.0,0.0,l0247162,PQ,1.0,1.0,1.0,7199.557856794634,1000000.0,0.9,1.05,b,,False,False,False,46.6483,-119.2106,default
3482,0.0,0.0,0.0,0.0,0.0,0.0,0.0,0.0,0.0,0.0,0.0,0.0,0.0,0.0,x0247162b,PQ,1.0,1.0,1.0,104.0,1000000.0,0.9,1.05,s1s2,b,False,False,False,46.6482,-119.2106,default
3483,0.0,0.0,0.0,0.0,0.0,0.0,0.0028073578441835,0.0007035902473371,0.0030326424324791,0.0007600518917249,0.0,0.0,0.0,0.0,sx0247162b,PQ,1.0,1.0,1.0,104.0,1000000.0,0.9,1.05,s1s2,b,False,True,False,46.6481,-119.2105,default
3484,0.0,0.0,0.0,0.0,0.0,0.0,0.0,0.0,0.0,0.0,0.0,0.0,0.0,0.0,p827495,PQ,1.0,1.0,1.0,7199.557856794634,1000000.0,0.9,1.05,b,,False,False,False,46.64801056,-119.2090653,default
3485,0.0,0.0,0.0,0.0,0.0,0.0,0.0,0.0,0.0,0.0,0.0,0.0,0.0,0.0,m1026466,PQ,1.0,1.0,1.0,7199.557856794634,1000000.0,0.9,1.05,b,,False,False,False,46.64806348,-119.2087856,default
3486,0.0,0.0,0.0,0.0,0.0,0.0,0.0,0.0,0.0,0.0,0.0,0.0,0.0,0.0,d5865224-1_int,PQ,1.0,1.0,1.0,7199.557856794634,1000000.0,0.9,1.05,b,,False,False,False,46.6480709,-119.208749,default
3487,0.0,0.0,0.0,0.0,0.0,0.0,0.0,0.0,0.0,0.0,0.0,0.0,0.0,0.0,f739841,PQ,1.0,1.0,1.0,7199.557856794634,1000000.0,0.9,1.05,b,,False,False,False,46.648083,-119.2086814,default
3488,0.0,0.0,0.0,0.0,0.0,0.0,0.0,0.0,0.0,0.0,0.0,0.0,0.0,0.0,l0247160,PQ,1.0,1.0,1.0,7199.557856794634,1000000.0,0.9,1.05,b,,False,False,False,46.64806,-119.20868,default
3489,0.0,0.0,0.0,0.0,0.0,0.0,0.0,0.0,0.0,0.0,0.0,0.0,0.0,0.0,x0247160b,PQ,1.0,1.0,1.0,104.0,1000000.0,0.9,1.05,s1s2,b,False,False,False,46.64804,-119.20868,default
3490,0.0,0.0,0.0,0.0,0.0,0.0,0.0008940487729278,0.0002240697587752,0.0049459515202495,0.0012395723898238,0.0,0.0,0.0,0.0,sx0247160b,PQ,1.0,1.0,1.0,104.0,1000000.0,0.9,1.05,s1s2,b,False,True,False,46.64802,-119.20866,default
3491,0.0,0.0,0.0,0.0,0.0,0.0,0.0,0.0,0.0,0.0,0.0,0.0,0.0,0.0,x2689678b,PQ,1.0,1.0,1.0,104.0,1000000.0,0.9,1.05,s1s2,b,False,False,False,46.6424,-119.2072,default
3492,0.0,0.0,0.0,0.0,0.0,0.0,3.8450549707570905e-05,9.636616771848857e-06,0.0019115495439047,0.0004790795099189,0.0,0.0,0.0,0.0,sx2689678b,PQ,1.0,1.0,1.0,104.0,1000000.0,0.9,1.05,s1s2,b,False,True,False,46.6424,-119.2075,default
3493,0.0,0.0,0.0,0.0,0.0,0.0,0.0,0.0,0.0,0.0,0.0,0.0,0.0,0.0,l2879065,PQ,1.0,1.0,1.0,7199.557856794634,1000000.0,0.9,1.05,b,,False,False,False,46.64496946,-119.2057167,default
3494,0.0,0.0,0.0,0.0,0.0,0.0,0.0,0.0,0.0,0.0,0.0,0.0,0.0,0.0,x2879065b,PQ,1.0,1.0,1.0,104.0,1000000.0,0.9,1.05,s1s2,b,False,False,False,46.6446,-119.2057,default
3495,0.0,0.0,0.0,0.0,0.0,0.0,0.0025579928828869,0.00064109349265,0.001332007297187,0.0003338325190617,0.0,0.0,0.0,0.0,sx2879065b,PQ,1.0,1.0,1.0,104.0,1000000.0,0.9,1.05,s1s2,b,False,True,False,46.6447,-119.206,default
3496,0.0,0.0,0.0,0.0,0.0,0.0,0.0,0.0,0.0,0.0,0.0,0.0,0.0,0.0,l3197629,PQ,1.0,1.0,1.0,7199.557856794634,1000000.0,0.9,1.05,b,,False,False,False,46.64604864,-119.2042646,default
3497,0.0,0.0,0.0,0.0,0.0,0.0,0.0,0.0,0.0,0.0,0.0,0.0,0.0,0.0,x3197629b,PQ,1.0,1.0,1.0,104.0,1000000.0,0.9,1.05,s1s2,b,False,False,False,46.6457,-119.2043,default
3498,0.0,0.0,0.0,0.0,0.0,0.0,0.0050492705379429,0.0012654665766579,0.0007907297522105,0.000198175569267,0.0,0.0,0.0,0.0,sx3197629b,PQ,1.0,1.0,1.0,104.0,1000000.0,0.9,1.05,s1s2,b,False,True,False,46.6457,-119.2045,default
3499,0.0,0.0,0.0,0.0,0.0,0.0,0.0,0.0,0.0,0.0,0.0,0.0,0.0,0.0,x2691942b,PQ,1.0,1.0,1.0,104.0,1000000.0,0.9,1.05,s1s2,b,False,False,False,46.6434,-119.2046,default
3500,0.0,0.0,0.0,0.0,0.0,0.0,0.0018475828420324,0.0004630479389511,0.0039924174330983,0.0010005941982096,0.0,0.0,0.0,0.0,sx2691942b,PQ,1.0,1.0,1.0,104.0,1000000.0,0.9,1.05,s1s2,b,False,True,False,46.6434,-119.2049,default
3501,0.0,0.0,0.0,0.0,0.0,0.0,0.0,0.0,0.0,0.0,0.0,0.0,0.0,0.0,l2729407,PQ,1.0,1.0,1.0,7199.557856794634,1000000.0,0.9,1.05,b,,False,False,False,46.64563548,-119.2009013,default
3502,0.0,0.0,0.0,0.0,0.0,0.0,0.0,0.0,0.0,0.0,0.0,0.0,0.0,0.0,x2729407b,PQ,1.0,1.0,1.0,104.0,1000000.0,0.9,1.05,s1s2,b,False,False,False,46.6453,-119.2009,default
3503,0.0,0.0,0.0,0.0,0.0,0.0,0.0058349310498272,0.0014623716780876,5.069251268910501e-06,1.2704742057488083e-06,0.0,0.0,0.0,0.0,sx2729407b,PQ,1.0,1.0,1.0,104.0,1000000.0,0.9,1.05,s1s2,b,False,True,False,46.6453,-119.2012,default
3504,0.0,0.0,0.0,0.0,0.0,0.0,0.0,0.0,0.0,0.0,0.0,0.0,0.0,0.0,x2785520b,PQ,1.0,1.0,1.0,104.0,1000000.0,0.9,1.05,s1s2,b,False,False,False,46.6445,-119.1968,default
3505,0.0,0.0,0.0,0.0,0.0,0.0,0.0012346138607181,0.0003094234206399,0.0026553863132722,0.0006655025875324,0.0,0.0,0.0,0.0,sx2785520b,PQ,1.0,1.0,1.0,104.0,1000000.0,0.9,1.05,s1s2,b,False,True,False,46.6445,-119.197,default
3506,0.0,0.0,0.0,0.0,0.0,0.0,0.0,0.0,0.0,0.0,0.0,0.0,0.0,0.0,x2841620b,PQ,1.0,1.0,1.0,104.0,1000000.0,0.9,1.05,s1s2,b,False,False,False,46.6428,-119.1933,default
3507,0.0,0.0,0.0,0.0,0.0,0.0,0.0052430852364646,0.0013140411181463,0.0005969150402038,0.0001496010200027,0.0,0.0,0.0,0.0,sx2841620b,PQ,1.0,1.0,1.0,104.0,1000000.0,0.9,1.05,s1s2,b,False,True,False,46.6429,-119.1936,default
3508,0.0,0.0,0.0,0.0,0.0,0.0,0.0,0.0,0.0,0.0,0.0,0.0,0.0,0.0,x3178981b,PQ,1.0,1.0,1.0,104.0,1000000.0,0.9,1.05,s1s2,b,False,False,False,46.6394,-119.1891,default
3509,0.0,0.0,0.0,0.0,0.0,0.0,0.0076309473150834,0.0019124957715635,0.0020990530873599,0.00052607231575,0.0,0.0,0.0,0.0,sx3178981b,PQ,1.0,1.0,1.0,104.0,1000000.0,0.9,1.05,s1s2,b,True,True,False,46.6395,-119.1894,default
3510,0.0,0.0,0.0,0.0,0.0,0.0,0.0,0.0,0.0,0.0,0.0,0.0,0.0,0.0,x3066818b,PQ,1.0,1.0,1.0,104.0,1000000.0,0.9,1.05,s1s2,b,False,False,False,46.6389,-119.1883,default
3511,0.0,0.0,0.0,0.0,0.0,0.0,0.0095923085890527,0.0024040593214173,0.0001376919123636,3.450884804728489e-05,0.0,0.0,0.0,0.0,sx3066818b,PQ,1.0,1.0,1.0,104.0,1000000.0,0.9,1.05,s1s2,b,False,True,False,46.639,-119.1885,default
3512,0.0,0.0,0.0,0.0,0.0,0.0,0.0,0.0,0.0,0.0,0.0,0.0,0.0,0.0,x3254218a,PQ,1.0,1.0,1.0,104.0,1000000.0,0.9,1.05,s1s2,a,False,False,False,46.6372,-119.1889,default
3513,0.0,0.0,0.0,0.0,0.0,0.0,0.0028948669285262,0.0007255219566678,0.0059751327846525,0.0014975092511821,0.0,0.0,0.0,0.0,sx3254218a,PQ,1.0,1.0,1.0,104.0,1000000.0,0.9,1.05,s1s2,a,False,True,False,46.6373,-119.1891,default
3514,0.0,0.0,0.0,0.0,0.0,0.0,0.0,0.0,0.0,0.0,0.0,0.0,0.0,0.0,x2860490a,PQ,1.0,1.0,1.0,104.0,1000000.0,0.9,1.05,s1s2,a,False,False,False,46.6365,-119.1897,default
3515,0.0,0.0,0.0,0.0,0.0,0.0,0.0001832593328944,4.59291130923948e-05,0.0086867403409118,0.0021771020748572,0.0,0.0,0.0,0.0,sx2860490a,PQ,1.0,1.0,1.0,104.0,1000000.0,0.9,1.05,s1s2,a,False,True,False,46.6365,-119.19,default
3516,0.0,0.0,0.0,0.0,0.0,0.0,0.0,0.0,0.0,0.0,0.0,0.0,0.0,0.0,x3104134c,PQ,1.0,1.0,1.0,104.0,1000000.0,0.9,1.05,s1s2,c,False,False,False,46.6358,-119.1904,default
3517,0.0,0.0,0.0,0.0,0.0,0.0,0.0084661419748001,0.002121815833391,0.001703858333058,0.0004270272753992,0.0,0.0,0.0,0.0,sx3104134c,PQ,1.0,1.0,1.0,104.0,1000000.0,0.9,1.05,s1s2,c,True,True,False,46.6358,-119.1907,default
3518,0.0,0.0,0.0,0.0,0.0,0.0,0.0,0.0,0.0,0.0,0.0,0.0,0.0,0.0,l3254219,PQ,1.0,1.0,1.0,7199.557856794634,1000000.0,0.9,1.05,c,,False,False,False,46.6361518,-119.1914379,default
3519,0.0,0.0,0.0,0.0,0.0,0.0,0.0,0.0,0.0,0.0,0.0,0.0,0.0,0.0,l3254220,PQ,1.0,1.0,1.0,7199.557856794634,1000000.0,0.9,1.05,c,,False,False,False,46.63706328,-119.191559,default
3520,0.0,0.0,0.0,0.0,0.0,0.0,0.0,0.0,0.0,0.0,0.0,0.0,0.0,0.0,x3254220c,PQ,1.0,1.0,1.0,104.0,1000000.0,0.9,1.05,s1s2,c,False,False,False,46.6367,-119.1916,default
3521,0.0,0.0,0.0,0.0,0.0,0.0,0.002248198219122,0.0005634517613475,0.0079218021612095,0.0019853914219803,0.0,0.0,0.0,0.0,sx3254220c,PQ,1.0,1.0,1.0,104.0,1000000.0,0.9,1.05,s1s2,c,False,True,False,46.6367,-119.1918,default
3522,0.0,0.0,0.0,0.0,0.0,0.0,0.0,0.0,0.0,0.0,0.0,0.0,0.0,0.0,x3254219c,PQ,1.0,1.0,1.0,104.0,1000000.0,0.9,1.05,s1s2,c,False,False,False,46.6358,-119.1914,default
3523,0.0,0.0,0.0,0.0,0.0,0.0,0.0013092829286363,0.0003281373344048,0.0088607174931744,0.002220705871985,0.0,0.0,0.0,0.0,sx3254219c,PQ,1.0,1.0,1.0,104.0,1000000.0,0.9,1.05,s1s2,c,False,True,False,46.6358,-119.1917,default
3524,0.0,0.0,0.0,0.0,0.0,0.0,0.0,0.0,0.0,0.0,0.0,0.0,0.0,0.0,x2991922a,PQ,1.0,1.0,1.0,104.0,1000000.0,0.9,1.05,s1s2,a,False,False,False,46.6345,-119.1923,default
3525,0.0,0.0,0.0,0.0,0.0,0.0,0.0036015932125737,0.0009026442430628,0.0017184066429555,0.0004306732539341,0.0,0.0,0.0,0.0,sx2991922a,PQ,1.0,1.0,1.0,104.0,1000000.0,0.9,1.05,s1s2,a,False,True,False,46.6345,-119.1926,default
3526,0.0,0.0,0.0,0.0,0.0,0.0,0.0,0.0,0.0,0.0,0.0,0.0,0.0,0.0,p895104,PQ,1.0,1.0,1.0,7199.557856794634,1000000.0,0.9,1.05,a,,False,False,False,46.63425772,-119.1932691,default
3527,0.0,0.0,0.0,0.0,0.0,0.0,0.0,0.0,0.0,0.0,0.0,0.0,0.0,0.0,n1139537,PQ,1.0,1.0,1.0,7199.557856794634,1000000.0,0.9,1.05,a,,False,False,False,46.6344522,-119.1933403,default
3528,0.0,0.0,0.0,0.0,0.0,0.0,0.0,0.0,0.0,0.0,0.0,0.0,0.0,0.0,l3122826,PQ,1.0,1.0,1.0,7199.557856794634,1000000.0,0.9,1.05,a,,False,False,False,46.63588304,-119.1938641,default
3529,0.0,0.0,0.0,0.0,0.0,0.0,0.0,0.0,0.0,0.0,0.0,0.0,0.0,0.0,m1047358,PQ,1.0,1.0,1.0,7199.557856794634,1000000.0,0.9,1.05,a,,False,False,False,46.63736032,-119.1937282,default
3530,0.0,0.0,0.0,0.0,0.0,0.0,0.0,0.0,0.0,0.0,0.0,0.0,0.0,0.0,l2729411,PQ,1.0,1.0,1.0,7199.557856794634,1000000.0,0.9,1.05,a,,False,False,False,46.63850484,-119.1927986,default
3531,0.0,0.0,0.0,0.0,0.0,0.0,0.0,0.0,0.0,0.0,0.0,0.0,0.0,0.0,x2729411a,PQ,1.0,1.0,1.0,104.0,1000000.0,0.9,1.05,s1s2,a,False,False,False,46.6382,-119.1928,default
3532,0.0,0.0,0.0,0.0,0.0,0.0,0.0002047052097254,5.130395614326069e-05,0.0033452946928395,0.0008384097869084,0.0,0.0,0.0,0.0,sx2729411a,PQ,1.0,1.0,1.0,104.0,1000000.0,0.9,1.05,s1s2,a,False,True,False,46.6382,-119.1931,default
3533,0.0,0.0,0.0,0.0,0.0,0.0,0.0,0.0,0.0,0.0,0.0,0.0,0.0,0.0,l2897781,PQ,1.0,1.0,1.0,7199.557856794634,1000000.0,0.9,1.05,a,,False,False,False,46.63865926,-119.1937849,default
3534,0.0,0.0,0.0,0.0,0.0,0.0,0.0,0.0,0.0,0.0,0.0,0.0,0.0,0.0,x2897781a,PQ,1.0,1.0,1.0,104.0,1000000.0,0.9,1.05,s1s2,a,False,False,False,46.6383,-119.1938,default
3535,0.0,0.0,0.0,0.0,0.0,0.0,0.001074147332323,0.0002692066686393,0.0024758525762224,0.0006205070779392,0.0,0.0,0.0,0.0,sx2897781a,PQ,1.0,1.0,1.0,104.0,1000000.0,0.9,1.05,s1s2,a,False,True,False,46.6383,-119.1941,default
3536,0.0,0.0,0.0,0.0,0.0,0.0,0.0,0.0,0.0,0.0,0.0,0.0,0.0,0.0,l3197644,PQ,1.0,1.0,1.0,7199.557856794634,1000000.0,0.9,1.05,a,,False,False,False,46.6371126,-119.1935397,default
3537,0.0,0.0,0.0,0.0,0.0,0.0,0.0,0.0,0.0,0.0,0.0,0.0,0.0,0.0,x3197644a,PQ,1.0,1.0,1.0,104.0,1000000.0,0.9,1.05,s1s2,a,False,False,False,46.6368,-119.1935,default
3538,0.0,0.0,0.0,0.0,0.0,0.0,0.0005748741254075,0.0001440770216564,0.0047451257256418,0.0011892404742197,0.0,0.0,0.0,0.0,sx3197644a,PQ,1.0,1.0,1.0,104.0,1000000.0,0.9,1.05,s1s2,a,False,True,False,46.6368,-119.1938,default
3539,0.0,0.0,0.0,0.0,0.0,0.0,0.0,0.0,0.0,0.0,0.0,0.0,0.0,0.0,x3122826a,PQ,1.0,1.0,1.0,104.0,1000000.0,0.9,1.05,s1s2,a,False,False,False,46.6355,-119.1939,default
3540,0.0,0.0,0.0,0.0,0.0,0.0,0.0067883908699253,0.0017013309332596,0.0020816088796264,0.0005217003070998,0.0,0.0,0.0,0.0,sx3122826a,PQ,1.0,1.0,1.0,104.0,1000000.0,0.9,1.05,s1s2,a,False,True,False,46.6356,-119.1941,default
3541,0.0,0.0,0.0,0.0,0.0,0.0,0.0,0.0,0.0,0.0,0.0,0.0,0.0,0.0,x2860491a,PQ,1.0,1.0,1.0,104.0,1000000.0,0.9,1.05,s1s2,a,False,False,False,46.633,-119.1942,default
3542,0.0,0.0,0.0,0.0,0.0,0.0,0.0004729338002871,0.0001185283708252,0.0030770661090908,0.0007711853773891,0.0,0.0,0.0,0.0,sx2860491a,PQ,1.0,1.0,1.0,104.0,1000000.0,0.9,1.05,s1s2,a,False,True,False,46.633,-119.1945,default
3543,0.0,0.0,0.0,0.0,0.0,0.0,0.0,0.0,0.0,0.0,0.0,0.0,0.0,0.0,x2860491b,PQ,1.0,1.0,1.0,104.0,1000000.0,0.9,1.05,s1s2,b,False,False,False,46.633,-119.1942,default
3544,0.0,0.0,0.0,0.0,0.0,0.0,0.0028973600717442,0.0007261469282045,0.0116926404876855,0.0029304521600185,0.0,0.0,0.0,0.0,sx2860491b,PQ,1.0,1.0,1.0,104.0,1000000.0,0.9,1.05,s1s2,b,False,True,False,46.633,-119.1945,default
3545,0.0,0.0,0.0,0.0,0.0,0.0,0.0,0.0,0.0,0.0,0.0,0.0,0.0,0.0,x2897780b,PQ,1.0,1.0,1.0,104.0,1000000.0,0.9,1.05,s1s2,b,False,False,False,46.6312,-119.1963,default
3546,0.0,0.0,0.0,0.0,0.0,0.0,0.0018530954924841,0.0004644295401134,0.0078769048232438,0.0019741385847343,0.0,0.0,0.0,0.0,sx2897780b,PQ,1.0,1.0,1.0,104.0,1000000.0,0.9,1.05,s1s2,b,False,True,False,46.6313,-119.1966,default
3547,0.0,0.0,0.0,0.0,0.0,0.0,0.0,0.0,0.0,0.0,0.0,0.0,0.0,0.0,x3235255b,PQ,1.0,1.0,1.0,104.0,1000000.0,0.9,1.05,s1s2,b,False,False,False,46.6308,-119.1968,default
3548,0.0,0.0,0.0,0.0,0.0,0.0,0.0004694813705892,0.000117663131039,0.0014805186844262,0.0003710529857892,0.0,0.0,0.0,0.0,sx3235255b,PQ,1.0,1.0,1.0,104.0,1000000.0,0.9,1.05,s1s2,b,False,True,False,46.6308,-119.1971,default
3549,0.0,0.0,0.0,0.0,0.0,0.0,0.0,0.0,0.0,0.0,0.0,0.0,0.0,0.0,x3216370a,PQ,1.0,1.0,1.0,104.0,1000000.0,0.9,1.05,s1s2,a,False,False,False,46.6301,-119.1976,default
3550,0.0,0.0,0.0,0.0,0.0,0.0,0.0032264765146773,0.0008086311586172,0.0003235234080258,8.108260144721322e-05,0.0,0.0,0.0,0.0,sx3216370a,PQ,1.0,1.0,1.0,104.0,1000000.0,0.9,1.05,s1s2,a,False,True,False,46.6301,-119.1979,default
3551,0.0,0.0,0.0,0.0,0.0,0.0,0.0,0.0,0.0,0.0,0.0,0.0,0.0,0.0,x3216370b,PQ,1.0,1.0,1.0,104.0,1000000.0,0.9,1.05,s1s2,b,False,False,False,46.6301,-119.1976,default
3552,0.0,0.0,0.0,0.0,0.0,0.0,0.0005249688919871,0.0001315696157336,0.0033650312181655,0.0008433563833413,0.0,0.0,0.0,0.0,sx3216370b,PQ,1.0,1.0,1.0,104.0,1000000.0,0.9,1.05,s1s2,b,False,True,False,46.6301,-119.1979,default
3553,0.0,0.0,0.0,0.0,0.0,0.0,0.0,0.0,0.0,0.0,0.0,0.0,0.0,0.0,x3216370c,PQ,1.0,1.0,1.0,104.0,1000000.0,0.9,1.05,s1s2,c,False,False,False,46.6301,-119.1976,default
3554,0.0,0.0,0.0,0.0,0.0,0.0,0.0028610876052396,0.0007170563350576,0.001208912499166,0.0003029821107961,0.0,0.0,0.0,0.0,sx3216370c,PQ,1.0,1.0,1.0,104.0,1000000.0,0.9,1.05,s1s2,c,False,True,False,46.6301,-119.1979,default
3555,0.0,0.0,0.0,0.0,0.0,0.0,0.0,0.0,0.0,0.0,0.0,0.0,0.0,0.0,p893163,PQ,1.0,1.0,1.0,7199.557856794634,1000000.0,0.9,1.05,a,,False,False,False,46.62953464,-119.1989089,default
3556,0.0,0.0,0.0,0.0,0.0,0.0,0.0,0.0,0.0,0.0,0.0,0.0,0.0,0.0,m1047314,PQ,1.0,1.0,1.0,7199.557856794634,1000000.0,0.9,1.05,a,,False,False,False,46.62957716,-119.1989528,default
3557,0.0,0.0,0.0,0.0,0.0,0.0,0.0,0.0,0.0,0.0,0.0,0.0,0.0,0.0,m1047311,PQ,1.0,1.0,1.0,7199.557856794634,1000000.0,0.9,1.05,a,,False,False,False,46.62943276,-119.1987828,default
3558,0.0,0.0,0.0,0.0,0.0,0.0,0.0,0.0,0.0,0.0,0.0,0.0,0.0,0.0,l2748158,PQ,1.0,1.0,1.0,7199.557856794634,1000000.0,0.9,1.05,a,,False,False,False,46.62933492,-119.198646,default
3559,0.0,0.0,0.0,0.0,0.0,0.0,0.0,0.0,0.0,0.0,0.0,0.0,0.0,0.0,x2748158a,PQ,1.0,1.0,1.0,104.0,1000000.0,0.9,1.05,s1s2,a,False,False,False,46.629,-119.1986,default
3560,0.0,0.0,0.0,0.0,0.0,0.0,0.0042023748001714,0.0010532143040719,0.0011176250924416,0.0002801032259164,0.0,0.0,0.0,0.0,sx2748158a,PQ,1.0,1.0,1.0,104.0,1000000.0,0.9,1.05,s1s2,a,False,True,False,46.629,-119.1989,default
3561,0.0,0.0,0.0,0.0,0.0,0.0,0.0,0.0,0.0,0.0,0.0,0.0,0.0,0.0,n1137961,PQ,1.0,1.0,1.0,7199.557856794634,1000000.0,0.9,1.05,a,,False,False,False,46.62978598,-119.1991693,default
3562,0.0,0.0,0.0,0.0,0.0,0.0,0.0,0.0,0.0,0.0,0.0,0.0,0.0,0.0,l3104133,PQ,1.0,1.0,1.0,7199.557856794634,1000000.0,0.9,1.05,a,,False,False,False,46.63111708,-119.2005499,default
3563,0.0,0.0,0.0,0.0,0.0,0.0,0.0,0.0,0.0,0.0,0.0,0.0,0.0,0.0,m1047323,PQ,1.0,1.0,1.0,7199.557856794634,1000000.0,0.9,1.05,a,,False,False,False,46.63249838,-119.2019777,default
3564,0.0,0.0,0.0,0.0,0.0,0.0,0.0,0.0,0.0,0.0,0.0,0.0,0.0,0.0,l3010569,PQ,1.0,1.0,1.0,7199.557856794634,1000000.0,0.9,1.05,a,,False,False,False,46.6329325,-119.2024266,default
3565,0.0,0.0,0.0,0.0,0.0,0.0,0.0,0.0,0.0,0.0,0.0,0.0,0.0,0.0,m1047335,PQ,1.0,1.0,1.0,7199.557856794634,1000000.0,0.9,1.05,a,,False,False,False,46.6335317,-119.202975,default
3566,0.0,0.0,0.0,0.0,0.0,0.0,0.0,0.0,0.0,0.0,0.0,0.0,0.0,0.0,l2710519,PQ,1.0,1.0,1.0,7199.557856794634,1000000.0,0.9,1.05,a,,False,False,False,46.63458572,-119.2037103,default
3567,0.0,0.0,0.0,0.0,0.0,0.0,0.0,0.0,0.0,0.0,0.0,0.0,0.0,0.0,m1047344,PQ,1.0,1.0,1.0,7199.557856794634,1000000.0,0.9,1.05,a,,False,False,False,46.63510098,-119.2042954,default
3568,0.0,0.0,0.0,0.0,0.0,0.0,0.0,0.0,0.0,0.0,0.0,0.0,0.0,0.0,l2897772,PQ,1.0,1.0,1.0,7199.557856794634,1000000.0,0.9,1.05,a,,False,False,False,46.63610598,-119.2044641,default
3569,0.0,0.0,0.0,0.0,0.0,0.0,0.0,0.0,0.0,0.0,0.0,0.0,0.0,0.0,l3101814,PQ,1.0,1.0,1.0,7199.557856794634,1000000.0,0.9,1.05,a,,False,False,False,46.63687746,-119.2047466,default
3570,0.0,0.0,0.0,0.0,0.0,0.0,0.0,0.0,0.0,0.0,0.0,0.0,0.0,0.0,x2897772a,PQ,1.0,1.0,1.0,104.0,1000000.0,0.9,1.05,s1s2,a,False,False,False,46.6358,-119.2045,default
3571,0.0,0.0,0.0,0.0,0.0,0.0,0.0016804327414276,0.00042115610887,0.0036395671617261,0.0009121614350791,0.0,0.0,0.0,0.0,sx2897772a,PQ,1.0,1.0,1.0,104.0,1000000.0,0.9,1.05,s1s2,a,True,True,False,46.6358,-119.2047,default
3572,0.0,0.0,0.0,0.0,0.0,0.0,0.0,0.0,0.0,0.0,0.0,0.0,0.0,0.0,l3029499,PQ,1.0,1.0,1.0,7199.557856794634,1000000.0,0.9,1.05,a,,False,False,False,46.63581792,-119.2052569,default
3573,0.0,0.0,0.0,0.0,0.0,0.0,0.0,0.0,0.0,0.0,0.0,0.0,0.0,0.0,x3029499a,PQ,1.0,1.0,1.0,104.0,1000000.0,0.9,1.05,s1s2,a,False,False,False,46.6355,-119.2053,default
3574,0.0,0.0,0.0,0.0,0.0,0.0,0.000456350562722,0.0001143722215775,0.0030936493651868,0.0007753415430658,0.0,0.0,0.0,0.0,sx3029499a,PQ,1.0,1.0,1.0,104.0,1000000.0,0.9,1.05,s1s2,a,False,True,False,46.6355,-119.2055,default
3575,0.0,0.0,0.0,0.0,0.0,0.0,0.0,0.0,0.0,0.0,0.0,0.0,0.0,0.0,l3066819,PQ,1.0,1.0,1.0,7199.557856794634,1000000.0,0.9,1.05,a,,False,False,False,46.63474502,-119.2051613,default
3576,0.0,0.0,0.0,0.0,0.0,0.0,0.0,0.0,0.0,0.0,0.0,0.0,0.0,0.0,x3066819a,PQ,1.0,1.0,1.0,104.0,1000000.0,0.9,1.05,s1s2,a,False,False,False,46.6344,-119.2052,default
3577,0.0,0.0,0.0,0.0,0.0,0.0,0.0071874818418042,0.0018013525770584,0.0016825179649854,0.0004216787125341,0.0,0.0,0.0,0.0,sx3066819a,PQ,1.0,1.0,1.0,104.0,1000000.0,0.9,1.05,s1s2,a,False,True,False,46.6344,-119.2054,default
3578,0.0,0.0,0.0,0.0,0.0,0.0,0.0,0.0,0.0,0.0,0.0,0.0,0.0,0.0,x2710519a,PQ,1.0,1.0,1.0,104.0,1000000.0,0.9,1.05,s1s2,a,False,False,False,46.6342,-119.2037,default
3579,0.0,0.0,0.0,0.0,0.0,0.0,0.0024463676799752,0.0006131174770832,0.0011036322508167,0.0002765962892467,0.0,0.0,0.0,0.0,sx2710519a,PQ,1.0,1.0,1.0,104.0,1000000.0,0.9,1.05,s1s2,a,False,True,False,46.6343,-119.204,default
3580,0.0,0.0,0.0,0.0,0.0,0.0,0.0,0.0,0.0,0.0,0.0,0.0,0.0,0.0,l2954354,PQ,1.0,1.0,1.0,7199.557856794634,1000000.0,0.9,1.05,a,,False,False,False,46.63407864,-119.2021969,default
3581,0.0,0.0,0.0,0.0,0.0,0.0,0.0,0.0,0.0,0.0,0.0,0.0,0.0,0.0,l2673321,PQ,1.0,1.0,1.0,7199.557856794634,1000000.0,0.9,1.05,a,,False,False,False,46.63489538,-119.2023372,default
3582,0.0,0.0,0.0,0.0,0.0,0.0,0.0,0.0,0.0,0.0,0.0,0.0,0.0,0.0,x2673321a,PQ,1.0,1.0,1.0,104.0,1000000.0,0.9,1.05,s1s2,a,False,False,False,46.6345,-119.2023,default
3583,0.0,0.0,0.0,0.0,0.0,0.0,0.0049327634880928,0.0012362669485262,0.0039372363326747,0.0009867643489037,0.0,0.0,0.0,0.0,sx2673321a,PQ,1.0,1.0,1.0,104.0,1000000.0,0.9,1.05,s1s2,a,False,True,False,46.6346,-119.2026,default
3584,0.0,0.0,0.0,0.0,0.0,0.0,0.0,0.0,0.0,0.0,0.0,0.0,0.0,0.0,x2954354a,PQ,1.0,1.0,1.0,104.0,1000000.0,0.9,1.05,s1s2,a,False,False,False,46.6337,-119.2022,default
3585,0.0,0.0,0.0,0.0,0.0,0.0,0.0072043820482538,0.00180558816764,0.0016656177585347,0.0004174431219336,0.0,0.0,0.0,0.0,sx2954354a,PQ,1.0,1.0,1.0,104.0,1000000.0,0.9,1.05,s1s2,a,False,True,False,46.6338,-119.2025,default
3586,0.0,0.0,0.0,0.0,0.0,0.0,0.0,0.0,0.0,0.0,0.0,0.0,0.0,0.0,x3010569a,PQ,1.0,1.0,1.0,104.0,1000000.0,0.9,1.05,s1s2,a,False,False,False,46.6326,-119.2024,default
3587,0.0,0.0,0.0,0.0,0.0,0.0,0.0073609076761472,0.0018448171888957,0.0059390920444115,0.0014884766373479,0.0,0.0,0.0,0.0,sx3010569a,PQ,1.0,1.0,1.0,104.0,1000000.0,0.9,1.05,s1s2,a,False,True,False,46.6326,-119.2027,default
3588,0.0,0.0,0.0,0.0,0.0,0.0,0.0,0.0,0.0,0.0,0.0,0.0,0.0,0.0,x3104133a,PQ,1.0,1.0,1.0,104.0,1000000.0,0.9,1.05,s1s2,a,False,False,False,46.6308,-119.2005,default
3589,0.0,0.0,0.0,0.0,0.0,0.0,0.0063328345074604,0.0015871577869113,0.002537165308174,0.0006358735075941,0.0,0.0,0.0,0.0,sx3104133a,PQ,1.0,1.0,1.0,104.0,1000000.0,0.9,1.05,s1s2,a,False,True,False,46.6308,-119.2008,default
3590,0.0,0.0,0.0,0.0,0.0,0.0,0.0,0.0,0.0,0.0,0.0,0.0,0.0,0.0,x2673346c,PQ,1.0,1.0,1.0,104.0,1000000.0,0.9,1.05,s1s2,c,False,False,False,46.6281,-119.2002,default
3591,0.0,0.0,0.0,0.0,0.0,0.0,0.0081303368519274,0.0020376549939921,0.0020396634522657,0.0005111879661943,0.0,0.0,0.0,0.0,sx2673346c,PQ,1.0,1.0,1.0,104.0,1000000.0,0.9,1.05,s1s2,c,False,True,False,46.6281,-119.2005,default
3592,0.0,0.0,0.0,0.0,0.0,0.0,0.0,0.0,0.0,0.0,0.0,0.0,0.0,0.0,x3254238b,PQ,1.0,1.0,1.0,104.0,1000000.0,0.9,1.05,s1s2,b,False,False,False,46.6268,-119.2018,default
3593,0.0,0.0,0.0,0.0,0.0,0.0,0.0015342459056078,0.0003845182980208,0.0081957543281374,0.0020540498191363,0.0,0.0,0.0,0.0,sx3254238b,PQ,1.0,1.0,1.0,104.0,1000000.0,0.9,1.05,s1s2,b,False,True,False,46.6268,-119.2021,default
3594,0.0,0.0,0.0,0.0,0.0,0.0,0.0,0.0,0.0,0.0,0.0,0.0,0.0,0.0,n1145954,PQ,1.0,1.0,1.0,7199.557856794634,1000000.0,0.9,1.05,abc,,False,False,False,46.62610526,-119.2029393,default
3595,0.0,0.0,0.0,0.0,0.0,0.0,0.0,0.0,0.0,0.0,0.0,0.0,0.0,0.0,p827580,PQ,1.0,1.0,1.0,7199.557856794634,1000000.0,0.9,1.05,abc,,False,False,False,46.62607268,-119.2028489,default
3596,0.0,0.0,0.0,0.0,0.0,0.0,0.0,0.0,0.0,0.0,0.0,0.0,0.0,0.0,d5686080-1_int,PQ,1.0,1.0,1.0,7199.557856794634,1000000.0,0.9,1.05,abc,,False,False,False,46.62602,-119.2028,default
3597,0.0,0.0,0.0,0.0,0.0,0.0,0.0,0.0,0.0,0.0,0.0,0.0,0.0,0.0,f739845,PQ,1.0,1.0,1.0,7199.557856794634,1000000.0,0.9,1.05,abc,,False,False,False,46.626,-119.2027,default
3598,0.0,0.0,0.0,0.0,0.0,0.0,0.0,0.0,0.0,0.0,0.0,0.0,0.0,0.0,293471,PQ,1.0,1.0,1.0,7199.557856794634,1000000.0,0.9,1.05,abc,,False,False,False,46.6259,-119.2027,default
3599,0.0,0.0,0.0,0.0,0.0,0.0,0.0,0.0,0.0,0.0,0.0,0.0,0.0,0.0,x_293471a,PQ,1.0,1.0,1.0,104.0,1000000.0,0.9,1.05,s1s2,a,False,False,False,46.6258,-119.2027,default
3600,0.0,0.0,0.0,0.0,0.0,0.0,0.0051368269252325,0.0012874100777651,0.0037331729409733,0.0009356212582525,0.0,0.0,0.0,0.0,sx_293471a,PQ,1.0,1.0,1.0,104.0,1000000.0,0.9,1.05,s1s2,a,False,True,False,46.6256,-119.2024,default
3601,0.0,0.0,0.0,0.0,0.0,0.0,0.0,0.0,0.0,0.0,0.0,0.0,0.0,0.0,x_293471b,PQ,1.0,1.0,1.0,104.0,1000000.0,0.9,1.05,s1s2,b,False,False,False,46.6258,-119.2027,default
3602,0.0,0.0,0.0,0.0,0.0,0.0,0.0006233302237373,0.0001562212915648,0.0091066700022462,0.0022823468297642,0.0,0.0,0.0,0.0,sx_293471b,PQ,1.0,1.0,1.0,104.0,1000000.0,0.9,1.05,s1s2,b,False,True,False,46.6256,-119.2024,default
3603,0.0,0.0,0.0,0.0,0.0,0.0,0.0,0.0,0.0,0.0,0.0,0.0,0.0,0.0,x_293471c,PQ,1.0,1.0,1.0,104.0,1000000.0,0.9,1.05,s1s2,c,False,False,False,46.6258,-119.2027,default
3604,0.0,0.0,0.0,0.0,0.0,0.0,0.0054257049887107,0.0013598101422178,0.0047442952488106,0.0011890327250005,0.0,0.0,0.0,0.0,sx_293471c,PQ,1.0,1.0,1.0,104.0,1000000.0,0.9,1.05,s1s2,c,False,True,False,46.6256,-119.2024,default
3605,0.0,0.0,0.0,0.0,0.0,0.0,0.0,0.0,0.0,0.0,0.0,0.0,0.0,0.0,x3027116a,PQ,1.0,1.0,1.0,104.0,1000000.0,0.9,1.05,s1s2,a,False,False,False,46.6251,-119.2039,default
3606,0.0,0.0,0.0,0.0,0.0,0.0,0.0005916840623269,0.0001482899928572,0.0047283158602394,0.0011850275638913,0.0,0.0,0.0,0.0,sx3027116a,PQ,1.0,1.0,1.0,104.0,1000000.0,0.9,1.05,s1s2,a,False,True,False,46.6251,-119.2042,default
3607,0.0,0.0,0.0,0.0,0.0,0.0,0.0,0.0,0.0,0.0,0.0,0.0,0.0,0.0,m1047299,PQ,1.0,1.0,1.0,7199.557856794634,1000000.0,0.9,1.05,abc,,False,False,False,46.62408654,-119.2054971,default
3608,0.0,0.0,0.0,0.0,0.0,0.0,0.0,0.0,0.0,0.0,0.0,0.0,0.0,0.0,l3104157,PQ,1.0,1.0,1.0,7199.557856794634,1000000.0,0.9,1.05,c,,False,False,False,46.62487314,-119.2055138,default
3609,0.0,0.0,0.0,0.0,0.0,0.0,0.0,0.0,0.0,0.0,0.0,0.0,0.0,0.0,x3104157c,PQ,1.0,1.0,1.0,104.0,1000000.0,0.9,1.05,s1s2,c,False,False,False,46.6245,-119.2055,default
3610,0.0,0.0,0.0,0.0,0.0,0.0,0.0061061648394135,0.0015303494718257,0.0040638353891611,0.0010184933554814,0.0,0.0,0.0,0.0,sx3104157c,PQ,1.0,1.0,1.0,104.0,1000000.0,0.9,1.05,s1s2,c,False,True,False,46.6246,-119.2058,default
3611,0.0,0.0,0.0,0.0,0.0,0.0,0.0,0.0,0.0,0.0,0.0,0.0,0.0,0.0,l3139121,PQ,1.0,1.0,1.0,7199.557856794634,1000000.0,0.9,1.05,abc,,False,False,False,46.6236783,-119.2060926,default
3612,0.0,0.0,0.0,0.0,0.0,0.0,0.0,0.0,0.0,0.0,0.0,0.0,0.0,0.0,l2763153,PQ,1.0,1.0,1.0,7199.557856794634,1000000.0,0.9,1.05,abc,,False,False,False,46.623081,-119.2071597,default
3613,0.0,0.0,0.0,0.0,0.0,0.0,0.0,0.0,0.0,0.0,0.0,0.0,0.0,0.0,m1047293,PQ,1.0,1.0,1.0,7199.557856794634,1000000.0,0.9,1.05,abc,,False,False,False,46.62264224,-119.2077995,default
3614,0.0,0.0,0.0,0.0,0.0,0.0,0.0,0.0,0.0,0.0,0.0,0.0,0.0,0.0,m1047292,PQ,1.0,1.0,1.0,7199.557856794634,1000000.0,0.9,1.05,abc,,False,False,False,46.62245572,-119.2080613,default
3615,0.0,0.0,0.0,0.0,0.0,0.0,0.0,0.0,0.0,0.0,0.0,0.0,0.0,0.0,l2691954,PQ,1.0,1.0,1.0,7199.557856794634,1000000.0,0.9,1.05,abc,,False,False,False,46.62170188,-119.209281,default
3616,0.0,0.0,0.0,0.0,0.0,0.0,0.0,0.0,0.0,0.0,0.0,0.0,0.0,0.0,l3122849,PQ,1.0,1.0,1.0,7199.557856794634,1000000.0,0.9,1.05,abc,,False,False,False,46.62116826,-119.2101758,default
3617,0.0,0.0,0.0,0.0,0.0,0.0,0.0,0.0,0.0,0.0,0.0,0.0,0.0,0.0,m1026357,PQ,1.0,1.0,1.0,7199.557856794634,1000000.0,0.9,1.05,abc,,False,False,False,46.62041678,-119.211294,default
3618,0.0,0.0,0.0,0.0,0.0,0.0,0.0,0.0,0.0,0.0,0.0,0.0,0.0,0.0,l3178997,PQ,1.0,1.0,1.0,7199.557856794634,1000000.0,0.9,1.05,c,,False,False,False,46.62124214,-119.2114542,default
3619,0.0,0.0,0.0,0.0,0.0,0.0,0.0,0.0,0.0,0.0,0.0,0.0,0.0,0.0,m1026363,PQ,1.0,1.0,1.0,7199.557856794634,1000000.0,0.9,1.05,c,,False,False,False,46.62166624,-119.2116994,default
3620,0.0,0.0,0.0,0.0,0.0,0.0,0.0,0.0,0.0,0.0,0.0,0.0,0.0,0.0,l2897779,PQ,1.0,1.0,1.0,7199.557856794634,1000000.0,0.9,1.05,c,,False,False,False,46.62281774,-119.2123639,default
3621,0.0,0.0,0.0,0.0,0.0,0.0,0.0,0.0,0.0,0.0,0.0,0.0,0.0,0.0,l2804261,PQ,1.0,1.0,1.0,7199.557856794634,1000000.0,0.9,1.05,c,,False,False,False,46.6241717,-119.2126832,default
3622,0.0,0.0,0.0,0.0,0.0,0.0,0.0,0.0,0.0,0.0,0.0,0.0,0.0,0.0,l3178980,PQ,1.0,1.0,1.0,7199.557856794634,1000000.0,0.9,1.05,c,,False,False,False,46.6255612,-119.2126429,default
3623,0.0,0.0,0.0,0.0,0.0,0.0,0.0,0.0,0.0,0.0,0.0,0.0,0.0,0.0,x3178980c,PQ,1.0,1.0,1.0,104.0,1000000.0,0.9,1.05,s1s2,c,False,False,False,46.6252,-119.2126,default
3624,0.0,0.0,0.0,0.0,0.0,0.0,0.0035356431976992,0.000886115891073,0.0025643569343984,0.0006426885571364,0.0,0.0,0.0,0.0,sx3178980c,PQ,1.0,1.0,1.0,104.0,1000000.0,0.9,1.05,s1s2,c,False,True,False,46.6252,-119.2129,default
3625,0.0,0.0,0.0,0.0,0.0,0.0,0.0,0.0,0.0,0.0,0.0,0.0,0.0,0.0,x2804261c,PQ,1.0,1.0,1.0,104.0,1000000.0,0.9,1.05,s1s2,c,False,False,False,46.6238,-119.2127,default
3626,0.0,0.0,0.0,0.0,0.0,0.0,0.0047114286392563,0.001180795562771,0.0013885715030992,0.0003480088914398,0.0,0.0,0.0,0.0,sx2804261c,PQ,1.0,1.0,1.0,104.0,1000000.0,0.9,1.05,s1s2,c,False,True,False,46.6239,-119.213,default
3627,0.0,0.0,0.0,0.0,0.0,0.0,0.0,0.0,0.0,0.0,0.0,0.0,0.0,0.0,x2897779c,PQ,1.0,1.0,1.0,104.0,1000000.0,0.9,1.05,s1s2,c,False,False,False,46.6225,-119.2124,default
3628,0.0,0.0,0.0,0.0,0.0,0.0,0.0062615388938052,0.001569289889598,0.003908461344446,0.0009795529416533,0.0,0.0,0.0,0.0,sx2897779c,PQ,1.0,1.0,1.0,104.0,1000000.0,0.9,1.05,s1s2,c,False,True,False,46.6225,-119.2126,default
3629,0.0,0.0,0.0,0.0,0.0,0.0,0.0,0.0,0.0,0.0,0.0,0.0,0.0,0.0,x3178997c,PQ,1.0,1.0,1.0,104.0,1000000.0,0.9,1.05,s1s2,c,False,False,False,46.6209,-119.2115,default
3630,0.0,0.0,0.0,0.0,0.0,0.0,0.0022094928877424,0.0005537512167771,0.0038905072243086,0.0009750532020146,0.0,0.0,0.0,0.0,sx3178997c,PQ,1.0,1.0,1.0,104.0,1000000.0,0.9,1.05,s1s2,c,True,True,False,46.6209,-119.2117,default
3631,0.0,0.0,0.0,0.0,0.0,0.0,0.0,0.0,0.0,0.0,0.0,0.0,0.0,0.0,m1026356,PQ,1.0,1.0,1.0,7199.557856794634,1000000.0,0.9,1.05,abc,,False,False,False,46.6201627,-119.2116994,default
3632,0.0,0.0,0.0,0.0,0.0,0.0,0.0,0.0,0.0,0.0,0.0,0.0,0.0,0.0,m1026354,PQ,1.0,1.0,1.0,7199.557856794634,1000000.0,0.9,1.05,abc,,False,False,False,46.61984188,-119.2122403,default
3633,0.0,0.0,0.0,0.0,0.0,0.0,0.0,0.0,0.0,0.0,0.0,0.0,0.0,0.0,l3235275,PQ,1.0,1.0,1.0,7199.557856794634,1000000.0,0.9,1.05,abc,,False,False,False,46.61919974,-119.2132006,default
3634,0.0,0.0,0.0,0.0,0.0,0.0,0.0,0.0,0.0,0.0,0.0,0.0,0.0,0.0,m1026347,PQ,1.0,1.0,1.0,7199.557856794634,1000000.0,0.9,1.05,abc,,False,False,False,46.61845116,-119.2143685,default
3635,0.0,0.0,0.0,0.0,0.0,0.0,0.0,0.0,0.0,0.0,0.0,0.0,0.0,0.0,m1026341,PQ,1.0,1.0,1.0,7199.557856794634,1000000.0,0.9,1.05,abc,,False,False,False,46.6179223,-119.2149685,default
3636,0.0,0.0,0.0,0.0,0.0,0.0,0.0,0.0,0.0,0.0,0.0,0.0,0.0,0.0,l2973162,PQ,1.0,1.0,1.0,7199.557856794634,1000000.0,0.9,1.05,abc,,False,False,False,46.61725362,-119.2158272,default
3637,0.0,0.0,0.0,0.0,0.0,0.0,0.0,0.0,0.0,0.0,0.0,0.0,0.0,0.0,m1026333,PQ,1.0,1.0,1.0,7199.557856794634,1000000.0,0.9,1.05,abc,,False,False,False,46.61673378,-119.2164911,default
3638,0.0,0.0,0.0,0.0,0.0,0.0,0.0,0.0,0.0,0.0,0.0,0.0,0.0,0.0,m1026331,PQ,1.0,1.0,1.0,7199.557856794634,1000000.0,0.9,1.05,abc,,False,False,False,46.6162805,-119.2170647,default
3639,0.0,0.0,0.0,0.0,0.0,0.0,0.0,0.0,0.0,0.0,0.0,0.0,0.0,0.0,l3214055,PQ,1.0,1.0,1.0,7199.557856794634,1000000.0,0.9,1.05,c,,False,False,False,46.61702838,-119.2176003,default
3640,0.0,0.0,0.0,0.0,0.0,0.0,0.0,0.0,0.0,0.0,0.0,0.0,0.0,0.0,x3214055c,PQ,1.0,1.0,1.0,104.0,1000000.0,0.9,1.05,s1s2,c,False,False,False,46.6167,-119.2176,default
3641,0.0,0.0,0.0,0.0,0.0,0.0,0.0021762194707197,0.000545412119448,0.003923780662067,0.000983392329615,0.0,0.0,0.0,0.0,sx3214055c,PQ,1.0,1.0,1.0,104.0,1000000.0,0.9,1.05,s1s2,c,False,True,False,46.6167,-119.2179,default
3642,0.0,0.0,0.0,0.0,0.0,0.0,0.0,0.0,0.0,0.0,0.0,0.0,0.0,0.0,m1026330,PQ,1.0,1.0,1.0,7199.557856794634,1000000.0,0.9,1.05,abc,,False,False,False,46.6157226,-119.2177707,default
3643,0.0,0.0,0.0,0.0,0.0,0.0,0.0,0.0,0.0,0.0,0.0,0.0,0.0,0.0,l2766726,PQ,1.0,1.0,1.0,7199.557856794634,1000000.0,0.9,1.05,b,,False,False,False,46.61578524,-119.2172608,default
3644,0.0,0.0,0.0,0.0,0.0,0.0,0.0,0.0,0.0,0.0,0.0,0.0,0.0,0.0,x2766726b,PQ,1.0,1.0,1.0,104.0,1000000.0,0.9,1.05,s1s2,b,False,False,False,46.6154,-119.2173,default
3645,0.0,0.0,0.0,0.0,0.0,0.0,0.0011513336945742,0.0002885514463582,0.0046886664139302,0.001175090667077,0.0,0.0,0.0,0.0,sx2766726b,PQ,1.0,1.0,1.0,104.0,1000000.0,0.9,1.05,s1s2,b,False,True,False,46.6155,-119.2175,default
3646,0.0,0.0,0.0,0.0,0.0,0.0,0.0,0.0,0.0,0.0,0.0,0.0,0.0,0.0,l2785526,PQ,1.0,1.0,1.0,7199.557856794634,1000000.0,0.9,1.05,b,,False,False,False,46.61705804,-119.2187176,default
3647,0.0,0.0,0.0,0.0,0.0,0.0,0.0,0.0,0.0,0.0,0.0,0.0,0.0,0.0,x2785526b,PQ,1.0,1.0,1.0,104.0,1000000.0,0.9,1.05,s1s2,b,False,False,False,46.6167,-119.2187,default
3648,0.0,0.0,0.0,0.0,0.0,0.0,0.0033739550962549,0.0008455929234134,0.0024660450079073,0.0006180491875132,0.0,0.0,0.0,0.0,sx2785526b,PQ,1.0,1.0,1.0,104.0,1000000.0,0.9,1.05,s1s2,b,False,True,False,46.6167,-119.219,default
3649,0.0,0.0,0.0,0.0,0.0,0.0,0.0,0.0,0.0,0.0,0.0,0.0,0.0,0.0,m1026329,PQ,1.0,1.0,1.0,7199.557856794634,1000000.0,0.9,1.05,abc,,False,False,False,46.6153648,-119.2182153,default
3650,0.0,0.0,0.0,0.0,0.0,0.0,0.0,0.0,0.0,0.0,0.0,0.0,0.0,0.0,l3104135,PQ,1.0,1.0,1.0,7199.557856794634,1000000.0,0.9,1.05,a,,False,False,False,46.61449666,-119.2170499,default
3651,0.0,0.0,0.0,0.0,0.0,0.0,0.0,0.0,0.0,0.0,0.0,0.0,0.0,0.0,x3104135a,PQ,1.0,1.0,1.0,104.0,1000000.0,0.9,1.05,s1s2,a,False,False,False,46.6141,-119.217,default
3652,0.0,0.0,0.0,0.0,0.0,0.0,0.0019789095364044,0.0004959614426969,0.0033410903931897,0.0008373561193775,0.0,0.0,0.0,0.0,sx3104135a,PQ,1.0,1.0,1.0,104.0,1000000.0,0.9,1.05,s1s2,a,False,True,False,46.6142,-119.2173,default
3653,0.0,0.0,0.0,0.0,0.0,0.0,0.0,0.0,0.0,0.0,0.0,0.0,0.0,0.0,m1026328,PQ,1.0,1.0,1.0,7199.557856794634,1000000.0,0.9,1.05,abc,,False,False,False,46.61502638,-119.2186373,default
3654,0.0,0.0,0.0,0.0,0.0,0.0,0.0,0.0,0.0,0.0,0.0,0.0,0.0,0.0,d6140778-1_int,PQ,1.0,1.0,1.0,7199.557856794634,1000000.0,0.9,1.05,b,,False,False,False,46.61500926,-119.2186653,default
3655,0.0,0.0,0.0,0.0,0.0,0.0,0.0,0.0,0.0,0.0,0.0,0.0,0.0,0.0,e182731,PQ,1.0,1.0,1.0,7199.557856794634,1000000.0,0.9,1.05,b,,False,False,False,46.61498016,-119.2186964,default
3656,0.0,0.0,0.0,0.0,0.0,0.0,0.0,0.0,0.0,0.0,0.0,0.0,0.0,0.0,m1026327,PQ,1.0,1.0,1.0,7199.557856794634,1000000.0,0.9,1.05,b,,False,False,False,46.61455816,-119.219236,default
3657,0.0,0.0,0.0,0.0,0.0,0.0,0.0,0.0,0.0,0.0,0.0,0.0,0.0,0.0,l2841636,PQ,1.0,1.0,1.0,7199.557856794634,1000000.0,0.9,1.05,b,,False,False,False,46.61350964,-119.2205164,default
3658,0.0,0.0,0.0,0.0,0.0,0.0,0.0,0.0,0.0,0.0,0.0,0.0,0.0,0.0,m1026324,PQ,1.0,1.0,1.0,7199.557856794634,1000000.0,0.9,1.05,b,,False,False,False,46.6129871,-119.2211438,default
3659,0.0,0.0,0.0,0.0,0.0,0.0,0.0,0.0,0.0,0.0,0.0,0.0,0.0,0.0,m1026323,PQ,1.0,1.0,1.0,7199.557856794634,1000000.0,0.9,1.05,b,,False,False,False,46.61244976,-119.2218455,default
3660,0.0,0.0,0.0,0.0,0.0,0.0,0.0,0.0,0.0,0.0,0.0,0.0,0.0,0.0,l2991917,PQ,1.0,1.0,1.0,7199.557856794634,1000000.0,0.9,1.05,b,,False,False,False,46.61189582,-119.2215009,default
3661,0.0,0.0,0.0,0.0,0.0,0.0,0.0,0.0,0.0,0.0,0.0,0.0,0.0,0.0,x2991917b,PQ,1.0,1.0,1.0,104.0,1000000.0,0.9,1.05,s1s2,b,False,False,False,46.6115,-119.2215,default
3662,0.0,0.0,0.0,0.0,0.0,0.0,0.0001897292556593,4.7550637528889154e-05,0.0037002708200685,0.0009273753618312,0.0,0.0,0.0,0.0,sx2991917b,PQ,1.0,1.0,1.0,104.0,1000000.0,0.9,1.05,s1s2,b,False,True,False,46.6116,-119.2218,default
3663,0.0,0.0,0.0,0.0,0.0,0.0,0.0,0.0,0.0,0.0,0.0,0.0,0.0,0.0,m1026320,PQ,1.0,1.0,1.0,7199.557856794634,1000000.0,0.9,1.05,b,,False,False,False,46.611274,-119.2232888,default
3664,0.0,0.0,0.0,0.0,0.0,0.0,0.0,0.0,0.0,0.0,0.0,0.0,0.0,0.0,l2879079,PQ,1.0,1.0,1.0,7199.557856794634,1000000.0,0.9,1.05,b,,False,False,False,46.61220752,-119.2235631,default
3665,0.0,0.0,0.0,0.0,0.0,0.0,0.0,0.0,0.0,0.0,0.0,0.0,0.0,0.0,x2879079b,PQ,1.0,1.0,1.0,104.0,1000000.0,0.9,1.05,s1s2,b,False,False,False,46.6119,-119.2236,default
3666,0.0,0.0,0.0,0.0,0.0,0.0,0.0034934711453906,0.000875546472462,0.0023465289639134,0.0005880956416589,0.0,0.0,0.0,0.0,sx2879079b,PQ,1.0,1.0,1.0,104.0,1000000.0,0.9,1.05,s1s2,b,False,True,False,46.6119,-119.2238,default
3667,0.0,0.0,0.0,0.0,0.0,0.0,0.0,0.0,0.0,0.0,0.0,0.0,0.0,0.0,l3104130,PQ,1.0,1.0,1.0,7199.557856794634,1000000.0,0.9,1.05,b,,False,False,False,46.61055026,-119.2242003,default
3668,0.0,0.0,0.0,0.0,0.0,0.0,0.0,0.0,0.0,0.0,0.0,0.0,0.0,0.0,l2763072,PQ,1.0,1.0,1.0,7199.557856794634,1000000.0,0.9,1.05,b,,False,False,False,46.60978478,-119.225137,default
3669,0.0,0.0,0.0,0.0,0.0,0.0,0.0,0.0,0.0,0.0,0.0,0.0,0.0,0.0,m4118754,PQ,1.0,1.0,1.0,7199.557856794634,1000000.0,0.9,1.05,b,,False,False,False,46.6090492,-119.2260207,default
3670,0.0,0.0,0.0,0.0,0.0,0.0,0.0,0.0,0.0,0.0,0.0,0.0,0.0,0.0,m1026312,PQ,1.0,1.0,1.0,7199.557856794634,1000000.0,0.9,1.05,b,,False,False,False,46.60771484,-119.2277009,default
3671,0.0,0.0,0.0,0.0,0.0,0.0,0.0,0.0,0.0,0.0,0.0,0.0,0.0,0.0,l2973163,PQ,1.0,1.0,1.0,7199.557856794634,1000000.0,0.9,1.05,b,,False,False,False,46.6071808,-119.2283565,default
3672,0.0,0.0,0.0,0.0,0.0,0.0,0.0,0.0,0.0,0.0,0.0,0.0,0.0,0.0,m1026309,PQ,1.0,1.0,1.0,7199.557856794634,1000000.0,0.9,1.05,b,,False,False,False,46.60632168,-119.2294073,default
3673,0.0,0.0,0.0,0.0,0.0,0.0,0.0,0.0,0.0,0.0,0.0,0.0,0.0,0.0,l2804260,PQ,1.0,1.0,1.0,7199.557856794634,1000000.0,0.9,1.05,b,,False,False,False,46.60877574,-119.2314908,default
3674,0.0,0.0,0.0,0.0,0.0,0.0,0.0,0.0,0.0,0.0,0.0,0.0,0.0,0.0,x2804260b,PQ,1.0,1.0,1.0,104.0,1000000.0,0.9,1.05,s1s2,b,False,False,False,46.6084,-119.2315,default
3675,0.0,0.0,0.0,0.0,0.0,0.0,0.0035382672449239,0.0008867734338085,0.0061917329540803,0.0015517946850497,0.0,0.0,0.0,0.0,sx2804260b,PQ,1.0,1.0,1.0,104.0,1000000.0,0.9,1.05,s1s2,b,False,True,False,46.6085,-119.2318,default
3676,0.0,0.0,0.0,0.0,0.0,0.0,0.0,0.0,0.0,0.0,0.0,0.0,0.0,0.0,l2860488,PQ,1.0,1.0,1.0,7199.557856794634,1000000.0,0.9,1.05,b,,False,False,False,46.60412864,-119.2354889,default
3677,0.0,0.0,0.0,0.0,0.0,0.0,0.0,0.0,0.0,0.0,0.0,0.0,0.0,0.0,m1026308,PQ,1.0,1.0,1.0,7199.557856794634,1000000.0,0.9,1.05,b,,False,False,False,46.60388892,-119.2363603,default
3678,0.0,0.0,0.0,0.0,0.0,0.0,0.0,0.0,0.0,0.0,0.0,0.0,0.0,0.0,l2897764,PQ,1.0,1.0,1.0,7199.557856794634,1000000.0,0.9,1.05,b,,False,False,False,46.60241898,-119.235936,default
3679,0.0,0.0,0.0,0.0,0.0,0.0,0.0,0.0,0.0,0.0,0.0,0.0,0.0,0.0,x2897764b,PQ,1.0,1.0,1.0,104.0,1000000.0,0.9,1.05,s1s2,b,False,False,False,46.6021,-119.2359,default
3680,0.0,0.0,0.0,0.0,0.0,0.0,0.000615274094212,0.0001542022359829,0.0091147261402636,0.0022843659025648,0.0,0.0,0.0,0.0,sx2897764b,PQ,1.0,1.0,1.0,104.0,1000000.0,0.9,1.05,s1s2,b,False,True,False,46.6021,-119.2362,default
3681,0.0,0.0,0.0,0.0,0.0,0.0,0.0,0.0,0.0,0.0,0.0,0.0,0.0,0.0,l2991902,PQ,1.0,1.0,1.0,7199.557856794634,1000000.0,0.9,1.05,b,,False,False,False,46.60354272,-119.237929,default
3682,0.0,0.0,0.0,0.0,0.0,0.0,0.0,0.0,0.0,0.0,0.0,0.0,0.0,0.0,m1008758,PQ,1.0,1.0,1.0,7199.557856794634,1000000.0,0.9,1.05,b,,False,False,False,46.60329396,-119.2394407,default
3683,0.0,0.0,0.0,0.0,0.0,0.0,0.0,0.0,0.0,0.0,0.0,0.0,0.0,0.0,l2673300,PQ,1.0,1.0,1.0,7199.557856794634,1000000.0,0.9,1.05,b,,False,False,False,46.60285322,-119.2397418,default
3684,0.0,0.0,0.0,0.0,0.0,0.0,0.0,0.0,0.0,0.0,0.0,0.0,0.0,0.0,m1008753,PQ,1.0,1.0,1.0,7199.557856794634,1000000.0,0.9,1.05,b,,False,False,False,46.60215496,-119.239724,default
3685,0.0,0.0,0.0,0.0,0.0,0.0,0.0,0.0,0.0,0.0,0.0,0.0,0.0,0.0,l3141390,PQ,1.0,1.0,1.0,7199.557856794634,1000000.0,0.9,1.05,b,,False,False,False,46.60097066,-119.2393125,default
3686,0.0,0.0,0.0,0.0,0.0,0.0,0.0,0.0,0.0,0.0,0.0,0.0,0.0,0.0,x3141390b,PQ,1.0,1.0,1.0,104.0,1000000.0,0.9,1.05,s1s2,b,False,False,False,46.6006,-119.2393,default
3687,0.0,0.0,0.0,0.0,0.0,0.0,0.0048070639377558,0.0012047638884702,0.0049229362689143,0.001233804234647,0.0,0.0,0.0,0.0,sx3141390b,PQ,1.0,1.0,1.0,104.0,1000000.0,0.9,1.05,s1s2,b,False,True,False,46.6007,-119.2396,default
3688,0.0,0.0,0.0,0.0,0.0,0.0,0.0,0.0,0.0,0.0,0.0,0.0,0.0,0.0,m1026307,PQ,1.0,1.0,1.0,7199.557856794634,1000000.0,0.9,1.05,b,,False,False,False,46.59980004,-119.2365795,default
3689,0.0,0.0,0.0,0.0,0.0,0.0,0.0,0.0,0.0,0.0,0.0,0.0,0.0,0.0,l3085388,PQ,1.0,1.0,1.0,7199.557856794634,1000000.0,0.9,1.05,b,,False,False,False,46.5991132,-119.2345991,default
3690,0.0,0.0,0.0,0.0,0.0,0.0,0.0,0.0,0.0,0.0,0.0,0.0,0.0,0.0,x3085388b,PQ,1.0,1.0,1.0,104.0,1000000.0,0.9,1.05,s1s2,b,False,False,False,46.5988,-119.2346,default
3691,0.0,0.0,0.0,0.0,0.0,0.0,0.000342574125507,8.585717610444948e-05,0.0035474259586335,0.0008890688280416,0.0,0.0,0.0,0.0,sx3085388b,PQ,1.0,1.0,1.0,104.0,1000000.0,0.9,1.05,s1s2,b,False,True,False,46.5988,-119.2349,default
3692,0.0,0.0,0.0,0.0,0.0,0.0,0.0,0.0,0.0,0.0,0.0,0.0,0.0,0.0,x2673300b,PQ,1.0,1.0,1.0,104.0,1000000.0,0.9,1.05,s1s2,b,False,False,False,46.6025,-119.2397,default
3693,0.0,0.0,0.0,0.0,0.0,0.0,0.0002385045953298,5.977489096412252e-05,0.0094914956480038,0.0023787932524825,0.0,0.0,0.0,0.0,sx2673300b,PQ,1.0,1.0,1.0,104.0,1000000.0,0.9,1.05,s1s2,b,False,True,False,46.6025,-119.24,default
3694,0.0,0.0,0.0,0.0,0.0,0.0,0.0,0.0,0.0,0.0,0.0,0.0,0.0,0.0,l2710537,PQ,1.0,1.0,1.0,7199.557856794634,1000000.0,0.9,1.05,b,,False,False,False,46.60237934,-119.2411727,default
3695,0.0,0.0,0.0,0.0,0.0,0.0,0.0,0.0,0.0,0.0,0.0,0.0,0.0,0.0,m1008752,PQ,1.0,1.0,1.0,7199.557856794634,1000000.0,0.9,1.05,b,,False,False,False,46.60180844,-119.2424017,default
3696,0.0,0.0,0.0,0.0,0.0,0.0,0.0,0.0,0.0,0.0,0.0,0.0,0.0,0.0,l3085389,PQ,1.0,1.0,1.0,7199.557856794634,1000000.0,0.9,1.05,b,,False,False,False,46.6016998,-119.2419017,default
3697,0.0,0.0,0.0,0.0,0.0,0.0,0.0,0.0,0.0,0.0,0.0,0.0,0.0,0.0,x3085389b,PQ,1.0,1.0,1.0,104.0,1000000.0,0.9,1.05,s1s2,b,False,False,False,46.6013,-119.2419,default
3698,0.0,0.0,0.0,0.0,0.0,0.0,0.0094340008284038,0.0023643836915895,0.0002959994161948,7.41844525395089e-05,0.0,0.0,0.0,0.0,sx3085389b,PQ,1.0,1.0,1.0,104.0,1000000.0,0.9,1.05,s1s2,b,False,True,False,46.6014,-119.2422,default
3699,0.0,0.0,0.0,0.0,0.0,0.0,0.0,0.0,0.0,0.0,0.0,0.0,0.0,0.0,m1008746,PQ,1.0,1.0,1.0,7199.557856794634,1000000.0,0.9,1.05,b,,False,False,False,46.60136702,-119.2436534,default
3700,0.0,0.0,0.0,0.0,0.0,0.0,0.0,0.0,0.0,0.0,0.0,0.0,0.0,0.0,l2954339,PQ,1.0,1.0,1.0,7199.557856794634,1000000.0,0.9,1.05,b,,False,False,False,46.60092036,-119.2432096,default
3701,0.0,0.0,0.0,0.0,0.0,0.0,0.0,0.0,0.0,0.0,0.0,0.0,0.0,0.0,l3048200,PQ,1.0,1.0,1.0,7199.557856794634,1000000.0,0.9,1.05,b,,False,False,False,46.6009031,-119.2421348,default
3702,0.0,0.0,0.0,0.0,0.0,0.0,0.0,0.0,0.0,0.0,0.0,0.0,0.0,0.0,m1008733,PQ,1.0,1.0,1.0,7199.557856794634,1000000.0,0.9,1.05,b,,False,False,False,46.600012,-119.2418187,default
3703,0.0,0.0,0.0,0.0,0.0,0.0,0.0,0.0,0.0,0.0,0.0,0.0,0.0,0.0,l3216339,PQ,1.0,1.0,1.0,7199.557856794634,1000000.0,0.9,1.05,b,,False,False,False,46.60034154,-119.2404525,default
3704,0.0,0.0,0.0,0.0,0.0,0.0,0.0,0.0,0.0,0.0,0.0,0.0,0.0,0.0,x3216339b,PQ,1.0,1.0,1.0,104.0,1000000.0,0.9,1.05,s1s2,b,False,False,False,46.6,-119.2405,default
3705,0.0,0.0,0.0,0.0,0.0,0.0,0.0084252516692212,0.002111567296476,0.001304748562502,0.0003270008405117,0.0,0.0,0.0,0.0,sx3216339b,PQ,1.0,1.0,1.0,104.0,1000000.0,0.9,1.05,s1s2,b,False,True,False,46.6,-119.2407,default
3706,0.0,0.0,0.0,0.0,0.0,0.0,0.0,0.0,0.0,0.0,0.0,0.0,0.0,0.0,l3225319,PQ,1.0,1.0,1.0,7199.557856794634,1000000.0,0.9,1.05,b,,False,False,False,46.59981604,-119.2418256,default
3707,0.0,0.0,0.0,0.0,0.0,0.0,0.0,0.0,0.0,0.0,0.0,0.0,0.0,0.0,l3048201,PQ,1.0,1.0,1.0,7199.557856794634,1000000.0,0.9,1.05,b,,False,False,False,46.59908694,-119.2418513,default
3708,0.0,0.0,0.0,0.0,0.0,0.0,0.0,0.0,0.0,0.0,0.0,0.0,0.0,0.0,x3048201b,PQ,1.0,1.0,1.0,104.0,1000000.0,0.9,1.05,s1s2,b,False,False,False,46.5987,-119.2419,default
3709,0.0,0.0,0.0,0.0,0.0,0.0,0.0006572673461798,0.0001647267379552,0.0090727328944076,0.0022738414039384,0.0,0.0,0.0,0.0,sx3048201b,PQ,1.0,1.0,1.0,104.0,1000000.0,0.9,1.05,s1s2,b,False,True,False,46.5988,-119.2421,default
3710,0.0,0.0,0.0,0.0,0.0,0.0,0.0,0.0,0.0,0.0,0.0,0.0,0.0,0.0,x3225319b,PQ,1.0,1.0,1.0,104.0,1000000.0,0.9,1.05,s1s2,b,False,False,False,46.5995,-119.2418,default
3711,0.0,0.0,0.0,0.0,0.0,0.0,0.009195005620347,0.002304485833967,0.0053949947122568,0.0013521132406735,0.0,0.0,0.0,0.0,sx3225319b,PQ,1.0,1.0,1.0,104.0,1000000.0,0.9,1.05,s1s2,b,False,True,False,46.5995,-119.2421,default
3712,0.0,0.0,0.0,0.0,0.0,0.0,0.0,0.0,0.0,0.0,0.0,0.0,0.0,0.0,x3048200b,PQ,1.0,1.0,1.0,104.0,1000000.0,0.9,1.05,s1s2,b,False,False,False,46.6006,-119.2421,default
3713,0.0,0.0,0.0,0.0,0.0,0.0,0.0023737698201497,0.0005949228466558,0.0015162302604541,0.0003800031554253,0.0,0.0,0.0,0.0,sx3048200b,PQ,1.0,1.0,1.0,104.0,1000000.0,0.9,1.05,s1s2,b,False,True,False,46.6006,-119.2424,default
3714,0.0,0.0,0.0,0.0,0.0,0.0,0.0,0.0,0.0,0.0,0.0,0.0,0.0,0.0,x2954339b,PQ,1.0,1.0,1.0,104.0,1000000.0,0.9,1.05,s1s2,b,False,False,False,46.6006,-119.2432,default
3715,0.0,0.0,0.0,0.0,0.0,0.0,0.0081518420059857,0.0020430443688732,0.0015781582218195,0.000395523765947,0.0,0.0,0.0,0.0,sx2954339b,PQ,1.0,1.0,1.0,104.0,1000000.0,0.9,1.05,s1s2,b,False,True,False,46.6006,-119.2435,default
3716,0.0,0.0,0.0,0.0,0.0,0.0,0.0,0.0,0.0,0.0,0.0,0.0,0.0,0.0,m1008743,PQ,1.0,1.0,1.0,7199.557856794634,1000000.0,0.9,1.05,b,,False,False,False,46.60114094,-119.2449533,default
3717,0.0,0.0,0.0,0.0,0.0,0.0,0.0,0.0,0.0,0.0,0.0,0.0,0.0,0.0,l3104115,PQ,1.0,1.0,1.0,7199.557856794634,1000000.0,0.9,1.05,b,,False,False,False,46.60020206,-119.2448511,default
3718,0.0,0.0,0.0,0.0,0.0,0.0,0.0,0.0,0.0,0.0,0.0,0.0,0.0,0.0,x3104115b,PQ,1.0,1.0,1.0,104.0,1000000.0,0.9,1.05,s1s2,b,False,False,False,46.5999,-119.2449,default
3719,0.0,0.0,0.0,0.0,0.0,0.0,0.003454725183702,0.0008658358220034,0.0004352749008824,0.0001090901823866,0.0,0.0,0.0,0.0,sx3104115b,PQ,1.0,1.0,1.0,104.0,1000000.0,0.9,1.05,s1s2,b,False,True,False,46.5999,-119.2451,default
3720,0.0,0.0,0.0,0.0,0.0,0.0,0.0,0.0,0.0,0.0,0.0,0.0,0.0,0.0,m1008742,PQ,1.0,1.0,1.0,7199.557856794634,1000000.0,0.9,1.05,b,,False,False,False,46.60100338,-119.246354,default
3721,0.0,0.0,0.0,0.0,0.0,0.0,0.0,0.0,0.0,0.0,0.0,0.0,0.0,0.0,l2804247,PQ,1.0,1.0,1.0,7199.557856794634,1000000.0,0.9,1.05,b,,False,False,False,46.60246788,-119.246578,default
3722,0.0,0.0,0.0,0.0,0.0,0.0,0.0,0.0,0.0,0.0,0.0,0.0,0.0,0.0,x2804247b,PQ,1.0,1.0,1.0,104.0,1000000.0,0.9,1.05,s1s2,b,False,False,False,46.6021,-119.2466,default
3723,0.0,0.0,0.0,0.0,0.0,0.0,0.0078662301282416,0.001971463278077,0.001863770096809,0.0004671048552242,0.0,0.0,0.0,0.0,sx2804247b,PQ,1.0,1.0,1.0,104.0,1000000.0,0.9,1.05,s1s2,b,False,True,False,46.6022,-119.2469,default
3724,0.0,0.0,0.0,0.0,0.0,0.0,0.0,0.0,0.0,0.0,0.0,0.0,0.0,0.0,l3029495,PQ,1.0,1.0,1.0,7199.557856794634,1000000.0,0.9,1.05,b,,False,False,False,46.6009711,-119.2468288,default
3725,0.0,0.0,0.0,0.0,0.0,0.0,0.0,0.0,0.0,0.0,0.0,0.0,0.0,0.0,d5565090-1_int,PQ,1.0,1.0,1.0,7199.557856794634,1000000.0,0.9,1.05,b,,False,False,False,46.60091778,-119.2472078,default
3726,0.0,0.0,0.0,0.0,0.0,0.0,0.0,0.0,0.0,0.0,0.0,0.0,0.0,0.0,e182744,PQ,1.0,1.0,1.0,7199.557856794634,1000000.0,0.9,1.05,b,,False,False,False,46.60088084,-119.2477052,default
3727,0.0,0.0,0.0,0.0,0.0,0.0,0.0,0.0,0.0,0.0,0.0,0.0,0.0,0.0,l2801895,PQ,1.0,1.0,1.0,7199.557856794634,1000000.0,0.9,1.05,b,,False,False,False,46.60131286,-119.2482271,default
3728,0.0,0.0,0.0,0.0,0.0,0.0,0.0,0.0,0.0,0.0,0.0,0.0,0.0,0.0,x2801895b,PQ,1.0,1.0,1.0,104.0,1000000.0,0.9,1.05,s1s2,b,False,False,False,46.601,-119.2482,default
3729,0.0,0.0,0.0,0.0,0.0,0.0,0.0046328285968586,0.0011610963923883,0.0050971716127788,0.0012774717323663,0.0,0.0,0.0,0.0,sx2801895b,PQ,1.0,1.0,1.0,104.0,1000000.0,0.9,1.05,s1s2,b,False,True,False,46.601,-119.2485,default
3730,0.0,0.0,0.0,0.0,0.0,0.0,0.0,0.0,0.0,0.0,0.0,0.0,0.0,0.0,x3029495b,PQ,1.0,1.0,1.0,104.0,1000000.0,0.9,1.05,s1s2,b,False,False,False,46.6006,-119.2468,default
3731,0.0,0.0,0.0,0.0,0.0,0.0,0.0037416096589358,0.0009377358542157,0.0020983904644491,0.0005259062678803,0.0,0.0,0.0,0.0,sx3029495b,PQ,1.0,1.0,1.0,104.0,1000000.0,0.9,1.05,s1s2,b,False,True,False,46.6007,-119.2471,default
3732,0.0,0.0,0.0,0.0,0.0,0.0,0.0,0.0,0.0,0.0,0.0,0.0,0.0,0.0,x2710537b,PQ,1.0,1.0,1.0,104.0,1000000.0,0.9,1.05,s1s2,b,False,False,False,46.602,-119.2412,default
3733,0.0,0.0,0.0,0.0,0.0,0.0,0.0029945170411913,0.000750496776515,0.0067354831723627,0.0016880713504196,0.0,0.0,0.0,0.0,sx2710537b,PQ,1.0,1.0,1.0,104.0,1000000.0,0.9,1.05,s1s2,b,False,True,False,46.6021,-119.2415,default
3734,0.0,0.0,0.0,0.0,0.0,0.0,0.0,0.0,0.0,0.0,0.0,0.0,0.0,0.0,l2822859,PQ,1.0,1.0,1.0,7199.557856794634,1000000.0,0.9,1.05,b,,False,False,False,46.6038946,-119.2391855,default
3735,0.0,0.0,0.0,0.0,0.0,0.0,0.0,0.0,0.0,0.0,0.0,0.0,0.0,0.0,x2822859b,PQ,1.0,1.0,1.0,104.0,1000000.0,0.9,1.05,s1s2,b,False,False,False,46.6035,-119.2392,default
3736,0.0,0.0,0.0,0.0,0.0,0.0,0.001882635974056,0.00047183308999,0.0078473642475078,0.0019667350414013,0.0,0.0,0.0,0.0,sx2822859b,PQ,1.0,1.0,1.0,104.0,1000000.0,0.9,1.05,s1s2,b,False,True,False,46.6036,-119.2395,default
3737,0.0,0.0,0.0,0.0,0.0,0.0,0.0,0.0,0.0,0.0,0.0,0.0,0.0,0.0,x2991902b,PQ,1.0,1.0,1.0,104.0,1000000.0,0.9,1.05,s1s2,b,False,False,False,46.6032,-119.2379,default
3738,0.0,0.0,0.0,0.0,0.0,0.0,0.0017171097896396,0.0004303483141998,0.0080128904322994,0.0020082198173939,0.0,0.0,0.0,0.0,sx2991902b,PQ,1.0,1.0,1.0,104.0,1000000.0,0.9,1.05,s1s2,b,False,True,False,46.6032,-119.2382,default
3739,0.0,0.0,0.0,0.0,0.0,0.0,0.0,0.0,0.0,0.0,0.0,0.0,0.0,0.0,l2991918,PQ,1.0,1.0,1.0,7199.557856794634,1000000.0,0.9,1.05,b,,False,False,False,46.60413822,-119.236479,default
3740,0.0,0.0,0.0,0.0,0.0,0.0,0.0,0.0,0.0,0.0,0.0,0.0,0.0,0.0,x2991918b,PQ,1.0,1.0,1.0,104.0,1000000.0,0.9,1.05,s1s2,b,False,False,False,46.6038,-119.2365,default
3741,0.0,0.0,0.0,0.0,0.0,0.0,0.0074652991891192,0.0018709805019123,0.0022647010260193,0.0005675876259064,0.0,0.0,0.0,0.0,sx2991918b,PQ,1.0,1.0,1.0,104.0,1000000.0,0.9,1.05,s1s2,b,False,True,False,46.6038,-119.2368,default
3742,0.0,0.0,0.0,0.0,0.0,0.0,0.0,0.0,0.0,0.0,0.0,0.0,0.0,0.0,x2860488b,PQ,1.0,1.0,1.0,104.0,1000000.0,0.9,1.05,s1s2,b,False,False,False,46.6038,-119.2355,default
3743,0.0,0.0,0.0,0.0,0.0,0.0,0.0088335955592028,0.0022139079301399,0.0008964046701628,0.0002246602055783,0.0,0.0,0.0,0.0,sx2860488b,PQ,1.0,1.0,1.0,104.0,1000000.0,0.9,1.05,s1s2,b,False,True,False,46.6038,-119.2358,default
3744,0.0,0.0,0.0,0.0,0.0,0.0,0.0,0.0,0.0,0.0,0.0,0.0,0.0,0.0,x2973163b,PQ,1.0,1.0,1.0,104.0,1000000.0,0.9,1.05,s1s2,b,False,False,False,46.6068,-119.2284,default
3745,0.0,0.0,0.0,0.0,0.0,0.0,0.0018079584227509,0.0004531171302587,0.0020820416517775,0.0005218088683454,0.0,0.0,0.0,0.0,sx2973163b,PQ,1.0,1.0,1.0,104.0,1000000.0,0.9,1.05,s1s2,b,False,True,False,46.6069,-119.2286,default
3746,0.0,0.0,0.0,0.0,0.0,0.0,0.0,0.0,0.0,0.0,0.0,0.0,0.0,0.0,x2763072b,PQ,1.0,1.0,1.0,104.0,1000000.0,0.9,1.05,s1s2,b,False,False,False,46.6094,-119.2251,default
3747,0.0,0.0,0.0,0.0,0.0,0.0,0.0016063282859576,0.0004025838492005,0.0081236719200255,0.0020359842735832,0.0,0.0,0.0,0.0,sx2763072b,PQ,1.0,1.0,1.0,104.0,1000000.0,0.9,1.05,s1s2,b,False,True,False,46.6095,-119.2254,default
3748,0.0,0.0,0.0,0.0,0.0,0.0,0.0,0.0,0.0,0.0,0.0,0.0,0.0,0.0,x3104130b,PQ,1.0,1.0,1.0,104.0,1000000.0,0.9,1.05,s1s2,b,False,False,False,46.6102,-119.2242,default
3749,0.0,0.0,0.0,0.0,0.0,0.0,0.0043158325435134,0.0010816496826956,0.0054141676448853,0.0013569184302734,0.0,0.0,0.0,0.0,sx3104130b,PQ,1.0,1.0,1.0,104.0,1000000.0,0.9,1.05,s1s2,b,False,True,False,46.6102,-119.2245,default
3750,0.0,0.0,0.0,0.0,0.0,0.0,0.0,0.0,0.0,0.0,0.0,0.0,0.0,0.0,x2841636b,PQ,1.0,1.0,1.0,104.0,1000000.0,0.9,1.05,s1s2,b,False,False,False,46.6132,-119.2205,default
3751,0.0,0.0,0.0,0.0,0.0,0.0,0.0022838774293989,0.0005723936817145,0.0035561226693168,0.0008912484194214,0.0,0.0,0.0,0.0,sx2841636b,PQ,1.0,1.0,1.0,104.0,1000000.0,0.9,1.05,s1s2,b,True,True,False,46.6132,-119.2208,default
3752,0.0,0.0,0.0,0.0,0.0,0.0,0.0,0.0,0.0,0.0,0.0,0.0,0.0,0.0,l3122823,PQ,1.0,1.0,1.0,7199.557856794634,1000000.0,0.9,1.05,b,,False,False,False,46.6142583,-119.2186863,default
3753,0.0,0.0,0.0,0.0,0.0,0.0,0.0,0.0,0.0,0.0,0.0,0.0,0.0,0.0,x3122823b,PQ,1.0,1.0,1.0,104.0,1000000.0,0.9,1.05,s1s2,b,False,False,False,46.6139,-119.2187,default
3754,0.0,0.0,0.0,0.0,0.0,0.0,0.0010750366343959,0.0002694295988334,0.0086549635662974,0.0021691385210933,0.0,0.0,0.0,0.0,sx3122823b,PQ,1.0,1.0,1.0,104.0,1000000.0,0.9,1.05,s1s2,b,False,True,False,46.6139,-119.219,default
3755,0.0,0.0,0.0,0.0,0.0,0.0,0.0,0.0,0.0,0.0,0.0,0.0,0.0,0.0,l3197643,PQ,1.0,1.0,1.0,7199.557856794634,1000000.0,0.9,1.05,b,,False,False,False,46.61693756,-119.2225319,default
3756,0.0,0.0,0.0,0.0,0.0,0.0,0.0,0.0,0.0,0.0,0.0,0.0,0.0,0.0,m1026339,PQ,1.0,1.0,1.0,7199.557856794634,1000000.0,0.9,1.05,b,,False,False,False,46.617385,-119.2229779,default
3757,0.0,0.0,0.0,0.0,0.0,0.0,0.0,0.0,0.0,0.0,0.0,0.0,0.0,0.0,l2766727,PQ,1.0,1.0,1.0,7199.557856794634,1000000.0,0.9,1.05,b,,False,False,False,46.61837554,-119.2233362,default
3758,0.0,0.0,0.0,0.0,0.0,0.0,0.0,0.0,0.0,0.0,0.0,0.0,0.0,0.0,x2766727b,PQ,1.0,1.0,1.0,104.0,1000000.0,0.9,1.05,s1s2,b,False,False,False,46.618,-119.2233,default
3759,0.0,0.0,0.0,0.0,0.0,0.0,0.0003235548835367,8.109050404398293e-05,0.0055164452318016,0.0013825516136143,0.0,0.0,0.0,0.0,sx2766727b,PQ,1.0,1.0,1.0,104.0,1000000.0,0.9,1.05,s1s2,b,False,True,False,46.6181,-119.2236,default
3760,0.0,0.0,0.0,0.0,0.0,0.0,0.0,0.0,0.0,0.0,0.0,0.0,0.0,0.0,l3029507,PQ,1.0,1.0,1.0,7199.557856794634,1000000.0,0.9,1.05,b,,False,False,False,46.61801648,-119.2216678,default
3761,0.0,0.0,0.0,0.0,0.0,0.0,0.0,0.0,0.0,0.0,0.0,0.0,0.0,0.0,x3029507b,PQ,1.0,1.0,1.0,104.0,1000000.0,0.9,1.05,s1s2,b,False,False,False,46.6177,-119.2217,default
3762,0.0,0.0,0.0,0.0,0.0,0.0,0.0032951056194369,0.0008258313791911,0.0064348945642997,0.0016127367312468,0.0,0.0,0.0,0.0,sx3029507b,PQ,1.0,1.0,1.0,104.0,1000000.0,0.9,1.05,s1s2,b,False,True,False,46.6177,-119.2219,default
3763,0.0,0.0,0.0,0.0,0.0,0.0,0.0,0.0,0.0,0.0,0.0,0.0,0.0,0.0,x3197643b,PQ,1.0,1.0,1.0,104.0,1000000.0,0.9,1.05,s1s2,b,False,False,False,46.6166,-119.2225,default
3764,0.0,0.0,0.0,0.0,0.0,0.0,0.0088731367449617,0.0022238178791662,0.0008568634589166,0.0002147502425413,0.0,0.0,0.0,0.0,sx3197643b,PQ,1.0,1.0,1.0,104.0,1000000.0,0.9,1.05,s1s2,b,False,True,False,46.6166,-119.2228,default
3765,0.0,0.0,0.0,0.0,0.0,0.0,0.0,0.0,0.0,0.0,0.0,0.0,0.0,0.0,n1145955,PQ,1.0,1.0,1.0,7199.557856794634,1000000.0,0.9,1.05,a,,False,False,False,46.61675674,-119.2162568,default
3766,0.0,0.0,0.0,0.0,0.0,0.0,0.0,0.0,0.0,0.0,0.0,0.0,0.0,0.0,m1026335,PQ,1.0,1.0,1.0,7199.557856794634,1000000.0,0.9,1.05,a,,False,False,False,46.61677944,-119.2160248,default
3767,0.0,0.0,0.0,0.0,0.0,0.0,0.0,0.0,0.0,0.0,0.0,0.0,0.0,0.0,l2804259,PQ,1.0,1.0,1.0,7199.557856794634,1000000.0,0.9,1.05,a,,False,False,False,46.61603452,-119.2152273,default
3768,0.0,0.0,0.0,0.0,0.0,0.0,0.0,0.0,0.0,0.0,0.0,0.0,0.0,0.0,x2804259a,PQ,1.0,1.0,1.0,104.0,1000000.0,0.9,1.05,s1s2,a,False,False,False,46.6157,-119.2152,default
3769,0.0,0.0,0.0,0.0,0.0,0.0,0.0031552066068103,0.0007907692559744,0.0057147932711486,0.0014322620921413,0.0,0.0,0.0,0.0,sx2804259a,PQ,1.0,1.0,1.0,104.0,1000000.0,0.9,1.05,s1s2,a,False,True,False,46.6157,-119.2155,default
3770,0.0,0.0,0.0,0.0,0.0,0.0,0.0,0.0,0.0,0.0,0.0,0.0,0.0,0.0,x2973162b,PQ,1.0,1.0,1.0,104.0,1000000.0,0.9,1.05,s1s2,b,False,False,False,46.6169,-119.2158,default
3771,0.0,0.0,0.0,0.0,0.0,0.0,0.0026384103378981,0.0006612480144336,0.0032015897656234,0.0008023940954586,0.0,0.0,0.0,0.0,sx2973162b,PQ,1.0,1.0,1.0,104.0,1000000.0,0.9,1.05,s1s2,b,False,True,False,46.6169,-119.2161,default
3772,0.0,0.0,0.0,0.0,0.0,0.0,0.0,0.0,0.0,0.0,0.0,0.0,0.0,0.0,p827531,PQ,1.0,1.0,1.0,7199.557856794634,1000000.0,0.9,1.05,a,,False,False,False,46.61805446,-119.2149904,default
3773,0.0,0.0,0.0,0.0,0.0,0.0,0.0,0.0,0.0,0.0,0.0,0.0,0.0,0.0,m1026343,PQ,1.0,1.0,1.0,7199.557856794634,1000000.0,0.9,1.05,a,,False,False,False,46.61814246,-119.2150037,default
3774,0.0,0.0,0.0,0.0,0.0,0.0,0.0,0.0,0.0,0.0,0.0,0.0,0.0,0.0,l2748135,PQ,1.0,1.0,1.0,7199.557856794634,1000000.0,0.9,1.05,a,,False,False,False,46.61760754,-119.2149735,default
3775,0.0,0.0,0.0,0.0,0.0,0.0,0.0,0.0,0.0,0.0,0.0,0.0,0.0,0.0,x2748135a,PQ,1.0,1.0,1.0,104.0,1000000.0,0.9,1.05,s1s2,a,False,False,False,46.6173,-119.215,default
3776,0.0,0.0,0.0,0.0,0.0,0.0,0.0037668332554796,0.0009440573317417,0.0051031666235144,0.0012789740174906,0.0,0.0,0.0,0.0,sx2748135a,PQ,1.0,1.0,1.0,104.0,1000000.0,0.9,1.05,s1s2,a,False,True,False,46.6173,-119.2153,default
3777,0.0,0.0,0.0,0.0,0.0,0.0,0.0,0.0,0.0,0.0,0.0,0.0,0.0,0.0,m1026344,PQ,1.0,1.0,1.0,7199.557856794634,1000000.0,0.9,1.05,a,,False,False,False,46.61827592,-119.2150238,default
3778,0.0,0.0,0.0,0.0,0.0,0.0,0.0,0.0,0.0,0.0,0.0,0.0,0.0,0.0,l2991919,PQ,1.0,1.0,1.0,7199.557856794634,1000000.0,0.9,1.05,a,,False,False,False,46.62012084,-119.215092,default
3779,0.0,0.0,0.0,0.0,0.0,0.0,0.0,0.0,0.0,0.0,0.0,0.0,0.0,0.0,m1026361,PQ,1.0,1.0,1.0,7199.557856794634,1000000.0,0.9,1.05,a,,False,False,False,46.62133968,-119.2151079,default
3780,0.0,0.0,0.0,0.0,0.0,0.0,0.0,0.0,0.0,0.0,0.0,0.0,0.0,0.0,l3122825,PQ,1.0,1.0,1.0,7199.557856794634,1000000.0,0.9,1.05,a,,False,False,False,46.6214727,-119.2148347,default
3781,0.0,0.0,0.0,0.0,0.0,0.0,0.0,0.0,0.0,0.0,0.0,0.0,0.0,0.0,l2991920,PQ,1.0,1.0,1.0,7199.557856794634,1000000.0,0.9,1.05,a,,False,False,False,46.62128758,-119.2138158,default
3782,0.0,0.0,0.0,0.0,0.0,0.0,0.0,0.0,0.0,0.0,0.0,0.0,0.0,0.0,x2991920a,PQ,1.0,1.0,1.0,104.0,1000000.0,0.9,1.05,s1s2,a,False,False,False,46.6209,-119.2138,default
3783,0.0,0.0,0.0,0.0,0.0,0.0,0.00205706848327,0.0005155499198508,0.0032629314452059,0.0008177676423035,0.0,0.0,0.0,0.0,sx2991920a,PQ,1.0,1.0,1.0,104.0,1000000.0,0.9,1.05,s1s2,a,False,True,False,46.621,-119.2141,default
3784,0.0,0.0,0.0,0.0,0.0,0.0,0.0,0.0,0.0,0.0,0.0,0.0,0.0,0.0,x3122825a,PQ,1.0,1.0,1.0,104.0,1000000.0,0.9,1.05,s1s2,a,False,False,False,46.6211,-119.2148,default
3785,0.0,0.0,0.0,0.0,0.0,0.0,0.0067380869914631,0.0016887236550337,0.0065619128188374,0.0016445702488923,0.0,0.0,0.0,0.0,sx3122825a,PQ,1.0,1.0,1.0,104.0,1000000.0,0.9,1.05,s1s2,a,False,True,False,46.6212,-119.2151,default
3786,0.0,0.0,0.0,0.0,0.0,0.0,0.0,0.0,0.0,0.0,0.0,0.0,0.0,0.0,m1026366,PQ,1.0,1.0,1.0,7199.557856794634,1000000.0,0.9,1.05,a,,False,False,False,46.62233914,-119.2151419,default
3787,0.0,0.0,0.0,0.0,0.0,0.0,0.0,0.0,0.0,0.0,0.0,0.0,0.0,0.0,l2860489,PQ,1.0,1.0,1.0,7199.557856794634,1000000.0,0.9,1.05,a,,False,False,False,46.6222955,-119.2141168,default
3788,0.0,0.0,0.0,0.0,0.0,0.0,0.0,0.0,0.0,0.0,0.0,0.0,0.0,0.0,x2860489a,PQ,1.0,1.0,1.0,104.0,1000000.0,0.9,1.05,s1s2,a,False,False,False,46.6219,-119.2141,default
3789,0.0,0.0,0.0,0.0,0.0,0.0,0.0051779945029292,0.0012977276480076,0.0001420054180194,3.5589909893059506e-05,0.0,0.0,0.0,0.0,sx2860489a,PQ,1.0,1.0,1.0,104.0,1000000.0,0.9,1.05,s1s2,a,False,True,False,46.622,-119.2144,default
3790,0.0,0.0,0.0,0.0,0.0,0.0,0.0,0.0,0.0,0.0,0.0,0.0,0.0,0.0,l3104131,PQ,1.0,1.0,1.0,7199.557856794634,1000000.0,0.9,1.05,a,,False,False,False,46.6236772,-119.2151023,default
3791,0.0,0.0,0.0,0.0,0.0,0.0,0.0,0.0,0.0,0.0,0.0,0.0,0.0,0.0,m1026377,PQ,1.0,1.0,1.0,7199.557856794634,1000000.0,0.9,1.05,a,,False,False,False,46.62455066,-119.2151004,default
3792,0.0,0.0,0.0,0.0,0.0,0.0,0.0,0.0,0.0,0.0,0.0,0.0,0.0,0.0,l3048210,PQ,1.0,1.0,1.0,7199.557856794634,1000000.0,0.9,1.05,a,,False,False,False,46.62584042,-119.2166374,default
3793,0.0,0.0,0.0,0.0,0.0,0.0,0.0,0.0,0.0,0.0,0.0,0.0,0.0,0.0,x3048210a,PQ,1.0,1.0,1.0,104.0,1000000.0,0.9,1.05,s1s2,a,False,False,False,46.6255,-119.2166,default
3794,0.0,0.0,0.0,0.0,0.0,0.0,0.0093057894427661,0.0023322504968819,0.0039942103578744,0.0010010434019368,0.0,0.0,0.0,0.0,sx3048210a,PQ,1.0,1.0,1.0,104.0,1000000.0,0.9,1.05,s1s2,a,False,True,False,46.6255,-119.2169,default
3795,0.0,0.0,0.0,0.0,0.0,0.0,0.0,0.0,0.0,0.0,0.0,0.0,0.0,0.0,m1026378,PQ,1.0,1.0,1.0,7199.557856794634,1000000.0,0.9,1.05,a,,False,False,False,46.62538012,-119.2150706,default
3796,0.0,0.0,0.0,0.0,0.0,0.0,0.0,0.0,0.0,0.0,0.0,0.0,0.0,0.0,l2897778,PQ,1.0,1.0,1.0,7199.557856794634,1000000.0,0.9,1.05,a,,False,False,False,46.62666156,-119.2150205,default
3797,0.0,0.0,0.0,0.0,0.0,0.0,0.0,0.0,0.0,0.0,0.0,0.0,0.0,0.0,m3037452,PQ,1.0,1.0,1.0,7199.557856794634,1000000.0,0.9,1.05,a,,False,False,False,46.6266899,-119.2150194,default
3798,0.0,0.0,0.0,0.0,0.0,0.0,0.0,0.0,0.0,0.0,0.0,0.0,0.0,0.0,l2973164,PQ,1.0,1.0,1.0,7199.557856794634,1000000.0,0.9,1.05,a,,False,False,False,46.62660614,-119.2137994,default
3799,0.0,0.0,0.0,0.0,0.0,0.0,0.0,0.0,0.0,0.0,0.0,0.0,0.0,0.0,x2973164a,PQ,1.0,1.0,1.0,104.0,1000000.0,0.9,1.05,s1s2,a,False,False,False,46.6263,-119.2138,default
3800,0.0,0.0,0.0,0.0,0.0,0.0,0.0009354981123788,0.0002344579097792,0.0026145018393014,0.0006552558764256,0.0,0.0,0.0,0.0,sx2973164a,PQ,1.0,1.0,1.0,104.0,1000000.0,0.9,1.05,s1s2,a,False,True,False,46.6263,-119.2141,default
3801,0.0,0.0,0.0,0.0,0.0,0.0,0.0,0.0,0.0,0.0,0.0,0.0,0.0,0.0,m1026387,PQ,1.0,1.0,1.0,7199.557856794634,1000000.0,0.9,1.05,a,,False,False,False,46.628254,-119.2143672,default
3802,0.0,0.0,0.0,0.0,0.0,0.0,0.0,0.0,0.0,0.0,0.0,0.0,0.0,0.0,l3085402,PQ,1.0,1.0,1.0,7199.557856794634,1000000.0,0.9,1.05,a,,False,False,False,46.62915978,-119.2131667,default
3803,0.0,0.0,0.0,0.0,0.0,0.0,0.0,0.0,0.0,0.0,0.0,0.0,0.0,0.0,m1026394,PQ,1.0,1.0,1.0,7199.557856794634,1000000.0,0.9,1.05,a,,False,False,False,46.62931292,-119.212995,default
3804,0.0,0.0,0.0,0.0,0.0,0.0,0.0,0.0,0.0,0.0,0.0,0.0,0.0,0.0,m1026393,PQ,1.0,1.0,1.0,7199.557856794634,1000000.0,0.9,1.05,a,,False,False,False,46.6293125,-119.2137364,default
3805,0.0,0.0,0.0,0.0,0.0,0.0,0.0,0.0,0.0,0.0,0.0,0.0,0.0,0.0,l2804252,PQ,1.0,1.0,1.0,7199.557856794634,1000000.0,0.9,1.05,a,,False,False,False,46.6293124,-119.2141931,default
3806,0.0,0.0,0.0,0.0,0.0,0.0,0.0,0.0,0.0,0.0,0.0,0.0,0.0,0.0,l3195310,PQ,1.0,1.0,1.0,7199.557856794634,1000000.0,0.9,1.05,a,,False,False,False,46.6293135,-119.2152656,default
3807,0.0,0.0,0.0,0.0,0.0,0.0,0.0,0.0,0.0,0.0,0.0,0.0,0.0,0.0,x3195310a,PQ,1.0,1.0,1.0,104.0,1000000.0,0.9,1.05,s1s2,a,False,False,False,46.629,-119.2153,default
3808,0.0,0.0,0.0,0.0,0.0,0.0,0.0069959289490583,0.0017533449324654,0.0018740709191617,0.0004696864110263,0.0,0.0,0.0,0.0,sx3195310a,PQ,1.0,1.0,1.0,104.0,1000000.0,0.9,1.05,s1s2,a,False,True,False,46.629,-119.2155,default
3809,0.0,0.0,0.0,0.0,0.0,0.0,0.0,0.0,0.0,0.0,0.0,0.0,0.0,0.0,x2804252a,PQ,1.0,1.0,1.0,104.0,1000000.0,0.9,1.05,s1s2,a,False,False,False,46.629,-119.2142,default
3810,0.0,0.0,0.0,0.0,0.0,0.0,0.0006241413476926,0.000156424555893,0.0082458585262034,0.0020666067989616,0.0,0.0,0.0,0.0,sx2804252a,PQ,1.0,1.0,1.0,104.0,1000000.0,0.9,1.05,s1s2,a,True,True,False,46.629,-119.2145,default
3811,0.0,0.0,0.0,0.0,0.0,0.0,0.0,0.0,0.0,0.0,0.0,0.0,0.0,0.0,l2935559,PQ,1.0,1.0,1.0,7199.557856794634,1000000.0,0.9,1.05,a,,False,False,False,46.63023564,-119.2136691,default
3812,0.0,0.0,0.0,0.0,0.0,0.0,0.0,0.0,0.0,0.0,0.0,0.0,0.0,0.0,l3048214,PQ,1.0,1.0,1.0,7199.557856794634,1000000.0,0.9,1.05,a,,False,False,False,46.63059894,-119.214135,default
3813,0.0,0.0,0.0,0.0,0.0,0.0,0.0,0.0,0.0,0.0,0.0,0.0,0.0,0.0,x3048214a,PQ,1.0,1.0,1.0,104.0,1000000.0,0.9,1.05,s1s2,a,False,False,False,46.6302,-119.2141,default
3814,0.0,0.0,0.0,0.0,0.0,0.0,0.0006047716144868,0.0001515700427307,0.0082652282444645,0.0020714612956502,0.0,0.0,0.0,0.0,sx3048214a,PQ,1.0,1.0,1.0,104.0,1000000.0,0.9,1.05,s1s2,a,False,True,False,46.6303,-119.2144,default
3815,0.0,0.0,0.0,0.0,0.0,0.0,0.0,0.0,0.0,0.0,0.0,0.0,0.0,0.0,x2935559a,PQ,1.0,1.0,1.0,104.0,1000000.0,0.9,1.05,s1s2,a,False,False,False,46.6299,-119.2137,default
3816,0.0,0.0,0.0,0.0,0.0,0.0,0.0060847510860837,0.0015249822527297,0.0027852487864941,0.000698049093161,0.0,0.0,0.0,0.0,sx2935559a,PQ,1.0,1.0,1.0,104.0,1000000.0,0.9,1.05,s1s2,a,False,True,False,46.6299,-119.2139,default
3817,0.0,0.0,0.0,0.0,0.0,0.0,0.0,0.0,0.0,0.0,0.0,0.0,0.0,0.0,x3085402a,PQ,1.0,1.0,1.0,104.0,1000000.0,0.9,1.05,s1s2,a,False,False,False,46.6288,-119.2132,default
3818,0.0,0.0,0.0,0.0,0.0,0.0,0.008888265833818,0.0022276092252316,0.0044117339676161,0.0011056846741264,0.0,0.0,0.0,0.0,sx3085402a,PQ,1.0,1.0,1.0,104.0,1000000.0,0.9,1.05,s1s2,a,False,True,False,46.6288,-119.2134,default
3819,0.0,0.0,0.0,0.0,0.0,0.0,0.0,0.0,0.0,0.0,0.0,0.0,0.0,0.0,l3104132,PQ,1.0,1.0,1.0,7199.557856794634,1000000.0,0.9,1.05,a,,False,False,False,46.62849332,-119.2131875,default
3820,0.0,0.0,0.0,0.0,0.0,0.0,0.0,0.0,0.0,0.0,0.0,0.0,0.0,0.0,x3104132a,PQ,1.0,1.0,1.0,104.0,1000000.0,0.9,1.05,s1s2,a,False,False,False,46.6281,-119.2132,default
3821,0.0,0.0,0.0,0.0,0.0,0.0,0.0028003184299748,0.0007018259043419,0.0025196815034042,0.0006314916657911,0.0,0.0,0.0,0.0,sx3104132a,PQ,1.0,1.0,1.0,104.0,1000000.0,0.9,1.05,s1s2,a,True,True,False,46.6282,-119.2135,default
3822,0.0,0.0,0.0,0.0,0.0,0.0,0.0,0.0,0.0,0.0,0.0,0.0,0.0,0.0,x2897778a,PQ,1.0,1.0,1.0,104.0,1000000.0,0.9,1.05,s1s2,a,False,False,False,46.6263,-119.215,default
3823,0.0,0.0,0.0,0.0,0.0,0.0,0.001401636918905,0.0003512832979699,0.0021483630335633,0.0005384304886881,0.0,0.0,0.0,0.0,sx2897778a,PQ,1.0,1.0,1.0,104.0,1000000.0,0.9,1.05,s1s2,a,False,True,False,46.6263,-119.2153,default
3824,0.0,0.0,0.0,0.0,0.0,0.0,0.0,0.0,0.0,0.0,0.0,0.0,0.0,0.0,x3104131a,PQ,1.0,1.0,1.0,104.0,1000000.0,0.9,1.05,s1s2,a,False,False,False,46.6233,-119.2151,default
3825,0.0,0.0,0.0,0.0,0.0,0.0,0.0016380548767982,0.0004105352196099,0.0072319449915248,0.0018124961238249,0.0,0.0,0.0,0.0,sx3104131a,PQ,1.0,1.0,1.0,104.0,1000000.0,0.9,1.05,s1s2,a,False,True,False,46.6234,-119.2154,default
3826,0.0,0.0,0.0,0.0,0.0,0.0,0.0,0.0,0.0,0.0,0.0,0.0,0.0,0.0,l3122824,PQ,1.0,1.0,1.0,7199.557856794634,1000000.0,0.9,1.05,a,,False,False,False,46.6224784,-119.2162003,default
3827,0.0,0.0,0.0,0.0,0.0,0.0,0.0,0.0,0.0,0.0,0.0,0.0,0.0,0.0,x3122824a,PQ,1.0,1.0,1.0,104.0,1000000.0,0.9,1.05,s1s2,a,False,False,False,46.6221,-119.2162,default
3828,0.0,0.0,0.0,0.0,0.0,0.0,0.0036090130087617,0.0009045038511831,0.0017109869188387,0.0004288137104895,0.0,0.0,0.0,0.0,sx3122824a,PQ,1.0,1.0,1.0,104.0,1000000.0,0.9,1.05,s1s2,a,False,True,False,46.6222,-119.2165,default
3829,0.0,0.0,0.0,0.0,0.0,0.0,0.0,0.0,0.0,0.0,0.0,0.0,0.0,0.0,x2991919a,PQ,1.0,1.0,1.0,104.0,1000000.0,0.9,1.05,s1s2,a,False,False,False,46.6198,-119.2151,default
3830,0.0,0.0,0.0,0.0,0.0,0.0,0.0023046639331377,0.0005776031841243,0.0030153359959729,0.0007557143783796,0.0,0.0,0.0,0.0,sx2991919a,PQ,1.0,1.0,1.0,104.0,1000000.0,0.9,1.05,s1s2,a,False,True,False,46.6198,-119.2154,default
3831,0.0,0.0,0.0,0.0,0.0,0.0,0.0,0.0,0.0,0.0,0.0,0.0,0.0,0.0,m1026364,PQ,1.0,1.0,1.0,7199.557856794634,1000000.0,0.9,1.05,a,,False,False,False,46.62176864,-119.2171723,default
3832,0.0,0.0,0.0,0.0,0.0,0.0,0.0,0.0,0.0,0.0,0.0,0.0,0.0,0.0,l3010570,PQ,1.0,1.0,1.0,7199.557856794634,1000000.0,0.9,1.05,a,,False,False,False,46.62226798,-119.2180029,default
3833,0.0,0.0,0.0,0.0,0.0,0.0,0.0,0.0,0.0,0.0,0.0,0.0,0.0,0.0,x3010570a,PQ,1.0,1.0,1.0,104.0,1000000.0,0.9,1.05,s1s2,a,False,False,False,46.6219,-119.218,default
3834,0.0,0.0,0.0,0.0,0.0,0.0,0.0051588390091744,0.0012929268294037,0.0001611609129831,4.039072911706383e-05,0.0,0.0,0.0,0.0,sx3010570a,PQ,1.0,1.0,1.0,104.0,1000000.0,0.9,1.05,s1s2,a,False,True,False,46.622,-119.2183,default
3835,0.0,0.0,0.0,0.0,0.0,0.0,0.0,0.0,0.0,0.0,0.0,0.0,0.0,0.0,n1145956,PQ,1.0,1.0,1.0,7199.557856794634,1000000.0,0.9,1.05,a,,False,False,False,46.6183779,-119.2142188,default
3836,0.0,0.0,0.0,0.0,0.0,0.0,0.0,0.0,0.0,0.0,0.0,0.0,0.0,0.0,l2729412,PQ,1.0,1.0,1.0,7199.557856794634,1000000.0,0.9,1.05,a,,False,False,False,46.61809428,-119.2136391,default
3837,0.0,0.0,0.0,0.0,0.0,0.0,0.0,0.0,0.0,0.0,0.0,0.0,0.0,0.0,x2729412a,PQ,1.0,1.0,1.0,104.0,1000000.0,0.9,1.05,s1s2,a,False,False,False,46.6177,-119.2136,default
3838,0.0,0.0,0.0,0.0,0.0,0.0,0.0036891127129556,0.0009245787293521,0.0051808871660228,0.0012984526202091,0.0,0.0,0.0,0.0,sx2729412a,PQ,1.0,1.0,1.0,104.0,1000000.0,0.9,1.05,s1s2,a,False,True,False,46.6178,-119.2139,default
3839,0.0,0.0,0.0,0.0,0.0,0.0,0.0,0.0,0.0,0.0,0.0,0.0,0.0,0.0,x3235275b,PQ,1.0,1.0,1.0,104.0,1000000.0,0.9,1.05,s1s2,b,False,False,False,46.6188,-119.2132,default
3840,0.0,0.0,0.0,0.0,0.0,0.0,0.003893083188708,0.0009756986956329,0.0058369169886489,0.0014628694082793,0.0,0.0,0.0,0.0,sx3235275b,PQ,1.0,1.0,1.0,104.0,1000000.0,0.9,1.05,s1s2,b,False,True,False,46.6189,-119.2135,default
3841,0.0,0.0,0.0,0.0,0.0,0.0,0.0,0.0,0.0,0.0,0.0,0.0,0.0,0.0,m2000100,PQ,1.0,1.0,1.0,7199.557856794634,1000000.0,0.9,1.05,abc,,False,False,False,46.61899496,-119.2116994,default
3842,0.0,0.0,0.0,0.0,0.0,0.0,0.0,0.0,0.0,0.0,0.0,0.0,0.0,0.0,d2000100_int,PQ,1.0,1.0,1.0,7199.557856794634,1000000.0,0.9,1.05,abc,,False,False,False,46.61812376,-119.210655,default
3843,0.0,0.0,0.0,0.0,0.0,0.0,0.0,0.0,0.0,0.0,0.0,0.0,0.0,0.0,m2000200,PQ,1.0,1.0,1.0,7199.557856794634,1000000.0,0.9,1.05,abc,,False,False,False,46.61725258,-119.2096106,default
3844,0.0,0.0,0.0,0.0,0.0,0.0,0.0,0.0,0.0,0.0,0.0,0.0,0.0,0.0,m2000300,PQ,1.0,1.0,1.0,7199.557856794634,1000000.0,0.9,1.05,abc,,False,False,False,46.61638138,-119.2085663,default
3845,0.0,0.0,0.0,0.0,0.0,0.0,0.0,0.0,0.0,0.0,0.0,0.0,0.0,0.0,m2000400,PQ,1.0,1.0,1.0,7199.557856794634,1000000.0,0.9,1.05,abc,,False,False,False,46.6155102,-119.2075219,default
3846,0.0,0.0,0.0,0.0,0.0,0.0,0.0,0.0,0.0,0.0,0.0,0.0,0.0,0.0,m2000401,PQ,1.0,1.0,1.0,7199.557856794634,1000000.0,0.9,1.05,a,,False,False,False,46.6150746,-119.2080441,default
3847,0.0,0.0,0.0,0.0,0.0,0.0,0.0,0.0,0.0,0.0,0.0,0.0,0.0,0.0,d2000401_int,PQ,1.0,1.0,1.0,7199.557856794634,1000000.0,0.9,1.05,a,,False,False,False,46.61463902,-119.2085663,default
3848,0.0,0.0,0.0,0.0,0.0,0.0,0.0,0.0,0.0,0.0,0.0,0.0,0.0,0.0,m2000402,PQ,1.0,1.0,1.0,7199.557856794634,1000000.0,0.9,1.05,a,,False,False,False,46.61420342,-119.2090884,default
3849,0.0,0.0,0.0,0.0,0.0,0.0,0.0,0.0,0.0,0.0,0.0,0.0,0.0,0.0,m2000403,PQ,1.0,1.0,1.0,7199.557856794634,1000000.0,0.9,1.05,a,,False,False,False,46.61376782,-119.2096106,default
3850,0.0,0.0,0.0,0.0,0.0,0.0,0.0,0.0,0.0,0.0,0.0,0.0,0.0,0.0,m2000404,PQ,1.0,1.0,1.0,7199.557856794634,1000000.0,0.9,1.05,a,,False,False,False,46.61333222,-119.2101328,default
3851,0.0,0.0,0.0,0.0,0.0,0.0,0.0,0.0,0.0,0.0,0.0,0.0,0.0,0.0,m2000405,PQ,1.0,1.0,1.0,7199.557856794634,1000000.0,0.9,1.05,a,,False,False,False,46.61289664,-119.210655,default
3852,0.0,0.0,0.0,0.0,0.0,0.0,0.0,0.0,0.0,0.0,0.0,0.0,0.0,0.0,m2000406,PQ,1.0,1.0,1.0,7199.557856794634,1000000.0,0.9,1.05,a,,False,False,False,46.61246104,-119.2111772,default
3853,0.0,0.0,0.0,0.0,0.0,0.0,0.0,0.0,0.0,0.0,0.0,0.0,0.0,0.0,m2000407,PQ,1.0,1.0,1.0,7199.557856794634,1000000.0,0.9,1.05,a,,False,False,False,46.61202544,-119.2116994,default
3854,0.0,0.0,0.0,0.0,0.0,0.0,0.0,0.0,0.0,0.0,0.0,0.0,0.0,0.0,m2000408,PQ,1.0,1.0,1.0,7199.557856794634,1000000.0,0.9,1.05,a,,False,False,False,46.61158984,-119.2122215,default
3855,0.0,0.0,0.0,0.0,0.0,0.0,0.0,0.0,0.0,0.0,0.0,0.0,0.0,0.0,m2000409,PQ,1.0,1.0,1.0,7199.557856794634,1000000.0,0.9,1.05,a,,False,False,False,46.61115426,-119.2127437,default
3856,0.0,0.0,0.0,0.0,0.0,0.0,0.0,0.0,0.0,0.0,0.0,0.0,0.0,0.0,m2000410,PQ,1.0,1.0,1.0,7199.557856794634,1000000.0,0.9,1.05,a,,False,False,False,46.61071866,-119.2132659,default
3857,0.0,0.0,0.0,0.0,0.0,0.0,0.0,0.0,0.0,0.0,0.0,0.0,0.0,0.0,m2000411,PQ,1.0,1.0,1.0,7199.557856794634,1000000.0,0.9,1.05,a,,False,False,False,46.61028306,-119.2137881,default
3858,0.0,0.0,0.0,0.0,0.0,0.0,0.0,0.0,0.0,0.0,0.0,0.0,0.0,0.0,m2000412,PQ,1.0,1.0,1.0,7199.557856794634,1000000.0,0.9,1.05,a,,False,False,False,46.60984748,-119.2143103,default
3859,0.0,0.0,0.0,0.0,0.0,0.0,0.0,0.0,0.0,0.0,0.0,0.0,0.0,0.0,m2000413,PQ,1.0,1.0,1.0,7199.557856794634,1000000.0,0.9,1.05,a,,False,False,False,46.60941188,-119.2148324,default
3860,0.0,0.0,0.0,0.0,0.0,0.0,0.0,0.0,0.0,0.0,0.0,0.0,0.0,0.0,m2000414,PQ,1.0,1.0,1.0,7199.557856794634,1000000.0,0.9,1.05,a,,False,False,False,46.60897628,-119.2153546,default
3861,0.0,0.0,0.0,0.0,0.0,0.0,0.0,0.0,0.0,0.0,0.0,0.0,0.0,0.0,m2000415,PQ,1.0,1.0,1.0,7199.557856794634,1000000.0,0.9,1.05,a,,False,False,False,46.60854068,-119.2158768,default
3862,0.0,0.0,0.0,0.0,0.0,0.0,0.0,0.0,0.0,0.0,0.0,0.0,0.0,0.0,x2000415a,PQ,1.0,1.0,1.0,104.0,1000000.0,0.9,1.05,s1s2,a,False,False,False,46.6082,-119.2159,default
3863,0.0,0.0,0.0,0.0,0.0,0.0,0.0058348340375731,0.0033067527201421,0.0049387492398687,0.0027989180800747,0.0,0.0,0.0,0.0,sx2000415a,PQ,1.0,1.0,1.0,104.0,1000000.0,0.9,1.05,s1s2,a,True,True,False,46.6082,-119.2162,default
3864,0.0,0.0,0.0,0.0,0.0,0.0,0.0,0.0,0.0,0.0,0.0,0.0,0.0,0.0,x2000414a,PQ,1.0,1.0,1.0,104.0,1000000.0,0.9,1.05,s1s2,a,False,False,False,46.6086,-119.2154,default
3865,0.0,0.0,0.0,0.0,0.0,0.0,0.0033489902773225,0.0018979601879853,0.0072389472146684,0.0041025003007886,0.0,0.0,0.0,0.0,sx2000414a,PQ,1.0,1.0,1.0,104.0,1000000.0,0.9,1.05,s1s2,a,True,True,False,46.6087,-119.2156,default
3866,0.0,0.0,0.0,0.0,0.0,0.0,0.0,0.0,0.0,0.0,0.0,0.0,0.0,0.0,x2000413a,PQ,1.0,1.0,1.0,104.0,1000000.0,0.9,1.05,s1s2,a,False,False,False,46.6091,-119.2148,default
3867,0.0,0.0,0.0,0.0,0.0,0.0,0.0063487936667636,0.0035980270547346,0.0042837408985866,0.0024277077592014,0.0,0.0,0.0,0.0,sx2000413a,PQ,1.0,1.0,1.0,104.0,1000000.0,0.9,1.05,s1s2,a,True,True,False,46.6091,-119.2151,default
3868,0.0,0.0,0.0,0.0,0.0,0.0,0.0,0.0,0.0,0.0,0.0,0.0,0.0,0.0,x2000412a,PQ,1.0,1.0,1.0,104.0,1000000.0,0.9,1.05,s1s2,a,False,False,False,46.6095,-119.2143,default
3869,0.0,0.0,0.0,0.0,0.0,0.0,0.0104375931741754,0.0059152564544528,0.0091795883819616,0.0052023123061314,0.0,0.0,0.0,0.0,sx2000412a,PQ,1.0,1.0,1.0,104.0,1000000.0,0.9,1.05,s1s2,a,True,True,False,46.6095,-119.2146,default
3870,0.0,0.0,0.0,0.0,0.0,0.0,0.0,0.0,0.0,0.0,0.0,0.0,0.0,0.0,x2000411a,PQ,1.0,1.0,1.0,104.0,1000000.0,0.9,1.05,s1s2,a,False,False,False,46.6099,-119.2138,default
3871,0.0,0.0,0.0,0.0,0.0,0.0,0.0064935732343505,0.0036800774133805,0.0034879537915634,0.0019767144377232,0.0,0.0,0.0,0.0,sx2000411a,PQ,1.0,1.0,1.0,104.0,1000000.0,0.9,1.05,s1s2,a,True,True,False,46.61,-119.2141,default
3872,0.0,0.0,0.0,0.0,0.0,0.0,0.0,0.0,0.0,0.0,0.0,0.0,0.0,0.0,x2000410a,PQ,1.0,1.0,1.0,104.0,1000000.0,0.9,1.05,s1s2,a,False,False,False,46.6104,-119.2133,default
3873,0.0,0.0,0.0,0.0,0.0,0.0,0.0091748530985556,0.005199628691611,0.0053168733936978,0.0030132109081381,0.0,0.0,0.0,0.0,sx2000410a,PQ,1.0,1.0,1.0,104.0,1000000.0,0.9,1.05,s1s2,a,True,True,False,46.6104,-119.2135,default
3874,0.0,0.0,0.0,0.0,0.0,0.0,0.0,0.0,0.0,0.0,0.0,0.0,0.0,0.0,x2000409a,PQ,1.0,1.0,1.0,104.0,1000000.0,0.9,1.05,s1s2,a,False,False,False,46.6108,-119.2127,default
3875,0.0,0.0,0.0,0.0,0.0,0.0,0.0044938409505723,0.0025467769427043,0.0084873388846484,0.0048099964421405,0.0,0.0,0.0,0.0,sx2000409a,PQ,1.0,1.0,1.0,104.0,1000000.0,0.9,1.05,s1s2,a,True,True,False,46.6108,-119.213,default
3876,0.0,0.0,0.0,0.0,0.0,0.0,0.0,0.0,0.0,0.0,0.0,0.0,0.0,0.0,x2000408a,PQ,1.0,1.0,1.0,104.0,1000000.0,0.9,1.05,s1s2,a,False,False,False,46.6112,-119.2122,default
3877,0.0,0.0,0.0,0.0,0.0,0.0,0.0065463037733405,0.0037099611877708,0.0058942342339631,0.003340416362513,0.0,0.0,0.0,0.0,sx2000408a,PQ,1.0,1.0,1.0,104.0,1000000.0,0.9,1.05,s1s2,a,True,True,False,46.6113,-119.2125,default
3878,0.0,0.0,0.0,0.0,0.0,0.0,0.0,0.0,0.0,0.0,0.0,0.0,0.0,0.0,x2000407a,PQ,1.0,1.0,1.0,104.0,1000000.0,0.9,1.05,s1s2,a,False,False,False,46.6117,-119.2117,default
3879,0.0,0.0,0.0,0.0,0.0,0.0,0.0044298702731588,0.0025105230896973,0.0074879389080331,0.0042436103922255,0.0,0.0,0.0,0.0,sx2000407a,PQ,1.0,1.0,1.0,104.0,1000000.0,0.9,1.05,s1s2,a,True,True,False,46.6117,-119.212,default
3880,0.0,0.0,0.0,0.0,0.0,0.0,0.0,0.0,0.0,0.0,0.0,0.0,0.0,0.0,x2000406a,PQ,1.0,1.0,1.0,104.0,1000000.0,0.9,1.05,s1s2,a,False,False,False,46.6121,-119.2112,default
3881,0.0,0.0,0.0,0.0,0.0,0.0,0.0093478023732689,0.0052976435562861,0.0032498703495719,0.00184178633865,0.0,0.0,0.0,0.0,sx2000406a,PQ,1.0,1.0,1.0,104.0,1000000.0,0.9,1.05,s1s2,a,True,True,False,46.6121,-119.2115,default
3882,0.0,0.0,0.0,0.0,0.0,0.0,0.0,0.0,0.0,0.0,0.0,0.0,0.0,0.0,x2000405a,PQ,1.0,1.0,1.0,104.0,1000000.0,0.9,1.05,s1s2,a,False,False,False,46.6125,-119.2107,default
3883,0.0,0.0,0.0,0.0,0.0,0.0,0.0065463037763462,0.0037099611910623,0.0083805030130839,0.0047494497670912,0.0,0.0,0.0,0.0,sx2000405a,PQ,1.0,1.0,1.0,104.0,1000000.0,0.9,1.05,s1s2,a,True,True,False,46.6126,-119.2109,default
3884,0.0,0.0,0.0,0.0,0.0,0.0,0.0,0.0,0.0,0.0,0.0,0.0,0.0,0.0,x2000404a,PQ,1.0,1.0,1.0,104.0,1000000.0,0.9,1.05,s1s2,a,False,False,False,46.613,-119.2101,default
3885,0.0,0.0,0.0,0.0,0.0,0.0,0.0062807345364027,0.0035594561678996,0.003428793067529,0.00194318651103,0.0,0.0,0.0,0.0,sx2000404a,PQ,1.0,1.0,1.0,104.0,1000000.0,0.9,1.05,s1s2,a,True,True,False,46.613,-119.2104,default
3886,0.0,0.0,0.0,0.0,0.0,0.0,0.0,0.0,0.0,0.0,0.0,0.0,0.0,0.0,x2000403a,PQ,1.0,1.0,1.0,104.0,1000000.0,0.9,1.05,s1s2,a,False,False,False,46.6134,-119.2096,default
3887,0.0,0.0,0.0,0.0,0.0,0.0,0.0051387087504372,0.002912240353396,0.0074238938171249,0.0042073143678047,0.0,0.0,0.0,0.0,sx2000403a,PQ,1.0,1.0,1.0,104.0,1000000.0,0.9,1.05,s1s2,a,True,True,False,46.6135,-119.2099,default
3888,0.0,0.0,0.0,0.0,0.0,0.0,0.0,0.0,0.0,0.0,0.0,0.0,0.0,0.0,x2000402a,PQ,1.0,1.0,1.0,104.0,1000000.0,0.9,1.05,s1s2,a,False,False,False,46.6139,-119.2091,default
3889,0.0,0.0,0.0,0.0,0.0,0.0,0.0065463037729146,0.0037099611857555,0.0047003695768227,0.0026638221034737,0.0,0.0,0.0,0.0,sx2000402a,PQ,1.0,1.0,1.0,104.0,1000000.0,0.9,1.05,s1s2,a,True,True,False,46.6139,-119.2094,default
3890,0.0,0.0,0.0,0.0,0.0,0.0,0.0,0.0,0.0,0.0,0.0,0.0,0.0,0.0,m2000500,PQ,1.0,1.0,1.0,7199.557856794634,1000000.0,0.9,1.05,abc,,False,False,False,46.61463902,-119.2064775,default
3891,0.0,0.0,0.0,0.0,0.0,0.0,0.0,0.0,0.0,0.0,0.0,0.0,0.0,0.0,m2000600,PQ,1.0,1.0,1.0,7199.557856794634,1000000.0,0.9,1.05,abc,,False,False,False,46.61376782,-119.2054332,default
3892,0.0,0.0,0.0,0.0,0.0,0.0,0.0,0.0,0.0,0.0,0.0,0.0,0.0,0.0,m2000700,PQ,1.0,1.0,1.0,7199.557856794634,1000000.0,0.9,1.05,abc,,False,False,False,46.61289664,-119.2043888,default
3893,0.0,0.0,0.0,0.0,0.0,0.0,0.0,0.0,0.0,0.0,0.0,0.0,0.0,0.0,m2000701,PQ,1.0,1.0,1.0,7199.557856794634,1000000.0,0.9,1.05,b,,False,False,False,46.61246104,-119.204911,default
3894,0.0,0.0,0.0,0.0,0.0,0.0,0.0,0.0,0.0,0.0,0.0,0.0,0.0,0.0,d2000701_int,PQ,1.0,1.0,1.0,7199.557856794634,1000000.0,0.9,1.05,b,,False,False,False,46.61202544,-119.2054332,default
3895,0.0,0.0,0.0,0.0,0.0,0.0,0.0,0.0,0.0,0.0,0.0,0.0,0.0,0.0,m2000702,PQ,1.0,1.0,1.0,7199.557856794634,1000000.0,0.9,1.05,b,,False,False,False,46.61158984,-119.2059553,default
3896,0.0,0.0,0.0,0.0,0.0,0.0,0.0,0.0,0.0,0.0,0.0,0.0,0.0,0.0,m2000703,PQ,1.0,1.0,1.0,7199.557856794634,1000000.0,0.9,1.05,b,,False,False,False,46.61115426,-119.2064775,default
3897,0.0,0.0,0.0,0.0,0.0,0.0,0.0,0.0,0.0,0.0,0.0,0.0,0.0,0.0,m2000704,PQ,1.0,1.0,1.0,7199.557856794634,1000000.0,0.9,1.05,b,,False,False,False,46.61071866,-119.2069997,default
3898,0.0,0.0,0.0,0.0,0.0,0.0,0.0,0.0,0.0,0.0,0.0,0.0,0.0,0.0,m2000705,PQ,1.0,1.0,1.0,7199.557856794634,1000000.0,0.9,1.05,b,,False,False,False,46.61028306,-119.2075219,default
3899,0.0,0.0,0.0,0.0,0.0,0.0,0.0,0.0,0.0,0.0,0.0,0.0,0.0,0.0,m2000706,PQ,1.0,1.0,1.0,7199.557856794634,1000000.0,0.9,1.05,b,,False,False,False,46.60984748,-119.2080441,default
3900,0.0,0.0,0.0,0.0,0.0,0.0,0.0,0.0,0.0,0.0,0.0,0.0,0.0,0.0,m2000707,PQ,1.0,1.0,1.0,7199.557856794634,1000000.0,0.9,1.05,b,,False,False,False,46.60941188,-119.2085663,default
3901,0.0,0.0,0.0,0.0,0.0,0.0,0.0,0.0,0.0,0.0,0.0,0.0,0.0,0.0,m2000708,PQ,1.0,1.0,1.0,7199.557856794634,1000000.0,0.9,1.05,b,,False,False,False,46.60897628,-119.2090884,default
3902,0.0,0.0,0.0,0.0,0.0,0.0,0.0,0.0,0.0,0.0,0.0,0.0,0.0,0.0,m2000709,PQ,1.0,1.0,1.0,7199.557856794634,1000000.0,0.9,1.05,b,,False,False,False,46.60854068,-119.2096106,default
3903,0.0,0.0,0.0,0.0,0.0,0.0,0.0,0.0,0.0,0.0,0.0,0.0,0.0,0.0,m2000710,PQ,1.0,1.0,1.0,7199.557856794634,1000000.0,0.9,1.05,b,,False,False,False,46.6081051,-119.2101328,default
3904,0.0,0.0,0.0,0.0,0.0,0.0,0.0,0.0,0.0,0.0,0.0,0.0,0.0,0.0,m2000711,PQ,1.0,1.0,1.0,7199.557856794634,1000000.0,0.9,1.05,b,,False,False,False,46.6076695,-119.210655,default
3905,0.0,0.0,0.0,0.0,0.0,0.0,0.0,0.0,0.0,0.0,0.0,0.0,0.0,0.0,m2000712,PQ,1.0,1.0,1.0,7199.557856794634,1000000.0,0.9,1.05,b,,False,False,False,46.6072339,-119.2111772,default
3906,0.0,0.0,0.0,0.0,0.0,0.0,0.0,0.0,0.0,0.0,0.0,0.0,0.0,0.0,m2000713,PQ,1.0,1.0,1.0,7199.557856794634,1000000.0,0.9,1.05,b,,False,False,False,46.6067983,-119.2116994,default
3907,0.0,0.0,0.0,0.0,0.0,0.0,0.0,0.0,0.0,0.0,0.0,0.0,0.0,0.0,m2000714,PQ,1.0,1.0,1.0,7199.557856794634,1000000.0,0.9,1.05,b,,False,False,False,46.60636272,-119.2122215,default
3908,0.0,0.0,0.0,0.0,0.0,0.0,0.0,0.0,0.0,0.0,0.0,0.0,0.0,0.0,m2000715,PQ,1.0,1.0,1.0,7199.557856794634,1000000.0,0.9,1.05,b,,False,False,False,46.60592712,-119.2127437,default
3909,0.0,0.0,0.0,0.0,0.0,0.0,0.0,0.0,0.0,0.0,0.0,0.0,0.0,0.0,x2000715b,PQ,1.0,1.0,1.0,104.0,1000000.0,0.9,1.05,s1s2,b,False,False,False,46.6056,-119.2127,default
3910,0.0,0.0,0.0,0.0,0.0,0.0,0.0065463039230004,0.0037099615294824,0.0047003696735417,0.0026638223448634,0.0,0.0,0.0,0.0,sx2000715b,PQ,1.0,1.0,1.0,104.0,1000000.0,0.9,1.05,s1s2,b,True,True,False,46.6056,-119.213,default
3911,0.0,0.0,0.0,0.0,0.0,0.0,0.0,0.0,0.0,0.0,0.0,0.0,0.0,0.0,x2000714b,PQ,1.0,1.0,1.0,104.0,1000000.0,0.9,1.05,s1s2,b,False,False,False,46.606,-119.2122,default
3912,0.0,0.0,0.0,0.0,0.0,0.0,0.0043480198843295,0.0024641365114226,0.0047003696752465,0.0026638223471319,0.0,0.0,0.0,0.0,sx2000714b,PQ,1.0,1.0,1.0,104.0,1000000.0,0.9,1.05,s1s2,b,True,True,False,46.606,-119.2125,default
3913,0.0,0.0,0.0,0.0,0.0,0.0,0.0,0.0,0.0,0.0,0.0,0.0,0.0,0.0,x2000713b,PQ,1.0,1.0,1.0,104.0,1000000.0,0.9,1.05,s1s2,b,False,False,False,46.6064,-119.2117,default
3914,0.0,0.0,0.0,0.0,0.0,0.0,0.0059314858684997,0.0033615280680238,0.0068475948894654,0.0038807109933825,0.0,0.0,0.0,0.0,sx2000713b,PQ,1.0,1.0,1.0,104.0,1000000.0,0.9,1.05,s1s2,b,True,True,False,46.6065,-119.212,default
3915,0.0,0.0,0.0,0.0,0.0,0.0,0.0,0.0,0.0,0.0,0.0,0.0,0.0,0.0,x2000712b,PQ,1.0,1.0,1.0,104.0,1000000.0,0.9,1.05,s1s2,b,False,False,False,46.6069,-119.2112,default
3916,0.0,0.0,0.0,0.0,0.0,0.0,0.0068094760310103,0.0038591080414607,0.00438979288719,0.0024878103628195,0.0,0.0,0.0,0.0,sx2000712b,PQ,1.0,1.0,1.0,104.0,1000000.0,0.9,1.05,s1s2,b,True,True,False,46.6069,-119.2115,default
3917,0.0,0.0,0.0,0.0,0.0,0.0,0.0,0.0,0.0,0.0,0.0,0.0,0.0,0.0,x2000711b,PQ,1.0,1.0,1.0,104.0,1000000.0,0.9,1.05,s1s2,b,False,False,False,46.6073,-119.2107,default
3918,0.0,0.0,0.0,0.0,0.0,0.0,0.0029425874240504,0.0016676412037494,0.0040984579747412,0.0023227032557174,0.0,0.0,0.0,0.0,sx2000711b,PQ,1.0,1.0,1.0,104.0,1000000.0,0.9,1.05,s1s2,b,True,True,False,46.6074,-119.2109,default
3919,0.0,0.0,0.0,0.0,0.0,0.0,0.0,0.0,0.0,0.0,0.0,0.0,0.0,0.0,x2000710b,PQ,1.0,1.0,1.0,104.0,1000000.0,0.9,1.05,s1s2,b,False,False,False,46.6078,-119.2101,default
3920,0.0,0.0,0.0,0.0,0.0,0.0,0.0058789497105784,0.003331754456097,0.0045730573404034,0.0025916711187799,0.0,0.0,0.0,0.0,sx2000710b,PQ,1.0,1.0,1.0,104.0,1000000.0,0.9,1.05,s1s2,b,True,True,False,46.6078,-119.2104,default
3921,0.0,0.0,0.0,0.0,0.0,0.0,0.0,0.0,0.0,0.0,0.0,0.0,0.0,0.0,x2000709b,PQ,1.0,1.0,1.0,104.0,1000000.0,0.9,1.05,s1s2,b,False,False,False,46.6082,-119.2096,default
3922,0.0,0.0,0.0,0.0,0.0,0.0,0.0040139857542402,0.0022748306397123,0.0047003696753468,0.0026638223475583,0.0,0.0,0.0,0.0,sx2000709b,PQ,1.0,1.0,1.0,104.0,1000000.0,0.9,1.05,s1s2,b,True,True,False,46.6082,-119.2099,default
3923,0.0,0.0,0.0,0.0,0.0,0.0,0.0,0.0,0.0,0.0,0.0,0.0,0.0,0.0,x2000708b,PQ,1.0,1.0,1.0,104.0,1000000.0,0.9,1.05,s1s2,b,False,False,False,46.6086,-119.2091,default
3924,0.0,0.0,0.0,0.0,0.0,0.0,0.0078347383844372,0.0044401510124906,0.004385970400575,0.0024856440593926,0.0,0.0,0.0,0.0,sx2000708b,PQ,1.0,1.0,1.0,104.0,1000000.0,0.9,1.05,s1s2,b,True,True,False,46.6087,-119.2094,default
3925,0.0,0.0,0.0,0.0,0.0,0.0,0.0,0.0,0.0,0.0,0.0,0.0,0.0,0.0,x2000707b,PQ,1.0,1.0,1.0,104.0,1000000.0,0.9,1.05,s1s2,b,False,False,False,46.6091,-119.2086,default
3926,0.0,0.0,0.0,0.0,0.0,0.0,0.0065463039242126,0.0037099615317537,0.0033487538958221,0.0018978263581996,0.0,0.0,0.0,0.0,sx2000707b,PQ,1.0,1.0,1.0,104.0,1000000.0,0.9,1.05,s1s2,b,True,True,False,46.6091,-119.2088,default
3927,0.0,0.0,0.0,0.0,0.0,0.0,0.0,0.0,0.0,0.0,0.0,0.0,0.0,0.0,x2000706b,PQ,1.0,1.0,1.0,104.0,1000000.0,0.9,1.05,s1s2,b,False,False,False,46.6095,-119.208,default
3928,0.0,0.0,0.0,0.0,0.0,0.0,0.0053987493057864,0.0030596123354454,0.0063874924683112,0.0036199589274623,0.0,0.0,0.0,0.0,sx2000706b,PQ,1.0,1.0,1.0,104.0,1000000.0,0.9,1.05,s1s2,b,True,True,False,46.6095,-119.2083,default
3929,0.0,0.0,0.0,0.0,0.0,0.0,0.0,0.0,0.0,0.0,0.0,0.0,0.0,0.0,x2000705b,PQ,1.0,1.0,1.0,104.0,1000000.0,0.9,1.05,s1s2,b,False,False,False,46.6099,-119.2075,default
3930,0.0,0.0,0.0,0.0,0.0,0.0,0.0052938490506873,0.0030001626207003,0.0043786274158412,0.0024814825995565,0.0,0.0,0.0,0.0,sx2000705b,PQ,1.0,1.0,1.0,104.0,1000000.0,0.9,1.05,s1s2,b,True,True,False,46.61,-119.2078,default
3931,0.0,0.0,0.0,0.0,0.0,0.0,0.0,0.0,0.0,0.0,0.0,0.0,0.0,0.0,x2000704b,PQ,1.0,1.0,1.0,104.0,1000000.0,0.9,1.05,s1s2,b,False,False,False,46.6104,-119.207,default
3932,0.0,0.0,0.0,0.0,0.0,0.0,0.0068349294779597,0.0038735331766952,0.0033893747771936,0.001920847273406,0.0,0.0,0.0,0.0,sx2000704b,PQ,1.0,1.0,1.0,104.0,1000000.0,0.9,1.05,s1s2,b,True,True,False,46.6104,-119.2073,default
3933,0.0,0.0,0.0,0.0,0.0,0.0,0.0,0.0,0.0,0.0,0.0,0.0,0.0,0.0,x2000703b,PQ,1.0,1.0,1.0,104.0,1000000.0,0.9,1.05,s1s2,b,False,False,False,46.6108,-119.2065,default
3934,0.0,0.0,0.0,0.0,0.0,0.0,0.0051387088588109,0.0029122406194321,0.0043987524426492,0.0024928879784854,0.0,0.0,0.0,0.0,sx2000703b,PQ,1.0,1.0,1.0,104.0,1000000.0,0.9,1.05,s1s2,b,True,True,False,46.6108,-119.2068,default
3935,0.0,0.0,0.0,0.0,0.0,0.0,0.0,0.0,0.0,0.0,0.0,0.0,0.0,0.0,x2000702b,PQ,1.0,1.0,1.0,104.0,1000000.0,0.9,1.05,s1s2,b,False,False,False,46.6112,-119.206,default
3936,0.0,0.0,0.0,0.0,0.0,0.0,0.0058234099150969,0.0033002786030851,0.0047003696733486,0.0026638223458889,0.0,0.0,0.0,0.0,sx2000702b,PQ,1.0,1.0,1.0,104.0,1000000.0,0.9,1.05,s1s2,b,True,True,False,46.6113,-119.2062,default
3937,0.0,0.0,0.0,0.0,0.0,0.0,0.0,0.0,0.0,0.0,0.0,0.0,0.0,0.0,m2000800,PQ,1.0,1.0,1.0,7199.557856794634,1000000.0,0.9,1.05,abc,,False,False,False,46.61202544,-119.2033444,default
3938,0.0,0.0,0.0,0.0,0.0,0.0,0.0,0.0,0.0,0.0,0.0,0.0,0.0,0.0,m2000900,PQ,1.0,1.0,1.0,7199.557856794634,1000000.0,0.9,1.05,abc,,False,False,False,46.61115426,-119.2023001,default
3939,0.0,0.0,0.0,0.0,0.0,0.0,0.0,0.0,0.0,0.0,0.0,0.0,0.0,0.0,m2000901,PQ,1.0,1.0,1.0,7199.557856794634,1000000.0,0.9,1.05,c,,False,False,False,46.61158984,-119.2017779,default
3940,0.0,0.0,0.0,0.0,0.0,0.0,0.0,0.0,0.0,0.0,0.0,0.0,0.0,0.0,d2000901_int,PQ,1.0,1.0,1.0,7199.557856794634,1000000.0,0.9,1.05,c,,False,False,False,46.61202544,-119.2012557,default
3941,0.0,0.0,0.0,0.0,0.0,0.0,0.0,0.0,0.0,0.0,0.0,0.0,0.0,0.0,m2000902,PQ,1.0,1.0,1.0,7199.557856794634,1000000.0,0.9,1.05,c,,False,False,False,46.61246104,-119.2007335,default
3942,0.0,0.0,0.0,0.0,0.0,0.0,0.0,0.0,0.0,0.0,0.0,0.0,0.0,0.0,m2000903,PQ,1.0,1.0,1.0,7199.557856794634,1000000.0,0.9,1.05,c,,False,False,False,46.61289664,-119.2002113,default
3943,0.0,0.0,0.0,0.0,0.0,0.0,0.0,0.0,0.0,0.0,0.0,0.0,0.0,0.0,m2000904,PQ,1.0,1.0,1.0,7199.557856794634,1000000.0,0.9,1.05,c,,False,False,False,46.61333222,-119.1996891,default
3944,0.0,0.0,0.0,0.0,0.0,0.0,0.0,0.0,0.0,0.0,0.0,0.0,0.0,0.0,m2000905,PQ,1.0,1.0,1.0,7199.557856794634,1000000.0,0.9,1.05,c,,False,False,False,46.61376782,-119.199167,default
3945,0.0,0.0,0.0,0.0,0.0,0.0,0.0,0.0,0.0,0.0,0.0,0.0,0.0,0.0,m2000906,PQ,1.0,1.0,1.0,7199.557856794634,1000000.0,0.9,1.05,c,,False,False,False,46.61420342,-119.1986448,default
3946,0.0,0.0,0.0,0.0,0.0,0.0,0.0,0.0,0.0,0.0,0.0,0.0,0.0,0.0,m2000907,PQ,1.0,1.0,1.0,7199.557856794634,1000000.0,0.9,1.05,c,,False,False,False,46.61463902,-119.1981226,default
3947,0.0,0.0,0.0,0.0,0.0,0.0,0.0,0.0,0.0,0.0,0.0,0.0,0.0,0.0,m2000908,PQ,1.0,1.0,1.0,7199.557856794634,1000000.0,0.9,1.05,c,,False,False,False,46.6150746,-119.1976004,default
3948,0.0,0.0,0.0,0.0,0.0,0.0,0.0,0.0,0.0,0.0,0.0,0.0,0.0,0.0,m2000909,PQ,1.0,1.0,1.0,7199.557856794634,1000000.0,0.9,1.05,c,,False,False,False,46.6155102,-119.1970782,default
3949,0.0,0.0,0.0,0.0,0.0,0.0,0.0,0.0,0.0,0.0,0.0,0.0,0.0,0.0,m2000910,PQ,1.0,1.0,1.0,7199.557856794634,1000000.0,0.9,1.05,c,,False,False,False,46.6159458,-119.1965561,default
3950,0.0,0.0,0.0,0.0,0.0,0.0,0.0,0.0,0.0,0.0,0.0,0.0,0.0,0.0,m2000911,PQ,1.0,1.0,1.0,7199.557856794634,1000000.0,0.9,1.05,c,,False,False,False,46.61638138,-119.1960339,default
3951,0.0,0.0,0.0,0.0,0.0,0.0,0.0,0.0,0.0,0.0,0.0,0.0,0.0,0.0,m2000912,PQ,1.0,1.0,1.0,7199.557856794634,1000000.0,0.9,1.05,c,,False,False,False,46.61681698,-119.1955117,default
3952,0.0,0.0,0.0,0.0,0.0,0.0,0.0,0.0,0.0,0.0,0.0,0.0,0.0,0.0,m2000913,PQ,1.0,1.0,1.0,7199.557856794634,1000000.0,0.9,1.05,c,,False,False,False,46.61725258,-119.1949895,default
3953,0.0,0.0,0.0,0.0,0.0,0.0,0.0,0.0,0.0,0.0,0.0,0.0,0.0,0.0,m2000914,PQ,1.0,1.0,1.0,7199.557856794634,1000000.0,0.9,1.05,c,,False,False,False,46.61768818,-119.1944673,default
3954,0.0,0.0,0.0,0.0,0.0,0.0,0.0,0.0,0.0,0.0,0.0,0.0,0.0,0.0,m2000915,PQ,1.0,1.0,1.0,7199.557856794634,1000000.0,0.9,1.05,c,,False,False,False,46.61812376,-119.1939451,default
3955,0.0,0.0,0.0,0.0,0.0,0.0,0.0,0.0,0.0,0.0,0.0,0.0,0.0,0.0,x2000915c,PQ,1.0,1.0,1.0,104.0,1000000.0,0.9,1.05,s1s2,c,False,False,False,46.6178,-119.1939,default
3956,0.0,0.0,0.0,0.0,0.0,0.0,0.0065463039239787,0.0037099617367087,0.0047003696638473,0.0026638224893406,0.0,0.0,0.0,0.0,sx2000915c,PQ,1.0,1.0,1.0,104.0,1000000.0,0.9,1.05,s1s2,c,True,True,False,46.6178,-119.1942,default
3957,0.0,0.0,0.0,0.0,0.0,0.0,0.0,0.0,0.0,0.0,0.0,0.0,0.0,0.0,x2000914c,PQ,1.0,1.0,1.0,104.0,1000000.0,0.9,1.05,s1s2,c,False,False,False,46.6173,-119.1945,default
3958,0.0,0.0,0.0,0.0,0.0,0.0,0.006546303923942,0.0037099617367215,0.0047003696638226,0.0026638224893504,0.0,0.0,0.0,0.0,sx2000914c,PQ,1.0,1.0,1.0,104.0,1000000.0,0.9,1.05,s1s2,c,True,True,False,46.6174,-119.1947,default
3959,0.0,0.0,0.0,0.0,0.0,0.0,0.0,0.0,0.0,0.0,0.0,0.0,0.0,0.0,x2000913c,PQ,1.0,1.0,1.0,104.0,1000000.0,0.9,1.05,s1s2,c,False,False,False,46.6169,-119.195,default
3960,0.0,0.0,0.0,0.0,0.0,0.0,0.0065463039238685,0.0037099617367471,0.004700369663773,0.0026638224893699,0.0,0.0,0.0,0.0,sx2000913c,PQ,1.0,1.0,1.0,104.0,1000000.0,0.9,1.05,s1s2,c,True,True,False,46.6169,-119.1953,default
3961,0.0,0.0,0.0,0.0,0.0,0.0,0.0,0.0,0.0,0.0,0.0,0.0,0.0,0.0,x2000912c,PQ,1.0,1.0,1.0,104.0,1000000.0,0.9,1.05,s1s2,c,False,False,False,46.6165,-119.1955,default
3962,0.0,0.0,0.0,0.0,0.0,0.0,0.0065463039237584,0.0037099617367854,0.0047003696636987,0.0026638224893992,0.0,0.0,0.0,0.0,sx2000912c,PQ,1.0,1.0,1.0,104.0,1000000.0,0.9,1.05,s1s2,c,True,True,False,46.6165,-119.1958,default
3963,0.0,0.0,0.0,0.0,0.0,0.0,0.0,0.0,0.0,0.0,0.0,0.0,0.0,0.0,x2000911c,PQ,1.0,1.0,1.0,104.0,1000000.0,0.9,1.05,s1s2,c,False,False,False,46.616,-119.196,default
3964,0.0,0.0,0.0,0.0,0.0,0.0,0.0065463039236116,0.0037099617368364,0.0047003696635997,0.0026638224894382,0.0,0.0,0.0,0.0,sx2000911c,PQ,1.0,1.0,1.0,104.0,1000000.0,0.9,1.05,s1s2,c,True,True,False,46.6161,-119.1963,default
3965,0.0,0.0,0.0,0.0,0.0,0.0,0.0,0.0,0.0,0.0,0.0,0.0,0.0,0.0,x2000910c,PQ,1.0,1.0,1.0,104.0,1000000.0,0.9,1.05,s1s2,c,False,False,False,46.6156,-119.1966,default
3966,0.0,0.0,0.0,0.0,0.0,0.0,0.0065463039234281,0.0037099617369002,0.0047003696634759,0.002663822489487,0.0,0.0,0.0,0.0,sx2000910c,PQ,1.0,1.0,1.0,104.0,1000000.0,0.9,1.05,s1s2,c,True,True,False,46.6156,-119.1968,default
3967,0.0,0.0,0.0,0.0,0.0,0.0,0.0,0.0,0.0,0.0,0.0,0.0,0.0,0.0,x2000909c,PQ,1.0,1.0,1.0,104.0,1000000.0,0.9,1.05,s1s2,c,False,False,False,46.6152,-119.1971,default
3968,0.0,0.0,0.0,0.0,0.0,0.0,0.006546303923208,0.0037099617369768,0.0047003696633274,0.0026638224895455,0.0,0.0,0.0,0.0,sx2000909c,PQ,1.0,1.0,1.0,104.0,1000000.0,0.9,1.05,s1s2,c,True,True,False,46.6152,-119.1974,default
3969,0.0,0.0,0.0,0.0,0.0,0.0,0.0,0.0,0.0,0.0,0.0,0.0,0.0,0.0,x2000908c,PQ,1.0,1.0,1.0,104.0,1000000.0,0.9,1.05,s1s2,c,False,False,False,46.6147,-119.1976,default
3970,0.0,0.0,0.0,0.0,0.0,0.0,0.0065463039229512,0.003709961737066,0.0047003696631542,0.0026638224896138,0.0,0.0,0.0,0.0,sx2000908c,PQ,1.0,1.0,1.0,104.0,1000000.0,0.9,1.05,s1s2,c,True,True,False,46.6148,-119.1979,default
3971,0.0,0.0,0.0,0.0,0.0,0.0,0.0,0.0,0.0,0.0,0.0,0.0,0.0,0.0,x2000907c,PQ,1.0,1.0,1.0,104.0,1000000.0,0.9,1.05,s1s2,c,False,False,False,46.6143,-119.1981,default
3972,0.0,0.0,0.0,0.0,0.0,0.0,0.0065463039226578,0.003709961737168,0.0047003696629563,0.0026638224896917,0.0,0.0,0.0,0.0,sx2000907c,PQ,1.0,1.0,1.0,104.0,1000000.0,0.9,1.05,s1s2,c,True,True,False,46.6143,-119.1984,default
3973,0.0,0.0,0.0,0.0,0.0,0.0,0.0,0.0,0.0,0.0,0.0,0.0,0.0,0.0,x2000906c,PQ,1.0,1.0,1.0,104.0,1000000.0,0.9,1.05,s1s2,c,False,False,False,46.6139,-119.1986,default
3974,0.0,0.0,0.0,0.0,0.0,0.0,0.0065463039223278,0.0037099617372827,0.0047003696627337,0.0026638224897793,0.0,0.0,0.0,0.0,sx2000906c,PQ,1.0,1.0,1.0,104.0,1000000.0,0.9,1.05,s1s2,c,True,True,False,46.6139,-119.1989,default
3975,0.0,0.0,0.0,0.0,0.0,0.0,0.0,0.0,0.0,0.0,0.0,0.0,0.0,0.0,x2000905c,PQ,1.0,1.0,1.0,104.0,1000000.0,0.9,1.05,s1s2,c,False,False,False,46.6134,-119.1992,default
3976,0.0,0.0,0.0,0.0,0.0,0.0,0.0065463039219613,0.00370996173741,0.0047003696624865,0.0026638224898767,0.0,0.0,0.0,0.0,sx2000905c,PQ,1.0,1.0,1.0,104.0,1000000.0,0.9,1.05,s1s2,c,True,True,False,46.6135,-119.1994,default
3977,0.0,0.0,0.0,0.0,0.0,0.0,0.0,0.0,0.0,0.0,0.0,0.0,0.0,0.0,x2000904c,PQ,1.0,1.0,1.0,104.0,1000000.0,0.9,1.05,s1s2,c,False,False,False,46.613,-119.1997,default
3978,0.0,0.0,0.0,0.0,0.0,0.0,0.0062807346817558,0.0035594567035305,0.0034287931233548,0.001943186792377,0.0,0.0,0.0,0.0,sx2000904c,PQ,1.0,1.0,1.0,104.0,1000000.0,0.9,1.05,s1s2,c,True,True,False,46.613,-119.2,default
3979,0.0,0.0,0.0,0.0,0.0,0.0,0.0,0.0,0.0,0.0,0.0,0.0,0.0,0.0,x2000903c,PQ,1.0,1.0,1.0,104.0,1000000.0,0.9,1.05,s1s2,c,False,False,False,46.6125,-119.2002,default
3980,0.0,0.0,0.0,0.0,0.0,0.0,0.0051387088447282,0.002912240773357,0.0074238939959431,0.004207314993298,0.0,0.0,0.0,0.0,sx2000903c,PQ,1.0,1.0,1.0,104.0,1000000.0,0.9,1.05,s1s2,c,True,True,False,46.6126,-119.2005,default
3981,0.0,0.0,0.0,0.0,0.0,0.0,0.0,0.0,0.0,0.0,0.0,0.0,0.0,0.0,x2000902c,PQ,1.0,1.0,1.0,104.0,1000000.0,0.9,1.05,s1s2,c,False,False,False,46.6121,-119.2007,default
3982,0.0,0.0,0.0,0.0,0.0,0.0,0.0065463039206472,0.0037099617378647,0.0047003696616001,0.0026638224902243,0.0,0.0,0.0,0.0,sx2000902c,PQ,1.0,1.0,1.0,104.0,1000000.0,0.9,1.05,s1s2,c,True,True,False,46.6121,-119.201,default
3983,0.0,0.0,0.0,0.0,0.0,0.0,0.0,0.0,0.0,0.0,0.0,0.0,0.0,0.0,m2001000,PQ,1.0,1.0,1.0,7199.557856794634,1000000.0,0.9,1.05,abc,,False,False,False,46.61028306,-119.2012557,default
3984,0.0,0.0,0.0,0.0,0.0,0.0,0.0,0.0,0.0,0.0,0.0,0.0,0.0,0.0,m2001001,PQ,1.0,1.0,1.0,7199.557856794634,1000000.0,0.9,1.05,b,,False,False,False,46.60984748,-119.2017779,default
3985,0.0,0.0,0.0,0.0,0.0,0.0,0.0,0.0,0.0,0.0,0.0,0.0,0.0,0.0,d2001001_int,PQ,1.0,1.0,1.0,7199.557856794634,1000000.0,0.9,1.05,b,,False,False,False,46.60941188,-119.2023001,default
3986,0.0,0.0,0.0,0.0,0.0,0.0,0.0,0.0,0.0,0.0,0.0,0.0,0.0,0.0,m2001002,PQ,1.0,1.0,1.0,7199.557856794634,1000000.0,0.9,1.05,b,,False,False,False,46.60897628,-119.2028222,default
3987,0.0,0.0,0.0,0.0,0.0,0.0,0.0,0.0,0.0,0.0,0.0,0.0,0.0,0.0,m2001003,PQ,1.0,1.0,1.0,7199.557856794634,1000000.0,0.9,1.05,b,,False,False,False,46.60854068,-119.2033444,default
3988,0.0,0.0,0.0,0.0,0.0,0.0,0.0,0.0,0.0,0.0,0.0,0.0,0.0,0.0,m2001004,PQ,1.0,1.0,1.0,7199.557856794634,1000000.0,0.9,1.05,b,,False,False,False,46.6081051,-119.2038666,default
3989,0.0,0.0,0.0,0.0,0.0,0.0,0.0,0.0,0.0,0.0,0.0,0.0,0.0,0.0,m2001005,PQ,1.0,1.0,1.0,7199.557856794634,1000000.0,0.9,1.05,b,,False,False,False,46.6076695,-119.2043888,default
3990,0.0,0.0,0.0,0.0,0.0,0.0,0.0,0.0,0.0,0.0,0.0,0.0,0.0,0.0,m2001006,PQ,1.0,1.0,1.0,7199.557856794634,1000000.0,0.9,1.05,b,,False,False,False,46.6072339,-119.204911,default
3991,0.0,0.0,0.0,0.0,0.0,0.0,0.0,0.0,0.0,0.0,0.0,0.0,0.0,0.0,m2001007,PQ,1.0,1.0,1.0,7199.557856794634,1000000.0,0.9,1.05,b,,False,False,False,46.6067983,-119.2054332,default
3992,0.0,0.0,0.0,0.0,0.0,0.0,0.0,0.0,0.0,0.0,0.0,0.0,0.0,0.0,m2001008,PQ,1.0,1.0,1.0,7199.557856794634,1000000.0,0.9,1.05,b,,False,False,False,46.60636272,-119.2059553,default
3993,0.0,0.0,0.0,0.0,0.0,0.0,0.0,0.0,0.0,0.0,0.0,0.0,0.0,0.0,m2001009,PQ,1.0,1.0,1.0,7199.557856794634,1000000.0,0.9,1.05,b,,False,False,False,46.60592712,-119.2064775,default
3994,0.0,0.0,0.0,0.0,0.0,0.0,0.0,0.0,0.0,0.0,0.0,0.0,0.0,0.0,m2001010,PQ,1.0,1.0,1.0,7199.557856794634,1000000.0,0.9,1.05,b,,False,False,False,46.60549152,-119.2069997,default
3995,0.0,0.0,0.0,0.0,0.0,0.0,0.0,0.0,0.0,0.0,0.0,0.0,0.0,0.0,m2001011,PQ,1.0,1.0,1.0,7199.557856794634,1000000.0,0.9,1.05,b,,False,False,False,46.60505594,-119.2075219,default
3996,0.0,0.0,0.0,0.0,0.0,0.0,0.0,0.0,0.0,0.0,0.0,0.0,0.0,0.0,m2001012,PQ,1.0,1.0,1.0,7199.557856794634,1000000.0,0.9,1.05,b,,False,False,False,46.60462034,-119.2080441,default
3997,0.0,0.0,0.0,0.0,0.0,0.0,0.0,0.0,0.0,0.0,0.0,0.0,0.0,0.0,m2001013,PQ,1.0,1.0,1.0,7199.557856794634,1000000.0,0.9,1.05,b,,False,False,False,46.60418474,-119.2085663,default
3998,0.0,0.0,0.0,0.0,0.0,0.0,0.0,0.0,0.0,0.0,0.0,0.0,0.0,0.0,m2001014,PQ,1.0,1.0,1.0,7199.557856794634,1000000.0,0.9,1.05,b,,False,False,False,46.60374914,-119.2090884,default
3999,0.0,0.0,0.0,0.0,0.0,0.0,0.0,0.0,0.0,0.0,0.0,0.0,0.0,0.0,m2001015,PQ,1.0,1.0,1.0,7199.557856794634,1000000.0,0.9,1.05,b,,False,False,False,46.60331356,-119.2096106,default
4000,0.0,0.0,0.0,0.0,0.0,0.0,0.0,0.0,0.0,0.0,0.0,0.0,0.0,0.0,x2001015b,PQ,1.0,1.0,1.0,104.0,1000000.0,0.9,1.05,s1s2,b,False,False,False,46.603,-119.2096,default
4001,0.0,0.0,0.0,0.0,0.0,0.0,0.01286739105959,0.0072922867822387,0.0113479474639577,0.0064311783907824,0.0,0.0,0.0,0.0,sx2001015b,PQ,1.0,1.0,1.0,104.0,1000000.0,0.9,1.05,s1s2,b,True,True,False,46.603,-119.2099,default
4002,0.0,0.0,0.0,0.0,0.0,0.0,0.0,0.0,0.0,0.0,0.0,0.0,0.0,0.0,x2001014b,PQ,1.0,1.0,1.0,104.0,1000000.0,0.9,1.05,s1s2,b,False,False,False,46.6034,-119.2091,default
4003,0.0,0.0,0.0,0.0,0.0,0.0,0.0144795895814233,0.0082059618072584,0.0138472311634666,0.007847587768051,0.0,0.0,0.0,0.0,sx2001014b,PQ,1.0,1.0,1.0,104.0,1000000.0,0.9,1.05,s1s2,b,True,True,False,46.6034,-119.2094,default
4004,0.0,0.0,0.0,0.0,0.0,0.0,0.0,0.0,0.0,0.0,0.0,0.0,0.0,0.0,x2001013b,PQ,1.0,1.0,1.0,104.0,1000000.0,0.9,1.05,s1s2,b,False,False,False,46.6038,-119.2086,default
4005,0.0,0.0,0.0,0.0,0.0,0.0,0.0083273285394511,0.004719314715308,0.0092378463699658,0.005235328965156,0.0,0.0,0.0,0.0,sx2001013b,PQ,1.0,1.0,1.0,104.0,1000000.0,0.9,1.05,s1s2,b,True,True,False,46.6039,-119.2088,default
4006,0.0,0.0,0.0,0.0,0.0,0.0,0.0,0.0,0.0,0.0,0.0,0.0,0.0,0.0,x2001012b,PQ,1.0,1.0,1.0,104.0,1000000.0,0.9,1.05,s1s2,b,False,False,False,46.6043,-119.208,default
4007,0.0,0.0,0.0,0.0,0.0,0.0,0.0063847984302803,0.003618432138922,0.0073746288442429,0.0041793949034987,0.0,0.0,0.0,0.0,sx2001012b,PQ,1.0,1.0,1.0,104.0,1000000.0,0.9,1.05,s1s2,b,True,True,False,46.6043,-119.2083,default
4008,0.0,0.0,0.0,0.0,0.0,0.0,0.0,0.0,0.0,0.0,0.0,0.0,0.0,0.0,x2001011b,PQ,1.0,1.0,1.0,104.0,1000000.0,0.9,1.05,s1s2,b,False,False,False,46.6047,-119.2075,default
4009,0.0,0.0,0.0,0.0,0.0,0.0,0.0043897420040294,0.0024877815247657,0.0030849570748252,0.0017483258034287,0.0,0.0,0.0,0.0,sx2001011b,PQ,1.0,1.0,1.0,104.0,1000000.0,0.9,1.05,s1s2,b,True,True,False,46.6047,-119.2078,default
4010,0.0,0.0,0.0,0.0,0.0,0.0,0.0,0.0,0.0,0.0,0.0,0.0,0.0,0.0,x2001010b,PQ,1.0,1.0,1.0,104.0,1000000.0,0.9,1.05,s1s2,b,False,False,False,46.6051,-119.207,default
4011,0.0,0.0,0.0,0.0,0.0,0.0,0.0094098352295256,0.0053327995477217,0.0074893794735847,0.0042444270815971,0.0,0.0,0.0,0.0,sx2001010b,PQ,1.0,1.0,1.0,104.0,1000000.0,0.9,1.05,s1s2,b,True,True,False,46.6052,-119.2073,default
4012,0.0,0.0,0.0,0.0,0.0,0.0,0.0,0.0,0.0,0.0,0.0,0.0,0.0,0.0,x2001009b,PQ,1.0,1.0,1.0,104.0,1000000.0,0.9,1.05,s1s2,b,False,False,False,46.6056,-119.2065,default
4013,0.0,0.0,0.0,0.0,0.0,0.0,0.0084897024311092,0.0048113362473521,0.0054809391098731,0.0031061914399011,0.0,0.0,0.0,0.0,sx2001009b,PQ,1.0,1.0,1.0,104.0,1000000.0,0.9,1.05,s1s2,b,True,True,False,46.6056,-119.2068,default
4014,0.0,0.0,0.0,0.0,0.0,0.0,0.0,0.0,0.0,0.0,0.0,0.0,0.0,0.0,x2001008b,PQ,1.0,1.0,1.0,104.0,1000000.0,0.9,1.05,s1s2,b,False,False,False,46.606,-119.206,default
4015,0.0,0.0,0.0,0.0,0.0,0.0,0.0054098579714848,0.0030659079019457,0.007308480497751,0.0041419069082089,0.0,0.0,0.0,0.0,sx2001008b,PQ,1.0,1.0,1.0,104.0,1000000.0,0.9,1.05,s1s2,b,True,True,False,46.606,-119.2062,default
4016,0.0,0.0,0.0,0.0,0.0,0.0,0.0,0.0,0.0,0.0,0.0,0.0,0.0,0.0,x2001007b,PQ,1.0,1.0,1.0,104.0,1000000.0,0.9,1.05,s1s2,b,False,False,False,46.6064,-119.2054,default
4017,0.0,0.0,0.0,0.0,0.0,0.0,0.006134785933213,0.0034767435267225,0.003234098611545,0.0018328482097676,0.0,0.0,0.0,0.0,sx2001007b,PQ,1.0,1.0,1.0,104.0,1000000.0,0.9,1.05,s1s2,b,True,True,False,46.6065,-119.2057,default
4018,0.0,0.0,0.0,0.0,0.0,0.0,0.0,0.0,0.0,0.0,0.0,0.0,0.0,0.0,x2001006b,PQ,1.0,1.0,1.0,104.0,1000000.0,0.9,1.05,s1s2,b,False,False,False,46.6069,-119.2049,default
4019,0.0,0.0,0.0,0.0,0.0,0.0,0.0053704911708389,0.0030435977093494,0.0043874543549024,0.002486485053365,0.0,0.0,0.0,0.0,sx2001006b,PQ,1.0,1.0,1.0,104.0,1000000.0,0.9,1.05,s1s2,b,True,True,False,46.6069,-119.2052,default
4020,0.0,0.0,0.0,0.0,0.0,0.0,0.0,0.0,0.0,0.0,0.0,0.0,0.0,0.0,x2001005b,PQ,1.0,1.0,1.0,104.0,1000000.0,0.9,1.05,s1s2,b,False,False,False,46.6073,-119.2044,default
4021,0.0,0.0,0.0,0.0,0.0,0.0,0.0068894529873277,0.003904433068722,0.0041908732935459,0.0023750774275414,0.0,0.0,0.0,0.0,sx2001005b,PQ,1.0,1.0,1.0,104.0,1000000.0,0.9,1.05,s1s2,b,True,True,False,46.6074,-119.2047,default
4022,0.0,0.0,0.0,0.0,0.0,0.0,0.0,0.0,0.0,0.0,0.0,0.0,0.0,0.0,x2001004b,PQ,1.0,1.0,1.0,104.0,1000000.0,0.9,1.05,s1s2,b,False,False,False,46.6078,-119.2039,default
4023,0.0,0.0,0.0,0.0,0.0,0.0,0.0062807346820567,0.0035594564973365,0.0034287931349088,0.0019431866847899,0.0,0.0,0.0,0.0,sx2001004b,PQ,1.0,1.0,1.0,104.0,1000000.0,0.9,1.05,s1s2,b,True,True,False,46.6078,-119.2041,default
4024,0.0,0.0,0.0,0.0,0.0,0.0,0.0,0.0,0.0,0.0,0.0,0.0,0.0,0.0,x2001003b,PQ,1.0,1.0,1.0,104.0,1000000.0,0.9,1.05,s1s2,b,False,False,False,46.6082,-119.2033,default
4025,0.0,0.0,0.0,0.0,0.0,0.0,0.0051387088570271,0.002912240612995,0.0074238939927904,0.0042073147532812,0.0,0.0,0.0,0.0,sx2001003b,PQ,1.0,1.0,1.0,104.0,1000000.0,0.9,1.05,s1s2,b,True,True,False,46.6082,-119.2036,default
4026,0.0,0.0,0.0,0.0,0.0,0.0,0.0,0.0,0.0,0.0,0.0,0.0,0.0,0.0,x2001002b,PQ,1.0,1.0,1.0,104.0,1000000.0,0.9,1.05,s1s2,b,False,False,False,46.6086,-119.2028,default
4027,0.0,0.0,0.0,0.0,0.0,0.0,0.0065463039227529,0.0037099615259226,0.0047003696734918,0.0026638223423642,0.0,0.0,0.0,0.0,sx2001002b,PQ,1.0,1.0,1.0,104.0,1000000.0,0.9,1.05,s1s2,b,True,True,False,46.6087,-119.2031,default
4028,0.0,0.0,0.0,0.0,0.0,0.0,0.0,0.0,0.0,0.0,0.0,0.0,0.0,0.0,m2001100,PQ,1.0,1.0,1.0,7199.557856794634,1000000.0,0.9,1.05,abc,,False,False,False,46.60941188,-119.2002113,default
4029,0.0,0.0,0.0,0.0,0.0,0.0,0.0,0.0,0.0,0.0,0.0,0.0,0.0,0.0,m2001200,PQ,1.0,1.0,1.0,7199.557856794634,1000000.0,0.9,1.05,abc,,False,False,False,46.60854068,-119.199167,default
4030,0.0,0.0,0.0,0.0,0.0,0.0,0.0,0.0,0.0,0.0,0.0,0.0,0.0,0.0,m2001201,PQ,1.0,1.0,1.0,7199.557856794634,1000000.0,0.9,1.05,c,,False,False,False,46.60897628,-119.1986448,default
4031,0.0,0.0,0.0,0.0,0.0,0.0,0.0,0.0,0.0,0.0,0.0,0.0,0.0,0.0,d2001201_int,PQ,1.0,1.0,1.0,7199.557856794634,1000000.0,0.9,1.05,c,,False,False,False,46.60941188,-119.1981226,default
4032,0.0,0.0,0.0,0.0,0.0,0.0,0.0,0.0,0.0,0.0,0.0,0.0,0.0,0.0,m2001202,PQ,1.0,1.0,1.0,7199.557856794634,1000000.0,0.9,1.05,c,,False,False,False,46.60984748,-119.1976004,default
4033,0.0,0.0,0.0,0.0,0.0,0.0,0.0,0.0,0.0,0.0,0.0,0.0,0.0,0.0,m2001203,PQ,1.0,1.0,1.0,7199.557856794634,1000000.0,0.9,1.05,c,,False,False,False,46.61028306,-119.1970782,default
4034,0.0,0.0,0.0,0.0,0.0,0.0,0.0,0.0,0.0,0.0,0.0,0.0,0.0,0.0,m2001204,PQ,1.0,1.0,1.0,7199.557856794634,1000000.0,0.9,1.05,c,,False,False,False,46.61071866,-119.1965561,default
4035,0.0,0.0,0.0,0.0,0.0,0.0,0.0,0.0,0.0,0.0,0.0,0.0,0.0,0.0,m2001205,PQ,1.0,1.0,1.0,7199.557856794634,1000000.0,0.9,1.05,c,,False,False,False,46.61115426,-119.1960339,default
4036,0.0,0.0,0.0,0.0,0.0,0.0,0.0,0.0,0.0,0.0,0.0,0.0,0.0,0.0,m2001206,PQ,1.0,1.0,1.0,7199.557856794634,1000000.0,0.9,1.05,c,,False,False,False,46.61158984,-119.1955117,default
4037,0.0,0.0,0.0,0.0,0.0,0.0,0.0,0.0,0.0,0.0,0.0,0.0,0.0,0.0,m2001207,PQ,1.0,1.0,1.0,7199.557856794634,1000000.0,0.9,1.05,c,,False,False,False,46.61202544,-119.1949895,default
4038,0.0,0.0,0.0,0.0,0.0,0.0,0.0,0.0,0.0,0.0,0.0,0.0,0.0,0.0,m2001208,PQ,1.0,1.0,1.0,7199.557856794634,1000000.0,0.9,1.05,c,,False,False,False,46.61246104,-119.1944673,default
4039,0.0,0.0,0.0,0.0,0.0,0.0,0.0,0.0,0.0,0.0,0.0,0.0,0.0,0.0,m2001209,PQ,1.0,1.0,1.0,7199.557856794634,1000000.0,0.9,1.05,c,,False,False,False,46.61289664,-119.1939451,default
4040,0.0,0.0,0.0,0.0,0.0,0.0,0.0,0.0,0.0,0.0,0.0,0.0,0.0,0.0,m2001210,PQ,1.0,1.0,1.0,7199.557856794634,1000000.0,0.9,1.05,c,,False,False,False,46.61333222,-119.193423,default
4041,0.0,0.0,0.0,0.0,0.0,0.0,0.0,0.0,0.0,0.0,0.0,0.0,0.0,0.0,m2001211,PQ,1.0,1.0,1.0,7199.557856794634,1000000.0,0.9,1.05,c,,False,False,False,46.61376782,-119.1929008,default
4042,0.0,0.0,0.0,0.0,0.0,0.0,0.0,0.0,0.0,0.0,0.0,0.0,0.0,0.0,m2001212,PQ,1.0,1.0,1.0,7199.557856794634,1000000.0,0.9,1.05,c,,False,False,False,46.61420342,-119.1923786,default
4043,0.0,0.0,0.0,0.0,0.0,0.0,0.0,0.0,0.0,0.0,0.0,0.0,0.0,0.0,m2001213,PQ,1.0,1.0,1.0,7199.557856794634,1000000.0,0.9,1.05,c,,False,False,False,46.61463902,-119.1918564,default
4044,0.0,0.0,0.0,0.0,0.0,0.0,0.0,0.0,0.0,0.0,0.0,0.0,0.0,0.0,m2001214,PQ,1.0,1.0,1.0,7199.557856794634,1000000.0,0.9,1.05,c,,False,False,False,46.6150746,-119.1913342,default
4045,0.0,0.0,0.0,0.0,0.0,0.0,0.0,0.0,0.0,0.0,0.0,0.0,0.0,0.0,m2001215,PQ,1.0,1.0,1.0,7199.557856794634,1000000.0,0.9,1.05,c,,False,False,False,46.6155102,-119.190812,default
4046,0.0,0.0,0.0,0.0,0.0,0.0,0.0,0.0,0.0,0.0,0.0,0.0,0.0,0.0,x2001215c,PQ,1.0,1.0,1.0,104.0,1000000.0,0.9,1.05,s1s2,c,False,False,False,46.6152,-119.1908,default
4047,0.0,0.0,0.0,0.0,0.0,0.0,0.0103498574084838,0.0058655349724133,0.0110349600413915,0.0062538005544549,0.0,0.0,0.0,0.0,sx2001215c,PQ,1.0,1.0,1.0,104.0,1000000.0,0.9,1.05,s1s2,c,True,True,False,46.6152,-119.1911,default
4048,0.0,0.0,0.0,0.0,0.0,0.0,0.0,0.0,0.0,0.0,0.0,0.0,0.0,0.0,x2001214c,PQ,1.0,1.0,1.0,104.0,1000000.0,0.9,1.05,s1s2,c,False,False,False,46.6147,-119.1913,default
4049,0.0,0.0,0.0,0.0,0.0,0.0,0.0073847983375606,0.0041851584414112,0.0094948522206565,0.0053809811785403,0.0,0.0,0.0,0.0,sx2001214c,PQ,1.0,1.0,1.0,104.0,1000000.0,0.9,1.05,s1s2,c,True,True,False,46.6148,-119.1916,default
4050,0.0,0.0,0.0,0.0,0.0,0.0,0.0,0.0,0.0,0.0,0.0,0.0,0.0,0.0,x2001213c,PQ,1.0,1.0,1.0,104.0,1000000.0,0.9,1.05,s1s2,c,False,False,False,46.6143,-119.1919,default
4051,0.0,0.0,0.0,0.0,0.0,0.0,0.0094985095478445,0.0053830538784294,0.0085809326282881,0.0048630390342108,0.0,0.0,0.0,0.0,sx2001213c,PQ,1.0,1.0,1.0,104.0,1000000.0,0.9,1.05,s1s2,c,True,True,False,46.6143,-119.1921,default
4052,0.0,0.0,0.0,0.0,0.0,0.0,0.0,0.0,0.0,0.0,0.0,0.0,0.0,0.0,x2001212c,PQ,1.0,1.0,1.0,104.0,1000000.0,0.9,1.05,s1s2,c,False,False,False,46.6139,-119.1924,default
4053,0.0,0.0,0.0,0.0,0.0,0.0,0.0094853049879969,0.0053755705097347,0.0083948205204535,0.0047575644345485,0.0,0.0,0.0,0.0,sx2001212c,PQ,1.0,1.0,1.0,104.0,1000000.0,0.9,1.05,s1s2,c,True,True,False,46.6139,-119.1927,default
4054,0.0,0.0,0.0,0.0,0.0,0.0,0.0,0.0,0.0,0.0,0.0,0.0,0.0,0.0,x2001211c,PQ,1.0,1.0,1.0,104.0,1000000.0,0.9,1.05,s1s2,c,False,False,False,46.6134,-119.1929,default
4055,0.0,0.0,0.0,0.0,0.0,0.0,0.0109857400368896,0.0062259062867102,0.012430581180637,0.0070447355517732,0.0,0.0,0.0,0.0,sx2001211c,PQ,1.0,1.0,1.0,104.0,1000000.0,0.9,1.05,s1s2,c,True,True,False,46.6135,-119.1932,default
4056,0.0,0.0,0.0,0.0,0.0,0.0,0.0,0.0,0.0,0.0,0.0,0.0,0.0,0.0,x2001210c,PQ,1.0,1.0,1.0,104.0,1000000.0,0.9,1.05,s1s2,c,False,False,False,46.613,-119.1934,default
4057,0.0,0.0,0.0,0.0,0.0,0.0,0.0034895739247891,0.0019776328558779,0.0099485740904213,0.0056381172445558,0.0,0.0,0.0,0.0,sx2001210c,PQ,1.0,1.0,1.0,104.0,1000000.0,0.9,1.05,s1s2,c,True,True,False,46.613,-119.1937,default
4058,0.0,0.0,0.0,0.0,0.0,0.0,0.0,0.0,0.0,0.0,0.0,0.0,0.0,0.0,x2001209c,PQ,1.0,1.0,1.0,104.0,1000000.0,0.9,1.05,s1s2,c,False,False,False,46.6125,-119.1939,default
4059,0.0,0.0,0.0,0.0,0.0,0.0,0.0079457934127749,0.0045030890354898,0.0059845739709867,0.0033916146645631,0.0,0.0,0.0,0.0,sx2001209c,PQ,1.0,1.0,1.0,104.0,1000000.0,0.9,1.05,s1s2,c,True,True,False,46.6126,-119.1942,default
4060,0.0,0.0,0.0,0.0,0.0,0.0,0.0,0.0,0.0,0.0,0.0,0.0,0.0,0.0,x2001208c,PQ,1.0,1.0,1.0,104.0,1000000.0,0.9,1.05,s1s2,c,False,False,False,46.6121,-119.1945,default
4061,0.0,0.0,0.0,0.0,0.0,0.0,0.006387524036899,0.0036199770141896,0.0054958729606809,0.0031146550187204,0.0,0.0,0.0,0.0,sx2001208c,PQ,1.0,1.0,1.0,104.0,1000000.0,0.9,1.05,s1s2,c,True,True,False,46.6121,-119.1947,default
4062,0.0,0.0,0.0,0.0,0.0,0.0,0.0,0.0,0.0,0.0,0.0,0.0,0.0,0.0,x2001207c,PQ,1.0,1.0,1.0,104.0,1000000.0,0.9,1.05,s1s2,c,False,False,False,46.6117,-119.195,default
4063,0.0,0.0,0.0,0.0,0.0,0.0,0.0054089094580092,0.0030653705319841,0.0034375387689533,0.0019481431762481,0.0,0.0,0.0,0.0,sx2001207c,PQ,1.0,1.0,1.0,104.0,1000000.0,0.9,1.05,s1s2,c,True,True,False,46.6117,-119.1953,default
4064,0.0,0.0,0.0,0.0,0.0,0.0,0.0,0.0,0.0,0.0,0.0,0.0,0.0,0.0,x2001206c,PQ,1.0,1.0,1.0,104.0,1000000.0,0.9,1.05,s1s2,c,False,False,False,46.6112,-119.1955,default
4065,0.0,0.0,0.0,0.0,0.0,0.0,0.0060938506783861,0.0034535446413696,0.0044375330328007,0.0025148660912749,0.0,0.0,0.0,0.0,sx2001206c,PQ,1.0,1.0,1.0,104.0,1000000.0,0.9,1.05,s1s2,c,True,True,False,46.6113,-119.1958,default
4066,0.0,0.0,0.0,0.0,0.0,0.0,0.0,0.0,0.0,0.0,0.0,0.0,0.0,0.0,x2001205c,PQ,1.0,1.0,1.0,104.0,1000000.0,0.9,1.05,s1s2,c,False,False,False,46.6108,-119.196,default
4067,0.0,0.0,0.0,0.0,0.0,0.0,0.0038093457500493,0.0021588559227735,0.0047538648021648,0.0026941395858122,0.0,0.0,0.0,0.0,sx2001205c,PQ,1.0,1.0,1.0,104.0,1000000.0,0.9,1.05,s1s2,c,True,True,False,46.6108,-119.1963,default
4068,0.0,0.0,0.0,0.0,0.0,0.0,0.0,0.0,0.0,0.0,0.0,0.0,0.0,0.0,x2001204c,PQ,1.0,1.0,1.0,104.0,1000000.0,0.9,1.05,s1s2,c,False,False,False,46.6104,-119.1966,default
4069,0.0,0.0,0.0,0.0,0.0,0.0,0.0050959204419899,0.0028879914612284,0.0078495794549296,0.0044485620736236,0.0,0.0,0.0,0.0,sx2001204c,PQ,1.0,1.0,1.0,104.0,1000000.0,0.9,1.05,s1s2,c,True,True,False,46.6104,-119.1968,default
4070,0.0,0.0,0.0,0.0,0.0,0.0,0.0,0.0,0.0,0.0,0.0,0.0,0.0,0.0,x2001203c,PQ,1.0,1.0,1.0,104.0,1000000.0,0.9,1.05,s1s2,c,False,False,False,46.6099,-119.1971,default
4071,0.0,0.0,0.0,0.0,0.0,0.0,0.0079847240246173,0.0045251520304288,0.0080394876269555,0.004556187996639,0.0,0.0,0.0,0.0,sx2001203c,PQ,1.0,1.0,1.0,104.0,1000000.0,0.9,1.05,s1s2,c,True,True,False,46.61,-119.1974,default
4072,0.0,0.0,0.0,0.0,0.0,0.0,0.0,0.0,0.0,0.0,0.0,0.0,0.0,0.0,x2001202c,PQ,1.0,1.0,1.0,104.0,1000000.0,0.9,1.05,s1s2,c,False,False,False,46.6095,-119.1976,default
4073,0.0,0.0,0.0,0.0,0.0,0.0,0.0064857033835741,0.0036756178208053,0.0059384790201947,0.0033654914555779,0.0,0.0,0.0,0.0,sx2001202c,PQ,1.0,1.0,1.0,104.0,1000000.0,0.9,1.05,s1s2,c,True,True,False,46.6095,-119.1979,default
4074,0.0,0.0,0.0,0.0,0.0,0.0,0.0,0.0,0.0,0.0,0.0,0.0,0.0,0.0,m2001300,PQ,1.0,1.0,1.0,7199.557856794634,1000000.0,0.9,1.05,abc,,False,False,False,46.6076695,-119.1981226,default
4075,0.0,0.0,0.0,0.0,0.0,0.0,0.0,0.0,0.0,0.0,0.0,0.0,0.0,0.0,m2001301,PQ,1.0,1.0,1.0,7199.557856794634,1000000.0,0.9,1.05,a,,False,False,False,46.6072339,-119.1986448,default
4076,0.0,0.0,0.0,0.0,0.0,0.0,0.0,0.0,0.0,0.0,0.0,0.0,0.0,0.0,d2001301_int,PQ,1.0,1.0,1.0,7199.557856794634,1000000.0,0.9,1.05,a,,False,False,False,46.6067983,-119.199167,default
4077,0.0,0.0,0.0,0.0,0.0,0.0,0.0,0.0,0.0,0.0,0.0,0.0,0.0,0.0,m2001302,PQ,1.0,1.0,1.0,7199.557856794634,1000000.0,0.9,1.05,a,,False,False,False,46.60636272,-119.1996891,default
4078,0.0,0.0,0.0,0.0,0.0,0.0,0.0,0.0,0.0,0.0,0.0,0.0,0.0,0.0,m2001303,PQ,1.0,1.0,1.0,7199.557856794634,1000000.0,0.9,1.05,a,,False,False,False,46.60592712,-119.2002113,default
4079,0.0,0.0,0.0,0.0,0.0,0.0,0.0,0.0,0.0,0.0,0.0,0.0,0.0,0.0,m2001304,PQ,1.0,1.0,1.0,7199.557856794634,1000000.0,0.9,1.05,a,,False,False,False,46.60549152,-119.2007335,default
4080,0.0,0.0,0.0,0.0,0.0,0.0,0.0,0.0,0.0,0.0,0.0,0.0,0.0,0.0,m2001305,PQ,1.0,1.0,1.0,7199.557856794634,1000000.0,0.9,1.05,a,,False,False,False,46.60505594,-119.2012557,default
4081,0.0,0.0,0.0,0.0,0.0,0.0,0.0,0.0,0.0,0.0,0.0,0.0,0.0,0.0,m2001306,PQ,1.0,1.0,1.0,7199.557856794634,1000000.0,0.9,1.05,a,,False,False,False,46.60462034,-119.2017779,default
4082,0.0,0.0,0.0,0.0,0.0,0.0,0.0,0.0,0.0,0.0,0.0,0.0,0.0,0.0,m2001307,PQ,1.0,1.0,1.0,7199.557856794634,1000000.0,0.9,1.05,a,,False,False,False,46.60418474,-119.2023001,default
4083,0.0,0.0,0.0,0.0,0.0,0.0,0.0,0.0,0.0,0.0,0.0,0.0,0.0,0.0,m2001308,PQ,1.0,1.0,1.0,7199.557856794634,1000000.0,0.9,1.05,a,,False,False,False,46.60374914,-119.2028222,default
4084,0.0,0.0,0.0,0.0,0.0,0.0,0.0,0.0,0.0,0.0,0.0,0.0,0.0,0.0,m2001309,PQ,1.0,1.0,1.0,7199.557856794634,1000000.0,0.9,1.05,a,,False,False,False,46.60331356,-119.2033444,default
4085,0.0,0.0,0.0,0.0,0.0,0.0,0.0,0.0,0.0,0.0,0.0,0.0,0.0,0.0,m2001310,PQ,1.0,1.0,1.0,7199.557856794634,1000000.0,0.9,1.05,a,,False,False,False,46.60287796,-119.2038666,default
4086,0.0,0.0,0.0,0.0,0.0,0.0,0.0,0.0,0.0,0.0,0.0,0.0,0.0,0.0,m2001311,PQ,1.0,1.0,1.0,7199.557856794634,1000000.0,0.9,1.05,a,,False,False,False,46.60244236,-119.2043888,default
4087,0.0,0.0,0.0,0.0,0.0,0.0,0.0,0.0,0.0,0.0,0.0,0.0,0.0,0.0,m2001312,PQ,1.0,1.0,1.0,7199.557856794634,1000000.0,0.9,1.05,a,,False,False,False,46.60200676,-119.204911,default
4088,0.0,0.0,0.0,0.0,0.0,0.0,0.0,0.0,0.0,0.0,0.0,0.0,0.0,0.0,m2001313,PQ,1.0,1.0,1.0,7199.557856794634,1000000.0,0.9,1.05,a,,False,False,False,46.60157118,-119.2054332,default
4089,0.0,0.0,0.0,0.0,0.0,0.0,0.0,0.0,0.0,0.0,0.0,0.0,0.0,0.0,m2001314,PQ,1.0,1.0,1.0,7199.557856794634,1000000.0,0.9,1.05,a,,False,False,False,46.60113558,-119.2059553,default
4090,0.0,0.0,0.0,0.0,0.0,0.0,0.0,0.0,0.0,0.0,0.0,0.0,0.0,0.0,m2001315,PQ,1.0,1.0,1.0,7199.557856794634,1000000.0,0.9,1.05,a,,False,False,False,46.60069998,-119.2064775,default
4091,0.0,0.0,0.0,0.0,0.0,0.0,0.0,0.0,0.0,0.0,0.0,0.0,0.0,0.0,x2001315a,PQ,1.0,1.0,1.0,104.0,1000000.0,0.9,1.05,s1s2,a,False,False,False,46.6003,-119.2065,default
4092,0.0,0.0,0.0,0.0,0.0,0.0,0.0100358894564932,0.0056876004927835,0.0098945373317528,0.0056074925542728,0.0,0.0,0.0,0.0,sx2001315a,PQ,1.0,1.0,1.0,104.0,1000000.0,0.9,1.05,s1s2,a,True,True,False,46.6004,-119.2068,default
4093,0.0,0.0,0.0,0.0,0.0,0.0,0.0,0.0,0.0,0.0,0.0,0.0,0.0,0.0,x2001314a,PQ,1.0,1.0,1.0,104.0,1000000.0,0.9,1.05,s1s2,a,False,False,False,46.6008,-119.206,default
4094,0.0,0.0,0.0,0.0,0.0,0.0,0.0114950982748235,0.0065145722191013,0.0099485751749847,0.0056381172121943,0.0,0.0,0.0,0.0,sx2001314a,PQ,1.0,1.0,1.0,104.0,1000000.0,0.9,1.05,s1s2,a,True,True,False,46.6008,-119.2062,default
4095,0.0,0.0,0.0,0.0,0.0,0.0,0.0,0.0,0.0,0.0,0.0,0.0,0.0,0.0,x2001313a,PQ,1.0,1.0,1.0,104.0,1000000.0,0.9,1.05,s1s2,a,False,False,False,46.6012,-119.2054,default
4096,0.0,0.0,0.0,0.0,0.0,0.0,0.0099847981170819,0.0056586456998908,0.0123870293149455,0.0070200528215465,0.0,0.0,0.0,0.0,sx2001313a,PQ,1.0,1.0,1.0,104.0,1000000.0,0.9,1.05,s1s2,a,True,True,False,46.6013,-119.2057,default
4097,0.0,0.0,0.0,0.0,0.0,0.0,0.0,0.0,0.0,0.0,0.0,0.0,0.0,0.0,x2001312a,PQ,1.0,1.0,1.0,104.0,1000000.0,0.9,1.05,s1s2,a,False,False,False,46.6017,-119.2049,default
4098,0.0,0.0,0.0,0.0,0.0,0.0,0.0064982034098251,0.0036827014701746,0.008039489109398,0.0045561883031572,0.0,0.0,0.0,0.0,sx2001312a,PQ,1.0,1.0,1.0,104.0,1000000.0,0.9,1.05,s1s2,a,True,True,False,46.6017,-119.2052,default
4099,0.0,0.0,0.0,0.0,0.0,0.0,0.0,0.0,0.0,0.0,0.0,0.0,0.0,0.0,x2001311a,PQ,1.0,1.0,1.0,104.0,1000000.0,0.9,1.05,s1s2,a,False,False,False,46.6021,-119.2044,default
4100,0.0,0.0,0.0,0.0,0.0,0.0,0.0080948022543034,0.0045875357074634,0.0079485792371231,0.0045046673072093,0.0,0.0,0.0,0.0,sx2001311a,PQ,1.0,1.0,1.0,104.0,1000000.0,0.9,1.05,s1s2,a,True,True,False,46.6021,-119.2047,default
4101,0.0,0.0,0.0,0.0,0.0,0.0,0.0,0.0,0.0,0.0,0.0,0.0,0.0,0.0,x2001310a,PQ,1.0,1.0,1.0,104.0,1000000.0,0.9,1.05,s1s2,a,False,False,False,46.6025,-119.2039,default
4102,0.0,0.0,0.0,0.0,0.0,0.0,0.0088498527417765,0.005015442527723,0.009298342782337,0.0052696135394952,0.0,0.0,0.0,0.0,sx2001310a,PQ,1.0,1.0,1.0,104.0,1000000.0,0.9,1.05,s1s2,a,True,True,False,46.6026,-119.2041,default
4103,0.0,0.0,0.0,0.0,0.0,0.0,0.0,0.0,0.0,0.0,0.0,0.0,0.0,0.0,x2001309a,PQ,1.0,1.0,1.0,104.0,1000000.0,0.9,1.05,s1s2,a,False,False,False,46.603,-119.2033,default
4104,0.0,0.0,0.0,0.0,0.0,0.0,0.0035463038001587,0.0020097829157593,0.0047003695661896,0.0026638221046026,0.0,0.0,0.0,0.0,sx2001309a,PQ,1.0,1.0,1.0,104.0,1000000.0,0.9,1.05,s1s2,a,True,True,False,46.603,-119.2036,default
4105,0.0,0.0,0.0,0.0,0.0,0.0,0.0,0.0,0.0,0.0,0.0,0.0,0.0,0.0,x2001308a,PQ,1.0,1.0,1.0,104.0,1000000.0,0.9,1.05,s1s2,a,False,False,False,46.6034,-119.2028,default
4106,0.0,0.0,0.0,0.0,0.0,0.0,0.0065463037648988,0.0037099611964445,0.0080950386575974,0.0045876696815244,0.0,0.0,0.0,0.0,sx2001308a,PQ,1.0,1.0,1.0,104.0,1000000.0,0.9,1.05,s1s2,a,True,True,False,46.6034,-119.2031,default
4107,0.0,0.0,0.0,0.0,0.0,0.0,0.0,0.0,0.0,0.0,0.0,0.0,0.0,0.0,x2001307a,PQ,1.0,1.0,1.0,104.0,1000000.0,0.9,1.05,s1s2,a,False,False,False,46.6038,-119.2023,default
4108,0.0,0.0,0.0,0.0,0.0,0.0,0.0064958930191079,0.0036813921104443,0.0074853572235366,0.0042421472995702,0.0,0.0,0.0,0.0,sx2001307a,PQ,1.0,1.0,1.0,104.0,1000000.0,0.9,1.05,s1s2,a,True,True,False,46.6039,-119.2026,default
4109,0.0,0.0,0.0,0.0,0.0,0.0,0.0,0.0,0.0,0.0,0.0,0.0,0.0,0.0,x2001306a,PQ,1.0,1.0,1.0,104.0,1000000.0,0.9,1.05,s1s2,a,False,False,False,46.6043,-119.2018,default
4110,0.0,0.0,0.0,0.0,0.0,0.0,0.0059834569656024,0.0033909812210395,0.0034893429037715,0.0019775016894984,0.0,0.0,0.0,0.0,sx2001306a,PQ,1.0,1.0,1.0,104.0,1000000.0,0.9,1.05,s1s2,a,True,True,False,46.6043,-119.2021,default
4111,0.0,0.0,0.0,0.0,0.0,0.0,0.0,0.0,0.0,0.0,0.0,0.0,0.0,0.0,x2001305a,PQ,1.0,1.0,1.0,104.0,1000000.0,0.9,1.05,s1s2,a,False,False,False,46.6047,-119.2013,default
4112,0.0,0.0,0.0,0.0,0.0,0.0,0.0065463037611377,0.0037099611906759,0.0043094581610618,0.0024422824102007,0.0,0.0,0.0,0.0,sx2001305a,PQ,1.0,1.0,1.0,104.0,1000000.0,0.9,1.05,s1s2,a,True,True,False,46.6047,-119.2015,default
4113,0.0,0.0,0.0,0.0,0.0,0.0,0.0,0.0,0.0,0.0,0.0,0.0,0.0,0.0,x2001304a,PQ,1.0,1.0,1.0,104.0,1000000.0,0.9,1.05,s1s2,a,False,False,False,46.6051,-119.2007,default
4114,0.0,0.0,0.0,0.0,0.0,0.0,0.006280734525924,0.0035594561728007,0.0033448502976672,0.001895613958472,0.0,0.0,0.0,0.0,sx2001304a,PQ,1.0,1.0,1.0,104.0,1000000.0,0.9,1.05,s1s2,a,True,True,False,46.6052,-119.201,default
4115,0.0,0.0,0.0,0.0,0.0,0.0,0.0,0.0,0.0,0.0,0.0,0.0,0.0,0.0,x2001303a,PQ,1.0,1.0,1.0,104.0,1000000.0,0.9,1.05,s1s2,a,False,False,False,46.6056,-119.2002,default
4116,0.0,0.0,0.0,0.0,0.0,0.0,0.0054938732184058,0.0031135213360151,0.0074238938052845,0.0042073143744387,0.0,0.0,0.0,0.0,sx2001303a,PQ,1.0,1.0,1.0,104.0,1000000.0,0.9,1.05,s1s2,a,True,True,False,46.6056,-119.2005,default
4117,0.0,0.0,0.0,0.0,0.0,0.0,0.0,0.0,0.0,0.0,0.0,0.0,0.0,0.0,x2001302a,PQ,1.0,1.0,1.0,104.0,1000000.0,0.9,1.05,s1s2,a,False,False,False,46.606,-119.1997,default
4118,0.0,0.0,0.0,0.0,0.0,0.0,0.0043298742543212,0.0024538527415936,0.0044895727912963,0.0025443580703567,0.0,0.0,0.0,0.0,sx2001302a,PQ,1.0,1.0,1.0,104.0,1000000.0,0.9,1.05,s1s2,a,True,True,False,46.606,-119.2,default
4119,0.0,0.0,0.0,0.0,0.0,0.0,0.0,0.0,0.0,0.0,0.0,0.0,0.0,0.0,m2001400,PQ,1.0,1.0,1.0,7199.557856794634,1000000.0,0.9,1.05,abc,,False,False,False,46.6067983,-119.1970782,default
4120,0.0,0.0,0.0,0.0,0.0,0.0,0.0,0.0,0.0,0.0,0.0,0.0,0.0,0.0,m2001500,PQ,1.0,1.0,1.0,7199.557856794634,1000000.0,0.9,1.05,abc,,False,False,False,46.60592712,-119.1960339,default
4121,0.0,0.0,0.0,0.0,0.0,0.0,0.0,0.0,0.0,0.0,0.0,0.0,0.0,0.0,m2001der480-1,PQ,1.0,1.0,1.0,277.1281292110204,1000000.0,0.9,1.05,abc,,False,False,False,46.60636272,-119.1955117,default
4122,0.0,0.0,0.0,0.0,0.0,0.0,0.0,0.0,0.0,0.0,0.0,0.0,0.0,0.0,m2001der-1,PQ,1.0,1.0,1.0,277.1281292110204,1000000.0,0.9,1.05,abc,,False,False,False,46.6076695,-119.1944673,default
4123,0.0,0.0,0.0,0.0,0.0,0.0,0.0,0.0,0.0,0.0,0.0,0.0,0.0,0.0,m2001-mt1,PQ,1.0,1.0,1.0,277.1281292110204,1000000.0,0.9,1.05,abc,,True,False,False,46.6081051,-119.1939451,default
4124,0.0,0.0,0.0,0.0,0.0,0.0,0.0,0.0,0.0,0.0,0.0,0.0,0.0,0.0,m2001der-2,PQ,1.0,1.0,1.0,277.1281292110204,1000000.0,0.9,1.05,abc,,False,False,False,46.60636272,-119.1944673,default
4125,0.0,0.0,0.0,0.0,0.0,0.0,0.0,0.0,0.0,0.0,0.0,0.0,0.0,0.0,m2001-mt2,PQ,1.0,1.0,1.0,277.1281292110204,1000000.0,0.9,1.05,abc,,True,False,False,46.60636272,-119.1939451,default
4126,0.0,0.0,0.0,0.0,0.0,0.0,0.0,0.0,0.0,0.0,0.0,0.0,0.0,0.0,m2001der-3,PQ,1.0,1.0,1.0,277.1281292110204,1000000.0,0.9,1.05,abc,,False,False,False,46.60505594,-119.1944673,default
4127,0.0,0.0,0.0,0.0,0.0,0.0,0.0,0.0,0.0,0.0,0.0,0.0,0.0,0.0,m2001-mt3,PQ,1.0,1.0,1.0,277.1281292110204,1000000.0,0.9,1.05,abc,,True,False,False,46.60462034,-119.1939451,default
4128,0.0,0.0,0.0,0.0,0.0,0.0,0.0,0.0,0.0,0.0,0.0,0.0,0.0,0.0,m2001der480-2,PQ,1.0,1.0,1.0,277.1281292110204,1000000.0,0.9,1.05,abc,,False,False,False,46.60549152,-119.1965561,default
4129,0.0,0.0,0.0,0.0,0.0,0.0,0.0,0.0,0.0,0.0,0.0,0.0,0.0,0.0,m2001der-4,PQ,1.0,1.0,1.0,277.1281292110204,1000000.0,0.9,1.05,abc,,False,False,False,46.60505594,-119.1970782,default
4130,0.0,0.0,0.0,0.0,0.0,0.0,0.0,0.0,0.0,0.0,0.0,0.0,0.0,0.0,m2001-ess1,PQ,1.0,1.0,1.0,277.1281292110204,1000000.0,0.9,1.05,abc,,False,False,False,46.60462034,-119.1976004,default
4131,0.0,0.0,0.0,0.0,0.0,0.0,0.0,0.0,0.0,0.0,0.0,0.0,0.0,0.0,m2001der-5,PQ,1.0,1.0,1.0,277.1281292110204,1000000.0,0.9,1.05,abc,,False,False,False,46.605,-119.196,default
4132,0.0,0.0,0.0,0.0,0.0,0.0,0.0,0.0,0.0,0.0,0.0,0.0,0.0,0.0,m2001-ess2,PQ,1.0,1.0,1.0,277.1281292110204,1000000.0,0.9,1.05,abc,,False,False,False,46.6045,-119.1955,default
4133,0.0,0.0,0.0,0.0,0.0,0.0,0.0,0.0,0.0,0.0,0.0,0.0,0.0,0.0,x2001400c,PQ,1.0,1.0,1.0,104.0,1000000.0,0.9,1.05,s1s2,c,False,False,False,46.6064,-119.1971,default
4134,0.0,0.0,0.0,0.0,0.0,0.0,0.0188111290487799,0.0106607589723425,0.0217088929159728,0.0123029975198552,0.0,0.0,0.0,0.0,sx2001400c,PQ,1.0,1.0,1.0,104.0,1000000.0,0.9,1.05,s1s2,c,True,True,False,46.6065,-119.1974,default
4135,0.0,0.0,0.0,0.0,0.0,0.0,0.0,0.0,0.0,0.0,0.0,0.0,0.0,0.0,x3122849b,PQ,1.0,1.0,1.0,104.0,1000000.0,0.9,1.05,s1s2,b,False,False,False,46.6208,-119.2102,default
4136,0.0,0.0,0.0,0.0,0.0,0.0,0.0017366903546889,0.00043525566534,0.0041033097490657,0.0010283864440965,0.0,0.0,0.0,0.0,sx3122849b,PQ,1.0,1.0,1.0,104.0,1000000.0,0.9,1.05,s1s2,b,False,True,False,46.6209,-119.2105,default
4137,0.0,0.0,0.0,0.0,0.0,0.0,0.0,0.0,0.0,0.0,0.0,0.0,0.0,0.0,x2691954b,PQ,1.0,1.0,1.0,104.0,1000000.0,0.9,1.05,s1s2,b,False,False,False,46.6214,-119.2093,default
4138,0.0,0.0,0.0,0.0,0.0,0.0,0.0053446991019668,0.0013395079671185,0.0043853010721517,0.0010990601356764,0.0,0.0,0.0,0.0,sx2691954b,PQ,1.0,1.0,1.0,104.0,1000000.0,0.9,1.05,s1s2,b,False,True,False,46.6214,-119.2096,default
4139,0.0,0.0,0.0,0.0,0.0,0.0,0.0,0.0,0.0,0.0,0.0,0.0,0.0,0.0,l2766750,PQ,1.0,1.0,1.0,7199.557856794634,1000000.0,0.9,1.05,c,,False,False,False,46.62295142,-119.2088625,default
4140,0.0,0.0,0.0,0.0,0.0,0.0,0.0,0.0,0.0,0.0,0.0,0.0,0.0,0.0,x2766750c,PQ,1.0,1.0,1.0,104.0,1000000.0,0.9,1.05,s1s2,c,False,False,False,46.6226,-119.2089,default
4141,0.0,0.0,0.0,0.0,0.0,0.0,0.009893240905526,0.0024794803496924,0.0053667593812853,0.0013450369285198,0.0,0.0,0.0,0.0,sx2766750c,PQ,1.0,1.0,1.0,104.0,1000000.0,0.9,1.05,s1s2,c,True,True,False,46.6226,-119.2091,default
4142,0.0,0.0,0.0,0.0,0.0,0.0,0.0,0.0,0.0,0.0,0.0,0.0,0.0,0.0,x2763153a,PQ,1.0,1.0,1.0,104.0,1000000.0,0.9,1.05,s1s2,a,False,False,False,46.6227,-119.2072,default
4143,0.0,0.0,0.0,0.0,0.0,0.0,0.0027826269993159,0.0006973920120846,0.0060873728811919,0.0015256393380446,0.0,0.0,0.0,0.0,sx2763153a,PQ,1.0,1.0,1.0,104.0,1000000.0,0.9,1.05,s1s2,a,False,True,False,46.6228,-119.2074,default
4144,0.0,0.0,0.0,0.0,0.0,0.0,0.0,0.0,0.0,0.0,0.0,0.0,0.0,0.0,hvmv69sub1_hsb,PQ,1.0,1.0,1.0,39837.16857408418,1000000.0,0.9,1.05,abc,,False,False,False,46.69391722,-119.0727987,default
4145,0.0,0.0,0.0,0.0,0.0,0.0,0.0,0.0,0.0,0.0,0.0,0.0,0.0,0.0,regxfmr_hvmv11sub1_lsb,PQ,1.0,1.0,1.0,7199.557856794634,1000000.0,0.9,1.05,abc,,False,False,False,46.69348162,-119.0733209,default
4146,0.0,0.0,0.0,0.0,0.0,0.0,0.0,0.0,0.0,0.0,0.0,0.0,0.0,0.0,hvmv11sub1_lsb,PQ,1.0,1.0,1.0,7199.557856794634,1000000.0,0.9,1.05,abc,,False,False,False,46.69304604,-119.0738431,default
4147,0.0,0.0,0.0,0.0,0.0,0.0,0.0,0.0,0.0,0.0,0.0,0.0,0.0,0.0,hvmv_sub1_48332,PQ,1.0,1.0,1.0,7199.557856794634,1000000.0,0.9,1.05,abc,,False,False,False,46.69261044,-119.0743653,default
4148,0.0,0.0,0.0,0.0,0.0,0.0,0.0,0.0,0.0,0.0,0.0,0.0,0.0,0.0,d5710794-3_int,PQ,1.0,1.0,1.0,7199.557856794634,1000000.0,0.9,1.05,abc,,False,False,False,46.69217484,-119.0748875,default
4149,0.0,0.0,0.0,0.0,0.0,0.0,0.0,0.0,0.0,0.0,0.0,0.0,0.0,0.0,e192860,PQ,1.0,1.0,1.0,7199.557856794634,1000000.0,0.9,1.05,abc,,False,False,False,46.69173926,-119.0754097,default
4150,0.0,0.0,0.0,0.0,0.0,0.0,0.0,0.0,0.0,0.0,0.0,0.0,0.0,0.0,m1209817,PQ,1.0,1.0,1.0,7199.557856794634,1000000.0,0.9,1.05,abc,,False,False,False,46.69164238,-119.0758362,default
4151,0.0,0.0,0.0,0.0,0.0,0.0,0.0,0.0,0.0,0.0,0.0,0.0,0.0,0.0,l2801909,PQ,1.0,1.0,1.0,7199.557856794634,1000000.0,0.9,1.05,abc,,False,False,False,46.69128624,-119.0759062,default
4152,0.0,0.0,0.0,0.0,0.0,0.0,0.0,0.0,0.0,0.0,0.0,0.0,0.0,0.0,m1209814,PQ,1.0,1.0,1.0,7199.557856794634,1000000.0,0.9,1.05,abc,,False,False,False,46.69030928,-119.0760983,default
4153,0.0,0.0,0.0,0.0,0.0,0.0,0.0,0.0,0.0,0.0,0.0,0.0,0.0,0.0,m1209811,PQ,1.0,1.0,1.0,7199.557856794634,1000000.0,0.9,1.05,abc,,False,False,False,46.68880242,-119.0764049,default
4154,0.0,0.0,0.0,0.0,0.0,0.0,0.0,0.0,0.0,0.0,0.0,0.0,0.0,0.0,m1209807,PQ,1.0,1.0,1.0,7199.557856794634,1000000.0,0.9,1.05,abc,,False,False,False,46.68707638,-119.0767661,default
4155,0.0,0.0,0.0,0.0,0.0,0.0,0.0,0.0,0.0,0.0,0.0,0.0,0.0,0.0,m1209805,PQ,1.0,1.0,1.0,7199.557856794634,1000000.0,0.9,1.05,abc,,False,False,False,46.6870583,-119.0775224,default
4156,0.0,0.0,0.0,0.0,0.0,0.0,0.0,0.0,0.0,0.0,0.0,0.0,0.0,0.0,l2823592,PQ,1.0,1.0,1.0,7199.557856794634,1000000.0,0.9,1.05,abc,,False,False,False,46.68625512,-119.0790532,default
4157,0.0,0.0,0.0,0.0,0.0,0.0,0.0,0.0,0.0,0.0,0.0,0.0,0.0,0.0,l2823592_cap,PQ,1.0,1.0,1.0,7199.557856794634,1000000.0,0.9,1.05,abc,,False,False,False,46.68625,-119.079055,default
4158,0.0,0.0,0.0,0.0,0.0,0.0,0.0,0.0,0.0,0.0,0.0,0.0,0.0,0.0,r20185,PQ,1.0,1.0,1.0,7199.557856794634,1000000.0,0.9,1.05,abc,,False,False,True,46.68625238,-119.0790649,default
4159,0.0,0.0,0.0,0.0,0.0,0.0,0.0,0.0,0.0,0.0,0.0,0.0,0.0,0.0,d5513564-1_int,PQ,1.0,1.0,1.0,7199.557856794634,1000000.0,0.9,1.05,abc,,False,False,False,46.68585872,-119.079326,default
4160,0.0,0.0,0.0,0.0,0.0,0.0,0.0,0.0,0.0,0.0,0.0,0.0,0.0,0.0,e192201,PQ,1.0,1.0,1.0,7199.557856794634,1000000.0,0.9,1.05,abc,,False,False,False,46.68576734,-119.0800287,default
4161,0.0,0.0,0.0,0.0,0.0,0.0,0.0,0.0,0.0,0.0,0.0,0.0,0.0,0.0,m1209800,PQ,1.0,1.0,1.0,7199.557856794634,1000000.0,0.9,1.05,abc,,False,False,False,46.68533204,-119.0808273,default
4162,0.0,0.0,0.0,0.0,0.0,0.0,0.0,0.0,0.0,0.0,0.0,0.0,0.0,0.0,l2839332,PQ,1.0,1.0,1.0,7199.557856794634,1000000.0,0.9,1.05,c,,False,False,False,46.6861094,-119.0807156,default
4163,0.0,0.0,0.0,0.0,0.0,0.0,0.0,0.0,0.0,0.0,0.0,0.0,0.0,0.0,m1209797,PQ,1.0,1.0,1.0,7199.557856794634,1000000.0,0.9,1.05,abc,,False,False,False,46.68476974,-119.0819293,default
4164,0.0,0.0,0.0,0.0,0.0,0.0,0.0,0.0,0.0,0.0,0.0,0.0,0.0,0.0,m1209791,PQ,1.0,1.0,1.0,7199.557856794634,1000000.0,0.9,1.05,abc,,False,False,False,46.68432474,-119.0829379,default
4165,0.0,0.0,0.0,0.0,0.0,0.0,0.0,0.0,0.0,0.0,0.0,0.0,0.0,0.0,m1209790,PQ,1.0,1.0,1.0,7199.557856794634,1000000.0,0.9,1.05,abc,,False,False,False,46.68393902,-119.0837637,default
4166,0.0,0.0,0.0,0.0,0.0,0.0,0.0,0.0,0.0,0.0,0.0,0.0,0.0,0.0,m1209788,PQ,1.0,1.0,1.0,7199.557856794634,1000000.0,0.9,1.05,abc,,False,False,False,46.68360496,-119.0846939,default
4167,0.0,0.0,0.0,0.0,0.0,0.0,0.0,0.0,0.0,0.0,0.0,0.0,0.0,0.0,m1209787,PQ,1.0,1.0,1.0,7199.557856794634,1000000.0,0.9,1.05,abc,,False,False,False,46.68298864,-119.0863755,default
4168,0.0,0.0,0.0,0.0,0.0,0.0,0.0,0.0,0.0,0.0,0.0,0.0,0.0,0.0,l2823611,PQ,1.0,1.0,1.0,7199.557856794634,1000000.0,0.9,1.05,abc,,False,False,False,46.68227766,-119.088328,default
4169,0.0,0.0,0.0,0.0,0.0,0.0,0.0,0.0,0.0,0.0,0.0,0.0,0.0,0.0,l3030204,PQ,1.0,1.0,1.0,7199.557856794634,1000000.0,0.9,1.05,abc,,False,False,False,46.6816312,-119.0895302,default
4170,0.0,0.0,0.0,0.0,0.0,0.0,0.0,0.0,0.0,0.0,0.0,0.0,0.0,0.0,m1186072,PQ,1.0,1.0,1.0,7199.557856794634,1000000.0,0.9,1.05,abc,,False,False,False,46.68128498,-119.0900308,default
4171,0.0,0.0,0.0,0.0,0.0,0.0,0.0,0.0,0.0,0.0,0.0,0.0,0.0,0.0,d6048634-1_int,PQ,1.0,1.0,1.0,7199.557856794634,1000000.0,0.9,1.05,abc,,False,False,False,46.68084938,-119.0908141,default
4172,0.0,0.0,0.0,0.0,0.0,0.0,0.0,0.0,0.0,0.0,0.0,0.0,0.0,0.0,m1186067,PQ,1.0,1.0,1.0,7199.557856794634,1000000.0,0.9,1.05,abc,,False,False,False,46.68073852,-119.0910683,default
4173,0.0,0.0,0.0,0.0,0.0,0.0,0.0,0.0,0.0,0.0,0.0,0.0,0.0,0.0,m3032980,PQ,1.0,1.0,1.0,7199.557856794634,1000000.0,0.9,1.05,abc,,False,False,False,46.68033208,-119.0917758,default
4174,0.0,0.0,0.0,0.0,0.0,0.0,0.0,0.0,0.0,0.0,0.0,0.0,0.0,0.0,m3032977,PQ,1.0,1.0,1.0,7199.557856794634,1000000.0,0.9,1.05,abc,,False,False,False,46.68104588,-119.0960884,default
4175,0.0,0.0,0.0,0.0,0.0,0.0,0.0,0.0,0.0,0.0,0.0,0.0,0.0,0.0,m1166366,PQ,1.0,1.0,1.0,7199.557856794634,1000000.0,0.9,1.05,abc,,False,False,False,46.68152696,-119.1013242,default
4176,0.0,0.0,0.0,0.0,0.0,0.0,0.0,0.0,0.0,0.0,0.0,0.0,0.0,0.0,m1166368,PQ,1.0,1.0,1.0,7199.557856794634,1000000.0,0.9,1.05,abc,,False,False,False,46.68161568,-119.1020214,default
4177,0.0,0.0,0.0,0.0,0.0,0.0,0.0,0.0,0.0,0.0,0.0,0.0,0.0,0.0,l2973833,PQ,1.0,1.0,1.0,7199.557856794634,1000000.0,0.9,1.05,abc,,False,False,False,46.68181916,-119.1038052,default
4178,0.0,0.0,0.0,0.0,0.0,0.0,0.0,0.0,0.0,0.0,0.0,0.0,0.0,0.0,m1166373,PQ,1.0,1.0,1.0,7199.557856794634,1000000.0,0.9,1.05,abc,,False,False,False,46.68186144,-119.1045127,default
4179,0.0,0.0,0.0,0.0,0.0,0.0,0.0,0.0,0.0,0.0,0.0,0.0,0.0,0.0,m1166369,PQ,1.0,1.0,1.0,7199.557856794634,1000000.0,0.9,1.05,a,,False,False,False,46.68176208,-119.1046384,default
4180,0.0,0.0,0.0,0.0,0.0,0.0,0.0,0.0,0.0,0.0,0.0,0.0,0.0,0.0,l2839305,PQ,1.0,1.0,1.0,7199.557856794634,1000000.0,0.9,1.05,a,,False,False,False,46.68116646,-119.1051966,default
4181,0.0,0.0,0.0,0.0,0.0,0.0,0.0,0.0,0.0,0.0,0.0,0.0,0.0,0.0,m1166361,PQ,1.0,1.0,1.0,7199.557856794634,1000000.0,0.9,1.05,a,,False,False,False,46.68086428,-119.106887,default
4182,0.0,0.0,0.0,0.0,0.0,0.0,0.0,0.0,0.0,0.0,0.0,0.0,0.0,0.0,l2692661,PQ,1.0,1.0,1.0,7199.557856794634,1000000.0,0.9,1.05,a,,False,False,False,46.68176252,-119.107378,default
4183,0.0,0.0,0.0,0.0,0.0,0.0,0.0,0.0,0.0,0.0,0.0,0.0,0.0,0.0,x2692661a,PQ,1.0,1.0,1.0,104.0,1000000.0,0.9,1.05,s1s2,a,False,False,False,46.6814,-119.1074,default
4184,0.0,0.0,0.0,0.0,0.0,0.0,0.0086668897489856,0.0021721272282758,0.0002031101798108,5.090420734755594e-05,0.0,0.0,0.0,0.0,sx2692661a,PQ,1.0,1.0,1.0,104.0,1000000.0,0.9,1.05,s1s2,a,False,True,False,46.6814,-119.1077,default
4185,0.0,0.0,0.0,0.0,0.0,0.0,0.0,0.0,0.0,0.0,0.0,0.0,0.0,0.0,l2989600,PQ,1.0,1.0,1.0,7199.557856794634,1000000.0,0.9,1.05,a,,False,False,False,46.68098334,-119.1071373,default
4186,0.0,0.0,0.0,0.0,0.0,0.0,0.0,0.0,0.0,0.0,0.0,0.0,0.0,0.0,m1166362,PQ,1.0,1.0,1.0,7199.557856794634,1000000.0,0.9,1.05,a,,False,False,False,46.68103922,-119.108839,default
4187,0.0,0.0,0.0,0.0,0.0,0.0,0.0,0.0,0.0,0.0,0.0,0.0,0.0,0.0,l2898522,PQ,1.0,1.0,1.0,7199.557856794634,1000000.0,0.9,1.05,a,,False,False,False,46.68176404,-119.1096385,default
4188,0.0,0.0,0.0,0.0,0.0,0.0,0.0,0.0,0.0,0.0,0.0,0.0,0.0,0.0,x2898522a,PQ,1.0,1.0,1.0,104.0,1000000.0,0.9,1.05,s1s2,a,False,False,False,46.6814,-119.1096,default
4189,0.0,0.0,0.0,0.0,0.0,0.0,0.0044483288523903,0.0011148562530283,0.004421671084118,0.0011081751868115,0.0,0.0,0.0,0.0,sx2898522a,PQ,1.0,1.0,1.0,104.0,1000000.0,0.9,1.05,s1s2,a,False,True,False,46.6814,-119.1099,default
4190,0.0,0.0,0.0,0.0,0.0,0.0,0.0,0.0,0.0,0.0,0.0,0.0,0.0,0.0,m1166355,PQ,1.0,1.0,1.0,7199.557856794634,1000000.0,0.9,1.05,a,,False,False,False,46.67980144,-119.109635,default
4191,0.0,0.0,0.0,0.0,0.0,0.0,0.0,0.0,0.0,0.0,0.0,0.0,0.0,0.0,l2805035,PQ,1.0,1.0,1.0,7199.557856794634,1000000.0,0.9,1.05,a,,False,False,False,46.67887444,-119.1097583,default
4192,0.0,0.0,0.0,0.0,0.0,0.0,0.0,0.0,0.0,0.0,0.0,0.0,0.0,0.0,l2858200,PQ,1.0,1.0,1.0,7199.557856794634,1000000.0,0.9,1.05,a,,False,False,False,46.6782843,-119.1092078,default
4193,0.0,0.0,0.0,0.0,0.0,0.0,0.0,0.0,0.0,0.0,0.0,0.0,0.0,0.0,x2839305a,PQ,1.0,1.0,1.0,104.0,1000000.0,0.9,1.05,s1s2,a,False,False,False,46.6808,-119.1052,default
4194,0.0,0.0,0.0,0.0,0.0,0.0,0.0033249777809429,0.0008333179493739,0.0019950221839693,0.0004999996708032,0.0,0.0,0.0,0.0,sx2839305a,PQ,1.0,1.0,1.0,104.0,1000000.0,0.9,1.05,s1s2,a,True,True,False,46.6809,-119.1055,default
4195,0.0,0.0,0.0,0.0,0.0,0.0,0.0,0.0,0.0,0.0,0.0,0.0,0.0,0.0,p829978,PQ,1.0,1.0,1.0,7199.557856794634,1000000.0,0.9,1.05,a,,False,False,False,46.68170442,-119.1046204,default
4196,0.0,0.0,0.0,0.0,0.0,0.0,0.0,0.0,0.0,0.0,0.0,0.0,0.0,0.0,l2992656,PQ,1.0,1.0,1.0,7199.557856794634,1000000.0,0.9,1.05,a,,False,False,False,46.68093756,-119.1043812,default
4197,0.0,0.0,0.0,0.0,0.0,0.0,0.0,0.0,0.0,0.0,0.0,0.0,0.0,0.0,m1166356,PQ,1.0,1.0,1.0,7199.557856794634,1000000.0,0.9,1.05,a,,False,False,False,46.68011148,-119.1041407,default
4198,0.0,0.0,0.0,0.0,0.0,0.0,0.0,0.0,0.0,0.0,0.0,0.0,0.0,0.0,l2727019,PQ,1.0,1.0,1.0,7199.557856794634,1000000.0,0.9,1.05,a,,False,False,False,46.67923582,-119.1040989,default
4199,0.0,0.0,0.0,0.0,0.0,0.0,0.0,0.0,0.0,0.0,0.0,0.0,0.0,0.0,l2730187,PQ,1.0,1.0,1.0,7199.557856794634,1000000.0,0.9,1.05,a,,False,False,False,46.68016964,-119.1032706,default
4200,0.0,0.0,0.0,0.0,0.0,0.0,0.0,0.0,0.0,0.0,0.0,0.0,0.0,0.0,x2730187a,PQ,1.0,1.0,1.0,104.0,1000000.0,0.9,1.05,s1s2,a,False,False,False,46.6798,-119.1033,default
4201,0.0,0.0,0.0,0.0,0.0,0.0,0.0017419041760152,0.0004365623202778,0.011558095716243,0.0028967317157432,0.0,0.0,0.0,0.0,sx2730187a,PQ,1.0,1.0,1.0,104.0,1000000.0,0.9,1.05,s1s2,a,False,True,False,46.6799,-119.1036,default
4202,0.0,0.0,0.0,0.0,0.0,0.0,0.0,0.0,0.0,0.0,0.0,0.0,0.0,0.0,l3104856,PQ,1.0,1.0,1.0,7199.557856794634,1000000.0,0.9,1.05,a,,False,False,False,46.67933094,-119.1051724,default
4203,0.0,0.0,0.0,0.0,0.0,0.0,0.0,0.0,0.0,0.0,0.0,0.0,0.0,0.0,x3104856a,PQ,1.0,1.0,1.0,104.0,1000000.0,0.9,1.05,s1s2,a,False,False,False,46.679,-119.1052,default
4204,0.0,0.0,0.0,0.0,0.0,0.0,0.0026828077962949,0.0006723749854043,0.0026371921664924,0.0006609426314199,0.0,0.0,0.0,0.0,sx3104856a,PQ,1.0,1.0,1.0,104.0,1000000.0,0.9,1.05,s1s2,a,False,True,False,46.679,-119.1055,default
4205,0.0,0.0,0.0,0.0,0.0,0.0,0.0,0.0,0.0,0.0,0.0,0.0,0.0,0.0,x2992656a,PQ,1.0,1.0,1.0,104.0,1000000.0,0.9,1.05,s1s2,a,False,False,False,46.6806,-119.1044,default
4206,0.0,0.0,0.0,0.0,0.0,0.0,0.0070831532607057,0.0017752054683449,0.0062168466414244,0.0015580885729488,0.0,0.0,0.0,0.0,sx2992656a,PQ,1.0,1.0,1.0,104.0,1000000.0,0.9,1.05,s1s2,a,False,True,False,46.6806,-119.1047,default
4207,0.0,0.0,0.0,0.0,0.0,0.0,0.0,0.0,0.0,0.0,0.0,0.0,0.0,0.0,m1166374,PQ,1.0,1.0,1.0,7199.557856794634,1000000.0,0.9,1.05,abc,,False,False,False,46.68187098,-119.1046724,default
4208,0.0,0.0,0.0,0.0,0.0,0.0,0.0,0.0,0.0,0.0,0.0,0.0,0.0,0.0,l2786266,PQ,1.0,1.0,1.0,7199.557856794634,1000000.0,0.9,1.05,abc,,False,False,False,46.68199478,-119.1058218,default
4209,0.0,0.0,0.0,0.0,0.0,0.0,0.0,0.0,0.0,0.0,0.0,0.0,0.0,0.0,m1166375,PQ,1.0,1.0,1.0,7199.557856794634,1000000.0,0.9,1.05,abc,,False,False,False,46.68205734,-119.1064092,default
4210,0.0,0.0,0.0,0.0,0.0,0.0,0.0,0.0,0.0,0.0,0.0,0.0,0.0,0.0,l2842383,PQ,1.0,1.0,1.0,7199.557856794634,1000000.0,0.9,1.05,abc,,False,False,False,46.68237166,-119.1080248,default
4211,0.0,0.0,0.0,0.0,0.0,0.0,0.0,0.0,0.0,0.0,0.0,0.0,0.0,0.0,d6023352-1_int,PQ,1.0,1.0,1.0,7199.557856794634,1000000.0,0.9,1.05,abc,,False,False,False,46.68236962,-119.1084638,default
4212,0.0,0.0,0.0,0.0,0.0,0.0,0.0,0.0,0.0,0.0,0.0,0.0,0.0,0.0,e184626,PQ,1.0,1.0,1.0,7199.557856794634,1000000.0,0.9,1.05,abc,,False,False,False,46.6823701,-119.1089321,default
4213,0.0,0.0,0.0,0.0,0.0,0.0,0.0,0.0,0.0,0.0,0.0,0.0,0.0,0.0,m1166377,PQ,1.0,1.0,1.0,7199.557856794634,1000000.0,0.9,1.05,abc,,False,False,False,46.68236204,-119.1091086,default
4214,0.0,0.0,0.0,0.0,0.0,0.0,0.0,0.0,0.0,0.0,0.0,0.0,0.0,0.0,m1166376,PQ,1.0,1.0,1.0,7199.557856794634,1000000.0,0.9,1.05,abc,,False,False,False,46.68233676,-119.1096861,default
4215,0.0,0.0,0.0,0.0,0.0,0.0,0.0,0.0,0.0,0.0,0.0,0.0,0.0,0.0,l2842384,PQ,1.0,1.0,1.0,7199.557856794634,1000000.0,0.9,1.05,abc,,False,False,False,46.68233284,-119.1097759,default
4216,0.0,0.0,0.0,0.0,0.0,0.0,0.0,0.0,0.0,0.0,0.0,0.0,0.0,0.0,m1149236,PQ,1.0,1.0,1.0,7199.557856794634,1000000.0,0.9,1.05,abc,,False,False,False,46.68226664,-119.1109343,default
4217,0.0,0.0,0.0,0.0,0.0,0.0,0.0,0.0,0.0,0.0,0.0,0.0,0.0,0.0,m1149235,PQ,1.0,1.0,1.0,7199.557856794634,1000000.0,0.9,1.05,abc,,False,False,False,46.68224172,-119.1116456,default
4218,0.0,0.0,0.0,0.0,0.0,0.0,0.0,0.0,0.0,0.0,0.0,0.0,0.0,0.0,d5563942-4_int,PQ,1.0,1.0,1.0,7199.557856794634,1000000.0,0.9,1.05,abc,,False,False,False,46.6822215,-119.1119625,default
4219,0.0,0.0,0.0,0.0,0.0,0.0,0.0,0.0,0.0,0.0,0.0,0.0,0.0,0.0,q16483,PQ,1.0,1.0,1.0,7199.557856794634,1000000.0,0.9,1.05,abc,,False,False,False,46.6822,-119.1121,default
4220,0.0,0.0,0.0,0.0,0.0,0.0,0.0,0.0,0.0,0.0,0.0,0.0,0.0,0.0,q16483_cap,PQ,1.0,1.0,1.0,7199.557856794634,1000000.0,0.9,1.05,abc,,False,False,False,46.6822,-119.1122,default
4221,0.0,0.0,0.0,0.0,0.0,0.0,0.0,0.0,0.0,0.0,0.0,0.0,0.0,0.0,r42247,PQ,1.0,1.0,1.0,7199.557856794634,1000000.0,0.9,1.05,abc,,False,False,True,46.6822144,-119.1122683,default
4222,0.0,0.0,0.0,0.0,0.0,0.0,0.0,0.0,0.0,0.0,0.0,0.0,0.0,0.0,m1149233,PQ,1.0,1.0,1.0,7199.557856794634,1000000.0,0.9,1.05,abc,,False,False,False,46.68218458,-119.1129483,default
4223,0.0,0.0,0.0,0.0,0.0,0.0,0.0,0.0,0.0,0.0,0.0,0.0,0.0,0.0,l3048965,PQ,1.0,1.0,1.0,7199.557856794634,1000000.0,0.9,1.05,abc,,False,False,False,46.6820779,-119.114612,default
4224,0.0,0.0,0.0,0.0,0.0,0.0,0.0,0.0,0.0,0.0,0.0,0.0,0.0,0.0,m1142843,PQ,1.0,1.0,1.0,7199.557856794634,1000000.0,0.9,1.05,abc,,False,False,False,46.6819893,-119.1154851,default
4225,0.0,0.0,0.0,0.0,0.0,0.0,0.0,0.0,0.0,0.0,0.0,0.0,0.0,0.0,l2692660,PQ,1.0,1.0,1.0,7199.557856794634,1000000.0,0.9,1.05,a,,False,False,False,46.68274862,-119.1149293,default
4226,0.0,0.0,0.0,0.0,0.0,0.0,0.0,0.0,0.0,0.0,0.0,0.0,0.0,0.0,l2955076,PQ,1.0,1.0,1.0,7199.557856794634,1000000.0,0.9,1.05,a,,False,False,False,46.68482166,-119.1154831,default
4227,0.0,0.0,0.0,0.0,0.0,0.0,0.0,0.0,0.0,0.0,0.0,0.0,0.0,0.0,x2955076a,PQ,1.0,1.0,1.0,104.0,1000000.0,0.9,1.05,s1s2,a,False,False,False,46.6845,-119.1155,default
4228,0.0,0.0,0.0,0.0,0.0,0.0,0.0049304567961778,0.0012356888952576,0.0003895431585096,9.762871389142522e-05,0.0,0.0,0.0,0.0,sx2955076a,PQ,1.0,1.0,1.0,104.0,1000000.0,0.9,1.05,s1s2,a,False,True,False,46.6845,-119.1158,default
4229,0.0,0.0,0.0,0.0,0.0,0.0,0.0,0.0,0.0,0.0,0.0,0.0,0.0,0.0,x2692660a,PQ,1.0,1.0,1.0,104.0,1000000.0,0.9,1.05,s1s2,a,False,False,False,46.6824,-119.1149,default
4230,0.0,0.0,0.0,0.0,0.0,0.0,0.0026923521214643,0.0006747670174796,0.0150476477078056,0.0037712958313999,0.0,0.0,0.0,0.0,sx2692660a,PQ,1.0,1.0,1.0,104.0,1000000.0,0.9,1.05,s1s2,a,False,True,False,46.6824,-119.1152,default
4231,0.0,0.0,0.0,0.0,0.0,0.0,0.0,0.0,0.0,0.0,0.0,0.0,0.0,0.0,l2955077,PQ,1.0,1.0,1.0,7199.557856794634,1000000.0,0.9,1.05,abc,,False,False,False,46.68259678,-119.1165373,default
4232,0.0,0.0,0.0,0.0,0.0,0.0,0.0,0.0,0.0,0.0,0.0,0.0,0.0,0.0,m1142851,PQ,1.0,1.0,1.0,7199.557856794634,1000000.0,0.9,1.05,abc,,False,False,False,46.68308242,-119.11739,default
4233,0.0,0.0,0.0,0.0,0.0,0.0,0.0,0.0,0.0,0.0,0.0,0.0,0.0,0.0,196-31070,PQ,1.0,1.0,1.0,7199.557856794634,1000000.0,0.9,1.05,abc,,False,False,False,46.68319532,-119.117585,default
4234,0.0,0.0,0.0,0.0,0.0,0.0,0.0,0.0,0.0,0.0,0.0,0.0,0.0,0.0,d5861005-2_int,PQ,1.0,1.0,1.0,7199.557856794634,1000000.0,0.9,1.05,abc,,False,False,False,46.68324516,-119.1176542,default
4235,0.0,0.0,0.0,0.0,0.0,0.0,0.0,0.0,0.0,0.0,0.0,0.0,0.0,0.0,q1301,PQ,1.0,1.0,1.0,7199.557856794634,1000000.0,0.9,1.05,abc,,False,False,False,46.6833105,-119.1177848,default
4236,0.0,0.0,0.0,0.0,0.0,0.0,0.0,0.0,0.0,0.0,0.0,0.0,0.0,0.0,l3160872,PQ,1.0,1.0,1.0,7199.557856794634,1000000.0,0.9,1.05,abc,,False,False,False,46.68336398,-119.1178673,default
4237,0.0,0.0,0.0,0.0,0.0,0.0,0.0,0.0,0.0,0.0,0.0,0.0,0.0,0.0,m1142860,PQ,1.0,1.0,1.0,7199.557856794634,1000000.0,0.9,1.05,abc,,False,False,False,46.68383374,-119.1186866,default
4238,0.0,0.0,0.0,0.0,0.0,0.0,0.0,0.0,0.0,0.0,0.0,0.0,0.0,0.0,m1142863,PQ,1.0,1.0,1.0,7199.557856794634,1000000.0,0.9,1.05,abc,,False,False,False,46.68425042,-119.1193946,default
4239,0.0,0.0,0.0,0.0,0.0,0.0,0.0,0.0,0.0,0.0,0.0,0.0,0.0,0.0,m1142865,PQ,1.0,1.0,1.0,7199.557856794634,1000000.0,0.9,1.05,abc,,False,False,False,46.68477644,-119.1203569,default
4240,0.0,0.0,0.0,0.0,0.0,0.0,0.0,0.0,0.0,0.0,0.0,0.0,0.0,0.0,l3030197,PQ,1.0,1.0,1.0,7199.557856794634,1000000.0,0.9,1.05,abc,,False,False,False,46.68527276,-119.1212274,default
4241,0.0,0.0,0.0,0.0,0.0,0.0,0.0,0.0,0.0,0.0,0.0,0.0,0.0,0.0,m1142868,PQ,1.0,1.0,1.0,7199.557856794634,1000000.0,0.9,1.05,abc,,False,False,False,46.68582632,-119.1222374,default
4242,0.0,0.0,0.0,0.0,0.0,0.0,0.0,0.0,0.0,0.0,0.0,0.0,0.0,0.0,m1142869,PQ,1.0,1.0,1.0,7199.557856794634,1000000.0,0.9,1.05,abc,,False,False,False,46.68625698,-119.1230042,default
4243,0.0,0.0,0.0,0.0,0.0,0.0,0.0,0.0,0.0,0.0,0.0,0.0,0.0,0.0,m1142871,PQ,1.0,1.0,1.0,7199.557856794634,1000000.0,0.9,1.05,abc,,False,False,False,46.6865031,-119.1234219,default
4244,0.0,0.0,0.0,0.0,0.0,0.0,0.0,0.0,0.0,0.0,0.0,0.0,0.0,0.0,m1142874,PQ,1.0,1.0,1.0,7199.557856794634,1000000.0,0.9,1.05,abc,,False,False,False,46.68670774,-119.1240278,default
4245,0.0,0.0,0.0,0.0,0.0,0.0,0.0,0.0,0.0,0.0,0.0,0.0,0.0,0.0,m1142875,PQ,1.0,1.0,1.0,7199.557856794634,1000000.0,0.9,1.05,abc,,False,False,False,46.6871611,-119.1247966,default
4246,0.0,0.0,0.0,0.0,0.0,0.0,0.0,0.0,0.0,0.0,0.0,0.0,0.0,0.0,m1125944,PQ,1.0,1.0,1.0,7199.557856794634,1000000.0,0.9,1.05,abc,,False,False,False,46.68923576,-119.1285163,default
4247,0.0,0.0,0.0,0.0,0.0,0.0,0.0,0.0,0.0,0.0,0.0,0.0,0.0,0.0,m1125947,PQ,1.0,1.0,1.0,7199.557856794634,1000000.0,0.9,1.05,abc,,False,False,False,46.69018234,-119.1312353,default
4248,0.0,0.0,0.0,0.0,0.0,0.0,0.0,0.0,0.0,0.0,0.0,0.0,0.0,0.0,l3214071,PQ,1.0,1.0,1.0,7199.557856794634,1000000.0,0.9,1.05,abc,,False,False,False,46.69085696,-119.1318334,default
4249,0.0,0.0,0.0,0.0,0.0,0.0,0.0,0.0,0.0,0.0,0.0,0.0,0.0,0.0,m1125952,PQ,1.0,1.0,1.0,7199.557856794634,1000000.0,0.9,1.05,abc,,False,False,False,46.69147658,-119.1323827,default
4250,0.0,0.0,0.0,0.0,0.0,0.0,0.0,0.0,0.0,0.0,0.0,0.0,0.0,0.0,l3214069,PQ,1.0,1.0,1.0,7199.557856794634,1000000.0,0.9,1.05,abc,,False,False,False,46.69165466,-119.1324306,default
4251,0.0,0.0,0.0,0.0,0.0,0.0,0.0,0.0,0.0,0.0,0.0,0.0,0.0,0.0,m1125960,PQ,1.0,1.0,1.0,7199.557856794634,1000000.0,0.9,1.05,abc,,False,False,False,46.69236024,-119.1326203,default
4252,0.0,0.0,0.0,0.0,0.0,0.0,0.0,0.0,0.0,0.0,0.0,0.0,0.0,0.0,m1125962,PQ,1.0,1.0,1.0,7199.557856794634,1000000.0,0.9,1.05,abc,,False,False,False,46.69253564,-119.1326675,default
4253,0.0,0.0,0.0,0.0,0.0,0.0,0.0,0.0,0.0,0.0,0.0,0.0,0.0,0.0,l3123452,PQ,1.0,1.0,1.0,7199.557856794634,1000000.0,0.9,1.05,abc,,False,False,False,46.6927794,-119.1347592,default
4254,0.0,0.0,0.0,0.0,0.0,0.0,0.0,0.0,0.0,0.0,0.0,0.0,0.0,0.0,d6198039-1_int,PQ,1.0,1.0,1.0,7199.557856794634,1000000.0,0.9,1.05,abc,,False,False,False,46.6928718,-119.1351996,default
4255,0.0,0.0,0.0,0.0,0.0,0.0,0.0,0.0,0.0,0.0,0.0,0.0,0.0,0.0,e206217,PQ,1.0,1.0,1.0,7199.557856794634,1000000.0,0.9,1.05,abc,,False,False,False,46.69295618,-119.1358793,default
4256,0.0,0.0,0.0,0.0,0.0,0.0,0.0,0.0,0.0,0.0,0.0,0.0,0.0,0.0,m1125969,PQ,1.0,1.0,1.0,7199.557856794634,1000000.0,0.9,1.05,abc,,False,False,False,46.69310484,-119.1368212,default
4257,0.0,0.0,0.0,0.0,0.0,0.0,0.0,0.0,0.0,0.0,0.0,0.0,0.0,0.0,l2767341,PQ,1.0,1.0,1.0,7199.557856794634,1000000.0,0.9,1.05,abc,,False,False,False,46.69316116,-119.1372632,default
4258,0.0,0.0,0.0,0.0,0.0,0.0,0.0,0.0,0.0,0.0,0.0,0.0,0.0,0.0,m1125968,PQ,1.0,1.0,1.0,7199.557856794634,1000000.0,0.9,1.05,abc,,False,False,False,46.69310232,-119.1377606,default
4259,0.0,0.0,0.0,0.0,0.0,0.0,0.0,0.0,0.0,0.0,0.0,0.0,0.0,0.0,m1125976,PQ,1.0,1.0,1.0,7199.557856794634,1000000.0,0.9,1.05,abc,,False,False,False,46.6932045,-119.1384345,default
4260,0.0,0.0,0.0,0.0,0.0,0.0,0.0,0.0,0.0,0.0,0.0,0.0,0.0,0.0,m1125987,PQ,1.0,1.0,1.0,7199.557856794634,1000000.0,0.9,1.05,abc,,False,False,False,46.69555144,-119.1393623,default
4261,0.0,0.0,0.0,0.0,0.0,0.0,0.0,0.0,0.0,0.0,0.0,0.0,0.0,0.0,m1125989,PQ,1.0,1.0,1.0,7199.557856794634,1000000.0,0.9,1.05,abc,,False,False,False,46.69649546,-119.1395952,default
4262,0.0,0.0,0.0,0.0,0.0,0.0,0.0,0.0,0.0,0.0,0.0,0.0,0.0,0.0,m1125990,PQ,1.0,1.0,1.0,7199.557856794634,1000000.0,0.9,1.05,abc,,False,False,False,46.69656402,-119.1396124,default
4263,0.0,0.0,0.0,0.0,0.0,0.0,0.0,0.0,0.0,0.0,0.0,0.0,0.0,0.0,l3067478,PQ,1.0,1.0,1.0,7199.557856794634,1000000.0,0.9,1.05,abc,,False,False,False,46.69745486,-119.1398349,default
4264,0.0,0.0,0.0,0.0,0.0,0.0,0.0,0.0,0.0,0.0,0.0,0.0,0.0,0.0,m1125994,PQ,1.0,1.0,1.0,7199.557856794634,1000000.0,0.9,1.05,abc,,False,False,False,46.69892008,-119.1401959,default
4265,0.0,0.0,0.0,0.0,0.0,0.0,0.0,0.0,0.0,0.0,0.0,0.0,0.0,0.0,d5867591-1_int,PQ,1.0,1.0,1.0,7199.557856794634,1000000.0,0.9,1.05,abc,,False,False,False,46.69892656,-119.1412047,default
4266,0.0,0.0,0.0,0.0,0.0,0.0,0.0,0.0,0.0,0.0,0.0,0.0,0.0,0.0,e183472,PQ,1.0,1.0,1.0,7199.557856794634,1000000.0,0.9,1.05,abc,,False,False,False,46.69892656,-119.1417269,default
4267,0.0,0.0,0.0,0.0,0.0,0.0,0.0,0.0,0.0,0.0,0.0,0.0,0.0,0.0,l2989566,PQ,1.0,1.0,1.0,7199.557856794634,1000000.0,0.9,1.05,abc,,False,False,False,46.69911832,-119.1429037,default
4268,0.0,0.0,0.0,0.0,0.0,0.0,0.0,0.0,0.0,0.0,0.0,0.0,0.0,0.0,m1108378,PQ,1.0,1.0,1.0,7199.557856794634,1000000.0,0.9,1.05,abc,,False,False,False,46.6990649,-119.1443824,default
4269,0.0,0.0,0.0,0.0,0.0,0.0,0.0,0.0,0.0,0.0,0.0,0.0,0.0,0.0,m1108379,PQ,1.0,1.0,1.0,7199.557856794634,1000000.0,0.9,1.05,abc,,False,False,False,46.69906914,-119.1445639,default
4270,0.0,0.0,0.0,0.0,0.0,0.0,0.0,0.0,0.0,0.0,0.0,0.0,0.0,0.0,m1108380,PQ,1.0,1.0,1.0,7199.557856794634,1000000.0,0.9,1.05,abc,,False,False,False,46.69908516,-119.1452515,default
4271,0.0,0.0,0.0,0.0,0.0,0.0,0.0,0.0,0.0,0.0,0.0,0.0,0.0,0.0,l2898495,PQ,1.0,1.0,1.0,7199.557856794634,1000000.0,0.9,1.05,abc,,False,False,False,46.69911926,-119.1467158,default
4272,0.0,0.0,0.0,0.0,0.0,0.0,0.0,0.0,0.0,0.0,0.0,0.0,0.0,0.0,l2952003,PQ,1.0,1.0,1.0,7199.557856794634,1000000.0,0.9,1.05,abc,,False,False,False,46.6990987,-119.1491253,default
4273,0.0,0.0,0.0,0.0,0.0,0.0,0.0,0.0,0.0,0.0,0.0,0.0,0.0,0.0,m1108381,PQ,1.0,1.0,1.0,7199.557856794634,1000000.0,0.9,1.05,abc,,False,False,False,46.6991535,-119.1509615,default
4274,0.0,0.0,0.0,0.0,0.0,0.0,0.0,0.0,0.0,0.0,0.0,0.0,0.0,0.0,l3254237,PQ,1.0,1.0,1.0,7199.557856794634,1000000.0,0.9,1.05,abc,,False,False,False,46.69859228,-119.1520753,default
4275,0.0,0.0,0.0,0.0,0.0,0.0,0.0,0.0,0.0,0.0,0.0,0.0,0.0,0.0,m1108387,PQ,1.0,1.0,1.0,7199.557856794634,1000000.0,0.9,1.05,abc,,False,False,False,46.69984872,-119.1530436,default
4276,0.0,0.0,0.0,0.0,0.0,0.0,0.0,0.0,0.0,0.0,0.0,0.0,0.0,0.0,m1108398,PQ,1.0,1.0,1.0,7199.557856794634,1000000.0,0.9,1.05,abc,,False,False,False,46.7002715,-119.1529181,default
4277,0.0,0.0,0.0,0.0,0.0,0.0,0.0,0.0,0.0,0.0,0.0,0.0,0.0,0.0,m1108395,PQ,1.0,1.0,1.0,7199.557856794634,1000000.0,0.9,1.05,abc,,False,False,False,46.70012254,-119.1540697,default
4278,0.0,0.0,0.0,0.0,0.0,0.0,0.0,0.0,0.0,0.0,0.0,0.0,0.0,0.0,l2728247,PQ,1.0,1.0,1.0,7199.557856794634,1000000.0,0.9,1.05,abc,,False,False,False,46.69903686,-119.154764,default
4279,0.0,0.0,0.0,0.0,0.0,0.0,0.0,0.0,0.0,0.0,0.0,0.0,0.0,0.0,x2728247a,PQ,1.0,1.0,1.0,104.0,1000000.0,0.9,1.05,s1s2,a,False,False,False,46.6987,-119.1548,default
4280,0.0,0.0,0.0,0.0,0.0,0.0,0.0017081249121565,0.0004280964323781,0.0018418750513544,0.000461617375116,0.0,0.0,0.0,0.0,sx2728247a,PQ,1.0,1.0,1.0,104.0,1000000.0,0.9,1.05,s1s2,a,False,True,False,46.6987,-119.155,default
4281,0.0,0.0,0.0,0.0,0.0,0.0,0.0,0.0,0.0,0.0,0.0,0.0,0.0,0.0,x2728247b,PQ,1.0,1.0,1.0,104.0,1000000.0,0.9,1.05,s1s2,b,False,False,False,46.6987,-119.1548,default
4282,0.0,0.0,0.0,0.0,0.0,0.0,0.0009618460047948,0.0002410613412691,0.0087681541471548,0.0021975066649396,0.0,0.0,0.0,0.0,sx2728247b,PQ,1.0,1.0,1.0,104.0,1000000.0,0.9,1.05,s1s2,b,False,True,False,46.6987,-119.155,default
4283,0.0,0.0,0.0,0.0,0.0,0.0,0.0,0.0,0.0,0.0,0.0,0.0,0.0,0.0,x2728247c,PQ,1.0,1.0,1.0,104.0,1000000.0,0.9,1.05,s1s2,c,False,False,False,46.6987,-119.1548,default
4284,0.0,0.0,0.0,0.0,0.0,0.0,0.0036382173395468,0.0009118233348237,0.0004317827019171,0.0001082149594117,0.0,0.0,0.0,0.0,sx2728247c,PQ,1.0,1.0,1.0,104.0,1000000.0,0.9,1.05,s1s2,c,False,True,False,46.6987,-119.155,default
4285,0.0,0.0,0.0,0.0,0.0,0.0,0.0,0.0,0.0,0.0,0.0,0.0,0.0,0.0,l2896685,PQ,1.0,1.0,1.0,7199.557856794634,1000000.0,0.9,1.05,abc,,False,False,False,46.70052562,-119.1556193,default
4286,0.0,0.0,0.0,0.0,0.0,0.0,0.0,0.0,0.0,0.0,0.0,0.0,0.0,0.0,m1089185,PQ,1.0,1.0,1.0,7199.557856794634,1000000.0,0.9,1.05,abc,,False,False,False,46.70062786,-119.1560123,default
4287,0.0,0.0,0.0,0.0,0.0,0.0,0.0,0.0,0.0,0.0,0.0,0.0,0.0,0.0,p850083,PQ,1.0,1.0,1.0,7199.557856794634,1000000.0,0.9,1.05,abc,,False,False,False,46.70052476,-119.1560153,default
4288,0.0,0.0,0.0,0.0,0.0,0.0,0.0,0.0,0.0,0.0,0.0,0.0,0.0,0.0,221-312488,PQ,1.0,1.0,1.0,7199.557856794634,1000000.0,0.9,1.05,abc,,False,False,False,46.70044048,-119.1560165,default
4289,0.0,0.0,0.0,0.0,0.0,0.0,0.0,0.0,0.0,0.0,0.0,0.0,0.0,0.0,m1089183,PQ,1.0,1.0,1.0,7199.557856794634,1000000.0,0.9,1.05,abc,,False,False,False,46.70024728,-119.1560193,default
4290,0.0,0.0,0.0,0.0,0.0,0.0,0.0,0.0,0.0,0.0,0.0,0.0,0.0,0.0,l2990826,PQ,1.0,1.0,1.0,7199.557856794634,1000000.0,0.9,1.05,abc,,False,False,False,46.7004649,-119.1566506,default
4291,0.0,0.0,0.0,0.0,0.0,0.0,0.0,0.0,0.0,0.0,0.0,0.0,0.0,0.0,l2990827,PQ,1.0,1.0,1.0,7199.557856794634,1000000.0,0.9,1.05,abc,,False,False,False,46.70088674,-119.1584367,default
4292,0.0,0.0,0.0,0.0,0.0,0.0,0.0,0.0,0.0,0.0,0.0,0.0,0.0,0.0,l2990828,PQ,1.0,1.0,1.0,7199.557856794634,1000000.0,0.9,1.05,abc,,False,False,False,46.70132234,-119.1605254,default
4293,0.0,0.0,0.0,0.0,0.0,0.0,0.0,0.0,0.0,0.0,0.0,0.0,0.0,0.0,l2841619,PQ,1.0,1.0,1.0,7199.557856794634,1000000.0,0.9,1.05,abc,,False,False,False,46.70178288,-119.1620325,default
4294,0.0,0.0,0.0,0.0,0.0,0.0,0.0,0.0,0.0,0.0,0.0,0.0,0.0,0.0,l2785515,PQ,1.0,1.0,1.0,7199.557856794634,1000000.0,0.9,1.05,c,,False,False,False,46.70342678,-119.1623277,default
4295,0.0,0.0,0.0,0.0,0.0,0.0,0.0,0.0,0.0,0.0,0.0,0.0,0.0,0.0,x2785515c,PQ,1.0,1.0,1.0,104.0,1000000.0,0.9,1.05,s1s2,c,False,False,False,46.7031,-119.1623,default
4296,0.0,0.0,0.0,0.0,0.0,0.0,0.0037423299959839,0.0009379164267406,0.0064276701093665,0.0016109261885154,0.0,0.0,0.0,0.0,sx2785515c,PQ,1.0,1.0,1.0,104.0,1000000.0,0.9,1.05,s1s2,c,False,True,False,46.7031,-119.1626,default
4297,0.0,0.0,0.0,0.0,0.0,0.0,0.0,0.0,0.0,0.0,0.0,0.0,0.0,0.0,m1089189,PQ,1.0,1.0,1.0,7199.557856794634,1000000.0,0.9,1.05,abc,,False,False,False,46.7015786,-119.1633078,default
4298,0.0,0.0,0.0,0.0,0.0,0.0,0.0,0.0,0.0,0.0,0.0,0.0,0.0,0.0,m1089188,PQ,1.0,1.0,1.0,7199.557856794634,1000000.0,0.9,1.05,abc,,False,False,False,46.70149744,-119.1644398,default
4299,0.0,0.0,0.0,0.0,0.0,0.0,0.0,0.0,0.0,0.0,0.0,0.0,0.0,0.0,l2673306,PQ,1.0,1.0,1.0,7199.557856794634,1000000.0,0.9,1.05,c,,False,False,False,46.70254348,-119.1641079,default
4300,0.0,0.0,0.0,0.0,0.0,0.0,0.0,0.0,0.0,0.0,0.0,0.0,0.0,0.0,x2673306c,PQ,1.0,1.0,1.0,104.0,1000000.0,0.9,1.05,s1s2,c,False,False,False,46.7022,-119.1641,default
4301,0.0,0.0,0.0,0.0,0.0,0.0,0.0089649091298784,0.0022468183171793,0.0012050910006946,0.0003020243122222,0.0,0.0,0.0,0.0,sx2673306c,PQ,1.0,1.0,1.0,104.0,1000000.0,0.9,1.05,s1s2,c,False,True,False,46.7022,-119.1644,default
4302,0.0,0.0,0.0,0.0,0.0,0.0,0.0,0.0,0.0,0.0,0.0,0.0,0.0,0.0,m1089187,PQ,1.0,1.0,1.0,7199.557856794634,1000000.0,0.9,1.05,abc,,False,False,False,46.69696638,-119.164494,default
4303,0.0,0.0,0.0,0.0,0.0,0.0,0.0,0.0,0.0,0.0,0.0,0.0,0.0,0.0,l2822863,PQ,1.0,1.0,1.0,7199.557856794634,1000000.0,0.9,1.05,abc,,False,False,False,46.69513762,-119.1645311,default
4304,0.0,0.0,0.0,0.0,0.0,0.0,0.0,0.0,0.0,0.0,0.0,0.0,0.0,0.0,m1089177,PQ,1.0,1.0,1.0,7199.557856794634,1000000.0,0.9,1.05,abc,,False,False,False,46.6932248,-119.1645831,default
4305,0.0,0.0,0.0,0.0,0.0,0.0,0.0,0.0,0.0,0.0,0.0,0.0,0.0,0.0,e182723,PQ,1.0,1.0,1.0,7199.557856794634,1000000.0,0.9,1.05,abc,,False,False,False,46.69252118,-119.1646049,default
4306,0.0,0.0,0.0,0.0,0.0,0.0,0.0,0.0,0.0,0.0,0.0,0.0,0.0,0.0,l2729406,PQ,1.0,1.0,1.0,7199.557856794634,1000000.0,0.9,1.05,c,,False,False,False,46.69321048,-119.1622276,default
4307,0.0,0.0,0.0,0.0,0.0,0.0,0.0,0.0,0.0,0.0,0.0,0.0,0.0,0.0,l2897768,PQ,1.0,1.0,1.0,7199.557856794634,1000000.0,0.9,1.05,c,,False,False,False,46.6932728,-119.1588923,default
4308,0.0,0.0,0.0,0.0,0.0,0.0,0.0,0.0,0.0,0.0,0.0,0.0,0.0,0.0,x2897768c,PQ,1.0,1.0,1.0,104.0,1000000.0,0.9,1.05,s1s2,c,False,False,False,46.6929,-119.1589,default
4309,0.0,0.0,0.0,0.0,0.0,0.0,0.0008462516797182,0.0002120906881139,0.0093237484250246,0.0023367519122712,0.0,0.0,0.0,0.0,sx2897768c,PQ,1.0,1.0,1.0,104.0,1000000.0,0.9,1.05,s1s2,c,True,True,False,46.693,-119.1592,default
4310,0.0,0.0,0.0,0.0,0.0,0.0,0.0,0.0,0.0,0.0,0.0,0.0,0.0,0.0,x2729406c,PQ,1.0,1.0,1.0,104.0,1000000.0,0.9,1.05,s1s2,c,False,False,False,46.6929,-119.1622,default
4311,0.0,0.0,0.0,0.0,0.0,0.0,0.0016629261572955,0.0004167686337828,0.0044370739038079,0.001112035688441,0.0,0.0,0.0,0.0,sx2729406c,PQ,1.0,1.0,1.0,104.0,1000000.0,0.9,1.05,s1s2,c,False,True,False,46.6929,-119.1625,default
4312,0.0,0.0,0.0,0.0,0.0,0.0,0.0,0.0,0.0,0.0,0.0,0.0,0.0,0.0,x2822863c,PQ,1.0,1.0,1.0,104.0,1000000.0,0.9,1.05,s1s2,c,False,False,False,46.6948,-119.1645,default
4313,0.0,0.0,0.0,0.0,0.0,0.0,0.0007213229541021,0.0001807805961681,0.003348677086417,0.0008392576978927,0.0,0.0,0.0,0.0,sx2822863c,PQ,1.0,1.0,1.0,104.0,1000000.0,0.9,1.05,s1s2,c,False,True,False,46.6948,-119.1648,default
4314,0.0,0.0,0.0,0.0,0.0,0.0,0.0,0.0,0.0,0.0,0.0,0.0,0.0,0.0,m1089186,PQ,1.0,1.0,1.0,7199.557856794634,1000000.0,0.9,1.05,abc,,False,False,False,46.69740198,-119.1636585,default
4315,0.0,0.0,0.0,0.0,0.0,0.0,0.0,0.0,0.0,0.0,0.0,0.0,0.0,0.0,m1089der480-1,PQ,1.0,1.0,1.0,277.1281292110204,1000000.0,0.9,1.05,abc,,False,False,False,46.69740198,-119.1626142,default
4316,0.0,0.0,0.0,0.0,0.0,0.0,0.0,0.0,0.0,0.0,0.0,0.0,0.0,0.0,m1089-lng1,PQ,1.0,1.0,1.0,277.1281292110204,1000000.0,0.9,1.05,abc,,True,False,False,46.69740198,-119.162092,default
4317,0.0,0.0,0.0,0.0,0.0,0.0,0.0,0.0,0.0,0.0,0.0,0.0,0.0,0.0,x2841619c,PQ,1.0,1.0,1.0,104.0,1000000.0,0.9,1.05,s1s2,c,False,False,False,46.7014,-119.162,default
4318,0.0,0.0,0.0,0.0,0.0,0.0,0.0115246527582138,0.0028883506269494,0.0037353474391276,0.0009361664306603,0.0,0.0,0.0,0.0,sx2841619c,PQ,1.0,1.0,1.0,104.0,1000000.0,0.9,1.05,s1s2,c,False,True,False,46.7015,-119.1623,default
4319,0.0,0.0,0.0,0.0,0.0,0.0,0.0,0.0,0.0,0.0,0.0,0.0,0.0,0.0,x2990826a,PQ,1.0,1.0,1.0,104.0,1000000.0,0.9,1.05,s1s2,a,False,False,False,46.7001,-119.1567,default
4320,0.0,0.0,0.0,0.0,0.0,0.0,0.0087517777505591,0.0021934021332342,0.0001182221425419,2.9629260233423952e-05,0.0,0.0,0.0,0.0,sx2990826a,PQ,1.0,1.0,1.0,104.0,1000000.0,0.9,1.05,s1s2,a,False,True,False,46.7001,-119.1569,default
4321,0.0,0.0,0.0,0.0,0.0,0.0,0.0,0.0,0.0,0.0,0.0,0.0,0.0,0.0,x2990826b,PQ,1.0,1.0,1.0,104.0,1000000.0,0.9,1.05,s1s2,b,False,False,False,46.7001,-119.1567,default
4322,0.0,0.0,0.0,0.0,0.0,0.0,0.0023153906628946,0.0005802916227685,0.0074146094823561,0.0018582763794349,0.0,0.0,0.0,0.0,sx2990826b,PQ,1.0,1.0,1.0,104.0,1000000.0,0.9,1.05,s1s2,b,False,True,False,46.7001,-119.1569,default
4323,0.0,0.0,0.0,0.0,0.0,0.0,0.0,0.0,0.0,0.0,0.0,0.0,0.0,0.0,x2990826c,PQ,1.0,1.0,1.0,104.0,1000000.0,0.9,1.05,s1s2,c,False,False,False,46.7001,-119.1567,default
4324,0.0,0.0,0.0,0.0,0.0,0.0,0.0089969984397071,0.0022548606566257,0.0011730016900393,0.0002939819717652,0.0,0.0,0.0,0.0,sx2990826c,PQ,1.0,1.0,1.0,104.0,1000000.0,0.9,1.05,s1s2,c,False,True,False,46.7001,-119.1569,default
4325,0.0,0.0,0.0,0.0,0.0,0.0,0.0,0.0,0.0,0.0,0.0,0.0,0.0,0.0,x2896685a,PQ,1.0,1.0,1.0,104.0,1000000.0,0.9,1.05,s1s2,a,False,False,False,46.7002,-119.1556,default
4326,0.0,0.0,0.0,0.0,0.0,0.0,0.0006208851825448,0.0001556084861802,0.0046991147590428,0.0011777091052294,0.0,0.0,0.0,0.0,sx2896685a,PQ,1.0,1.0,1.0,104.0,1000000.0,0.9,1.05,s1s2,a,False,True,False,46.7002,-119.1559,default
4327,0.0,0.0,0.0,0.0,0.0,0.0,0.0,0.0,0.0,0.0,0.0,0.0,0.0,0.0,x2896685b,PQ,1.0,1.0,1.0,104.0,1000000.0,0.9,1.05,s1s2,b,False,False,False,46.7002,-119.1556,default
4328,0.0,0.0,0.0,0.0,0.0,0.0,0.0022578214099709,0.0005658634078578,0.0035821786727304,0.0008977786390055,0.0,0.0,0.0,0.0,sx2896685b,PQ,1.0,1.0,1.0,104.0,1000000.0,0.9,1.05,s1s2,b,False,True,False,46.7002,-119.1559,default
4329,0.0,0.0,0.0,0.0,0.0,0.0,0.0,0.0,0.0,0.0,0.0,0.0,0.0,0.0,x2896685c,PQ,1.0,1.0,1.0,104.0,1000000.0,0.9,1.05,s1s2,c,False,False,False,46.7002,-119.1556,default
4330,0.0,0.0,0.0,0.0,0.0,0.0,0.0031106411090499,0.0007796002489712,0.0029893589473452,0.0007492040700382,0.0,0.0,0.0,0.0,sx2896685c,PQ,1.0,1.0,1.0,104.0,1000000.0,0.9,1.05,s1s2,c,False,True,False,46.7002,-119.1559,default
4331,0.0,0.0,0.0,0.0,0.0,0.0,0.0,0.0,0.0,0.0,0.0,0.0,0.0,0.0,m1108410,PQ,1.0,1.0,1.0,7199.557856794634,1000000.0,0.9,1.05,b,,False,False,False,46.70175792,-119.1542593,default
4332,0.0,0.0,0.0,0.0,0.0,0.0,0.0,0.0,0.0,0.0,0.0,0.0,0.0,0.0,x1108410b,PQ,1.0,1.0,1.0,104.0,1000000.0,0.9,1.05,s1s2,b,False,False,False,46.7014,-119.1543,default
4333,0.0,0.0,0.0,0.0,0.0,0.0,0.0293287648780623,0.0073504816746514,0.0260984347405834,0.0065408845783606,0.0,0.0,0.0,0.0,sx1108410b,PQ,1.0,1.0,1.0,104.0,1000000.0,0.9,1.05,s1s2,b,False,True,False,46.7014,-119.1545,default
4334,0.0,0.0,0.0,0.0,0.0,0.0,0.0,0.0,0.0,0.0,0.0,0.0,0.0,0.0,p850072,PQ,1.0,1.0,1.0,7199.557856794634,1000000.0,0.9,1.05,abc,,False,False,False,46.70027246,-119.1528654,default
4335,0.0,0.0,0.0,0.0,0.0,0.0,0.0,0.0,0.0,0.0,0.0,0.0,0.0,0.0,221-311609,PQ,1.0,1.0,1.0,7199.557856794634,1000000.0,0.9,1.05,abc,,False,False,False,46.70027372,-119.1527958,default
4336,0.0,0.0,0.0,0.0,0.0,0.0,0.0,0.0,0.0,0.0,0.0,0.0,0.0,0.0,l2915542,PQ,1.0,1.0,1.0,7199.557856794634,1000000.0,0.9,1.05,abc,,False,False,False,46.7002868,-119.1520828,default
4337,0.0,0.0,0.0,0.0,0.0,0.0,0.0,0.0,0.0,0.0,0.0,0.0,0.0,0.0,x2915542a,PQ,1.0,1.0,1.0,104.0,1000000.0,0.9,1.05,s1s2,a,False,False,False,46.6999,-119.1521,default
4338,0.0,0.0,0.0,0.0,0.0,0.0,0.0093951349868477,0.002354642650406,0.0083448648135637,0.0020914201484351,0.0,0.0,0.0,0.0,sx2915542a,PQ,1.0,1.0,1.0,104.0,1000000.0,0.9,1.05,s1s2,a,False,True,False,46.7,-119.1524,default
4339,0.0,0.0,0.0,0.0,0.0,0.0,0.0,0.0,0.0,0.0,0.0,0.0,0.0,0.0,x2915542b,PQ,1.0,1.0,1.0,104.0,1000000.0,0.9,1.05,s1s2,b,False,False,False,46.6999,-119.1521,default
4340,0.0,0.0,0.0,0.0,0.0,0.0,0.0105271524920592,0.0026383532195879,0.0089228478027463,0.002236276545857,0.0,0.0,0.0,0.0,sx2915542b,PQ,1.0,1.0,1.0,104.0,1000000.0,0.9,1.05,s1s2,b,False,True,False,46.7,-119.1524,default
4341,0.0,0.0,0.0,0.0,0.0,0.0,0.0,0.0,0.0,0.0,0.0,0.0,0.0,0.0,x2915542c,PQ,1.0,1.0,1.0,104.0,1000000.0,0.9,1.05,s1s2,c,False,False,False,46.6999,-119.1521,default
4342,0.0,0.0,0.0,0.0,0.0,0.0,0.0125319618122245,0.0031408060988005,0.0078080384380308,0.0019568791382474,0.0,0.0,0.0,0.0,sx2915542c,PQ,1.0,1.0,1.0,104.0,1000000.0,0.9,1.05,s1s2,c,False,True,False,46.7,-119.1524,default
4343,0.0,0.0,0.0,0.0,0.0,0.0,0.0,0.0,0.0,0.0,0.0,0.0,0.0,0.0,p850080,PQ,1.0,1.0,1.0,7199.557856794634,1000000.0,0.9,1.05,abc,,False,False,False,46.69984014,-119.1529884,default
4344,0.0,0.0,0.0,0.0,0.0,0.0,0.0,0.0,0.0,0.0,0.0,0.0,0.0,0.0,221-311905,PQ,1.0,1.0,1.0,7199.557856794634,1000000.0,0.9,1.05,abc,,False,False,False,46.69983156,-119.1529018,default
4345,0.0,0.0,0.0,0.0,0.0,0.0,0.0,0.0,0.0,0.0,0.0,0.0,0.0,0.0,l3215203,PQ,1.0,1.0,1.0,7199.557856794634,1000000.0,0.9,1.05,abc,,False,False,False,46.69980798,-119.152664,default
4346,0.0,0.0,0.0,0.0,0.0,0.0,0.0,0.0,0.0,0.0,0.0,0.0,0.0,0.0,x3215203a,PQ,1.0,1.0,1.0,104.0,1000000.0,0.9,1.05,s1s2,a,False,False,False,46.6995,-119.1527,default
4347,0.0,0.0,0.0,0.0,0.0,0.0,0.0064352673070126,0.001612829933485,0.0113047325157812,0.0028332328862276,0.0,0.0,0.0,0.0,sx3215203a,PQ,1.0,1.0,1.0,104.0,1000000.0,0.9,1.05,s1s2,a,True,True,False,46.6995,-119.1529,default
4348,0.0,0.0,0.0,0.0,0.0,0.0,0.0,0.0,0.0,0.0,0.0,0.0,0.0,0.0,x3215203b,PQ,1.0,1.0,1.0,104.0,1000000.0,0.9,1.05,s1s2,b,False,False,False,46.6995,-119.1527,default
4349,0.0,0.0,0.0,0.0,0.0,0.0,0.0008530437454908,0.0002137929231892,0.0185969566159723,0.0046608368774154,0.0,0.0,0.0,0.0,sx3215203b,PQ,1.0,1.0,1.0,104.0,1000000.0,0.9,1.05,s1s2,b,False,True,False,46.6995,-119.1529,default
4350,0.0,0.0,0.0,0.0,0.0,0.0,0.0,0.0,0.0,0.0,0.0,0.0,0.0,0.0,x3215203c,PQ,1.0,1.0,1.0,104.0,1000000.0,0.9,1.05,s1s2,c,False,False,False,46.6995,-119.1527,default
4351,0.0,0.0,0.0,0.0,0.0,0.0,0.0046181729068444,0.001157423365857,0.0157218272927062,0.0039402618174646,0.0,0.0,0.0,0.0,sx3215203c,PQ,1.0,1.0,1.0,104.0,1000000.0,0.9,1.05,s1s2,c,True,True,False,46.6995,-119.1529,default
4352,0.0,0.0,0.0,0.0,0.0,0.0,0.0,0.0,0.0,0.0,0.0,0.0,0.0,0.0,x3254237a,PQ,1.0,1.0,1.0,104.0,1000000.0,0.9,1.05,s1s2,a,False,False,False,46.6982,-119.1521,default
4353,0.0,0.0,0.0,0.0,0.0,0.0,1.1170229808216476e-05,2.799523327738132e-06,0.0088588296634945,0.0022202318703046,0.0,0.0,0.0,0.0,sx3254237a,PQ,1.0,1.0,1.0,104.0,1000000.0,0.9,1.05,s1s2,a,False,True,False,46.6983,-119.1524,default
4354,0.0,0.0,0.0,0.0,0.0,0.0,0.0,0.0,0.0,0.0,0.0,0.0,0.0,0.0,p862322,PQ,1.0,1.0,1.0,7199.557856794634,1000000.0,0.9,1.05,abc,,False,False,False,46.69925918,-119.1509609,default
4355,0.0,0.0,0.0,0.0,0.0,0.0,0.0,0.0,0.0,0.0,0.0,0.0,0.0,0.0,221-308718,PQ,1.0,1.0,1.0,7199.557856794634,1000000.0,0.9,1.05,abc,,False,False,False,46.69933354,-119.1509608,default
4356,0.0,0.0,0.0,0.0,0.0,0.0,0.0,0.0,0.0,0.0,0.0,0.0,0.0,0.0,l2803199,PQ,1.0,1.0,1.0,7199.557856794634,1000000.0,0.9,1.05,abc,,False,False,False,46.69981482,-119.1509601,default
4357,0.0,0.0,0.0,0.0,0.0,0.0,0.0,0.0,0.0,0.0,0.0,0.0,0.0,0.0,x2803199a,PQ,1.0,1.0,1.0,104.0,1000000.0,0.9,1.05,s1s2,a,False,False,False,46.6995,-119.151,default
4358,0.0,0.0,0.0,0.0,0.0,0.0,0.0063339051824775,0.0015874261864501,0.0114060946151839,0.00285863661127,0.0,0.0,0.0,0.0,sx2803199a,PQ,1.0,1.0,1.0,104.0,1000000.0,0.9,1.05,s1s2,a,False,True,False,46.6995,-119.1512,default
4359,0.0,0.0,0.0,0.0,0.0,0.0,0.0,0.0,0.0,0.0,0.0,0.0,0.0,0.0,x2803199b,PQ,1.0,1.0,1.0,104.0,1000000.0,0.9,1.05,s1s2,b,False,False,False,46.6995,-119.151,default
4360,0.0,0.0,0.0,0.0,0.0,0.0,0.0188070688149093,0.0047134959344486,0.0006429314952654,0.0001611338270061,0.0,0.0,0.0,0.0,sx2803199b,PQ,1.0,1.0,1.0,104.0,1000000.0,0.9,1.05,s1s2,b,True,True,False,46.6995,-119.1512,default
4361,0.0,0.0,0.0,0.0,0.0,0.0,0.0,0.0,0.0,0.0,0.0,0.0,0.0,0.0,x2803199c,PQ,1.0,1.0,1.0,104.0,1000000.0,0.9,1.05,s1s2,c,False,False,False,46.6995,-119.151,default
4362,0.0,0.0,0.0,0.0,0.0,0.0,0.0086944555633852,0.0021790362397534,0.0116455446775486,0.0029186489910109,0.0,0.0,0.0,0.0,sx2803199c,PQ,1.0,1.0,1.0,104.0,1000000.0,0.9,1.05,s1s2,c,False,True,False,46.6995,-119.1512,default
4363,0.0,0.0,0.0,0.0,0.0,0.0,0.0,0.0,0.0,0.0,0.0,0.0,0.0,0.0,x2952003b,PQ,1.0,1.0,1.0,104.0,1000000.0,0.9,1.05,s1s2,b,False,False,False,46.6987,-119.1491,default
4364,0.0,0.0,0.0,0.0,0.0,0.0,0.0011859747188239,0.0002972332941244,0.0085440254297708,0.0021413347106909,0.0,0.0,0.0,0.0,sx2952003b,PQ,1.0,1.0,1.0,104.0,1000000.0,0.9,1.05,s1s2,b,False,True,False,46.6988,-119.1494,default
4365,0.0,0.0,0.0,0.0,0.0,0.0,0.0,0.0,0.0,0.0,0.0,0.0,0.0,0.0,m1108400,PQ,1.0,1.0,1.0,7199.557856794634,1000000.0,0.9,1.05,abc,,False,False,False,46.69827316,-119.1469487,default
4366,0.0,0.0,0.0,0.0,0.0,0.0,0.0,0.0,0.0,0.0,0.0,0.0,0.0,0.0,m1108401,PQ,1.0,1.0,1.0,7199.557856794634,1000000.0,0.9,1.05,abc,,False,False,False,46.69827316,-119.147732,default
4367,0.0,0.0,0.0,0.0,0.0,0.0,0.0,0.0,0.0,0.0,0.0,0.0,0.0,0.0,m1108402,PQ,1.0,1.0,1.0,7199.557856794634,1000000.0,0.9,1.05,abc,,False,False,False,46.69783758,-119.1487763,default
4368,0.0,0.0,0.0,0.0,0.0,0.0,0.0,0.0,0.0,0.0,0.0,0.0,0.0,0.0,m1108403,PQ,1.0,1.0,1.0,7199.557856794634,1000000.0,0.9,1.05,abc,,False,False,False,46.69783758,-119.1495596,default
4369,0.0,0.0,0.0,0.0,0.0,0.0,0.0,0.0,0.0,0.0,0.0,0.0,0.0,0.0,m1108406,PQ,1.0,1.0,1.0,7199.557856794634,1000000.0,0.9,1.05,abc,,False,False,False,46.69696638,-119.150604,default
4370,0.0,0.0,0.0,0.0,0.0,0.0,0.0,0.0,0.0,0.0,0.0,0.0,0.0,0.0,x1108406a,PQ,1.0,1.0,1.0,104.0,1000000.0,0.9,1.05,s1s2,a,False,False,False,46.6966,-119.1506,default
4371,0.0,0.0,0.0,0.0,0.0,0.0,0.0129847297124848,0.0032542798325175,0.0105465286113179,0.0026432090733392,0.0,0.0,0.0,0.0,sx1108406a,PQ,1.0,1.0,1.0,104.0,1000000.0,0.9,1.05,s1s2,a,False,True,False,46.6967,-119.1509,default
4372,0.0,0.0,0.0,0.0,0.0,0.0,0.0,0.0,0.0,0.0,0.0,0.0,0.0,0.0,x1108406b,PQ,1.0,1.0,1.0,104.0,1000000.0,0.9,1.05,s1s2,b,False,False,False,46.6966,-119.1506,default
4373,0.0,0.0,0.0,0.0,0.0,0.0,0.0144779277444488,0.0036285108850609,0.0117983481105584,0.0029569448918779,0.0,0.0,0.0,0.0,sx1108406b,PQ,1.0,1.0,1.0,104.0,1000000.0,0.9,1.05,s1s2,b,False,True,False,46.6967,-119.1509,default
4374,0.0,0.0,0.0,0.0,0.0,0.0,0.0,0.0,0.0,0.0,0.0,0.0,0.0,0.0,m1108407,PQ,1.0,1.0,1.0,7199.557856794634,1000000.0,0.9,1.05,b,,False,False,False,46.69783758,-119.150604,default
4375,0.0,0.0,0.0,0.0,0.0,0.0,0.0,0.0,0.0,0.0,0.0,0.0,0.0,0.0,x1108407b,PQ,1.0,1.0,1.0,104.0,1000000.0,0.9,1.05,s1s2,b,False,False,False,46.6975,-119.1506,default
4376,0.0,0.0,0.0,0.0,0.0,0.0,0.0208472847686524,0.0052248223007066,0.0182374626594936,0.0045707391888829,0.0,0.0,0.0,0.0,sx1108407b,PQ,1.0,1.0,1.0,104.0,1000000.0,0.9,1.05,s1s2,b,False,True,False,46.6975,-119.1509,default
4377,0.0,0.0,0.0,0.0,0.0,0.0,0.0,0.0,0.0,0.0,0.0,0.0,0.0,0.0,x1108403a,PQ,1.0,1.0,1.0,104.0,1000000.0,0.9,1.05,s1s2,a,False,False,False,46.6975,-119.1496,default
4378,0.0,0.0,0.0,0.0,0.0,0.0,0.0149838571058374,0.0037553083541634,0.0152374145624254,0.0038188558388792,0.0,0.0,0.0,0.0,sx1108403a,PQ,1.0,1.0,1.0,104.0,1000000.0,0.9,1.05,s1s2,a,False,True,False,46.6975,-119.1498,default
4379,0.0,0.0,0.0,0.0,0.0,0.0,0.0,0.0,0.0,0.0,0.0,0.0,0.0,0.0,x1108403b,PQ,1.0,1.0,1.0,104.0,1000000.0,0.9,1.05,s1s2,b,False,False,False,46.6975,-119.1496,default
4380,0.0,0.0,0.0,0.0,0.0,0.0,0.0123278349432892,0.0030896468072015,0.0139348522012331,0.0034924033168929,0.0,0.0,0.0,0.0,sx1108403b,PQ,1.0,1.0,1.0,104.0,1000000.0,0.9,1.05,s1s2,b,False,True,False,46.6975,-119.1498,default
4381,0.0,0.0,0.0,0.0,0.0,0.0,0.0,0.0,0.0,0.0,0.0,0.0,0.0,0.0,x1108403c,PQ,1.0,1.0,1.0,104.0,1000000.0,0.9,1.05,s1s2,c,False,False,False,46.6975,-119.1496,default
4382,0.0,0.0,0.0,0.0,0.0,0.0,0.0113497599863704,0.0028445183559349,0.0101748568543153,0.0025500598329066,0.0,0.0,0.0,0.0,sx1108403c,PQ,1.0,1.0,1.0,104.0,1000000.0,0.9,1.05,s1s2,c,False,True,False,46.6975,-119.1498,default
4383,0.0,0.0,0.0,0.0,0.0,0.0,0.0,0.0,0.0,0.0,0.0,0.0,0.0,0.0,m1108405,PQ,1.0,1.0,1.0,7199.557856794634,1000000.0,0.9,1.05,abc,,False,False,False,46.69696638,-119.1479931,default
4384,0.0,0.0,0.0,0.0,0.0,0.0,0.0,0.0,0.0,0.0,0.0,0.0,0.0,0.0,x1108405a,PQ,1.0,1.0,1.0,104.0,1000000.0,0.9,1.05,s1s2,a,False,False,False,46.6966,-119.148,default
4385,0.0,0.0,0.0,0.0,0.0,0.0,0.0108329873648755,0.0027150024002556,0.0119375986042445,0.002991844055579,0.0,0.0,0.0,0.0,sx1108405a,PQ,1.0,1.0,1.0,104.0,1000000.0,0.9,1.05,s1s2,a,False,True,False,46.6967,-119.1483,default
4386,0.0,0.0,0.0,0.0,0.0,0.0,0.0,0.0,0.0,0.0,0.0,0.0,0.0,0.0,x1108405b,PQ,1.0,1.0,1.0,104.0,1000000.0,0.9,1.05,s1s2,b,False,False,False,46.6966,-119.148,default
4387,0.0,0.0,0.0,0.0,0.0,0.0,0.0133874481460036,0.0033552109214212,0.0159734690149675,0.004003328877803,0.0,0.0,0.0,0.0,sx1108405b,PQ,1.0,1.0,1.0,104.0,1000000.0,0.9,1.05,s1s2,b,False,True,False,46.6967,-119.1483,default
4388,0.0,0.0,0.0,0.0,0.0,0.0,0.0,0.0,0.0,0.0,0.0,0.0,0.0,0.0,x1108405c,PQ,1.0,1.0,1.0,104.0,1000000.0,0.9,1.05,s1s2,c,False,False,False,46.6966,-119.148,default
4389,0.0,0.0,0.0,0.0,0.0,0.0,0.0,0.0,0.0,0.0,0.0,0.0,0.0,0.0,sx1108405c,PQ,1.0,1.0,1.0,104.0,1000000.0,0.9,1.05,s1s2,c,False,False,False,46.6967,-119.1483,default
4390,0.0,0.0,0.0,0.0,0.0,0.0,0.0,0.0,0.0,0.0,0.0,0.0,0.0,0.0,m1108404,PQ,1.0,1.0,1.0,7199.557856794634,1000000.0,0.9,1.05,abc,,False,False,False,46.69696638,-119.1443378,default
4391,0.0,0.0,0.0,0.0,0.0,0.0,0.0,0.0,0.0,0.0,0.0,0.0,0.0,0.0,x1108404a,PQ,1.0,1.0,1.0,104.0,1000000.0,0.9,1.05,s1s2,a,False,False,False,46.6966,-119.1443,default
4392,0.0,0.0,0.0,0.0,0.0,0.0,0.0149748910874601,0.0037530612648073,0.012870897381111,0.0032257507686865,0.0,0.0,0.0,0.0,sx1108404a,PQ,1.0,1.0,1.0,104.0,1000000.0,0.9,1.05,s1s2,a,False,True,False,46.6967,-119.1446,default
4393,0.0,0.0,0.0,0.0,0.0,0.0,0.0,0.0,0.0,0.0,0.0,0.0,0.0,0.0,x1108404b,PQ,1.0,1.0,1.0,104.0,1000000.0,0.9,1.05,s1s2,b,False,False,False,46.6966,-119.1443,default
4394,0.0,0.0,0.0,0.0,0.0,0.0,0.0182746299619506,0.0045800541921549,0.0204642821214663,0.0051288327822236,0.0,0.0,0.0,0.0,sx1108404b,PQ,1.0,1.0,1.0,104.0,1000000.0,0.9,1.05,s1s2,b,False,True,False,46.6967,-119.1446,default
4395,0.0,0.0,0.0,0.0,0.0,0.0,0.0,0.0,0.0,0.0,0.0,0.0,0.0,0.0,x1108404c,PQ,1.0,1.0,1.0,104.0,1000000.0,0.9,1.05,s1s2,c,False,False,False,46.6966,-119.1443,default
4396,0.0,0.0,0.0,0.0,0.0,0.0,0.0,0.0,0.0,0.0,0.0,0.0,0.0,0.0,sx1108404c,PQ,1.0,1.0,1.0,104.0,1000000.0,0.9,1.05,s1s2,c,False,False,False,46.6967,-119.1446,default
4397,0.0,0.0,0.0,0.0,0.0,0.0,0.0,0.0,0.0,0.0,0.0,0.0,0.0,0.0,p904452,PQ,1.0,1.0,1.0,7199.557856794634,1000000.0,0.9,1.05,b,,False,False,False,46.69917782,-119.1452366,default
4398,0.0,0.0,0.0,0.0,0.0,0.0,0.0,0.0,0.0,0.0,0.0,0.0,0.0,0.0,221-282818,PQ,1.0,1.0,1.0,7199.557856794634,1000000.0,0.9,1.05,b,,False,False,False,46.69920438,-119.1451486,default
4399,0.0,0.0,0.0,0.0,0.0,0.0,0.0,0.0,0.0,0.0,0.0,0.0,0.0,0.0,n1230123,PQ,1.0,1.0,1.0,7199.557856794634,1000000.0,0.9,1.05,b,,False,False,False,46.69920108,-119.1450375,default
4400,0.0,0.0,0.0,0.0,0.0,0.0,0.0,0.0,0.0,0.0,0.0,0.0,0.0,0.0,l2708744,PQ,1.0,1.0,1.0,7199.557856794634,1000000.0,0.9,1.05,b,,False,False,False,46.69983438,-119.1449535,default
4401,0.0,0.0,0.0,0.0,0.0,0.0,0.0,0.0,0.0,0.0,0.0,0.0,0.0,0.0,l2690187,PQ,1.0,1.0,1.0,7199.557856794634,1000000.0,0.9,1.05,b,,False,False,False,46.70046496,-119.1456287,default
4402,0.0,0.0,0.0,0.0,0.0,0.0,0.0,0.0,0.0,0.0,0.0,0.0,0.0,0.0,m1108412,PQ,1.0,1.0,1.0,7199.557856794634,1000000.0,0.9,1.05,b,,False,False,False,46.70085572,-119.1444237,default
4403,0.0,0.0,0.0,0.0,0.0,0.0,0.0,0.0,0.0,0.0,0.0,0.0,0.0,0.0,l3027670,PQ,1.0,1.0,1.0,7199.557856794634,1000000.0,0.9,1.05,b,,False,False,False,46.70155908,-119.1443784,default
4404,0.0,0.0,0.0,0.0,0.0,0.0,0.0,0.0,0.0,0.0,0.0,0.0,0.0,0.0,m1108459,PQ,1.0,1.0,1.0,7199.557856794634,1000000.0,0.9,1.05,b,,False,False,False,46.70266396,-119.146068,default
4405,0.0,0.0,0.0,0.0,0.0,0.0,0.0,0.0,0.0,0.0,0.0,0.0,0.0,0.0,l2802480,PQ,1.0,1.0,1.0,7199.557856794634,1000000.0,0.9,1.05,b,,False,False,False,46.70190402,-119.1464331,default
4406,0.0,0.0,0.0,0.0,0.0,0.0,0.0,0.0,0.0,0.0,0.0,0.0,0.0,0.0,l3252336,PQ,1.0,1.0,1.0,7199.557856794634,1000000.0,0.9,1.05,b,,False,False,False,46.7009123,-119.1467303,default
4407,0.0,0.0,0.0,0.0,0.0,0.0,0.0,0.0,0.0,0.0,0.0,0.0,0.0,0.0,l3233413,PQ,1.0,1.0,1.0,7199.557856794634,1000000.0,0.9,1.05,b,,False,False,False,46.70294692,-119.1469177,default
4408,0.0,0.0,0.0,0.0,0.0,0.0,0.0,0.0,0.0,0.0,0.0,0.0,0.0,0.0,m1108464,PQ,1.0,1.0,1.0,7199.557856794634,1000000.0,0.9,1.05,b,,False,False,False,46.70285802,-119.1475734,default
4409,0.0,0.0,0.0,0.0,0.0,0.0,0.0,0.0,0.0,0.0,0.0,0.0,0.0,0.0,l3102286,PQ,1.0,1.0,1.0,7199.557856794634,1000000.0,0.9,1.05,b,,False,False,False,46.7021277,-119.1483682,default
4410,0.0,0.0,0.0,0.0,0.0,0.0,0.0,0.0,0.0,0.0,0.0,0.0,0.0,0.0,m1108433,PQ,1.0,1.0,1.0,7199.557856794634,1000000.0,0.9,1.05,b,,False,False,False,46.70168304,-119.1482486,default
4411,0.0,0.0,0.0,0.0,0.0,0.0,0.0,0.0,0.0,0.0,0.0,0.0,0.0,0.0,228-1048090-1_int,PQ,1.0,1.0,1.0,7199.557856794634,1000000.0,0.9,1.05,b,,False,False,False,46.70045114,-119.1482803,default
4412,0.0,0.0,0.0,0.0,0.0,0.0,0.0,0.0,0.0,0.0,0.0,0.0,0.0,0.0,x3102286b,PQ,1.0,1.0,1.0,104.0,1000000.0,0.9,1.05,s1s2,b,False,False,False,46.7018,-119.1484,default
4413,0.0,0.0,0.0,0.0,0.0,0.0,0.008113269685439,0.0020333771301873,0.0210667308186943,0.0052798206592593,0.0,0.0,0.0,0.0,sx3102286b,PQ,1.0,1.0,1.0,104.0,1000000.0,0.9,1.05,s1s2,b,False,True,False,46.7018,-119.1486,default
4414,0.0,0.0,0.0,0.0,0.0,0.0,0.0,0.0,0.0,0.0,0.0,0.0,0.0,0.0,x3233413b,PQ,1.0,1.0,1.0,104.0,1000000.0,0.9,1.05,s1s2,b,False,False,False,46.7026,-119.1469,default
4415,0.0,0.0,0.0,0.0,0.0,0.0,0.0153548929926973,0.0038482990987312,0.0040951073261122,0.0010263306795021,0.0,0.0,0.0,0.0,sx3233413b,PQ,1.0,1.0,1.0,104.0,1000000.0,0.9,1.05,s1s2,b,False,True,False,46.7026,-119.1472,default
4416,0.0,0.0,0.0,0.0,0.0,0.0,0.0,0.0,0.0,0.0,0.0,0.0,0.0,0.0,x3252336b,PQ,1.0,1.0,1.0,104.0,1000000.0,0.9,1.05,s1s2,b,False,False,False,46.7006,-119.1467,default
4417,0.0,0.0,0.0,0.0,0.0,0.0,0.0040441504042331,0.0010135596677701,0.0105458497953564,0.002643039196902,0.0,0.0,0.0,0.0,sx3252336b,PQ,1.0,1.0,1.0,104.0,1000000.0,0.9,1.05,s1s2,b,True,True,False,46.7006,-119.147,default
4418,0.0,0.0,0.0,0.0,0.0,0.0,0.0,0.0,0.0,0.0,0.0,0.0,0.0,0.0,x2802480b,PQ,1.0,1.0,1.0,104.0,1000000.0,0.9,1.05,s1s2,b,False,False,False,46.7016,-119.1464,default
4419,0.0,0.0,0.0,0.0,0.0,0.0,0.0035057709351151,0.0008786290492683,0.0256742296485267,0.0064345687804016,0.0,0.0,0.0,0.0,sx2802480b,PQ,1.0,1.0,1.0,104.0,1000000.0,0.9,1.05,s1s2,b,False,True,False,46.7016,-119.1467,default
4420,0.0,0.0,0.0,0.0,0.0,0.0,0.0,0.0,0.0,0.0,0.0,0.0,0.0,0.0,x3027670b,PQ,1.0,1.0,1.0,104.0,1000000.0,0.9,1.05,s1s2,b,False,False,False,46.7012,-119.1444,default
4421,0.0,0.0,0.0,0.0,0.0,0.0,0.0274573992160106,0.00688147322733,0.0017226014095224,0.0004317246236852,0.0,0.0,0.0,0.0,sx3027670b,PQ,1.0,1.0,1.0,104.0,1000000.0,0.9,1.05,s1s2,b,False,True,False,46.7012,-119.1447,default
4422,0.0,0.0,0.0,0.0,0.0,0.0,0.0,0.0,0.0,0.0,0.0,0.0,0.0,0.0,x2690187b,PQ,1.0,1.0,1.0,104.0,1000000.0,0.9,1.05,s1s2,b,False,False,False,46.7001,-119.1456,default
4423,0.0,0.0,0.0,0.0,0.0,0.0,0.0202071293556876,0.0050643842134161,0.0089728711327557,0.0022488135692732,0.0,0.0,0.0,0.0,sx2690187b,PQ,1.0,1.0,1.0,104.0,1000000.0,0.9,1.05,s1s2,b,False,True,False,46.7001,-119.1459,default
4424,0.0,0.0,0.0,0.0,0.0,0.0,0.0,0.0,0.0,0.0,0.0,0.0,0.0,0.0,x2708744b,PQ,1.0,1.0,1.0,104.0,1000000.0,0.9,1.05,s1s2,b,False,False,False,46.6995,-119.145,default
4425,0.0,0.0,0.0,0.0,0.0,0.0,0.0021376714390791,0.0005357509825885,0.0270423291714594,0.0067774468616264,0.0,0.0,0.0,0.0,sx2708744b,PQ,1.0,1.0,1.0,104.0,1000000.0,0.9,1.05,s1s2,b,False,True,False,46.6995,-119.1452,default
4426,0.0,0.0,0.0,0.0,0.0,0.0,0.0,0.0,0.0,0.0,0.0,0.0,0.0,0.0,p904451,PQ,1.0,1.0,1.0,7199.557856794634,1000000.0,0.9,1.05,a,,False,False,False,46.69916418,-119.1443977,default
4427,0.0,0.0,0.0,0.0,0.0,0.0,0.0,0.0,0.0,0.0,0.0,0.0,0.0,0.0,221-282819,PQ,1.0,1.0,1.0,7199.557856794634,1000000.0,0.9,1.05,a,,False,False,False,46.69919096,-119.1444711,default
4428,0.0,0.0,0.0,0.0,0.0,0.0,0.0,0.0,0.0,0.0,0.0,0.0,0.0,0.0,n1230122,PQ,1.0,1.0,1.0,7199.557856794634,1000000.0,0.9,1.05,a,,False,False,False,46.69919202,-119.1445672,default
4429,0.0,0.0,0.0,0.0,0.0,0.0,0.0,0.0,0.0,0.0,0.0,0.0,0.0,0.0,l3233412,PQ,1.0,1.0,1.0,7199.557856794634,1000000.0,0.9,1.05,a,,False,False,False,46.70076948,-119.1446078,default
4430,0.0,0.0,0.0,0.0,0.0,0.0,0.0,0.0,0.0,0.0,0.0,0.0,0.0,0.0,m1108413,PQ,1.0,1.0,1.0,7199.557856794634,1000000.0,0.9,1.05,a,,False,False,False,46.70087188,-119.1443817,default
4431,0.0,0.0,0.0,0.0,0.0,0.0,0.0,0.0,0.0,0.0,0.0,0.0,0.0,0.0,m1108460,PQ,1.0,1.0,1.0,7199.557856794634,1000000.0,0.9,1.05,a,,False,False,False,46.70268282,-119.144821,default
4432,0.0,0.0,0.0,0.0,0.0,0.0,0.0,0.0,0.0,0.0,0.0,0.0,0.0,0.0,l2821087,PQ,1.0,1.0,1.0,7199.557856794634,1000000.0,0.9,1.05,a,,False,False,False,46.70298108,-119.1443741,default
4433,0.0,0.0,0.0,0.0,0.0,0.0,0.0,0.0,0.0,0.0,0.0,0.0,0.0,0.0,l2990098,PQ,1.0,1.0,1.0,7199.557856794634,1000000.0,0.9,1.05,a,,False,False,False,46.70282936,-119.1455143,default
4434,0.0,0.0,0.0,0.0,0.0,0.0,0.0,0.0,0.0,0.0,0.0,0.0,0.0,0.0,m1108462,PQ,1.0,1.0,1.0,7199.557856794634,1000000.0,0.9,1.05,a,,False,False,False,46.7026924,-119.1461665,default
4435,0.0,0.0,0.0,0.0,0.0,0.0,0.0,0.0,0.0,0.0,0.0,0.0,0.0,0.0,l3027671,PQ,1.0,1.0,1.0,7199.557856794634,1000000.0,0.9,1.05,a,,False,False,False,46.70305508,-119.1479677,default
4436,0.0,0.0,0.0,0.0,0.0,0.0,0.0,0.0,0.0,0.0,0.0,0.0,0.0,0.0,m1108423,PQ,1.0,1.0,1.0,7199.557856794634,1000000.0,0.9,1.05,a,,False,False,False,46.70129716,-119.1482473,default
4437,0.0,0.0,0.0,0.0,0.0,0.0,0.0,0.0,0.0,0.0,0.0,0.0,0.0,0.0,l2802481,PQ,1.0,1.0,1.0,7199.557856794634,1000000.0,0.9,1.05,a,,False,False,False,46.70084562,-119.1484247,default
4438,0.0,0.0,0.0,0.0,0.0,0.0,0.0,0.0,0.0,0.0,0.0,0.0,0.0,0.0,l3214549,PQ,1.0,1.0,1.0,7199.557856794634,1000000.0,0.9,1.05,a,,False,False,False,46.6999685,-119.1481807,default
4439,0.0,0.0,0.0,0.0,0.0,0.0,0.0,0.0,0.0,0.0,0.0,0.0,0.0,0.0,m1108393,PQ,1.0,1.0,1.0,7199.557856794634,1000000.0,0.9,1.05,a,,False,False,False,46.70004992,-119.1482517,default
4440,0.0,0.0,0.0,0.0,0.0,0.0,0.0,0.0,0.0,0.0,0.0,0.0,0.0,0.0,193-51796,PQ,1.0,1.0,1.0,7199.557856794634,1000000.0,0.9,1.05,a,,False,False,False,46.70004186,-119.1482809,default
4441,0.0,0.0,0.0,0.0,0.0,0.0,0.0,0.0,0.0,0.0,0.0,0.0,0.0,0.0,x3214549a,PQ,1.0,1.0,1.0,104.0,1000000.0,0.9,1.05,s1s2,a,False,False,False,46.6996,-119.1482,default
4442,0.0,0.0,0.0,0.0,0.0,0.0,0.0013995809439402,0.0003507680303053,0.016340418824311,0.0040952947542877,0.0,0.0,0.0,0.0,sx3214549a,PQ,1.0,1.0,1.0,104.0,1000000.0,0.9,1.05,s1s2,a,False,True,False,46.6997,-119.1485,default
4443,0.0,0.0,0.0,0.0,0.0,0.0,0.0,0.0,0.0,0.0,0.0,0.0,0.0,0.0,x2802481a,PQ,1.0,1.0,1.0,104.0,1000000.0,0.9,1.05,s1s2,a,False,False,False,46.7005,-119.1484,default
4444,0.0,0.0,0.0,0.0,0.0,0.0,0.0207201451754725,0.0051929575856018,0.0058798544787934,0.0014736303628683,0.0,0.0,0.0,0.0,sx2802481a,PQ,1.0,1.0,1.0,104.0,1000000.0,0.9,1.05,s1s2,a,False,True,False,46.7005,-119.1487,default
4445,0.0,0.0,0.0,0.0,0.0,0.0,0.0,0.0,0.0,0.0,0.0,0.0,0.0,0.0,x3027671a,PQ,1.0,1.0,1.0,104.0,1000000.0,0.9,1.05,s1s2,a,False,False,False,46.7027,-119.148,default
4446,0.0,0.0,0.0,0.0,0.0,0.0,0.0016555317841902,0.0004149153538257,0.0116444680562246,0.0029183786222035,0.0,0.0,0.0,0.0,sx3027671a,PQ,1.0,1.0,1.0,104.0,1000000.0,0.9,1.05,s1s2,a,False,True,False,46.7027,-119.1482,default
4447,0.0,0.0,0.0,0.0,0.0,0.0,0.0,0.0,0.0,0.0,0.0,0.0,0.0,0.0,x2990098a,PQ,1.0,1.0,1.0,104.0,1000000.0,0.9,1.05,s1s2,a,False,False,False,46.7025,-119.1455,default
4448,0.0,0.0,0.0,0.0,0.0,0.0,0.0109085795358668,0.0027339475977489,0.0068314202895683,0.0017121152254647,0.0,0.0,0.0,0.0,sx2990098a,PQ,1.0,1.0,1.0,104.0,1000000.0,0.9,1.05,s1s2,a,True,True,False,46.7025,-119.1458,default
4449,0.0,0.0,0.0,0.0,0.0,0.0,0.0,0.0,0.0,0.0,0.0,0.0,0.0,0.0,x2821087a,PQ,1.0,1.0,1.0,104.0,1000000.0,0.9,1.05,s1s2,a,False,False,False,46.7026,-119.1444,default
4450,0.0,0.0,0.0,0.0,0.0,0.0,0.0204326954290341,0.0051209158928572,0.006167304229155,0.0015456720572221,0.0,0.0,0.0,0.0,sx2821087a,PQ,1.0,1.0,1.0,104.0,1000000.0,0.9,1.05,s1s2,a,False,True,False,46.7027,-119.1447,default
4451,0.0,0.0,0.0,0.0,0.0,0.0,0.0,0.0,0.0,0.0,0.0,0.0,0.0,0.0,x3233412a,PQ,1.0,1.0,1.0,104.0,1000000.0,0.9,1.05,s1s2,a,False,False,False,46.7004,-119.1446,default
4452,0.0,0.0,0.0,0.0,0.0,0.0,0.0144700165410688,0.003626527797629,0.0032699832703473,0.0008195350179239,0.0,0.0,0.0,0.0,sx3233412a,PQ,1.0,1.0,1.0,104.0,1000000.0,0.9,1.05,s1s2,a,True,True,False,46.7005,-119.1449,default
4453,0.0,0.0,0.0,0.0,0.0,0.0,0.0,0.0,0.0,0.0,0.0,0.0,0.0,0.0,x2989566b,PQ,1.0,1.0,1.0,104.0,1000000.0,0.9,1.05,s1s2,b,False,False,False,46.6988,-119.1429,default
4454,0.0,0.0,0.0,0.0,0.0,0.0,0.0044475655945882,0.0011146650547136,0.001392434486359,0.000348976991518,0.0,0.0,0.0,0.0,sx2989566b,PQ,1.0,1.0,1.0,104.0,1000000.0,0.9,1.05,s1s2,b,False,True,False,46.6988,-119.1432,default
4455,0.0,0.0,0.0,0.0,0.0,0.0,0.0,0.0,0.0,0.0,0.0,0.0,0.0,0.0,l2730149,PQ,1.0,1.0,1.0,7199.557856794634,1000000.0,0.9,1.05,abc,,False,False,False,46.69892356,-119.1398162,default
4456,0.0,0.0,0.0,0.0,0.0,0.0,0.0,0.0,0.0,0.0,0.0,0.0,0.0,0.0,x2730149c,PQ,1.0,1.0,1.0,104.0,1000000.0,0.9,1.05,s1s2,c,False,False,False,46.6986,-119.1398,default
4457,0.0,0.0,0.0,0.0,0.0,0.0,0.0036514289428126,0.0009151344646926,0.002448571103343,0.0006136698368985,0.0,0.0,0.0,0.0,sx2730149c,PQ,1.0,1.0,1.0,104.0,1000000.0,0.9,1.05,s1s2,c,True,True,False,46.6986,-119.1401,default
4458,0.0,0.0,0.0,0.0,0.0,0.0,0.0,0.0,0.0,0.0,0.0,0.0,0.0,0.0,m1125997,PQ,1.0,1.0,1.0,7199.557856794634,1000000.0,0.9,1.05,abc,,False,False,False,46.70032046,-119.1405816,default
4459,0.0,0.0,0.0,0.0,0.0,0.0,0.0,0.0,0.0,0.0,0.0,0.0,0.0,0.0,d5535139-1_int,PQ,1.0,1.0,1.0,7199.557856794634,1000000.0,0.9,1.05,abc,,False,False,False,46.70036402,-119.1405885,default
4460,0.0,0.0,0.0,0.0,0.0,0.0,0.0,0.0,0.0,0.0,0.0,0.0,0.0,0.0,e183473,PQ,1.0,1.0,1.0,7199.557856794634,1000000.0,0.9,1.05,abc,,False,False,False,46.70045366,-119.1405949,default
4461,0.0,0.0,0.0,0.0,0.0,0.0,0.0,0.0,0.0,0.0,0.0,0.0,0.0,0.0,r20703,PQ,1.0,1.0,1.0,7199.557856794634,1000000.0,0.9,1.05,abc,,False,False,False,46.70054336,-119.14062,default
4462,0.0,0.0,0.0,0.0,0.0,0.0,0.0,0.0,0.0,0.0,0.0,0.0,0.0,0.0,l2859403,PQ,1.0,1.0,1.0,7199.557856794634,1000000.0,0.9,1.05,abc,,False,False,False,46.70113856,-119.1407863,default
4463,0.0,0.0,0.0,0.0,0.0,0.0,0.0,0.0,0.0,0.0,0.0,0.0,0.0,0.0,l2973791,PQ,1.0,1.0,1.0,7199.557856794634,1000000.0,0.9,1.05,abc,,False,False,False,46.70166684,-119.1409339,default
4464,0.0,0.0,0.0,0.0,0.0,0.0,0.0,0.0,0.0,0.0,0.0,0.0,0.0,0.0,l3179650,PQ,1.0,1.0,1.0,7199.557856794634,1000000.0,0.9,1.05,abc,,False,False,False,46.70256256,-119.1412026,default
4465,0.0,0.0,0.0,0.0,0.0,0.0,0.0,0.0,0.0,0.0,0.0,0.0,0.0,0.0,l3232902,PQ,1.0,1.0,1.0,7199.557856794634,1000000.0,0.9,1.05,abc,,False,False,False,46.7031547,-119.1413718,default
4466,0.0,0.0,0.0,0.0,0.0,0.0,0.0,0.0,0.0,0.0,0.0,0.0,0.0,0.0,m4122658,PQ,1.0,1.0,1.0,7199.557856794634,1000000.0,0.9,1.05,abc,,False,False,False,46.70369536,-119.1415268,default
4467,0.0,0.0,0.0,0.0,0.0,0.0,0.0,0.0,0.0,0.0,0.0,0.0,0.0,0.0,l2933135,PQ,1.0,1.0,1.0,7199.557856794634,1000000.0,0.9,1.05,abc,,False,False,False,46.70371776,-119.1415366,default
4468,0.0,0.0,0.0,0.0,0.0,0.0,0.0,0.0,0.0,0.0,0.0,0.0,0.0,0.0,m1108484,PQ,1.0,1.0,1.0,7199.557856794634,1000000.0,0.9,1.05,abc,,False,False,False,46.70472436,-119.1419833,default
4469,0.0,0.0,0.0,0.0,0.0,0.0,0.0,0.0,0.0,0.0,0.0,0.0,0.0,0.0,l2730106,PQ,1.0,1.0,1.0,7199.557856794634,1000000.0,0.9,1.05,abc,,False,False,False,46.70614602,-119.1424954,default
4470,0.0,0.0,0.0,0.0,0.0,0.0,0.0,0.0,0.0,0.0,0.0,0.0,0.0,0.0,n1142099,PQ,1.0,1.0,1.0,7199.557856794634,1000000.0,0.9,1.05,abc,,False,False,False,46.7064217,-119.1426894,default
4471,0.0,0.0,0.0,0.0,0.0,0.0,0.0,0.0,0.0,0.0,0.0,0.0,0.0,0.0,n1142100,PQ,1.0,1.0,1.0,7199.557856794634,1000000.0,0.9,1.05,abc,,False,False,False,46.70685156,-119.1429918,default
4472,0.0,0.0,0.0,0.0,0.0,0.0,0.0,0.0,0.0,0.0,0.0,0.0,0.0,0.0,m1108490,PQ,1.0,1.0,1.0,7199.557856794634,1000000.0,0.9,1.05,abc,,False,False,False,46.70701538,-119.1431071,default
4473,0.0,0.0,0.0,0.0,0.0,0.0,0.0,0.0,0.0,0.0,0.0,0.0,0.0,0.0,l3142049,PQ,1.0,1.0,1.0,7199.557856794634,1000000.0,0.9,1.05,abc,,False,False,False,46.7075695,-119.1434675,default
4474,0.0,0.0,0.0,0.0,0.0,0.0,0.0,0.0,0.0,0.0,0.0,0.0,0.0,0.0,m1108493,PQ,1.0,1.0,1.0,7199.557856794634,1000000.0,0.9,1.05,abc,,False,False,False,46.70863792,-119.1441484,default
4475,0.0,0.0,0.0,0.0,0.0,0.0,0.0,0.0,0.0,0.0,0.0,0.0,0.0,0.0,n1142103,PQ,1.0,1.0,1.0,7199.557856794634,1000000.0,0.9,1.05,abc,,False,False,False,46.70910746,-119.1444476,default
4476,0.0,0.0,0.0,0.0,0.0,0.0,0.0,0.0,0.0,0.0,0.0,0.0,0.0,0.0,l3104830,PQ,1.0,1.0,1.0,7199.557856794634,1000000.0,0.9,1.05,abc,,False,False,False,46.70924862,-119.1445376,default
4477,0.0,0.0,0.0,0.0,0.0,0.0,0.0,0.0,0.0,0.0,0.0,0.0,0.0,0.0,n1142104,PQ,1.0,1.0,1.0,7199.557856794634,1000000.0,0.9,1.05,abc,,False,False,False,46.71029646,-119.1447609,default
4478,0.0,0.0,0.0,0.0,0.0,0.0,0.0,0.0,0.0,0.0,0.0,0.0,0.0,0.0,m1108500,PQ,1.0,1.0,1.0,7199.557856794634,1000000.0,0.9,1.05,abc,,False,False,False,46.7109387,-119.1448811,default
4479,0.0,0.0,0.0,0.0,0.0,0.0,0.0,0.0,0.0,0.0,0.0,0.0,0.0,0.0,m1108505,PQ,1.0,1.0,1.0,7199.557856794634,1000000.0,0.9,1.05,abc,,False,False,False,46.71129776,-119.1449483,default
4480,0.0,0.0,0.0,0.0,0.0,0.0,0.0,0.0,0.0,0.0,0.0,0.0,0.0,0.0,l2955047,PQ,1.0,1.0,1.0,7199.557856794634,1000000.0,0.9,1.05,abc,,False,False,False,46.71205574,-119.1451675,default
4481,0.0,0.0,0.0,0.0,0.0,0.0,0.0,0.0,0.0,0.0,0.0,0.0,0.0,0.0,l3179646,PQ,1.0,1.0,1.0,7199.557856794634,1000000.0,0.9,1.05,abc,,False,False,False,46.71272228,-119.1453349,default
4482,0.0,0.0,0.0,0.0,0.0,0.0,0.0,0.0,0.0,0.0,0.0,0.0,0.0,0.0,l2674027,PQ,1.0,1.0,1.0,7199.557856794634,1000000.0,0.9,1.05,abc,,False,False,False,46.71336678,-119.1456181,default
4483,0.0,0.0,0.0,0.0,0.0,0.0,0.0,0.0,0.0,0.0,0.0,0.0,0.0,0.0,l2692633,PQ,1.0,1.0,1.0,7199.557856794634,1000000.0,0.9,1.05,abc,,False,False,False,46.71374022,-119.1457813,default
4484,0.0,0.0,0.0,0.0,0.0,0.0,0.0,0.0,0.0,0.0,0.0,0.0,0.0,0.0,d5578300-1_int,PQ,1.0,1.0,1.0,7199.557856794634,1000000.0,0.9,1.05,abc,,False,False,False,46.71395458,-119.1458521,default
4485,0.0,0.0,0.0,0.0,0.0,0.0,0.0,0.0,0.0,0.0,0.0,0.0,0.0,0.0,l2692635,PQ,1.0,1.0,1.0,7199.557856794634,1000000.0,0.9,1.05,abc,,False,False,False,46.71460796,-119.1459565,default
4486,0.0,0.0,0.0,0.0,0.0,0.0,0.0,0.0,0.0,0.0,0.0,0.0,0.0,0.0,regxfmr_190-8581,PQ,1.0,1.0,1.0,7199.557856794634,1000000.0,0.9,1.05,abc,,False,False,False,46.71482576,-119.1460088,default
4487,0.0,0.0,0.0,0.0,0.0,0.0,0.0,0.0,0.0,0.0,0.0,0.0,0.0,0.0,190-8581,PQ,1.0,1.0,1.0,7199.557856794634,1000000.0,0.9,1.05,abc,,False,False,False,46.71529276,-119.1460857,default
4488,0.0,0.0,0.0,0.0,0.0,0.0,0.0,0.0,0.0,0.0,0.0,0.0,0.0,0.0,d5587291-3_int,PQ,1.0,1.0,1.0,7199.557856794634,1000000.0,0.9,1.05,abc,,False,False,False,46.71534848,-119.1461132,default
4489,0.0,0.0,0.0,0.0,0.0,0.0,0.0,0.0,0.0,0.0,0.0,0.0,0.0,0.0,q14734,PQ,1.0,1.0,1.0,7199.557856794634,1000000.0,0.9,1.05,abc,,False,False,False,46.71591474,-119.1463221,default
4490,0.0,0.0,0.0,0.0,0.0,0.0,0.0,0.0,0.0,0.0,0.0,0.0,0.0,0.0,m1108529,PQ,1.0,1.0,1.0,7199.557856794634,1000000.0,0.9,1.05,abc,,False,False,False,46.7161684,-119.1463925,default
4491,0.0,0.0,0.0,0.0,0.0,0.0,0.0,0.0,0.0,0.0,0.0,0.0,0.0,0.0,m1108532,PQ,1.0,1.0,1.0,7199.557856794634,1000000.0,0.9,1.05,abc,,False,False,False,46.71640836,-119.1467053,default
4492,0.0,0.0,0.0,0.0,0.0,0.0,0.0,0.0,0.0,0.0,0.0,0.0,0.0,0.0,m1108535,PQ,1.0,1.0,1.0,7199.557856794634,1000000.0,0.9,1.05,abc,,False,False,False,46.71708594,-119.1480757,default
4493,0.0,0.0,0.0,0.0,0.0,0.0,0.0,0.0,0.0,0.0,0.0,0.0,0.0,0.0,m1108534,PQ,1.0,1.0,1.0,7199.557856794634,1000000.0,0.9,1.05,abc,,False,False,False,46.71660926,-119.153102,default
4494,0.0,0.0,0.0,0.0,0.0,0.0,0.0,0.0,0.0,0.0,0.0,0.0,0.0,0.0,m1108526,PQ,1.0,1.0,1.0,7199.557856794634,1000000.0,0.9,1.05,abc,,False,False,False,46.71588234,-119.1551244,default
4495,0.0,0.0,0.0,0.0,0.0,0.0,0.0,0.0,0.0,0.0,0.0,0.0,0.0,0.0,m1089199,PQ,1.0,1.0,1.0,7199.557856794634,1000000.0,0.9,1.05,abc,,False,False,False,46.71529394,-119.1566918,default
4496,0.0,0.0,0.0,0.0,0.0,0.0,0.0,0.0,0.0,0.0,0.0,0.0,0.0,0.0,m1089197,PQ,1.0,1.0,1.0,7199.557856794634,1000000.0,0.9,1.05,abc,,False,False,False,46.71479544,-119.1579491,default
4497,0.0,0.0,0.0,0.0,0.0,0.0,0.0,0.0,0.0,0.0,0.0,0.0,0.0,0.0,m1089196,PQ,1.0,1.0,1.0,7199.557856794634,1000000.0,0.9,1.05,abc,,False,False,False,46.71438908,-119.1594916,default
4498,0.0,0.0,0.0,0.0,0.0,0.0,0.0,0.0,0.0,0.0,0.0,0.0,0.0,0.0,m1089198,PQ,1.0,1.0,1.0,7199.557856794634,1000000.0,0.9,1.05,abc,,False,False,False,46.7149737,-119.1611829,default
4499,0.0,0.0,0.0,0.0,0.0,0.0,0.0,0.0,0.0,0.0,0.0,0.0,0.0,0.0,m1089201,PQ,1.0,1.0,1.0,7199.557856794634,1000000.0,0.9,1.05,abc,,False,False,False,46.71609086,-119.1639043,default
4500,0.0,0.0,0.0,0.0,0.0,0.0,0.0,0.0,0.0,0.0,0.0,0.0,0.0,0.0,m1089202,PQ,1.0,1.0,1.0,7199.557856794634,1000000.0,0.9,1.05,abc,,False,False,False,46.71611664,-119.1639657,default
4501,0.0,0.0,0.0,0.0,0.0,0.0,0.0,0.0,0.0,0.0,0.0,0.0,0.0,0.0,m1089203,PQ,1.0,1.0,1.0,7199.557856794634,1000000.0,0.9,1.05,abc,,False,False,False,46.71652184,-119.1649298,default
4502,0.0,0.0,0.0,0.0,0.0,0.0,0.0,0.0,0.0,0.0,0.0,0.0,0.0,0.0,m1089207,PQ,1.0,1.0,1.0,7199.557856794634,1000000.0,0.9,1.05,abc,,False,False,False,46.71680306,-119.165824,default
4503,0.0,0.0,0.0,0.0,0.0,0.0,0.0,0.0,0.0,0.0,0.0,0.0,0.0,0.0,l3160098,PQ,1.0,1.0,1.0,7199.557856794634,1000000.0,0.9,1.05,abc,,False,False,False,46.71692316,-119.1662037,default
4504,0.0,0.0,0.0,0.0,0.0,0.0,0.0,0.0,0.0,0.0,0.0,0.0,0.0,0.0,m1089213,PQ,1.0,1.0,1.0,7199.557856794634,1000000.0,0.9,1.05,abc,,False,False,False,46.7170922,-119.1680149,default
4505,0.0,0.0,0.0,0.0,0.0,0.0,0.0,0.0,0.0,0.0,0.0,0.0,0.0,0.0,l3118855,PQ,1.0,1.0,1.0,7199.557856794634,1000000.0,0.9,1.05,abc,,False,False,False,46.717071,-119.1693944,default
4506,0.0,0.0,0.0,0.0,0.0,0.0,0.0,0.0,0.0,0.0,0.0,0.0,0.0,0.0,l3231255,PQ,1.0,1.0,1.0,7199.557856794634,1000000.0,0.9,1.05,abc,,False,False,False,46.7170885,-119.1702591,default
4507,0.0,0.0,0.0,0.0,0.0,0.0,0.0,0.0,0.0,0.0,0.0,0.0,0.0,0.0,n1144663,PQ,1.0,1.0,1.0,7199.557856794634,1000000.0,0.9,1.05,abc,,False,False,False,46.71713376,-119.1706964,default
4508,0.0,0.0,0.0,0.0,0.0,0.0,0.0,0.0,0.0,0.0,0.0,0.0,0.0,0.0,m1089215,PQ,1.0,1.0,1.0,7199.557856794634,1000000.0,0.9,1.05,abc,,False,False,False,46.71717862,-119.1711294,default
4509,0.0,0.0,0.0,0.0,0.0,0.0,0.0,0.0,0.0,0.0,0.0,0.0,0.0,0.0,m1089220,PQ,1.0,1.0,1.0,7199.557856794634,1000000.0,0.9,1.05,abc,,False,False,False,46.71874612,-119.1709691,default
4510,0.0,0.0,0.0,0.0,0.0,0.0,0.0,0.0,0.0,0.0,0.0,0.0,0.0,0.0,m1089der480-2,PQ,1.0,1.0,1.0,277.1281292110204,1000000.0,0.9,1.05,abc,,False,False,False,46.71874612,-119.1704469,default
4511,0.0,0.0,0.0,0.0,0.0,0.0,0.0,0.0,0.0,0.0,0.0,0.0,0.0,0.0,m1089-dies1,PQ,1.0,1.0,1.0,277.1281292110204,1000000.0,0.9,1.05,abc,,True,False,False,46.71874612,-119.1699247,default
4512,0.0,0.0,0.0,0.0,0.0,0.0,0.0,0.0,0.0,0.0,0.0,0.0,0.0,0.0,n1134474,PQ,1.0,1.0,1.0,7199.557856794634,1000000.0,0.9,1.05,abc,,False,False,False,46.7172482,-119.1719072,default
4513,0.0,0.0,0.0,0.0,0.0,0.0,0.0,0.0,0.0,0.0,0.0,0.0,0.0,0.0,m1069496,PQ,1.0,1.0,1.0,7199.557856794634,1000000.0,0.9,1.05,abc,,False,False,False,46.71733474,-119.1728749,default
4514,0.0,0.0,0.0,0.0,0.0,0.0,0.0,0.0,0.0,0.0,0.0,0.0,0.0,0.0,n1134475,PQ,1.0,1.0,1.0,7199.557856794634,1000000.0,0.9,1.05,abc,,False,False,False,46.71734242,-119.173895,default
4515,0.0,0.0,0.0,0.0,0.0,0.0,0.0,0.0,0.0,0.0,0.0,0.0,0.0,0.0,m1069497,PQ,1.0,1.0,1.0,7199.557856794634,1000000.0,0.9,1.05,abc,,False,False,False,46.71734668,-119.1744659,default
4516,0.0,0.0,0.0,0.0,0.0,0.0,0.0,0.0,0.0,0.0,0.0,0.0,0.0,0.0,m1069495,PQ,1.0,1.0,1.0,7199.557856794634,1000000.0,0.9,1.05,abc,,False,False,False,46.71729196,-119.1747193,default
4517,0.0,0.0,0.0,0.0,0.0,0.0,0.0,0.0,0.0,0.0,0.0,0.0,0.0,0.0,m1069498,PQ,1.0,1.0,1.0,7199.557856794634,1000000.0,0.9,1.05,abc,,False,False,False,46.71742112,-119.1748332,default
4518,0.0,0.0,0.0,0.0,0.0,0.0,0.0,0.0,0.0,0.0,0.0,0.0,0.0,0.0,m1069499,PQ,1.0,1.0,1.0,7199.557856794634,1000000.0,0.9,1.05,abc,,False,False,False,46.71833932,-119.1761065,default
4519,0.0,0.0,0.0,0.0,0.0,0.0,0.0,0.0,0.0,0.0,0.0,0.0,0.0,0.0,n1134476,PQ,1.0,1.0,1.0,7199.557856794634,1000000.0,0.9,1.05,abc,,False,False,False,46.71867106,-119.1765274,default
4520,0.0,0.0,0.0,0.0,0.0,0.0,0.0,0.0,0.0,0.0,0.0,0.0,0.0,0.0,l3066814,PQ,1.0,1.0,1.0,7199.557856794634,1000000.0,0.9,1.05,abc,,False,False,False,46.7190627,-119.1770243,default
4521,0.0,0.0,0.0,0.0,0.0,0.0,0.0,0.0,0.0,0.0,0.0,0.0,0.0,0.0,n1134477,PQ,1.0,1.0,1.0,7199.557856794634,1000000.0,0.9,1.05,abc,,False,False,False,46.71920558,-119.1771987,default
4522,0.0,0.0,0.0,0.0,0.0,0.0,0.0,0.0,0.0,0.0,0.0,0.0,0.0,0.0,d5534969-2_int,PQ,1.0,1.0,1.0,7199.557856794634,1000000.0,0.9,1.05,abc,,False,False,False,46.7192906,-119.1772875,default
4523,0.0,0.0,0.0,0.0,0.0,0.0,0.0,0.0,0.0,0.0,0.0,0.0,0.0,0.0,x3066814b,PQ,1.0,1.0,1.0,104.0,1000000.0,0.9,1.05,s1s2,b,False,False,False,46.7187,-119.177,default
4524,0.0,0.0,0.0,0.0,0.0,0.0,3.098303298693096e-05,7.765080309959022e-06,0.0038590170236151,0.0009671608708575,0.0,0.0,0.0,0.0,sx3066814b,PQ,1.0,1.0,1.0,104.0,1000000.0,0.9,1.05,s1s2,b,False,True,False,46.7187,-119.1773,default
4525,0.0,0.0,0.0,0.0,0.0,0.0,0.0,0.0,0.0,0.0,0.0,0.0,0.0,0.0,x3231255c,PQ,1.0,1.0,1.0,104.0,1000000.0,0.9,1.05,s1s2,c,False,False,False,46.7167,-119.1703,default
4526,0.0,0.0,0.0,0.0,0.0,0.0,0.0032664647409101,0.0008186533382673,0.0069035353661943,0.0017301892848938,0.0,0.0,0.0,0.0,sx3231255c,PQ,1.0,1.0,1.0,104.0,1000000.0,0.9,1.05,s1s2,c,False,True,False,46.7168,-119.1705,default
4527,0.0,0.0,0.0,0.0,0.0,0.0,0.0,0.0,0.0,0.0,0.0,0.0,0.0,0.0,x3118855c,PQ,1.0,1.0,1.0,104.0,1000000.0,0.9,1.05,s1s2,c,False,False,False,46.7167,-119.1694,default
4528,0.0,0.0,0.0,0.0,0.0,0.0,0.0032792060116723,0.0008218466002473,0.01198079419001,0.0030026704712078,0.0,0.0,0.0,0.0,sx3118855c,PQ,1.0,1.0,1.0,104.0,1000000.0,0.9,1.05,s1s2,c,False,True,False,46.7168,-119.1697,default
4529,0.0,0.0,0.0,0.0,0.0,0.0,0.0,0.0,0.0,0.0,0.0,0.0,0.0,0.0,p895089,PQ,1.0,1.0,1.0,7199.557856794634,1000000.0,0.9,1.05,c,,False,False,False,46.7169594,-119.1680325,default
4530,0.0,0.0,0.0,0.0,0.0,0.0,0.0,0.0,0.0,0.0,0.0,0.0,0.0,0.0,l3235242,PQ,1.0,1.0,1.0,7199.557856794634,1000000.0,0.9,1.05,c,,False,False,False,46.71609992,-119.1681465,default
4531,0.0,0.0,0.0,0.0,0.0,0.0,0.0,0.0,0.0,0.0,0.0,0.0,0.0,0.0,m1089195,PQ,1.0,1.0,1.0,7199.557856794634,1000000.0,0.9,1.05,c,,False,False,False,46.71414214,-119.1683668,default
4532,0.0,0.0,0.0,0.0,0.0,0.0,0.0,0.0,0.0,0.0,0.0,0.0,0.0,0.0,l3141393,PQ,1.0,1.0,1.0,7199.557856794634,1000000.0,0.9,1.05,c,,False,False,False,46.71410878,-119.1702978,default
4533,0.0,0.0,0.0,0.0,0.0,0.0,0.0,0.0,0.0,0.0,0.0,0.0,0.0,0.0,x3141393c,PQ,1.0,1.0,1.0,104.0,1000000.0,0.9,1.05,s1s2,c,False,False,False,46.7138,-119.1703,default
4534,0.0,0.0,0.0,0.0,0.0,0.0,0.0070537041514792,0.0017678251354965,0.0031162959568943,0.000781017488392,0.0,0.0,0.0,0.0,sx3141393c,PQ,1.0,1.0,1.0,104.0,1000000.0,0.9,1.05,s1s2,c,False,True,False,46.7138,-119.1706,default
4535,0.0,0.0,0.0,0.0,0.0,0.0,0.0,0.0,0.0,0.0,0.0,0.0,0.0,0.0,x3235242c,PQ,1.0,1.0,1.0,104.0,1000000.0,0.9,1.05,s1s2,c,False,False,False,46.7157,-119.1681,default
4536,0.0,0.0,0.0,0.0,0.0,0.0,0.0065495788170277,0.0016414793991684,0.0036204212880702,0.0009073632227481,0.0,0.0,0.0,0.0,sx3235242c,PQ,1.0,1.0,1.0,104.0,1000000.0,0.9,1.05,s1s2,c,False,True,False,46.7158,-119.1684,default
4537,0.0,0.0,0.0,0.0,0.0,0.0,0.0,0.0,0.0,0.0,0.0,0.0,0.0,0.0,x3160098a,PQ,1.0,1.0,1.0,104.0,1000000.0,0.9,1.05,s1s2,a,False,False,False,46.7166,-119.1662,default
4538,0.0,0.0,0.0,0.0,0.0,0.0,0.0038447728350594,0.000963590848578,0.001475227107151,0.0003697267439442,0.0,0.0,0.0,0.0,sx3160098a,PQ,1.0,1.0,1.0,104.0,1000000.0,0.9,1.05,s1s2,a,False,True,False,46.7166,-119.1665,default
4539,0.0,0.0,0.0,0.0,0.0,0.0,0.0,0.0,0.0,0.0,0.0,0.0,0.0,0.0,p895087,PQ,1.0,1.0,1.0,7199.557856794634,1000000.0,0.9,1.05,a,,False,False,False,46.71661148,-119.1649109,default
4540,0.0,0.0,0.0,0.0,0.0,0.0,0.0,0.0,0.0,0.0,0.0,0.0,0.0,0.0,m1089205,PQ,1.0,1.0,1.0,7199.557856794634,1000000.0,0.9,1.05,a,,False,False,False,46.71672796,-119.1648864,default
4541,0.0,0.0,0.0,0.0,0.0,0.0,0.0,0.0,0.0,0.0,0.0,0.0,0.0,0.0,m1089200,PQ,1.0,1.0,1.0,7199.557856794634,1000000.0,0.9,1.05,a,,False,False,False,46.71597124,-119.1652328,default
4542,0.0,0.0,0.0,0.0,0.0,0.0,0.0,0.0,0.0,0.0,0.0,0.0,0.0,0.0,l2916602,PQ,1.0,1.0,1.0,7199.557856794634,1000000.0,0.9,1.05,a,,False,False,False,46.71596088,-119.1656927,default
4543,0.0,0.0,0.0,0.0,0.0,0.0,0.0,0.0,0.0,0.0,0.0,0.0,0.0,0.0,x2916602a,PQ,1.0,1.0,1.0,104.0,1000000.0,0.9,1.05,s1s2,a,False,False,False,46.7156,-119.1657,default
4544,0.0,0.0,0.0,0.0,0.0,0.0,0.0040535737190367,0.0010159212807126,0.0048164261841172,0.0012071101193969,0.0,0.0,0.0,0.0,sx2916602a,PQ,1.0,1.0,1.0,104.0,1000000.0,0.9,1.05,s1s2,a,False,True,False,46.7156,-119.166,default
4545,0.0,0.0,0.0,0.0,0.0,0.0,0.0,0.0,0.0,0.0,0.0,0.0,0.0,0.0,n1134472,PQ,1.0,1.0,1.0,7199.557856794634,1000000.0,0.9,1.05,a,,False,False,False,46.7169313,-119.1648435,default
4546,0.0,0.0,0.0,0.0,0.0,0.0,0.0,0.0,0.0,0.0,0.0,0.0,0.0,0.0,l2973148,PQ,1.0,1.0,1.0,7199.557856794634,1000000.0,0.9,1.05,a,,False,False,False,46.71804172,-119.16311,default
4547,0.0,0.0,0.0,0.0,0.0,0.0,0.0,0.0,0.0,0.0,0.0,0.0,0.0,0.0,x2973148a,PQ,1.0,1.0,1.0,104.0,1000000.0,0.9,1.05,s1s2,a,False,False,False,46.7177,-119.1631,default
4548,0.0,0.0,0.0,0.0,0.0,0.0,0.0052596952498954,0.0013182038172759,0.0036103046604694,0.0009048275920211,0.0,0.0,0.0,0.0,sx2973148a,PQ,1.0,1.0,1.0,104.0,1000000.0,0.9,1.05,s1s2,a,True,True,False,46.7177,-119.1634,default
4549,0.0,0.0,0.0,0.0,0.0,0.0,0.0,0.0,0.0,0.0,0.0,0.0,0.0,0.0,p827498,PQ,1.0,1.0,1.0,7199.557856794634,1000000.0,0.9,1.05,a,,False,False,False,46.71494916,-119.157856,default
4550,0.0,0.0,0.0,0.0,0.0,0.0,0.0,0.0,0.0,0.0,0.0,0.0,0.0,0.0,n1136032,PQ,1.0,1.0,1.0,7199.557856794634,1000000.0,0.9,1.05,a,,False,False,False,46.7153876,-119.1577697,default
4551,0.0,0.0,0.0,0.0,0.0,0.0,0.0,0.0,0.0,0.0,0.0,0.0,0.0,0.0,m1089204,PQ,1.0,1.0,1.0,7199.557856794634,1000000.0,0.9,1.05,a,,False,False,False,46.71671698,-119.1578424,default
4552,0.0,0.0,0.0,0.0,0.0,0.0,0.0,0.0,0.0,0.0,0.0,0.0,0.0,0.0,l3010557,PQ,1.0,1.0,1.0,7199.557856794634,1000000.0,0.9,1.05,a,,False,False,False,46.71671132,-119.1570899,default
4553,0.0,0.0,0.0,0.0,0.0,0.0,0.0,0.0,0.0,0.0,0.0,0.0,0.0,0.0,x3010557a,PQ,1.0,1.0,1.0,104.0,1000000.0,0.9,1.05,s1s2,a,False,False,False,46.7164,-119.1571,default
4554,0.0,0.0,0.0,0.0,0.0,0.0,0.0020533644819677,0.0005146216200785,0.0032666354611881,0.0008186959729306,0.0,0.0,0.0,0.0,sx3010557a,PQ,1.0,1.0,1.0,104.0,1000000.0,0.9,1.05,s1s2,a,False,True,False,46.7164,-119.1574,default
4555,0.0,0.0,0.0,0.0,0.0,0.0,0.0,0.0,0.0,0.0,0.0,0.0,0.0,0.0,l3157167,PQ,1.0,1.0,1.0,7199.557856794634,1000000.0,0.9,1.05,a,,False,False,False,46.71748532,-119.1578604,default
4556,0.0,0.0,0.0,0.0,0.0,0.0,0.0,0.0,0.0,0.0,0.0,0.0,0.0,0.0,l2785511,PQ,1.0,1.0,1.0,7199.557856794634,1000000.0,0.9,1.05,a,,False,False,False,46.71927732,-119.1578905,default
4557,0.0,0.0,0.0,0.0,0.0,0.0,0.0,0.0,0.0,0.0,0.0,0.0,0.0,0.0,x2785511a,PQ,1.0,1.0,1.0,104.0,1000000.0,0.9,1.05,s1s2,a,False,False,False,46.7189,-119.1579,default
4558,0.0,0.0,0.0,0.0,0.0,0.0,0.0075512614307212,0.0018925244006351,0.0013187384664893,0.000330506996057,0.0,0.0,0.0,0.0,sx2785511a,PQ,1.0,1.0,1.0,104.0,1000000.0,0.9,1.05,s1s2,a,False,True,False,46.719,-119.1582,default
4559,0.0,0.0,0.0,0.0,0.0,0.0,0.0,0.0,0.0,0.0,0.0,0.0,0.0,0.0,x3157167a,PQ,1.0,1.0,1.0,104.0,1000000.0,0.9,1.05,s1s2,a,False,False,False,46.7171,-119.1579,default
4560,0.0,0.0,0.0,0.0,0.0,0.0,0.0032119562564163,0.000804992073238,0.0021080436867709,0.00052832551979,0.0,0.0,0.0,0.0,sx3157167a,PQ,1.0,1.0,1.0,104.0,1000000.0,0.9,1.05,s1s2,a,False,True,False,46.7172,-119.1581,default
4561,0.0,0.0,0.0,0.0,0.0,0.0,0.0,0.0,0.0,0.0,0.0,0.0,0.0,0.0,p895075,PQ,1.0,1.0,1.0,7199.557856794634,1000000.0,0.9,1.05,c,,False,False,False,46.71578076,-119.1550133,default
4562,0.0,0.0,0.0,0.0,0.0,0.0,0.0,0.0,0.0,0.0,0.0,0.0,0.0,0.0,m1108524,PQ,1.0,1.0,1.0,7199.557856794634,1000000.0,0.9,1.05,c,,False,False,False,46.71572356,-119.1549508,default
4563,0.0,0.0,0.0,0.0,0.0,0.0,0.0,0.0,0.0,0.0,0.0,0.0,0.0,0.0,m1108520,PQ,1.0,1.0,1.0,7199.557856794634,1000000.0,0.9,1.05,c,,False,False,False,46.71532714,-119.1545174,default
4564,0.0,0.0,0.0,0.0,0.0,0.0,0.0,0.0,0.0,0.0,0.0,0.0,0.0,0.0,l2804277,PQ,1.0,1.0,1.0,7199.557856794634,1000000.0,0.9,1.05,c,,False,False,False,46.7153246,-119.1535941,default
4565,0.0,0.0,0.0,0.0,0.0,0.0,0.0,0.0,0.0,0.0,0.0,0.0,0.0,0.0,x2804277c,PQ,1.0,1.0,1.0,104.0,1000000.0,0.9,1.05,s1s2,c,False,False,False,46.715,-119.1536,default
4566,0.0,0.0,0.0,0.0,0.0,0.0,0.0059477082916613,0.001490636404798,0.0042222918102999,0.0010582062139798,0.0,0.0,0.0,0.0,sx2804277c,PQ,1.0,1.0,1.0,104.0,1000000.0,0.9,1.05,s1s2,c,False,True,False,46.715,-119.1539,default
4567,0.0,0.0,0.0,0.0,0.0,0.0,0.0,0.0,0.0,0.0,0.0,0.0,0.0,0.0,m1108514,PQ,1.0,1.0,1.0,7199.557856794634,1000000.0,0.9,1.05,c,,False,False,False,46.71393324,-119.1545149,default
4568,0.0,0.0,0.0,0.0,0.0,0.0,0.0,0.0,0.0,0.0,0.0,0.0,0.0,0.0,m1108508,PQ,1.0,1.0,1.0,7199.557856794634,1000000.0,0.9,1.05,c,,False,False,False,46.71253932,-119.1545115,default
4569,0.0,0.0,0.0,0.0,0.0,0.0,0.0,0.0,0.0,0.0,0.0,0.0,0.0,0.0,l3097861,PQ,1.0,1.0,1.0,7199.557856794634,1000000.0,0.9,1.05,c,,False,False,False,46.71123254,-119.1545121,default
4570,0.0,0.0,0.0,0.0,0.0,0.0,0.0,0.0,0.0,0.0,0.0,0.0,0.0,0.0,x3097861c,PQ,1.0,1.0,1.0,104.0,1000000.0,0.9,1.05,s1s2,c,False,False,False,46.7109,-119.1545,default
4571,0.0,0.0,0.0,0.0,0.0,0.0,0.0018749171899312,0.0004698986028367,0.0021950828465888,0.0005501396907928,0.0,0.0,0.0,0.0,sx3097861c,PQ,1.0,1.0,1.0,104.0,1000000.0,0.9,1.05,s1s2,c,False,True,False,46.7109,-119.1548,default
4572,0.0,0.0,0.0,0.0,0.0,0.0,0.0,0.0,0.0,0.0,0.0,0.0,0.0,0.0,n1136031,PQ,1.0,1.0,1.0,7199.557856794634,1000000.0,0.9,1.05,c,,False,False,False,46.7161866,-119.1549468,default
4573,0.0,0.0,0.0,0.0,0.0,0.0,0.0,0.0,0.0,0.0,0.0,0.0,0.0,0.0,l3197625,PQ,1.0,1.0,1.0,7199.557856794634,1000000.0,0.9,1.05,c,,False,False,False,46.71694306,-119.1545054,default
4574,0.0,0.0,0.0,0.0,0.0,0.0,0.0,0.0,0.0,0.0,0.0,0.0,0.0,0.0,x3197625c,PQ,1.0,1.0,1.0,104.0,1000000.0,0.9,1.05,s1s2,c,False,False,False,46.7166,-119.1545,default
4575,0.0,0.0,0.0,0.0,0.0,0.0,0.0042727508804808,0.0010708524531239,0.0018272491786563,0.0004579518710368,0.0,0.0,0.0,0.0,sx3197625c,PQ,1.0,1.0,1.0,104.0,1000000.0,0.9,1.05,s1s2,c,False,True,False,46.7166,-119.1548,default
4576,0.0,0.0,0.0,0.0,0.0,0.0,0.0,0.0,0.0,0.0,0.0,0.0,0.0,0.0,p901934,PQ,1.0,1.0,1.0,7199.557856794634,1000000.0,0.9,1.05,a,,False,False,False,46.71654496,-119.1530249,default
4577,0.0,0.0,0.0,0.0,0.0,0.0,0.0,0.0,0.0,0.0,0.0,0.0,0.0,0.0,n1140517,PQ,1.0,1.0,1.0,7199.557856794634,1000000.0,0.9,1.05,a,,False,False,False,46.71640036,-119.1528516,default
4578,0.0,0.0,0.0,0.0,0.0,0.0,0.0,0.0,0.0,0.0,0.0,0.0,0.0,0.0,l3157718,PQ,1.0,1.0,1.0,7199.557856794634,1000000.0,0.9,1.05,a,,False,False,False,46.71505742,-119.1525029,default
4579,0.0,0.0,0.0,0.0,0.0,0.0,0.0,0.0,0.0,0.0,0.0,0.0,0.0,0.0,x3157718a,PQ,1.0,1.0,1.0,104.0,1000000.0,0.9,1.05,s1s2,a,False,False,False,46.7147,-119.1525,default
4580,0.0,0.0,0.0,0.0,0.0,0.0,0.0045640049253768,0.0011438473913788,0.0007559950157225,0.0001894702004508,0.0,0.0,0.0,0.0,sx3157718a,PQ,1.0,1.0,1.0,104.0,1000000.0,0.9,1.05,s1s2,a,False,True,False,46.7147,-119.1528,default
4581,0.0,0.0,0.0,0.0,0.0,0.0,0.0,0.0,0.0,0.0,0.0,0.0,0.0,0.0,p895082,PQ,1.0,1.0,1.0,7199.557856794634,1000000.0,0.9,1.05,b,,False,False,False,46.7163976,-119.1468918,default
4582,0.0,0.0,0.0,0.0,0.0,0.0,0.0,0.0,0.0,0.0,0.0,0.0,0.0,0.0,n1142106,PQ,1.0,1.0,1.0,7199.557856794634,1000000.0,0.9,1.05,b,,False,False,False,46.71638106,-119.1471781,default
4583,0.0,0.0,0.0,0.0,0.0,0.0,0.0,0.0,0.0,0.0,0.0,0.0,0.0,0.0,l2936213,PQ,1.0,1.0,1.0,7199.557856794634,1000000.0,0.9,1.05,b,,False,False,False,46.71635522,-119.1476257,default
4584,0.0,0.0,0.0,0.0,0.0,0.0,0.0,0.0,0.0,0.0,0.0,0.0,0.0,0.0,m1108527,PQ,1.0,1.0,1.0,7199.557856794634,1000000.0,0.9,1.05,b,,False,False,False,46.71596084,-119.1490374,default
4585,0.0,0.0,0.0,0.0,0.0,0.0,0.0,0.0,0.0,0.0,0.0,0.0,0.0,0.0,l3141394,PQ,1.0,1.0,1.0,7199.557856794634,1000000.0,0.9,1.05,b,,False,False,False,46.71594328,-119.1491002,default
4586,0.0,0.0,0.0,0.0,0.0,0.0,0.0,0.0,0.0,0.0,0.0,0.0,0.0,0.0,x3141394b,PQ,1.0,1.0,1.0,104.0,1000000.0,0.9,1.05,s1s2,b,False,False,False,46.7156,-119.1491,default
4587,0.0,0.0,0.0,0.0,0.0,0.0,0.0061305130526629,0.0015364514604856,0.0035994870848401,0.0009021165333574,0.0,0.0,0.0,0.0,sx3141394b,PQ,1.0,1.0,1.0,104.0,1000000.0,0.9,1.05,s1s2,b,False,True,False,46.7156,-119.1494,default
4588,0.0,0.0,0.0,0.0,0.0,0.0,0.0,0.0,0.0,0.0,0.0,0.0,0.0,0.0,x2936213b,PQ,1.0,1.0,1.0,104.0,1000000.0,0.9,1.05,s1s2,b,False,False,False,46.716,-119.1476,default
4589,0.0,0.0,0.0,0.0,0.0,0.0,0.0041488662494174,0.0010398039351487,0.0104411339673646,0.0026167949413506,0.0,0.0,0.0,0.0,sx2936213b,PQ,1.0,1.0,1.0,104.0,1000000.0,0.9,1.05,s1s2,b,False,True,False,46.716,-119.1479,default
4590,0.0,0.0,0.0,0.0,0.0,0.0,0.0,0.0,0.0,0.0,0.0,0.0,0.0,0.0,p829796,PQ,1.0,1.0,1.0,7199.557856794634,1000000.0,0.9,1.05,c,,False,False,False,46.71618604,-119.1462902,default
4591,0.0,0.0,0.0,0.0,0.0,0.0,0.0,0.0,0.0,0.0,0.0,0.0,0.0,0.0,n1142107,PQ,1.0,1.0,1.0,7199.557856794634,1000000.0,0.9,1.05,c,,False,False,False,46.71626388,-119.1458385,default
4592,0.0,0.0,0.0,0.0,0.0,0.0,0.0,0.0,0.0,0.0,0.0,0.0,0.0,0.0,l3101827,PQ,1.0,1.0,1.0,7199.557856794634,1000000.0,0.9,1.05,c,,False,False,False,46.71604896,-119.1440103,default
4593,0.0,0.0,0.0,0.0,0.0,0.0,0.0,0.0,0.0,0.0,0.0,0.0,0.0,0.0,m1108540,PQ,1.0,1.0,1.0,7199.557856794634,1000000.0,0.9,1.05,c,,False,False,False,46.71807326,-119.1431936,default
4594,0.0,0.0,0.0,0.0,0.0,0.0,0.0,0.0,0.0,0.0,0.0,0.0,0.0,0.0,l2955006,PQ,1.0,1.0,1.0,7199.557856794634,1000000.0,0.9,1.05,c,,False,False,False,46.71772282,-119.1431676,default
4595,0.0,0.0,0.0,0.0,0.0,0.0,0.0,0.0,0.0,0.0,0.0,0.0,0.0,0.0,l2692600,PQ,1.0,1.0,1.0,7199.557856794634,1000000.0,0.9,1.05,c,,False,False,False,46.71715598,-119.1426144,default
4596,0.0,0.0,0.0,0.0,0.0,0.0,0.0,0.0,0.0,0.0,0.0,0.0,0.0,0.0,x2692600c,PQ,1.0,1.0,1.0,104.0,1000000.0,0.9,1.05,s1s2,c,False,False,False,46.7168,-119.1426,default
4597,0.0,0.0,0.0,0.0,0.0,0.0,0.0073861116358066,0.0018511343142072,0.0027838884762269,0.0006977083092255,0.0,0.0,0.0,0.0,sx2692600c,PQ,1.0,1.0,1.0,104.0,1000000.0,0.9,1.05,s1s2,c,False,True,False,46.7168,-119.1429,default
4598,0.0,0.0,0.0,0.0,0.0,0.0,0.0,0.0,0.0,0.0,0.0,0.0,0.0,0.0,x2955006c,PQ,1.0,1.0,1.0,104.0,1000000.0,0.9,1.05,s1s2,c,False,False,False,46.7174,-119.1432,default
4599,0.0,0.0,0.0,0.0,0.0,0.0,0.0012721956491862,0.0003188423250035,0.0088978044795156,0.0022300003082205,0.0,0.0,0.0,0.0,sx2955006c,PQ,1.0,1.0,1.0,104.0,1000000.0,0.9,1.05,s1s2,c,False,True,False,46.7174,-119.1434,default
4600,0.0,0.0,0.0,0.0,0.0,0.0,0.0,0.0,0.0,0.0,0.0,0.0,0.0,0.0,l3235945,PQ,1.0,1.0,1.0,7199.557856794634,1000000.0,0.9,1.05,c,,False,False,False,46.71895782,-119.1421825,default
4601,0.0,0.0,0.0,0.0,0.0,0.0,0.0,0.0,0.0,0.0,0.0,0.0,0.0,0.0,l2842330,PQ,1.0,1.0,1.0,7199.557856794634,1000000.0,0.9,1.05,c,,False,False,False,46.7190039,-119.1416373,default
4602,0.0,0.0,0.0,0.0,0.0,0.0,0.0,0.0,0.0,0.0,0.0,0.0,0.0,0.0,l3086002,PQ,1.0,1.0,1.0,7199.557856794634,1000000.0,0.9,1.05,c,,False,False,False,46.71917548,-119.1406802,default
4603,0.0,0.0,0.0,0.0,0.0,0.0,0.0,0.0,0.0,0.0,0.0,0.0,0.0,0.0,m1126031,PQ,1.0,1.0,1.0,7199.557856794634,1000000.0,0.9,1.05,c,,False,False,False,46.71895742,-119.1392299,default
4604,0.0,0.0,0.0,0.0,0.0,0.0,0.0,0.0,0.0,0.0,0.0,0.0,0.0,0.0,l2730107,PQ,1.0,1.0,1.0,7199.557856794634,1000000.0,0.9,1.05,c,,False,False,False,46.7201959,-119.137504,default
4605,0.0,0.0,0.0,0.0,0.0,0.0,0.0,0.0,0.0,0.0,0.0,0.0,0.0,0.0,x2730107c,PQ,1.0,1.0,1.0,104.0,1000000.0,0.9,1.05,s1s2,c,False,False,False,46.7198,-119.1375,default
4606,0.0,0.0,0.0,0.0,0.0,0.0,0.0026094373643859,0.0006539867336995,0.007560562750478,0.0018948558913914,0.0,0.0,0.0,0.0,sx2730107c,PQ,1.0,1.0,1.0,104.0,1000000.0,0.9,1.05,s1s2,c,False,True,False,46.7199,-119.1378,default
4607,0.0,0.0,0.0,0.0,0.0,0.0,0.0,0.0,0.0,0.0,0.0,0.0,0.0,0.0,l3179608,PQ,1.0,1.0,1.0,7199.557856794634,1000000.0,0.9,1.05,c,,False,False,False,46.71896356,-119.1386593,default
4608,0.0,0.0,0.0,0.0,0.0,0.0,0.0,0.0,0.0,0.0,0.0,0.0,0.0,0.0,x3179608c,PQ,1.0,1.0,1.0,104.0,1000000.0,0.9,1.05,s1s2,c,False,False,False,46.7186,-119.1387,default
4609,0.0,0.0,0.0,0.0,0.0,0.0,0.0122755911942342,0.0030765535740116,0.0029844090169709,0.0007479634988643,0.0,0.0,0.0,0.0,sx3179608c,PQ,1.0,1.0,1.0,104.0,1000000.0,0.9,1.05,s1s2,c,False,True,False,46.7186,-119.1389,default
4610,0.0,0.0,0.0,0.0,0.0,0.0,0.0,0.0,0.0,0.0,0.0,0.0,0.0,0.0,x3086002c,PQ,1.0,1.0,1.0,104.0,1000000.0,0.9,1.05,s1s2,c,False,False,False,46.7188,-119.1407,default
4611,0.0,0.0,0.0,0.0,0.0,0.0,0.0063217263444007,0.0015843741775335,0.0038482737617671,0.0009644684424367,0.0,0.0,0.0,0.0,sx3086002c,PQ,1.0,1.0,1.0,104.0,1000000.0,0.9,1.05,s1s2,c,False,True,False,46.7189,-119.141,default
4612,0.0,0.0,0.0,0.0,0.0,0.0,0.0,0.0,0.0,0.0,0.0,0.0,0.0,0.0,x2842330c,PQ,1.0,1.0,1.0,104.0,1000000.0,0.9,1.05,s1s2,c,False,False,False,46.7187,-119.1416,default
4613,0.0,0.0,0.0,0.0,0.0,0.0,0.002267855966792,0.00056837835463,0.0079021441506585,0.0019804642719786,0.0,0.0,0.0,0.0,sx2842330c,PQ,1.0,1.0,1.0,104.0,1000000.0,0.9,1.05,s1s2,c,False,True,False,46.7187,-119.1419,default
4614,0.0,0.0,0.0,0.0,0.0,0.0,0.0,0.0,0.0,0.0,0.0,0.0,0.0,0.0,x3235945c,PQ,1.0,1.0,1.0,104.0,1000000.0,0.9,1.05,s1s2,c,False,False,False,46.7186,-119.1422,default
4615,0.0,0.0,0.0,0.0,0.0,0.0,0.0045518296404658,0.0011407961902013,0.0056181704630728,0.0014080464282173,0.0,0.0,0.0,0.0,sx3235945c,PQ,1.0,1.0,1.0,104.0,1000000.0,0.9,1.05,s1s2,c,False,True,False,46.7186,-119.1425,default
4616,0.0,0.0,0.0,0.0,0.0,0.0,0.0,0.0,0.0,0.0,0.0,0.0,0.0,0.0,x2692633c,PQ,1.0,1.0,1.0,104.0,1000000.0,0.9,1.05,s1s2,c,False,False,False,46.7134,-119.1458,default
4617,0.0,0.0,0.0,0.0,0.0,0.0,0.0095428458833417,0.0023916629438938,0.0006271542556799,0.0001571796924076,0.0,0.0,0.0,0.0,sx2692633c,PQ,1.0,1.0,1.0,104.0,1000000.0,0.9,1.05,s1s2,c,False,True,False,46.7134,-119.1461,default
4618,0.0,0.0,0.0,0.0,0.0,0.0,0.0,0.0,0.0,0.0,0.0,0.0,0.0,0.0,x2674027b,PQ,1.0,1.0,1.0,104.0,1000000.0,0.9,1.05,s1s2,b,False,False,False,46.713,-119.1456,default
4619,0.0,0.0,0.0,0.0,0.0,0.0,0.0005218047732434,0.0001307766083371,0.0092081953775811,0.0023077913934081,0.0,0.0,0.0,0.0,sx2674027b,PQ,1.0,1.0,1.0,104.0,1000000.0,0.9,1.05,s1s2,b,False,True,False,46.7131,-119.1459,default
4620,0.0,0.0,0.0,0.0,0.0,0.0,0.0,0.0,0.0,0.0,0.0,0.0,0.0,0.0,x3179646b,PQ,1.0,1.0,1.0,104.0,1000000.0,0.9,1.05,s1s2,b,False,False,False,46.7124,-119.1453,default
4621,0.0,0.0,0.0,0.0,0.0,0.0,0.0100776000539872,0.0025256847511279,0.0045124001615082,0.0011309141256271,0.0,0.0,0.0,0.0,sx3179646b,PQ,1.0,1.0,1.0,104.0,1000000.0,0.9,1.05,s1s2,b,False,True,False,46.7124,-119.1456,default
4622,0.0,0.0,0.0,0.0,0.0,0.0,0.0,0.0,0.0,0.0,0.0,0.0,0.0,0.0,x2955047a,PQ,1.0,1.0,1.0,104.0,1000000.0,0.9,1.05,s1s2,a,False,False,False,46.7117,-119.1452,default
4623,0.0,0.0,0.0,0.0,0.0,0.0,0.005698322381168,0.0014281341281095,0.0031716775227076,0.0007948972723643,0.0,0.0,0.0,0.0,sx2955047a,PQ,1.0,1.0,1.0,104.0,1000000.0,0.9,1.05,s1s2,a,False,True,False,46.7117,-119.1454,default
4624,0.0,0.0,0.0,0.0,0.0,0.0,0.0,0.0,0.0,0.0,0.0,0.0,0.0,0.0,p901946,PQ,1.0,1.0,1.0,7199.557856794634,1000000.0,0.9,1.05,a,,False,False,False,46.7113075,-119.1448863,default
4625,0.0,0.0,0.0,0.0,0.0,0.0,0.0,0.0,0.0,0.0,0.0,0.0,0.0,0.0,n1142105,PQ,1.0,1.0,1.0,7199.557856794634,1000000.0,0.9,1.05,a,,False,False,False,46.71131688,-119.1448267,default
4626,0.0,0.0,0.0,0.0,0.0,0.0,0.0,0.0,0.0,0.0,0.0,0.0,0.0,0.0,l3027122,PQ,1.0,1.0,1.0,7199.557856794634,1000000.0,0.9,1.05,a,,False,False,False,46.71134758,-119.1446318,default
4627,0.0,0.0,0.0,0.0,0.0,0.0,0.0,0.0,0.0,0.0,0.0,0.0,0.0,0.0,m1108506,PQ,1.0,1.0,1.0,7199.557856794634,1000000.0,0.9,1.05,a,,False,False,False,46.7113322,-119.1445099,default
4628,0.0,0.0,0.0,0.0,0.0,0.0,0.0,0.0,0.0,0.0,0.0,0.0,0.0,0.0,m1108501,PQ,1.0,1.0,1.0,7199.557856794634,1000000.0,0.9,1.05,a,,False,False,False,46.71110774,-119.1431848,default
4629,0.0,0.0,0.0,0.0,0.0,0.0,0.0,0.0,0.0,0.0,0.0,0.0,0.0,0.0,m1108499,PQ,1.0,1.0,1.0,7199.557856794634,1000000.0,0.9,1.05,a,,False,False,False,46.71088834,-119.1422379,default
4630,0.0,0.0,0.0,0.0,0.0,0.0,0.0,0.0,0.0,0.0,0.0,0.0,0.0,0.0,l3065665,PQ,1.0,1.0,1.0,7199.557856794634,1000000.0,0.9,1.05,a,,False,False,False,46.71037264,-119.1421799,default
4631,0.0,0.0,0.0,0.0,0.0,0.0,0.0,0.0,0.0,0.0,0.0,0.0,0.0,0.0,l3235946,PQ,1.0,1.0,1.0,7199.557856794634,1000000.0,0.9,1.05,a,,False,False,False,46.71024946,-119.1403261,default
4632,0.0,0.0,0.0,0.0,0.0,0.0,0.0,0.0,0.0,0.0,0.0,0.0,0.0,0.0,m1126005,PQ,1.0,1.0,1.0,7199.557856794634,1000000.0,0.9,1.05,a,,False,False,False,46.71006764,-119.1373392,default
4633,0.0,0.0,0.0,0.0,0.0,0.0,0.0,0.0,0.0,0.0,0.0,0.0,0.0,0.0,l2767342,PQ,1.0,1.0,1.0,7199.557856794634,1000000.0,0.9,1.05,a,,False,False,False,46.7109768,-119.1368537,default
4634,0.0,0.0,0.0,0.0,0.0,0.0,0.0,0.0,0.0,0.0,0.0,0.0,0.0,0.0,l2748780,PQ,1.0,1.0,1.0,7199.557856794634,1000000.0,0.9,1.05,a,,False,False,False,46.71133952,-119.1361378,default
4635,0.0,0.0,0.0,0.0,0.0,0.0,0.0,0.0,0.0,0.0,0.0,0.0,0.0,0.0,l2823544,PQ,1.0,1.0,1.0,7199.557856794634,1000000.0,0.9,1.05,a,,False,False,False,46.71209998,-119.1353795,default
4636,0.0,0.0,0.0,0.0,0.0,0.0,0.0,0.0,0.0,0.0,0.0,0.0,0.0,0.0,m1126016,PQ,1.0,1.0,1.0,7199.557856794634,1000000.0,0.9,1.05,a,,False,False,False,46.71200568,-119.134862,default
4637,0.0,0.0,0.0,0.0,0.0,0.0,0.0,0.0,0.0,0.0,0.0,0.0,0.0,0.0,l3120534,PQ,1.0,1.0,1.0,7199.557856794634,1000000.0,0.9,1.05,a,,False,False,False,46.71208884,-119.1342614,default
4638,0.0,0.0,0.0,0.0,0.0,0.0,0.0,0.0,0.0,0.0,0.0,0.0,0.0,0.0,m1126020,PQ,1.0,1.0,1.0,7199.557856794634,1000000.0,0.9,1.05,a,,False,False,False,46.71231944,-119.1325005,default
4639,0.0,0.0,0.0,0.0,0.0,0.0,0.0,0.0,0.0,0.0,0.0,0.0,0.0,0.0,l3101782,PQ,1.0,1.0,1.0,7199.557856794634,1000000.0,0.9,1.05,a,,False,False,False,46.71170202,-119.1314358,default
4640,0.0,0.0,0.0,0.0,0.0,0.0,0.0,0.0,0.0,0.0,0.0,0.0,0.0,0.0,x3101782a,PQ,1.0,1.0,1.0,104.0,1000000.0,0.9,1.05,s1s2,a,False,False,False,46.7114,-119.1314,default
4641,0.0,0.0,0.0,0.0,0.0,0.0,0.0041747454144078,0.0010462897692763,0.0091252544317004,0.0022870042097247,0.0,0.0,0.0,0.0,sx3101782a,PQ,1.0,1.0,1.0,104.0,1000000.0,0.9,1.05,s1s2,a,False,True,False,46.7114,-119.1317,default
4642,0.0,0.0,0.0,0.0,0.0,0.0,0.0,0.0,0.0,0.0,0.0,0.0,0.0,0.0,m1126023,PQ,1.0,1.0,1.0,7199.557856794634,1000000.0,0.9,1.05,a,,False,False,False,46.71255744,-119.1320994,default
4643,0.0,0.0,0.0,0.0,0.0,0.0,0.0,0.0,0.0,0.0,0.0,0.0,0.0,0.0,m1126017,PQ,1.0,1.0,1.0,7199.557856794634,1000000.0,0.9,1.05,a,,False,False,False,46.712037,-119.1309413,default
4644,0.0,0.0,0.0,0.0,0.0,0.0,0.0,0.0,0.0,0.0,0.0,0.0,0.0,0.0,l2748781,PQ,1.0,1.0,1.0,7199.557856794634,1000000.0,0.9,1.05,a,,False,False,False,46.71205742,-119.1301543,default
4645,0.0,0.0,0.0,0.0,0.0,0.0,0.0,0.0,0.0,0.0,0.0,0.0,0.0,0.0,x2748781a,PQ,1.0,1.0,1.0,104.0,1000000.0,0.9,1.05,s1s2,a,False,False,False,46.7117,-119.1302,default
4646,0.0,0.0,0.0,0.0,0.0,0.0,0.0018260973094634,0.0004576631014443,0.0114739025256005,0.0028756308716869,0.0,0.0,0.0,0.0,sx2748781a,PQ,1.0,1.0,1.0,104.0,1000000.0,0.9,1.05,s1s2,a,False,True,False,46.7117,-119.1304,default
4647,0.0,0.0,0.0,0.0,0.0,0.0,0.0,0.0,0.0,0.0,0.0,0.0,0.0,0.0,m1126025,PQ,1.0,1.0,1.0,7199.557856794634,1000000.0,0.9,1.05,a,,False,False,False,46.7138077,-119.1337277,default
4648,0.0,0.0,0.0,0.0,0.0,0.0,0.0,0.0,0.0,0.0,0.0,0.0,0.0,0.0,l2823545,PQ,1.0,1.0,1.0,7199.557856794634,1000000.0,0.9,1.05,a,,False,False,False,46.71456954,-119.1339987,default
4649,0.0,0.0,0.0,0.0,0.0,0.0,0.0,0.0,0.0,0.0,0.0,0.0,0.0,0.0,x2823545a,PQ,1.0,1.0,1.0,104.0,1000000.0,0.9,1.05,s1s2,a,False,False,False,46.7142,-119.134,default
4650,0.0,0.0,0.0,0.0,0.0,0.0,0.0014178620959126,0.0003553497179149,0.0074521378006899,0.0018676816785964,0.0,0.0,0.0,0.0,sx2823545a,PQ,1.0,1.0,1.0,104.0,1000000.0,0.9,1.05,s1s2,a,False,True,False,46.7143,-119.1343,default
4651,0.0,0.0,0.0,0.0,0.0,0.0,0.0,0.0,0.0,0.0,0.0,0.0,0.0,0.0,l3195321,PQ,1.0,1.0,1.0,7199.557856794634,1000000.0,0.9,1.05,a,,False,False,False,46.71117648,-119.134296,default
4652,0.0,0.0,0.0,0.0,0.0,0.0,0.0,0.0,0.0,0.0,0.0,0.0,0.0,0.0,x3195321a,PQ,1.0,1.0,1.0,104.0,1000000.0,0.9,1.05,s1s2,a,False,False,False,46.7108,-119.1343,default
4653,0.0,0.0,0.0,0.0,0.0,0.0,0.0022060294228878,0.0005528830586784,0.0031139705200673,0.0007804345342073,0.0,0.0,0.0,0.0,sx3195321a,PQ,1.0,1.0,1.0,104.0,1000000.0,0.9,1.05,s1s2,a,False,True,False,46.7109,-119.1346,default
4654,0.0,0.0,0.0,0.0,0.0,0.0,0.0,0.0,0.0,0.0,0.0,0.0,0.0,0.0,x2823544a,PQ,1.0,1.0,1.0,104.0,1000000.0,0.9,1.05,s1s2,a,False,False,False,46.7117,-119.1354,default
4655,0.0,0.0,0.0,0.0,0.0,0.0,0.0026310765720884,0.0006594099101947,0.0062389233287607,0.0015636214886209,0.0,0.0,0.0,0.0,sx2823544a,PQ,1.0,1.0,1.0,104.0,1000000.0,0.9,1.05,s1s2,a,False,True,False,46.7118,-119.1357,default
4656,0.0,0.0,0.0,0.0,0.0,0.0,0.0,0.0,0.0,0.0,0.0,0.0,0.0,0.0,x2748780a,PQ,1.0,1.0,1.0,104.0,1000000.0,0.9,1.05,s1s2,a,False,False,False,46.711,-119.1361,default
4657,0.0,0.0,0.0,0.0,0.0,0.0,0.0026467729443429,0.0006633437916903,0.0062232269566833,0.0015596876072219,0.0,0.0,0.0,0.0,sx2748780a,PQ,1.0,1.0,1.0,104.0,1000000.0,0.9,1.05,s1s2,a,False,True,False,46.711,-119.1364,default
4658,0.0,0.0,0.0,0.0,0.0,0.0,0.0,0.0,0.0,0.0,0.0,0.0,0.0,0.0,x2767342a,PQ,1.0,1.0,1.0,104.0,1000000.0,0.9,1.05,s1s2,a,False,False,False,46.7106,-119.1369,default
4659,0.0,0.0,0.0,0.0,0.0,0.0,0.0035534082822012,0.0008905680132579,0.0053165916205674,0.0013324633866013,0.0,0.0,0.0,0.0,sx2767342a,PQ,1.0,1.0,1.0,104.0,1000000.0,0.9,1.05,s1s2,a,False,True,False,46.7107,-119.1371,default
4660,0.0,0.0,0.0,0.0,0.0,0.0,0.0,0.0,0.0,0.0,0.0,0.0,0.0,0.0,l3011229,PQ,1.0,1.0,1.0,7199.557856794634,1000000.0,0.9,1.05,a,,False,False,False,46.70895282,-119.1376813,default
4661,0.0,0.0,0.0,0.0,0.0,0.0,0.0,0.0,0.0,0.0,0.0,0.0,0.0,0.0,x3011229a,PQ,1.0,1.0,1.0,104.0,1000000.0,0.9,1.05,s1s2,a,False,False,False,46.7086,-119.1377,default
4662,0.0,0.0,0.0,0.0,0.0,0.0,0.0018046243123377,0.0004522814607327,0.0035153756305184,0.0008810361320975,0.0,0.0,0.0,0.0,sx3011229a,PQ,1.0,1.0,1.0,104.0,1000000.0,0.9,1.05,s1s2,a,False,True,False,46.7086,-119.138,default
4663,0.0,0.0,0.0,0.0,0.0,0.0,0.0,0.0,0.0,0.0,0.0,0.0,0.0,0.0,x3235946a,PQ,1.0,1.0,1.0,104.0,1000000.0,0.9,1.05,s1s2,a,False,False,False,46.7099,-119.1403,default
4664,0.0,0.0,0.0,0.0,0.0,0.0,0.0085069113827959,0.0021320328410638,0.0003630885101306,9.099855345129224e-05,0.0,0.0,0.0,0.0,sx3235946a,PQ,1.0,1.0,1.0,104.0,1000000.0,0.9,1.05,s1s2,a,False,True,False,46.7099,-119.1406,default
4665,0.0,0.0,0.0,0.0,0.0,0.0,0.0,0.0,0.0,0.0,0.0,0.0,0.0,0.0,x3065665a,PQ,1.0,1.0,1.0,104.0,1000000.0,0.9,1.05,s1s2,a,False,False,False,46.71,-119.1422,default
4666,0.0,0.0,0.0,0.0,0.0,0.0,0.0082976440441955,0.0020795855054726,0.0005723558502015,0.0001434458898398,0.0,0.0,0.0,0.0,sx3065665a,PQ,1.0,1.0,1.0,104.0,1000000.0,0.9,1.05,s1s2,a,False,True,False,46.7101,-119.1425,default
4667,0.0,0.0,0.0,0.0,0.0,0.0,0.0,0.0,0.0,0.0,0.0,0.0,0.0,0.0,m1108507,PQ,1.0,1.0,1.0,7199.557856794634,1000000.0,0.9,1.05,a,,False,False,False,46.71177276,-119.1423407,default
4668,0.0,0.0,0.0,0.0,0.0,0.0,0.0,0.0,0.0,0.0,0.0,0.0,0.0,0.0,l3108449,PQ,1.0,1.0,1.0,7199.557856794634,1000000.0,0.9,1.05,a,,False,False,False,46.71265912,-119.1424166,default
4669,0.0,0.0,0.0,0.0,0.0,0.0,0.0,0.0,0.0,0.0,0.0,0.0,0.0,0.0,x3108449a,PQ,1.0,1.0,1.0,104.0,1000000.0,0.9,1.05,s1s2,a,False,False,False,46.7123,-119.1424,default
4670,0.0,0.0,0.0,0.0,0.0,0.0,0.0052136114571661,0.0013066541252921,0.0001063884820189,2.6663465499417653e-05,0.0,0.0,0.0,0.0,sx3108449a,PQ,1.0,1.0,1.0,104.0,1000000.0,0.9,1.05,s1s2,a,False,True,False,46.7123,-119.1427,default
4671,0.0,0.0,0.0,0.0,0.0,0.0,0.0,0.0,0.0,0.0,0.0,0.0,0.0,0.0,x3027122a,PQ,1.0,1.0,1.0,104.0,1000000.0,0.9,1.05,s1s2,a,False,False,False,46.711,-119.1446,default
4672,0.0,0.0,0.0,0.0,0.0,0.0,0.007643416355954,0.001915620601106,0.0012265835422151,0.0003074107962545,0.0,0.0,0.0,0.0,sx3027122a,PQ,1.0,1.0,1.0,104.0,1000000.0,0.9,1.05,s1s2,a,False,True,False,46.711,-119.1449,default
4673,0.0,0.0,0.0,0.0,0.0,0.0,0.0,0.0,0.0,0.0,0.0,0.0,0.0,0.0,x3104830c,PQ,1.0,1.0,1.0,104.0,1000000.0,0.9,1.05,s1s2,c,False,False,False,46.7089,-119.1445,default
4674,0.0,0.0,0.0,0.0,0.0,0.0,0.0029636768249657,0.0007427675237327,0.0011063232130316,0.0002772707687736,0.0,0.0,0.0,0.0,sx3104830c,PQ,1.0,1.0,1.0,104.0,1000000.0,0.9,1.05,s1s2,c,False,True,False,46.7089,-119.1448,default
4675,0.0,0.0,0.0,0.0,0.0,0.0,0.0,0.0,0.0,0.0,0.0,0.0,0.0,0.0,x3142049c,PQ,1.0,1.0,1.0,104.0,1000000.0,0.9,1.05,s1s2,c,False,False,False,46.7072,-119.1435,default
4676,0.0,0.0,0.0,0.0,0.0,0.0,0.0023685384985805,0.0005936117793318,0.0017014615377941,0.0004264265118579,0.0,0.0,0.0,0.0,sx3142049c,PQ,1.0,1.0,1.0,104.0,1000000.0,0.9,1.05,s1s2,c,False,True,False,46.7073,-119.1437,default
4677,0.0,0.0,0.0,0.0,0.0,0.0,0.0,0.0,0.0,0.0,0.0,0.0,0.0,0.0,p829798,PQ,1.0,1.0,1.0,7199.557856794634,1000000.0,0.9,1.05,a,,False,False,False,46.70697252,-119.143256,default
4678,0.0,0.0,0.0,0.0,0.0,0.0,0.0,0.0,0.0,0.0,0.0,0.0,0.0,0.0,m1108489,PQ,1.0,1.0,1.0,7199.557856794634,1000000.0,0.9,1.05,a,,False,False,False,46.70697126,-119.1432602,default
4679,0.0,0.0,0.0,0.0,0.0,0.0,0.0,0.0,0.0,0.0,0.0,0.0,0.0,0.0,m1108492,PQ,1.0,1.0,1.0,7199.557856794634,1000000.0,0.9,1.05,a,,False,False,False,46.7070957,-119.1429836,default
4680,0.0,0.0,0.0,0.0,0.0,0.0,0.0,0.0,0.0,0.0,0.0,0.0,0.0,0.0,n1142102,PQ,1.0,1.0,1.0,7199.557856794634,1000000.0,0.9,1.05,a,,False,False,False,46.70716,-119.1428848,default
4681,0.0,0.0,0.0,0.0,0.0,0.0,0.0,0.0,0.0,0.0,0.0,0.0,0.0,0.0,l2804956,PQ,1.0,1.0,1.0,7199.557856794634,1000000.0,0.9,1.05,a,,False,False,False,46.70762168,-119.1421751,default
4682,0.0,0.0,0.0,0.0,0.0,0.0,0.0,0.0,0.0,0.0,0.0,0.0,0.0,0.0,x2804956a,PQ,1.0,1.0,1.0,104.0,1000000.0,0.9,1.05,s1s2,a,False,False,False,46.7073,-119.1422,default
4683,0.0,0.0,0.0,0.0,0.0,0.0,0.0043573983662746,0.0010920669112049,0.0045126015399631,0.0011309644909,0.0,0.0,0.0,0.0,sx2804956a,PQ,1.0,1.0,1.0,104.0,1000000.0,0.9,1.05,s1s2,a,False,True,False,46.7073,-119.1425,default
4684,0.0,0.0,0.0,0.0,0.0,0.0,0.0,0.0,0.0,0.0,0.0,0.0,0.0,0.0,n1142101,PQ,1.0,1.0,1.0,7199.557856794634,1000000.0,0.9,1.05,a,,False,False,False,46.70694986,-119.1434971,default
4685,0.0,0.0,0.0,0.0,0.0,0.0,0.0,0.0,0.0,0.0,0.0,0.0,0.0,0.0,l2936214,PQ,1.0,1.0,1.0,7199.557856794634,1000000.0,0.9,1.05,a,,False,False,False,46.70705784,-119.1441168,default
4686,0.0,0.0,0.0,0.0,0.0,0.0,0.0,0.0,0.0,0.0,0.0,0.0,0.0,0.0,x2936214a,PQ,1.0,1.0,1.0,104.0,1000000.0,0.9,1.05,s1s2,a,False,False,False,46.7067,-119.1441,default
4687,0.0,0.0,0.0,0.0,0.0,0.0,0.0055038706168855,0.0013793999300728,0.003366129296347,0.0008436314809222,0.0,0.0,0.0,0.0,sx2936214a,PQ,1.0,1.0,1.0,104.0,1000000.0,0.9,1.05,s1s2,a,True,True,False,46.7067,-119.1444,default
4688,0.0,0.0,0.0,0.0,0.0,0.0,0.0,0.0,0.0,0.0,0.0,0.0,0.0,0.0,x2730106c,PQ,1.0,1.0,1.0,104.0,1000000.0,0.9,1.05,s1s2,c,False,False,False,46.7058,-119.1425,default
4689,0.0,0.0,0.0,0.0,0.0,0.0,0.0007111737294165,0.0001782369597936,0.0094588264061665,0.0023706056706851,0.0,0.0,0.0,0.0,sx2730106c,PQ,1.0,1.0,1.0,104.0,1000000.0,0.9,1.05,s1s2,c,False,True,False,46.7058,-119.1428,default
4690,0.0,0.0,0.0,0.0,0.0,0.0,0.0,0.0,0.0,0.0,0.0,0.0,0.0,0.0,p829797,PQ,1.0,1.0,1.0,7199.557856794634,1000000.0,0.9,1.05,a,,False,False,False,46.7047103,-119.1418328,default
4691,0.0,0.0,0.0,0.0,0.0,0.0,0.0,0.0,0.0,0.0,0.0,0.0,0.0,0.0,m1108483,PQ,1.0,1.0,1.0,7199.557856794634,1000000.0,0.9,1.05,a,,False,False,False,46.70470102,-119.1417334,default
4692,0.0,0.0,0.0,0.0,0.0,0.0,0.0,0.0,0.0,0.0,0.0,0.0,0.0,0.0,m1108486,PQ,1.0,1.0,1.0,7199.557856794634,1000000.0,0.9,1.05,a,,False,False,False,46.7047905,-119.1421262,default
4693,0.0,0.0,0.0,0.0,0.0,0.0,0.0,0.0,0.0,0.0,0.0,0.0,0.0,0.0,l3067447,PQ,1.0,1.0,1.0,7199.557856794634,1000000.0,0.9,1.05,a,,False,False,False,46.70488174,-119.1423418,default
4694,0.0,0.0,0.0,0.0,0.0,0.0,0.0,0.0,0.0,0.0,0.0,0.0,0.0,0.0,x3067447a,PQ,1.0,1.0,1.0,104.0,1000000.0,0.9,1.05,s1s2,a,False,False,False,46.7045,-119.1423,default
4695,0.0,0.0,0.0,0.0,0.0,0.0,0.0027527754020184,0.0006899105108375,0.0061172245030683,0.0015331208908281,0.0,0.0,0.0,0.0,sx3067447a,PQ,1.0,1.0,1.0,104.0,1000000.0,0.9,1.05,s1s2,a,False,True,False,46.7046,-119.1426,default
4696,0.0,0.0,0.0,0.0,0.0,0.0,0.0,0.0,0.0,0.0,0.0,0.0,0.0,0.0,n1142098,PQ,1.0,1.0,1.0,7199.557856794634,1000000.0,0.9,1.05,a,,False,False,False,46.70469034,-119.1416189,default
4697,0.0,0.0,0.0,0.0,0.0,0.0,0.0,0.0,0.0,0.0,0.0,0.0,0.0,0.0,l2936212,PQ,1.0,1.0,1.0,7199.557856794634,1000000.0,0.9,1.05,a,,False,False,False,46.70460802,-119.1407364,default
4698,0.0,0.0,0.0,0.0,0.0,0.0,0.0,0.0,0.0,0.0,0.0,0.0,0.0,0.0,x2936212a,PQ,1.0,1.0,1.0,104.0,1000000.0,0.9,1.05,s1s2,a,False,False,False,46.7043,-119.1407,default
4699,0.0,0.0,0.0,0.0,0.0,0.0,0.003119204195263,0.0007817462179803,0.0057507957105386,0.0014412851840738,0.0,0.0,0.0,0.0,sx2936212a,PQ,1.0,1.0,1.0,104.0,1000000.0,0.9,1.05,s1s2,a,False,True,False,46.7043,-119.141,default
4700,0.0,0.0,0.0,0.0,0.0,0.0,0.0,0.0,0.0,0.0,0.0,0.0,0.0,0.0,x2933135a,PQ,1.0,1.0,1.0,104.0,1000000.0,0.9,1.05,s1s2,a,False,False,False,46.7034,-119.1415,default
4701,0.0,0.0,0.0,0.0,0.0,0.0,0.0021926350087106,0.0005495261030953,0.0066773648952789,0.0016735052980719,0.0,0.0,0.0,0.0,sx2933135a,PQ,1.0,1.0,1.0,104.0,1000000.0,0.9,1.05,s1s2,a,False,True,False,46.7034,-119.1418,default
4702,0.0,0.0,0.0,0.0,0.0,0.0,0.0,0.0,0.0,0.0,0.0,0.0,0.0,0.0,x3232902a,PQ,1.0,1.0,1.0,104.0,1000000.0,0.9,1.05,s1s2,a,False,False,False,46.7028,-119.1414,default
4703,0.0,0.0,0.0,0.0,0.0,0.0,0.00789431141322,0.0019785008272505,0.0009756884864544,0.0002445305716253,0.0,0.0,0.0,0.0,sx3232902a,PQ,1.0,1.0,1.0,104.0,1000000.0,0.9,1.05,s1s2,a,False,True,False,46.7028,-119.1417,default
4704,0.0,0.0,0.0,0.0,0.0,0.0,0.0,0.0,0.0,0.0,0.0,0.0,0.0,0.0,x3179650b,PQ,1.0,1.0,1.0,104.0,1000000.0,0.9,1.05,s1s2,b,False,False,False,46.7022,-119.1412,default
4705,0.0,0.0,0.0,0.0,0.0,0.0,0.0017843478517904,0.0004471997416819,0.0040556522231402,0.0010164422964538,0.0,0.0,0.0,0.0,sx3179650b,PQ,1.0,1.0,1.0,104.0,1000000.0,0.9,1.05,s1s2,b,True,True,False,46.7022,-119.1415,default
4706,0.0,0.0,0.0,0.0,0.0,0.0,0.0,0.0,0.0,0.0,0.0,0.0,0.0,0.0,x2973791a,PQ,1.0,1.0,1.0,104.0,1000000.0,0.9,1.05,s1s2,a,False,False,False,46.7013,-119.1409,default
4707,0.0,0.0,0.0,0.0,0.0,0.0,0.004181664981919,0.0010480239781837,0.0135583348097772,0.0033980388202009,0.0,0.0,0.0,0.0,sx2973791a,PQ,1.0,1.0,1.0,104.0,1000000.0,0.9,1.05,s1s2,a,False,True,False,46.7014,-119.1412,default
4708,0.0,0.0,0.0,0.0,0.0,0.0,0.0,0.0,0.0,0.0,0.0,0.0,0.0,0.0,x2859403a,PQ,1.0,1.0,1.0,104.0,1000000.0,0.9,1.05,s1s2,a,False,False,False,46.7008,-119.1408,default
4709,0.0,0.0,0.0,0.0,0.0,0.0,0.0034985954885641,0.0008768306339365,0.0053714044189205,0.0013462007694098,0.0,0.0,0.0,0.0,sx2859403a,PQ,1.0,1.0,1.0,104.0,1000000.0,0.9,1.05,s1s2,a,False,True,False,46.7008,-119.1411,default
4710,0.0,0.0,0.0,0.0,0.0,0.0,0.0,0.0,0.0,0.0,0.0,0.0,0.0,0.0,x3067478a,PQ,1.0,1.0,1.0,104.0,1000000.0,0.9,1.05,s1s2,a,False,False,False,46.6971,-119.1398,default
4711,0.0,0.0,0.0,0.0,0.0,0.0,0.0013327360581291,0.0003340151248428,0.0119672638013117,0.0029992788712308,0.0,0.0,0.0,0.0,sx3067478a,PQ,1.0,1.0,1.0,104.0,1000000.0,0.9,1.05,s1s2,a,True,True,False,46.6971,-119.1401,default
4712,0.0,0.0,0.0,0.0,0.0,0.0,0.0,0.0,0.0,0.0,0.0,0.0,0.0,0.0,p901945,PQ,1.0,1.0,1.0,7199.557856794634,1000000.0,0.9,1.05,abc,,False,False,False,46.69557118,-119.1394414,default
4713,0.0,0.0,0.0,0.0,0.0,0.0,0.0,0.0,0.0,0.0,0.0,0.0,0.0,0.0,m1125988,PQ,1.0,1.0,1.0,7199.557856794634,1000000.0,0.9,1.05,abc,,False,False,False,46.69559478,-119.1395362,default
4714,0.0,0.0,0.0,0.0,0.0,0.0,0.0,0.0,0.0,0.0,0.0,0.0,0.0,0.0,l2767340,PQ,1.0,1.0,1.0,7199.557856794634,1000000.0,0.9,1.05,abc,,False,False,False,46.69589034,-119.1407216,default
4715,0.0,0.0,0.0,0.0,0.0,0.0,0.0,0.0,0.0,0.0,0.0,0.0,0.0,0.0,m3037449,PQ,1.0,1.0,1.0,7199.557856794634,1000000.0,0.9,1.05,abc,,False,False,False,46.69589826,-119.1407534,default
4716,0.0,0.0,0.0,0.0,0.0,0.0,0.0,0.0,0.0,0.0,0.0,0.0,0.0,0.0,m1108375,PQ,1.0,1.0,1.0,7199.557856794634,1000000.0,0.9,1.05,c,,False,False,False,46.6960607,-119.1410006,default
4717,0.0,0.0,0.0,0.0,0.0,0.0,0.0,0.0,0.0,0.0,0.0,0.0,0.0,0.0,l3160793,PQ,1.0,1.0,1.0,7199.557856794634,1000000.0,0.9,1.05,c,,False,False,False,46.69562358,-119.1417597,default
4718,0.0,0.0,0.0,0.0,0.0,0.0,0.0,0.0,0.0,0.0,0.0,0.0,0.0,0.0,x3160793c,PQ,1.0,1.0,1.0,104.0,1000000.0,0.9,1.05,s1s2,c,False,False,False,46.6953,-119.1418,default
4719,0.0,0.0,0.0,0.0,0.0,0.0,0.0009724569990793,0.0002437207276563,0.005127543064382,0.0012850835904317,0.0,0.0,0.0,0.0,sx3160793c,PQ,1.0,1.0,1.0,104.0,1000000.0,0.9,1.05,s1s2,c,False,True,False,46.6953,-119.142,default
4720,0.0,0.0,0.0,0.0,0.0,0.0,0.0,0.0,0.0,0.0,0.0,0.0,0.0,0.0,x2767340a,PQ,1.0,1.0,1.0,104.0,1000000.0,0.9,1.05,s1s2,a,False,False,False,46.6955,-119.1407,default
4721,0.0,0.0,0.0,0.0,0.0,0.0,0.0218076283331248,0.0054655065492434,0.0047923713249895,0.0012010814102561,0.0,0.0,0.0,0.0,sx2767340a,PQ,1.0,1.0,1.0,104.0,1000000.0,0.9,1.05,s1s2,a,False,True,False,46.6956,-119.141,default
4722,0.0,0.0,0.0,0.0,0.0,0.0,0.0,0.0,0.0,0.0,0.0,0.0,0.0,0.0,x2767340b,PQ,1.0,1.0,1.0,104.0,1000000.0,0.9,1.05,s1s2,b,False,False,False,46.6955,-119.1407,default
4723,0.0,0.0,0.0,0.0,0.0,0.0,0.0219974316067784,0.0055130762694257,0.0071825688754943,0.0018001215088914,0.0,0.0,0.0,0.0,sx2767340b,PQ,1.0,1.0,1.0,104.0,1000000.0,0.9,1.05,s1s2,b,False,True,False,46.6956,-119.141,default
4724,0.0,0.0,0.0,0.0,0.0,0.0,0.0,0.0,0.0,0.0,0.0,0.0,0.0,0.0,x2767340c,PQ,1.0,1.0,1.0,104.0,1000000.0,0.9,1.05,s1s2,c,False,False,False,46.6955,-119.1407,default
4725,0.0,0.0,0.0,0.0,0.0,0.0,0.0012467797066944,0.0003124724831981,0.0292732213142403,0.007336561872975,0.0,0.0,0.0,0.0,sx2767340c,PQ,1.0,1.0,1.0,104.0,1000000.0,0.9,1.05,s1s2,c,False,True,False,46.6956,-119.141,default
4726,0.0,0.0,0.0,0.0,0.0,0.0,0.0,0.0,0.0,0.0,0.0,0.0,0.0,0.0,l2898457,PQ,1.0,1.0,1.0,7199.557856794634,1000000.0,0.9,1.05,a,,False,False,False,46.69525342,-119.1400887,default
4727,0.0,0.0,0.0,0.0,0.0,0.0,0.0,0.0,0.0,0.0,0.0,0.0,0.0,0.0,x2898457a,PQ,1.0,1.0,1.0,104.0,1000000.0,0.9,1.05,s1s2,a,False,False,False,46.6949,-119.1401,default
4728,0.0,0.0,0.0,0.0,0.0,0.0,0.0009198930862044,0.0002305469270534,0.0026301068785503,0.0006591668828529,0.0,0.0,0.0,0.0,sx2898457a,PQ,1.0,1.0,1.0,104.0,1000000.0,0.9,1.05,s1s2,a,False,True,False,46.6949,-119.1404,default
4729,0.0,0.0,0.0,0.0,0.0,0.0,0.0,0.0,0.0,0.0,0.0,0.0,0.0,0.0,p895106,PQ,1.0,1.0,1.0,7199.557856794634,1000000.0,0.9,1.05,b,,False,False,False,46.6932251,-119.1385678,default
4730,0.0,0.0,0.0,0.0,0.0,0.0,0.0,0.0,0.0,0.0,0.0,0.0,0.0,0.0,l3048887,PQ,1.0,1.0,1.0,7199.557856794634,1000000.0,0.9,1.05,b,,False,False,False,46.6933297,-119.1392443,default
4731,0.0,0.0,0.0,0.0,0.0,0.0,0.0,0.0,0.0,0.0,0.0,0.0,0.0,0.0,m1125966,PQ,1.0,1.0,1.0,7199.557856794634,1000000.0,0.9,1.05,b,,False,False,False,46.6929438,-119.1394784,default
4732,0.0,0.0,0.0,0.0,0.0,0.0,0.0,0.0,0.0,0.0,0.0,0.0,0.0,0.0,l2955005,PQ,1.0,1.0,1.0,7199.557856794634,1000000.0,0.9,1.05,b,,False,False,False,46.69315998,-119.1406118,default
4733,0.0,0.0,0.0,0.0,0.0,0.0,0.0,0.0,0.0,0.0,0.0,0.0,0.0,0.0,m1108372,PQ,1.0,1.0,1.0,7199.557856794634,1000000.0,0.9,1.05,b,,False,False,False,46.6932894,-119.1411386,default
4734,0.0,0.0,0.0,0.0,0.0,0.0,0.0,0.0,0.0,0.0,0.0,0.0,0.0,0.0,l3179607,PQ,1.0,1.0,1.0,7199.557856794634,1000000.0,0.9,1.05,b,,False,False,False,46.69419648,-119.1407535,default
4735,0.0,0.0,0.0,0.0,0.0,0.0,0.0,0.0,0.0,0.0,0.0,0.0,0.0,0.0,x3179607b,PQ,1.0,1.0,1.0,104.0,1000000.0,0.9,1.05,s1s2,b,False,False,False,46.6938,-119.1408,default
4736,0.0,0.0,0.0,0.0,0.0,0.0,0.0031816081814242,0.0007973862046591,0.0065483919474199,0.0016411817894259,0.0,0.0,0.0,0.0,sx3179607b,PQ,1.0,1.0,1.0,104.0,1000000.0,0.9,1.05,s1s2,b,False,True,False,46.6939,-119.141,default
4737,0.0,0.0,0.0,0.0,0.0,0.0,0.0,0.0,0.0,0.0,0.0,0.0,0.0,0.0,l3216988,PQ,1.0,1.0,1.0,7199.557856794634,1000000.0,0.9,1.05,b,,False,False,False,46.69358456,-119.1424561,default
4738,0.0,0.0,0.0,0.0,0.0,0.0,0.0,0.0,0.0,0.0,0.0,0.0,0.0,0.0,x3216988b,PQ,1.0,1.0,1.0,104.0,1000000.0,0.9,1.05,s1s2,b,False,False,False,46.6932,-119.1425,default
4739,0.0,0.0,0.0,0.0,0.0,0.0,0.006117930381951,0.0015332979471366,0.0036120697459868,0.0009052700464449,0.0,0.0,0.0,0.0,sx3216988b,PQ,1.0,1.0,1.0,104.0,1000000.0,0.9,1.05,s1s2,b,False,True,False,46.6933,-119.1427,default
4740,0.0,0.0,0.0,0.0,0.0,0.0,0.0,0.0,0.0,0.0,0.0,0.0,0.0,0.0,x2955005b,PQ,1.0,1.0,1.0,104.0,1000000.0,0.9,1.05,s1s2,b,False,False,False,46.6928,-119.1406,default
4741,0.0,0.0,0.0,0.0,0.0,0.0,0.0003847144933295,9.641854405551532e-05,0.0054552855813794,0.0013672234950493,0.0,0.0,0.0,0.0,sx2955005b,PQ,1.0,1.0,1.0,104.0,1000000.0,0.9,1.05,s1s2,b,True,True,False,46.6928,-119.1409,default
4742,0.0,0.0,0.0,0.0,0.0,0.0,0.0,0.0,0.0,0.0,0.0,0.0,0.0,0.0,x3048887b,PQ,1.0,1.0,1.0,104.0,1000000.0,0.9,1.05,s1s2,b,False,False,False,46.693,-119.1392,default
4743,0.0,0.0,0.0,0.0,0.0,0.0,0.0125327549311226,0.0031410045943512,0.0020572452841522,0.0005155942886383,0.0,0.0,0.0,0.0,sx3048887b,PQ,1.0,1.0,1.0,104.0,1000000.0,0.9,1.05,s1s2,b,False,True,False,46.693,-119.1395,default
4744,0.0,0.0,0.0,0.0,0.0,0.0,0.0,0.0,0.0,0.0,0.0,0.0,0.0,0.0,p895107,PQ,1.0,1.0,1.0,7199.557856794634,1000000.0,0.9,1.05,c,,False,False,False,46.69298222,-119.1377453,default
4745,0.0,0.0,0.0,0.0,0.0,0.0,0.0,0.0,0.0,0.0,0.0,0.0,0.0,0.0,l3030126,PQ,1.0,1.0,1.0,7199.557856794634,1000000.0,0.9,1.05,c,,False,False,False,46.69173756,-119.1377169,default
4746,0.0,0.0,0.0,0.0,0.0,0.0,0.0,0.0,0.0,0.0,0.0,0.0,0.0,0.0,l3254870,PQ,1.0,1.0,1.0,7199.557856794634,1000000.0,0.9,1.05,c,,False,False,False,46.69140802,-119.1384378,default
4747,0.0,0.0,0.0,0.0,0.0,0.0,0.0,0.0,0.0,0.0,0.0,0.0,0.0,0.0,m1125943,PQ,1.0,1.0,1.0,7199.557856794634,1000000.0,0.9,1.05,c,,False,False,False,46.685023,-119.1390725,default
4748,0.0,0.0,0.0,0.0,0.0,0.0,0.0,0.0,0.0,0.0,0.0,0.0,0.0,0.0,221-703009,PQ,1.0,1.0,1.0,7199.557856794634,1000000.0,0.9,1.05,c,,False,False,False,46.6849773,-119.1390022,default
4749,0.0,0.0,0.0,0.0,0.0,0.0,0.0,0.0,0.0,0.0,0.0,0.0,0.0,0.0,l3150961,PQ,1.0,1.0,1.0,7199.557856794634,1000000.0,0.9,1.05,c,,False,False,False,46.6846787,-119.1385428,default
4750,0.0,0.0,0.0,0.0,0.0,0.0,0.0,0.0,0.0,0.0,0.0,0.0,0.0,0.0,x3150961c,PQ,1.0,1.0,1.0,104.0,1000000.0,0.9,1.05,s1s2,c,False,False,False,46.6843,-119.1385,default
4751,0.0,0.0,0.0,0.0,0.0,0.0,0.012671968622687,0.0031758951127836,0.0025880315906015,0.0006486219345947,0.0,0.0,0.0,0.0,sx3150961c,PQ,1.0,1.0,1.0,104.0,1000000.0,0.9,1.05,s1s2,c,False,True,False,46.6844,-119.1388,default
4752,0.0,0.0,0.0,0.0,0.0,0.0,0.0,0.0,0.0,0.0,0.0,0.0,0.0,0.0,x3254870c,PQ,1.0,1.0,1.0,104.0,1000000.0,0.9,1.05,s1s2,c,False,False,False,46.6911,-119.1384,default
4753,0.0,0.0,0.0,0.0,0.0,0.0,0.0066078302166435,0.0016560785648683,0.0035621698866415,0.000892764036585,0.0,0.0,0.0,0.0,sx3254870c,PQ,1.0,1.0,1.0,104.0,1000000.0,0.9,1.05,s1s2,c,False,True,False,46.6911,-119.1387,default
4754,0.0,0.0,0.0,0.0,0.0,0.0,0.0,0.0,0.0,0.0,0.0,0.0,0.0,0.0,x3030126c,PQ,1.0,1.0,1.0,104.0,1000000.0,0.9,1.05,s1s2,c,False,False,False,46.6914,-119.1377,default
4755,0.0,0.0,0.0,0.0,0.0,0.0,0.0092784753473672,0.0023254054175888,0.000891524783619,0.0002234371993301,0.0,0.0,0.0,0.0,sx3030126c,PQ,1.0,1.0,1.0,104.0,1000000.0,0.9,1.05,s1s2,c,False,True,False,46.6914,-119.138,default
4756,0.0,0.0,0.0,0.0,0.0,0.0,0.0,0.0,0.0,0.0,0.0,0.0,0.0,0.0,x2767341c,PQ,1.0,1.0,1.0,104.0,1000000.0,0.9,1.05,s1s2,c,False,False,False,46.6928,-119.1373,default
4757,0.0,0.0,0.0,0.0,0.0,0.0,0.0014794896709139,0.0003707951073514,0.0137805105651967,0.0034537219511886,0.0,0.0,0.0,0.0,sx2767341c,PQ,1.0,1.0,1.0,104.0,1000000.0,0.9,1.05,s1s2,c,False,True,False,46.6928,-119.1375,default
4758,0.0,0.0,0.0,0.0,0.0,0.0,0.0,0.0,0.0,0.0,0.0,0.0,0.0,0.0,p895102,PQ,1.0,1.0,1.0,7199.557856794634,1000000.0,0.9,1.05,b,,False,False,False,46.69318094,-119.1367536,default
4759,0.0,0.0,0.0,0.0,0.0,0.0,0.0,0.0,0.0,0.0,0.0,0.0,0.0,0.0,m1125978,PQ,1.0,1.0,1.0,7199.557856794634,1000000.0,0.9,1.05,b,,False,False,False,46.69329484,-119.1366523,default
4760,0.0,0.0,0.0,0.0,0.0,0.0,0.0,0.0,0.0,0.0,0.0,0.0,0.0,0.0,l3254869,PQ,1.0,1.0,1.0,7199.557856794634,1000000.0,0.9,1.05,b,,False,False,False,46.69194154,-119.1369871,default
4761,0.0,0.0,0.0,0.0,0.0,0.0,0.0,0.0,0.0,0.0,0.0,0.0,0.0,0.0,l2798067,PQ,1.0,1.0,1.0,7199.557856794634,1000000.0,0.9,1.05,b,,False,False,False,46.690923,-119.137151,default
4762,0.0,0.0,0.0,0.0,0.0,0.0,0.0,0.0,0.0,0.0,0.0,0.0,0.0,0.0,x2798067b,PQ,1.0,1.0,1.0,104.0,1000000.0,0.9,1.05,s1s2,b,False,False,False,46.6906,-119.1372,default
4763,0.0,0.0,0.0,0.0,0.0,0.0,0.0029034814248575,0.000727681067013,0.0009865186244505,0.0002472448827997,0.0,0.0,0.0,0.0,sx2798067b,PQ,1.0,1.0,1.0,104.0,1000000.0,0.9,1.05,s1s2,b,False,True,False,46.6906,-119.1374,default
4764,0.0,0.0,0.0,0.0,0.0,0.0,0.0,0.0,0.0,0.0,0.0,0.0,0.0,0.0,x3254869b,PQ,1.0,1.0,1.0,104.0,1000000.0,0.9,1.05,s1s2,b,False,False,False,46.6916,-119.137,default
4765,0.0,0.0,0.0,0.0,0.0,0.0,0.0025527363952648,0.0006397760725223,0.0032872636784572,0.0008238659699094,0.0,0.0,0.0,0.0,sx3254869b,PQ,1.0,1.0,1.0,104.0,1000000.0,0.9,1.05,s1s2,b,False,True,False,46.6916,-119.1373,default
4766,0.0,0.0,0.0,0.0,0.0,0.0,0.0,0.0,0.0,0.0,0.0,0.0,0.0,0.0,m1125982,PQ,1.0,1.0,1.0,7199.557856794634,1000000.0,0.9,1.05,b,,False,False,False,46.69418608,-119.1358603,default
4767,0.0,0.0,0.0,0.0,0.0,0.0,0.0,0.0,0.0,0.0,0.0,0.0,0.0,0.0,l3029055,PQ,1.0,1.0,1.0,7199.557856794634,1000000.0,0.9,1.05,b,,False,False,False,46.69463722,-119.1349668,default
4768,0.0,0.0,0.0,0.0,0.0,0.0,0.0,0.0,0.0,0.0,0.0,0.0,0.0,0.0,x3029055b,PQ,1.0,1.0,1.0,104.0,1000000.0,0.9,1.05,s1s2,b,False,False,False,46.6943,-119.135,default
4769,0.0,0.0,0.0,0.0,0.0,0.0,0.00162748543414,0.0004078863133014,0.0129625147823702,0.0032487125706345,0.0,0.0,0.0,0.0,sx3029055b,PQ,1.0,1.0,1.0,104.0,1000000.0,0.9,1.05,s1s2,b,False,True,False,46.6943,-119.1352,default
4770,0.0,0.0,0.0,0.0,0.0,0.0,0.0,0.0,0.0,0.0,0.0,0.0,0.0,0.0,x3123452c,PQ,1.0,1.0,1.0,104.0,1000000.0,0.9,1.05,s1s2,c,False,False,False,46.6924,-119.1348,default
4771,0.0,0.0,0.0,0.0,0.0,0.0,0.004839200426984,0.0012128180977323,0.0053307996715399,0.001336024497736,0.0,0.0,0.0,0.0,sx3123452c,PQ,1.0,1.0,1.0,104.0,1000000.0,0.9,1.05,s1s2,c,False,True,False,46.6925,-119.135,default
4772,0.0,0.0,0.0,0.0,0.0,0.0,0.0,0.0,0.0,0.0,0.0,0.0,0.0,0.0,p903490,PQ,1.0,1.0,1.0,7199.557856794634,1000000.0,0.9,1.05,c,,False,False,False,46.69245694,-119.1326981,default
4773,0.0,0.0,0.0,0.0,0.0,0.0,0.0,0.0,0.0,0.0,0.0,0.0,0.0,0.0,m1125961,PQ,1.0,1.0,1.0,7199.557856794634,1000000.0,0.9,1.05,c,,False,False,False,46.69242288,-119.1327113,default
4774,0.0,0.0,0.0,0.0,0.0,0.0,0.0,0.0,0.0,0.0,0.0,0.0,0.0,0.0,m1125959,PQ,1.0,1.0,1.0,7199.557856794634,1000000.0,0.9,1.05,c,,False,False,False,46.69233244,-119.1327465,default
4775,0.0,0.0,0.0,0.0,0.0,0.0,0.0,0.0,0.0,0.0,0.0,0.0,0.0,0.0,l2861197,PQ,1.0,1.0,1.0,7199.557856794634,1000000.0,0.9,1.05,c,,False,False,False,46.69139574,-119.1331109,default
4776,0.0,0.0,0.0,0.0,0.0,0.0,0.0,0.0,0.0,0.0,0.0,0.0,0.0,0.0,l3160896,PQ,1.0,1.0,1.0,7199.557856794634,1000000.0,0.9,1.05,c,,False,False,False,46.69043076,-119.1336127,default
4777,0.0,0.0,0.0,0.0,0.0,0.0,0.0,0.0,0.0,0.0,0.0,0.0,0.0,0.0,x3160896c,PQ,1.0,1.0,1.0,104.0,1000000.0,0.9,1.05,s1s2,c,False,False,False,46.6901,-119.1336,default
4778,0.0,0.0,0.0,0.0,0.0,0.0,0.0034484604860521,0.0008642657705421,0.002651539569451,0.0006645385373011,0.0,0.0,0.0,0.0,sx3160896c,PQ,1.0,1.0,1.0,104.0,1000000.0,0.9,1.05,s1s2,c,False,True,False,46.6901,-119.1339,default
4779,0.0,0.0,0.0,0.0,0.0,0.0,0.0,0.0,0.0,0.0,0.0,0.0,0.0,0.0,x2861197c,PQ,1.0,1.0,1.0,104.0,1000000.0,0.9,1.05,s1s2,c,False,False,False,46.691,-119.1331,default
4780,0.0,0.0,0.0,0.0,0.0,0.0,0.003305697883738,0.0008284860790203,0.002794302162262,0.0007003182149479,0.0,0.0,0.0,0.0,sx2861197c,PQ,1.0,1.0,1.0,104.0,1000000.0,0.9,1.05,s1s2,c,True,True,False,46.6911,-119.1334,default
4781,0.0,0.0,0.0,0.0,0.0,0.0,0.0,0.0,0.0,0.0,0.0,0.0,0.0,0.0,m1125974,PQ,1.0,1.0,1.0,7199.557856794634,1000000.0,0.9,1.05,c,,False,False,False,46.6931799,-119.1325774,default
4782,0.0,0.0,0.0,0.0,0.0,0.0,0.0,0.0,0.0,0.0,0.0,0.0,0.0,0.0,l3104796,PQ,1.0,1.0,1.0,7199.557856794634,1000000.0,0.9,1.05,c,,False,False,False,46.69318926,-119.1325761,default
4783,0.0,0.0,0.0,0.0,0.0,0.0,0.0,0.0,0.0,0.0,0.0,0.0,0.0,0.0,x3104796c,PQ,1.0,1.0,1.0,104.0,1000000.0,0.9,1.05,s1s2,c,False,False,False,46.6928,-119.1326,default
4784,0.0,0.0,0.0,0.0,0.0,0.0,0.0073146952307027,0.0018332356558466,0.0028553048765346,0.0007156069421626,0.0,0.0,0.0,0.0,sx3104796c,PQ,1.0,1.0,1.0,104.0,1000000.0,0.9,1.05,s1s2,c,False,True,False,46.6929,-119.1329,default
4785,0.0,0.0,0.0,0.0,0.0,0.0,0.0,0.0,0.0,0.0,0.0,0.0,0.0,0.0,m1125979,PQ,1.0,1.0,1.0,7199.557856794634,1000000.0,0.9,1.05,c,,False,False,False,46.69335914,-119.1332293,default
4786,0.0,0.0,0.0,0.0,0.0,0.0,0.0,0.0,0.0,0.0,0.0,0.0,0.0,0.0,l2917255,PQ,1.0,1.0,1.0,7199.557856794634,1000000.0,0.9,1.05,c,,False,False,False,46.69459156,-119.1327381,default
4787,0.0,0.0,0.0,0.0,0.0,0.0,0.0,0.0,0.0,0.0,0.0,0.0,0.0,0.0,x2917255c,PQ,1.0,1.0,1.0,104.0,1000000.0,0.9,1.05,s1s2,c,False,False,False,46.6942,-119.1327,default
4788,0.0,0.0,0.0,0.0,0.0,0.0,0.0038651394850813,0.0009686953827258,0.0063048606160622,0.0015801472118956,0.0,0.0,0.0,0.0,sx2917255c,PQ,1.0,1.0,1.0,104.0,1000000.0,0.9,1.05,s1s2,c,False,True,False,46.6943,-119.133,default
4789,0.0,0.0,0.0,0.0,0.0,0.0,0.0,0.0,0.0,0.0,0.0,0.0,0.0,0.0,x3214069c,PQ,1.0,1.0,1.0,104.0,1000000.0,0.9,1.05,s1s2,c,False,False,False,46.6913,-119.1324,default
4790,0.0,0.0,0.0,0.0,0.0,0.0,0.0076876918703608,0.0019267174368381,0.0024823082398216,0.0006221251615539,0.0,0.0,0.0,0.0,sx3214069c,PQ,1.0,1.0,1.0,104.0,1000000.0,0.9,1.05,s1s2,c,False,True,False,46.6913,-119.1327,default
4791,0.0,0.0,0.0,0.0,0.0,0.0,0.0,0.0,0.0,0.0,0.0,0.0,0.0,0.0,p901936,PQ,1.0,1.0,1.0,7199.557856794634,1000000.0,0.9,1.05,c,,False,False,False,46.69152772,-119.1323113,default
4792,0.0,0.0,0.0,0.0,0.0,0.0,0.0,0.0,0.0,0.0,0.0,0.0,0.0,0.0,m1125955,PQ,1.0,1.0,1.0,7199.557856794634,1000000.0,0.9,1.05,c,,False,False,False,46.6918597,-119.1318478,default
4793,0.0,0.0,0.0,0.0,0.0,0.0,0.0,0.0,0.0,0.0,0.0,0.0,0.0,0.0,l3236004,PQ,1.0,1.0,1.0,7199.557856794634,1000000.0,0.9,1.05,c,,False,False,False,46.69088822,-119.1303044,default
4794,0.0,0.0,0.0,0.0,0.0,0.0,0.0,0.0,0.0,0.0,0.0,0.0,0.0,0.0,x3236004c,PQ,1.0,1.0,1.0,104.0,1000000.0,0.9,1.05,s1s2,c,False,False,False,46.6905,-119.1303,default
4795,0.0,0.0,0.0,0.0,0.0,0.0,0.0022534288835222,0.0005647625817067,0.0038465711727653,0.0009640417256956,0.0,0.0,0.0,0.0,sx3236004c,PQ,1.0,1.0,1.0,104.0,1000000.0,0.9,1.05,s1s2,c,False,True,False,46.6906,-119.1306,default
4796,0.0,0.0,0.0,0.0,0.0,0.0,0.0,0.0,0.0,0.0,0.0,0.0,0.0,0.0,m1125957,PQ,1.0,1.0,1.0,7199.557856794634,1000000.0,0.9,1.05,c,,False,False,False,46.69192176,-119.1317576,default
4797,0.0,0.0,0.0,0.0,0.0,0.0,0.0,0.0,0.0,0.0,0.0,0.0,0.0,0.0,l2936211,PQ,1.0,1.0,1.0,7199.557856794634,1000000.0,0.9,1.05,c,,False,False,False,46.69226602,-119.1312572,default
4798,0.0,0.0,0.0,0.0,0.0,0.0,0.0,0.0,0.0,0.0,0.0,0.0,0.0,0.0,l2842329,PQ,1.0,1.0,1.0,7199.557856794634,1000000.0,0.9,1.05,c,,False,False,False,46.69317894,-119.1304088,default
4799,0.0,0.0,0.0,0.0,0.0,0.0,0.0,0.0,0.0,0.0,0.0,0.0,0.0,0.0,x2842329c,PQ,1.0,1.0,1.0,104.0,1000000.0,0.9,1.05,s1s2,c,False,False,False,46.6928,-119.1304,default
4800,0.0,0.0,0.0,0.0,0.0,0.0,0.0033093323179217,0.0008293969599433,0.0027906677373825,0.0006994073468841,0.0,0.0,0.0,0.0,sx2842329c,PQ,1.0,1.0,1.0,104.0,1000000.0,0.9,1.05,s1s2,c,False,True,False,46.6929,-119.1307,default
4801,0.0,0.0,0.0,0.0,0.0,0.0,0.0,0.0,0.0,0.0,0.0,0.0,0.0,0.0,x2936211c,PQ,1.0,1.0,1.0,104.0,1000000.0,0.9,1.05,s1s2,c,False,False,False,46.6919,-119.1313,default
4802,0.0,0.0,0.0,0.0,0.0,0.0,0.0041721743462648,0.0010456455834196,0.001927825711122,0.0004831587246244,0.0,0.0,0.0,0.0,sx2936211c,PQ,1.0,1.0,1.0,104.0,1000000.0,0.9,1.05,s1s2,c,False,True,False,46.692,-119.1315,default
4803,0.0,0.0,0.0,0.0,0.0,0.0,0.0,0.0,0.0,0.0,0.0,0.0,0.0,0.0,x3214071c,PQ,1.0,1.0,1.0,104.0,1000000.0,0.9,1.05,s1s2,c,False,False,False,46.6905,-119.1318,default
4804,0.0,0.0,0.0,0.0,0.0,0.0,0.002137934780996,0.0005358170265209,0.0080320653324104,0.0020130255723108,0.0,0.0,0.0,0.0,sx3214071c,PQ,1.0,1.0,1.0,104.0,1000000.0,0.9,1.05,s1s2,c,False,True,False,46.6905,-119.1321,default
4805,0.0,0.0,0.0,0.0,0.0,0.0,0.0,0.0,0.0,0.0,0.0,0.0,0.0,0.0,p901941,PQ,1.0,1.0,1.0,7199.557856794634,1000000.0,0.9,1.05,a,,False,False,False,46.68931608,-119.1284011,default
4806,0.0,0.0,0.0,0.0,0.0,0.0,0.0,0.0,0.0,0.0,0.0,0.0,0.0,0.0,l3251799,PQ,1.0,1.0,1.0,7199.557856794634,1000000.0,0.9,1.05,a,,False,False,False,46.68976588,-119.1277564,default
4807,0.0,0.0,0.0,0.0,0.0,0.0,0.0,0.0,0.0,0.0,0.0,0.0,0.0,0.0,x3251799a,PQ,1.0,1.0,1.0,104.0,1000000.0,0.9,1.05,s1s2,a,False,False,False,46.6894,-119.1278,default
4808,0.0,0.0,0.0,0.0,0.0,0.0,0.0048710493601578,0.0012207999856672,0.0084289505119427,0.0021124940217715,0.0,0.0,0.0,0.0,sx3251799a,PQ,1.0,1.0,1.0,104.0,1000000.0,0.9,1.05,s1s2,a,False,True,False,46.6895,-119.128,default
4809,0.0,0.0,0.0,0.0,0.0,0.0,0.0,0.0,0.0,0.0,0.0,0.0,0.0,0.0,p895111,PQ,1.0,1.0,1.0,7199.557856794634,1000000.0,0.9,1.05,c,,False,False,False,46.68670604,-119.1241661,default
4810,0.0,0.0,0.0,0.0,0.0,0.0,0.0,0.0,0.0,0.0,0.0,0.0,0.0,0.0,l2895496,PQ,1.0,1.0,1.0,7199.557856794634,1000000.0,0.9,1.05,c,,False,False,False,46.68670852,-119.1253629,default
4811,0.0,0.0,0.0,0.0,0.0,0.0,0.0,0.0,0.0,0.0,0.0,0.0,0.0,0.0,m1142873,PQ,1.0,1.0,1.0,7199.557856794634,1000000.0,0.9,1.05,c,,False,False,False,46.68670378,-119.1262291,default
4812,0.0,0.0,0.0,0.0,0.0,0.0,0.0,0.0,0.0,0.0,0.0,0.0,0.0,0.0,l3552667,PQ,1.0,1.0,1.0,7199.557856794634,1000000.0,0.9,1.05,c,,False,False,False,46.68669464,-119.1271767,default
4813,0.0,0.0,0.0,0.0,0.0,0.0,0.0,0.0,0.0,0.0,0.0,0.0,0.0,0.0,l3160862,PQ,1.0,1.0,1.0,7199.557856794634,1000000.0,0.9,1.05,c,,False,False,False,46.68667808,-119.1305877,default
4814,0.0,0.0,0.0,0.0,0.0,0.0,0.0,0.0,0.0,0.0,0.0,0.0,0.0,0.0,l3104850,PQ,1.0,1.0,1.0,7199.557856794634,1000000.0,0.9,1.05,c,,False,False,False,46.68670004,-119.1328517,default
4815,0.0,0.0,0.0,0.0,0.0,0.0,0.0,0.0,0.0,0.0,0.0,0.0,0.0,0.0,x3104850c,PQ,1.0,1.0,1.0,104.0,1000000.0,0.9,1.05,s1s2,c,False,False,False,46.6864,-119.1329,default
4816,0.0,0.0,0.0,0.0,0.0,0.0,0.0080496245256565,0.0020174263121851,0.0021203755868274,0.0005314162747151,0.0,0.0,0.0,0.0,sx3104850c,PQ,1.0,1.0,1.0,104.0,1000000.0,0.9,1.05,s1s2,c,False,True,False,46.6864,-119.1331,default
4817,0.0,0.0,0.0,0.0,0.0,0.0,0.0,0.0,0.0,0.0,0.0,0.0,0.0,0.0,x3160862c,PQ,1.0,1.0,1.0,104.0,1000000.0,0.9,1.05,s1s2,c,False,False,False,46.6863,-119.1306,default
4818,0.0,0.0,0.0,0.0,0.0,0.0,0.0007235273346718,0.0001813330622998,0.0053764727183685,0.0013474712275412,0.0,0.0,0.0,0.0,sx3160862c,PQ,1.0,1.0,1.0,104.0,1000000.0,0.9,1.05,s1s2,c,True,True,False,46.6864,-119.1309,default
4819,0.0,0.0,0.0,0.0,0.0,0.0,0.0,0.0,0.0,0.0,0.0,0.0,0.0,0.0,x3552667c,PQ,1.0,1.0,1.0,104.0,1000000.0,0.9,1.05,s1s2,c,False,False,False,46.6863,-119.1272,default
4820,0.0,0.0,0.0,0.0,0.0,0.0,0.0039708880599828,0.0009951984714524,0.0061991120391956,0.0015536441079625,0.0,0.0,0.0,0.0,sx3552667c,PQ,1.0,1.0,1.0,104.0,1000000.0,0.9,1.05,s1s2,c,False,True,False,46.6864,-119.1275,default
4821,0.0,0.0,0.0,0.0,0.0,0.0,0.0,0.0,0.0,0.0,0.0,0.0,0.0,0.0,p829956,PQ,1.0,1.0,1.0,7199.557856794634,1000000.0,0.9,1.05,c,,False,False,False,46.68657768,-119.1233733,default
4822,0.0,0.0,0.0,0.0,0.0,0.0,0.0,0.0,0.0,0.0,0.0,0.0,0.0,0.0,l3160861,PQ,1.0,1.0,1.0,7199.557856794634,1000000.0,0.9,1.05,c,,False,False,False,46.68734902,-119.1228707,default
4823,0.0,0.0,0.0,0.0,0.0,0.0,0.0,0.0,0.0,0.0,0.0,0.0,0.0,0.0,x3160861c,PQ,1.0,1.0,1.0,104.0,1000000.0,0.9,1.05,s1s2,c,False,False,False,46.687,-119.1229,default
4824,0.0,0.0,0.0,0.0,0.0,0.0,0.0019003305275058,0.000476267779053,0.0021696695076139,0.0005437704983462,0.0,0.0,0.0,0.0,sx3160861c,PQ,1.0,1.0,1.0,104.0,1000000.0,0.9,1.05,s1s2,c,False,True,False,46.687,-119.1232,default
4825,0.0,0.0,0.0,0.0,0.0,0.0,0.0,0.0,0.0,0.0,0.0,0.0,0.0,0.0,p895112,PQ,1.0,1.0,1.0,7199.557856794634,1000000.0,0.9,1.05,a,,False,False,False,46.6848724,-119.1202613,default
4826,0.0,0.0,0.0,0.0,0.0,0.0,0.0,0.0,0.0,0.0,0.0,0.0,0.0,0.0,l3048962,PQ,1.0,1.0,1.0,7199.557856794634,1000000.0,0.9,1.05,a,,False,False,False,46.6851538,-119.1199809,default
4827,0.0,0.0,0.0,0.0,0.0,0.0,0.0,0.0,0.0,0.0,0.0,0.0,0.0,0.0,x3048962a,PQ,1.0,1.0,1.0,104.0,1000000.0,0.9,1.05,s1s2,a,False,False,False,46.6848,-119.12,default
4828,0.0,0.0,0.0,0.0,0.0,0.0,0.0019019198926436,0.000476666035151,0.0113980799787809,0.0028566279781022,0.0,0.0,0.0,0.0,sx3048962a,PQ,1.0,1.0,1.0,104.0,1000000.0,0.9,1.05,s1s2,a,False,True,False,46.6848,-119.1203,default
4829,0.0,0.0,0.0,0.0,0.0,0.0,0.0,0.0,0.0,0.0,0.0,0.0,0.0,0.0,n1141480,PQ,1.0,1.0,1.0,7199.557856794634,1000000.0,0.9,1.05,c,,False,False,False,46.6842032,-119.1194496,default
4830,0.0,0.0,0.0,0.0,0.0,0.0,0.0,0.0,0.0,0.0,0.0,0.0,0.0,0.0,p895113,PQ,1.0,1.0,1.0,7199.557856794634,1000000.0,0.9,1.05,c,,False,False,False,46.6841393,-119.119524,default
4831,0.0,0.0,0.0,0.0,0.0,0.0,0.0,0.0,0.0,0.0,0.0,0.0,0.0,0.0,l2711225,PQ,1.0,1.0,1.0,7199.557856794634,1000000.0,0.9,1.05,c,,False,False,False,46.68343316,-119.1203458,default
4832,0.0,0.0,0.0,0.0,0.0,0.0,0.0,0.0,0.0,0.0,0.0,0.0,0.0,0.0,l3030200,PQ,1.0,1.0,1.0,7199.557856794634,1000000.0,0.9,1.05,c,,False,False,False,46.68402426,-119.1218849,default
4833,0.0,0.0,0.0,0.0,0.0,0.0,0.0,0.0,0.0,0.0,0.0,0.0,0.0,0.0,x3030200c,PQ,1.0,1.0,1.0,104.0,1000000.0,0.9,1.05,s1s2,c,False,False,False,46.6837,-119.1219,default
4834,0.0,0.0,0.0,0.0,0.0,0.0,0.002960241701374,0.0007419065876688,0.0031397583526101,0.0007868977066284,0.0,0.0,0.0,0.0,sx3030200c,PQ,1.0,1.0,1.0,104.0,1000000.0,0.9,1.05,s1s2,c,False,True,False,46.6837,-119.1222,default
4835,0.0,0.0,0.0,0.0,0.0,0.0,0.0,0.0,0.0,0.0,0.0,0.0,0.0,0.0,x2711225c,PQ,1.0,1.0,1.0,104.0,1000000.0,0.9,1.05,s1s2,c,False,False,False,46.6831,-119.1203,default
4836,0.0,0.0,0.0,0.0,0.0,0.0,0.0031857424603674,0.0007984224117044,0.0029142575936008,0.000730381882583,0.0,0.0,0.0,0.0,sx2711225c,PQ,1.0,1.0,1.0,104.0,1000000.0,0.9,1.05,s1s2,c,False,True,False,46.6831,-119.1206,default
4837,0.0,0.0,0.0,0.0,0.0,0.0,0.0,0.0,0.0,0.0,0.0,0.0,0.0,0.0,p895114,PQ,1.0,1.0,1.0,7199.557856794634,1000000.0,0.9,1.05,a,,False,False,False,46.68389002,-119.1185962,default
4838,0.0,0.0,0.0,0.0,0.0,0.0,0.0,0.0,0.0,0.0,0.0,0.0,0.0,0.0,n1141479,PQ,1.0,1.0,1.0,7199.557856794634,1000000.0,0.9,1.05,a,,False,False,False,46.68394068,-119.1185148,default
4839,0.0,0.0,0.0,0.0,0.0,0.0,0.0,0.0,0.0,0.0,0.0,0.0,0.0,0.0,l3198348,PQ,1.0,1.0,1.0,7199.557856794634,1000000.0,0.9,1.05,a,,False,False,False,46.68402958,-119.1183721,default
4840,0.0,0.0,0.0,0.0,0.0,0.0,0.0,0.0,0.0,0.0,0.0,0.0,0.0,0.0,x3198348a,PQ,1.0,1.0,1.0,104.0,1000000.0,0.9,1.05,s1s2,a,False,False,False,46.6837,-119.1184,default
4841,0.0,0.0,0.0,0.0,0.0,0.0,0.0107399687119678,0.0026916897590794,0.0070000311281056,0.0017543730922032,0.0,0.0,0.0,0.0,sx3198348a,PQ,1.0,1.0,1.0,104.0,1000000.0,0.9,1.05,s1s2,a,False,True,False,46.6837,-119.1187,default
4842,0.0,0.0,0.0,0.0,0.0,0.0,0.0,0.0,0.0,0.0,0.0,0.0,0.0,0.0,x3160872c,PQ,1.0,1.0,1.0,104.0,1000000.0,0.9,1.05,s1s2,c,False,False,False,46.683,-119.1179,default
4843,0.0,0.0,0.0,0.0,0.0,0.0,0.0109791954804033,0.0027516460791365,0.004280804695444,0.0010728709046904,0.0,0.0,0.0,0.0,sx3160872c,PQ,1.0,1.0,1.0,104.0,1000000.0,0.9,1.05,s1s2,c,False,True,False,46.683,-119.1181,default
4844,0.0,0.0,0.0,0.0,0.0,0.0,0.0,0.0,0.0,0.0,0.0,0.0,0.0,0.0,x2955077c,PQ,1.0,1.0,1.0,104.0,1000000.0,0.9,1.05,s1s2,c,False,False,False,46.6822,-119.1165,default
4845,0.0,0.0,0.0,0.0,0.0,0.0,0.0096278576347782,0.0024129688323021,0.0005421424656564,0.0001358737233755,0.0,0.0,0.0,0.0,sx2955077c,PQ,1.0,1.0,1.0,104.0,1000000.0,0.9,1.05,s1s2,c,True,True,False,46.6823,-119.1168,default
4846,0.0,0.0,0.0,0.0,0.0,0.0,0.0,0.0,0.0,0.0,0.0,0.0,0.0,0.0,l3081380,PQ,1.0,1.0,1.0,7199.557856794634,1000000.0,0.9,1.05,abc,,False,False,False,46.68147938,-119.1172784,default
4847,0.0,0.0,0.0,0.0,0.0,0.0,0.0,0.0,0.0,0.0,0.0,0.0,0.0,0.0,d5799561-2_int,PQ,1.0,1.0,1.0,7199.557856794634,1000000.0,0.9,1.05,abc,,False,False,False,46.68128498,-119.1182286,default
4848,0.0,0.0,0.0,0.0,0.0,0.0,0.0,0.0,0.0,0.0,0.0,0.0,0.0,0.0,e193509,PQ,1.0,1.0,1.0,7199.557856794634,1000000.0,0.9,1.05,abc,,False,False,False,46.68118946,-119.1188178,default
4849,0.0,0.0,0.0,0.0,0.0,0.0,0.0,0.0,0.0,0.0,0.0,0.0,0.0,0.0,m1142839,PQ,1.0,1.0,1.0,7199.557856794634,1000000.0,0.9,1.05,abc,,False,False,False,46.68096224,-119.1198517,default
4850,0.0,0.0,0.0,0.0,0.0,0.0,0.0,0.0,0.0,0.0,0.0,0.0,0.0,0.0,l3067507,PQ,1.0,1.0,1.0,7199.557856794634,1000000.0,0.9,1.05,c,,False,False,False,46.68155562,-119.119966,default
4851,0.0,0.0,0.0,0.0,0.0,0.0,0.0,0.0,0.0,0.0,0.0,0.0,0.0,0.0,x3067507c,PQ,1.0,1.0,1.0,104.0,1000000.0,0.9,1.05,s1s2,c,False,False,False,46.6812,-119.12,default
4852,0.0,0.0,0.0,0.0,0.0,0.0,0.0024877582077059,0.000623491044957,0.0127722419955816,0.0032010259495381,0.0,0.0,0.0,0.0,sx3067507c,PQ,1.0,1.0,1.0,104.0,1000000.0,0.9,1.05,s1s2,c,False,True,False,46.6812,-119.1202,default
4853,0.0,0.0,0.0,0.0,0.0,0.0,0.0,0.0,0.0,0.0,0.0,0.0,0.0,0.0,m1142832,PQ,1.0,1.0,1.0,7199.557856794634,1000000.0,0.9,1.05,abc,,False,False,False,46.6807069,-119.1210642,default
4854,0.0,0.0,0.0,0.0,0.0,0.0,0.0,0.0,0.0,0.0,0.0,0.0,0.0,0.0,l3160865,PQ,1.0,1.0,1.0,7199.557856794634,1000000.0,0.9,1.05,abc,,False,False,False,46.68044628,-119.1221701,default
4855,0.0,0.0,0.0,0.0,0.0,0.0,0.0,0.0,0.0,0.0,0.0,0.0,0.0,0.0,m1142828,PQ,1.0,1.0,1.0,7199.557856794634,1000000.0,0.9,1.05,abc,,False,False,False,46.67892854,-119.1234631,default
4856,0.0,0.0,0.0,0.0,0.0,0.0,0.0,0.0,0.0,0.0,0.0,0.0,0.0,0.0,l2674047,PQ,1.0,1.0,1.0,7199.557856794634,1000000.0,0.9,1.05,abc,,False,False,False,46.67892828,-119.1234634,default
4857,0.0,0.0,0.0,0.0,0.0,0.0,0.0,0.0,0.0,0.0,0.0,0.0,0.0,0.0,l2692655,PQ,1.0,1.0,1.0,7199.557856794634,1000000.0,0.9,1.05,abc,,False,False,False,46.67824474,-119.1241075,default
4858,0.0,0.0,0.0,0.0,0.0,0.0,0.0,0.0,0.0,0.0,0.0,0.0,0.0,0.0,m1142821,PQ,1.0,1.0,1.0,7199.557856794634,1000000.0,0.9,1.05,abc,,False,False,False,46.67764802,-119.1246812,default
4859,0.0,0.0,0.0,0.0,0.0,0.0,0.0,0.0,0.0,0.0,0.0,0.0,0.0,0.0,l2711226,PQ,1.0,1.0,1.0,7199.557856794634,1000000.0,0.9,1.05,abc,,False,False,False,46.67763042,-119.1246996,default
4860,0.0,0.0,0.0,0.0,0.0,0.0,0.0,0.0,0.0,0.0,0.0,0.0,0.0,0.0,m1142819,PQ,1.0,1.0,1.0,7199.557856794634,1000000.0,0.9,1.05,abc,,False,False,False,46.67678852,-119.1255798,default
4861,0.0,0.0,0.0,0.0,0.0,0.0,0.0,0.0,0.0,0.0,0.0,0.0,0.0,0.0,l2861219,PQ,1.0,1.0,1.0,7199.557856794634,1000000.0,0.9,1.05,b,,False,False,False,46.67622904,-119.1247829,default
4862,0.0,0.0,0.0,0.0,0.0,0.0,0.0,0.0,0.0,0.0,0.0,0.0,0.0,0.0,x2861219b,PQ,1.0,1.0,1.0,104.0,1000000.0,0.9,1.05,s1s2,b,False,False,False,46.6759,-119.1248,default
4863,0.0,0.0,0.0,0.0,0.0,0.0,0.0006375732893313,0.0001597909345693,0.0090924268239903,0.0022787770568952,0.0,0.0,0.0,0.0,sx2861219b,PQ,1.0,1.0,1.0,104.0,1000000.0,0.9,1.05,s1s2,b,False,True,False,46.6759,-119.1251,default
4864,0.0,0.0,0.0,0.0,0.0,0.0,0.0,0.0,0.0,0.0,0.0,0.0,0.0,0.0,m1142818,PQ,1.0,1.0,1.0,7199.557856794634,1000000.0,0.9,1.05,abc,,False,False,False,46.67599334,-119.1264409,default
4865,0.0,0.0,0.0,0.0,0.0,0.0,0.0,0.0,0.0,0.0,0.0,0.0,0.0,0.0,d5504876-1_int,PQ,1.0,1.0,1.0,7199.557856794634,1000000.0,0.9,1.05,abc,,False,False,False,46.67518666,-119.1263225,default
4866,0.0,0.0,0.0,0.0,0.0,0.0,0.0,0.0,0.0,0.0,0.0,0.0,0.0,0.0,p829965,PQ,1.0,1.0,1.0,7199.557856794634,1000000.0,0.9,1.05,abc,,False,False,False,46.67504932,-119.1262359,default
4867,0.0,0.0,0.0,0.0,0.0,0.0,0.0,0.0,0.0,0.0,0.0,0.0,0.0,0.0,l2936271,PQ,1.0,1.0,1.0,7199.557856794634,1000000.0,0.9,1.05,abc,,False,False,False,46.67469068,-119.1260262,default
4868,0.0,0.0,0.0,0.0,0.0,0.0,0.0,0.0,0.0,0.0,0.0,0.0,0.0,0.0,m1142815,PQ,1.0,1.0,1.0,7199.557856794634,1000000.0,0.9,1.05,abc,,False,False,False,46.67367772,-119.1240291,default
4869,0.0,0.0,0.0,0.0,0.0,0.0,0.0,0.0,0.0,0.0,0.0,0.0,0.0,0.0,l2917359,PQ,1.0,1.0,1.0,7199.557856794634,1000000.0,0.9,1.05,a,,False,False,False,46.6739372,-119.1240314,default
4870,0.0,0.0,0.0,0.0,0.0,0.0,0.0,0.0,0.0,0.0,0.0,0.0,0.0,0.0,x2917359a,PQ,1.0,1.0,1.0,104.0,1000000.0,0.9,1.05,s1s2,a,False,False,False,46.6736,-119.124,default
4871,0.0,0.0,0.0,0.0,0.0,0.0,0.0047736201298932,0.0011963819227011,0.0005463798243106,0.0001369356856777,0.0,0.0,0.0,0.0,sx2917359a,PQ,1.0,1.0,1.0,104.0,1000000.0,0.9,1.05,s1s2,a,False,True,False,46.6736,-119.1243,default
4872,0.0,0.0,0.0,0.0,0.0,0.0,0.0,0.0,0.0,0.0,0.0,0.0,0.0,0.0,m1142814,PQ,1.0,1.0,1.0,7199.557856794634,1000000.0,0.9,1.05,abc,,False,False,False,46.67354812,-119.1215108,default
4873,0.0,0.0,0.0,0.0,0.0,0.0,0.0,0.0,0.0,0.0,0.0,0.0,0.0,0.0,m1142810,PQ,1.0,1.0,1.0,7199.557856794634,1000000.0,0.9,1.05,abc,,False,False,False,46.67231744,-119.1166528,default
4874,0.0,0.0,0.0,0.0,0.0,0.0,0.0,0.0,0.0,0.0,0.0,0.0,0.0,0.0,m1142808,PQ,1.0,1.0,1.0,7199.557856794634,1000000.0,0.9,1.05,b,,False,False,False,46.67217094,-119.1163856,default
4875,0.0,0.0,0.0,0.0,0.0,0.0,0.0,0.0,0.0,0.0,0.0,0.0,0.0,0.0,l3160868,PQ,1.0,1.0,1.0,7199.557856794634,1000000.0,0.9,1.05,b,,False,False,False,46.67152178,-119.1150187,default
4876,0.0,0.0,0.0,0.0,0.0,0.0,0.0,0.0,0.0,0.0,0.0,0.0,0.0,0.0,l3082988,PQ,1.0,1.0,1.0,7199.557856794634,1000000.0,0.9,1.05,b,,False,False,False,46.67127054,-119.1146748,default
4877,0.0,0.0,0.0,0.0,0.0,0.0,0.0,0.0,0.0,0.0,0.0,0.0,0.0,0.0,m1149225,PQ,1.0,1.0,1.0,7199.557856794634,1000000.0,0.9,1.05,b,,False,False,False,46.67029106,-119.1145178,default
4878,0.0,0.0,0.0,0.0,0.0,0.0,0.0,0.0,0.0,0.0,0.0,0.0,0.0,0.0,l2767409,PQ,1.0,1.0,1.0,7199.557856794634,1000000.0,0.9,1.05,b,,False,False,False,46.66932416,-119.114391,default
4879,0.0,0.0,0.0,0.0,0.0,0.0,0.0,0.0,0.0,0.0,0.0,0.0,0.0,0.0,m1142800,PQ,1.0,1.0,1.0,7199.557856794634,1000000.0,0.9,1.05,b,,False,False,False,46.66846304,-119.1156105,default
4880,0.0,0.0,0.0,0.0,0.0,0.0,0.0,0.0,0.0,0.0,0.0,0.0,0.0,0.0,m1142799,PQ,1.0,1.0,1.0,7199.557856794634,1000000.0,0.9,1.05,b,,False,False,False,46.66760696,-119.116836,default
4881,0.0,0.0,0.0,0.0,0.0,0.0,0.0,0.0,0.0,0.0,0.0,0.0,0.0,0.0,m1142798,PQ,1.0,1.0,1.0,7199.557856794634,1000000.0,0.9,1.05,b,,False,False,False,46.66760192,-119.1185625,default
4882,0.0,0.0,0.0,0.0,0.0,0.0,0.0,0.0,0.0,0.0,0.0,0.0,0.0,0.0,m1142801,PQ,1.0,1.0,1.0,7199.557856794634,1000000.0,0.9,1.05,b,,False,False,False,46.66873498,-119.118647,default
4883,0.0,0.0,0.0,0.0,0.0,0.0,0.0,0.0,0.0,0.0,0.0,0.0,0.0,0.0,l3217064,PQ,1.0,1.0,1.0,7199.557856794634,1000000.0,0.9,1.05,b,,False,False,False,46.67016012,-119.1188583,default
4884,0.0,0.0,0.0,0.0,0.0,0.0,0.0,0.0,0.0,0.0,0.0,0.0,0.0,0.0,l3200222,PQ,1.0,1.0,1.0,7199.557856794634,1000000.0,0.9,1.05,b,,False,False,False,46.6699337,-119.1227833,default
4885,0.0,0.0,0.0,0.0,0.0,0.0,0.0,0.0,0.0,0.0,0.0,0.0,0.0,0.0,x3217064b,PQ,1.0,1.0,1.0,104.0,1000000.0,0.9,1.05,s1s2,b,False,False,False,46.6698,-119.1189,default
4886,0.0,0.0,0.0,0.0,0.0,0.0,0.0006129960323096,0.0001536312926669,0.0091170040722773,0.0022849366885488,0.0,0.0,0.0,0.0,sx3217064b,PQ,1.0,1.0,1.0,104.0,1000000.0,0.9,1.05,s1s2,b,True,True,False,46.6698,-119.1191,default
4887,0.0,0.0,0.0,0.0,0.0,0.0,0.0,0.0,0.0,0.0,0.0,0.0,0.0,0.0,x2767409b,PQ,1.0,1.0,1.0,104.0,1000000.0,0.9,1.05,s1s2,b,False,False,False,46.669,-119.1144,default
4888,0.0,0.0,0.0,0.0,0.0,0.0,0.0069735405376698,0.0017477340677558,0.0027564595598375,0.000690833909621,0.0,0.0,0.0,0.0,sx2767409b,PQ,1.0,1.0,1.0,104.0,1000000.0,0.9,1.05,s1s2,b,True,True,False,46.669,-119.1147,default
4889,0.0,0.0,0.0,0.0,0.0,0.0,0.0,0.0,0.0,0.0,0.0,0.0,0.0,0.0,x3082988b,PQ,1.0,1.0,1.0,104.0,1000000.0,0.9,1.05,s1s2,b,False,False,False,46.6709,-119.1147,default
4890,0.0,0.0,0.0,0.0,0.0,0.0,0.0044511644941541,0.0011155670222154,0.0013888355679036,0.0003480750170245,0.0,0.0,0.0,0.0,sx3082988b,PQ,1.0,1.0,1.0,104.0,1000000.0,0.9,1.05,s1s2,b,False,True,False,46.671,-119.115,default
4891,0.0,0.0,0.0,0.0,0.0,0.0,0.0,0.0,0.0,0.0,0.0,0.0,0.0,0.0,x3160868b,PQ,1.0,1.0,1.0,104.0,1000000.0,0.9,1.05,s1s2,b,False,False,False,46.6712,-119.115,default
4892,0.0,0.0,0.0,0.0,0.0,0.0,0.0020619748843242,0.0005167796384683,0.0076680252235831,0.0019217883497866,0.0,0.0,0.0,0.0,sx3160868b,PQ,1.0,1.0,1.0,104.0,1000000.0,0.9,1.05,s1s2,b,False,True,False,46.6712,-119.1153,default
4893,0.0,0.0,0.0,0.0,0.0,0.0,0.0,0.0,0.0,0.0,0.0,0.0,0.0,0.0,m1142813,PQ,1.0,1.0,1.0,7199.557856794634,1000000.0,0.9,1.05,abc,,False,False,False,46.67387988,-119.1197952,default
4894,0.0,0.0,0.0,0.0,0.0,0.0,0.0,0.0,0.0,0.0,0.0,0.0,0.0,0.0,m1142der480-1,PQ,1.0,1.0,1.0,277.1281292110204,1000000.0,0.9,1.05,abc,,False,False,False,46.67387988,-119.1187508,default
4895,0.0,0.0,0.0,0.0,0.0,0.0,0.0,0.0,0.0,0.0,0.0,0.0,0.0,0.0,m1142-lng1,PQ,1.0,1.0,1.0,277.1281292110204,1000000.0,0.9,1.05,abc,,True,False,False,46.67387988,-119.1177065,default
4896,0.0,0.0,0.0,0.0,0.0,0.0,0.0,0.0,0.0,0.0,0.0,0.0,0.0,0.0,n1141477,PQ,1.0,1.0,1.0,7199.557856794634,1000000.0,0.9,1.05,a,,False,False,False,46.67353532,-119.1244069,default
4897,0.0,0.0,0.0,0.0,0.0,0.0,0.0,0.0,0.0,0.0,0.0,0.0,0.0,0.0,l2879794,PQ,1.0,1.0,1.0,7199.557856794634,1000000.0,0.9,1.05,a,,False,False,False,46.67336866,-119.1248491,default
4898,0.0,0.0,0.0,0.0,0.0,0.0,0.0,0.0,0.0,0.0,0.0,0.0,0.0,0.0,m1142811,PQ,1.0,1.0,1.0,7199.557856794634,1000000.0,0.9,1.05,a,,False,False,False,46.67300358,-119.1252272,default
4899,0.0,0.0,0.0,0.0,0.0,0.0,0.0,0.0,0.0,0.0,0.0,0.0,0.0,0.0,l2917330,PQ,1.0,1.0,1.0,7199.557856794634,1000000.0,0.9,1.05,a,,False,False,False,46.6721428,-119.1261186,default
4900,0.0,0.0,0.0,0.0,0.0,0.0,0.0,0.0,0.0,0.0,0.0,0.0,0.0,0.0,l2861222,PQ,1.0,1.0,1.0,7199.557856794634,1000000.0,0.9,1.05,a,,False,False,False,46.67117,-119.127115,default
4901,0.0,0.0,0.0,0.0,0.0,0.0,0.0,0.0,0.0,0.0,0.0,0.0,0.0,0.0,x2861222a,PQ,1.0,1.0,1.0,104.0,1000000.0,0.9,1.05,s1s2,a,False,False,False,46.6708,-119.1271,default
4902,0.0,0.0,0.0,0.0,0.0,0.0,0.0131408664682747,0.0032934114255826,0.0001591333973941,3.988258706184249e-05,0.0,0.0,0.0,0.0,sx2861222a,PQ,1.0,1.0,1.0,104.0,1000000.0,0.9,1.05,s1s2,a,False,True,False,46.6709,-119.1274,default
4903,0.0,0.0,0.0,0.0,0.0,0.0,0.0,0.0,0.0,0.0,0.0,0.0,0.0,0.0,x2917330a,PQ,1.0,1.0,1.0,104.0,1000000.0,0.9,1.05,s1s2,a,False,False,False,46.6718,-119.1261,default
4904,0.0,0.0,0.0,0.0,0.0,0.0,0.0081000412852415,0.0020300616094366,0.0007699586339816,0.0001929698148435,0.0,0.0,0.0,0.0,sx2917330a,PQ,1.0,1.0,1.0,104.0,1000000.0,0.9,1.05,s1s2,a,False,True,False,46.6718,-119.1264,default
4905,0.0,0.0,0.0,0.0,0.0,0.0,0.0,0.0,0.0,0.0,0.0,0.0,0.0,0.0,l2992657,PQ,1.0,1.0,1.0,7199.557856794634,1000000.0,0.9,1.05,a,,False,False,False,46.67227402,-119.1253486,default
4906,0.0,0.0,0.0,0.0,0.0,0.0,0.0,0.0,0.0,0.0,0.0,0.0,0.0,0.0,x2992657a,PQ,1.0,1.0,1.0,104.0,1000000.0,0.9,1.05,s1s2,a,False,False,False,46.6719,-119.1253,default
4907,0.0,0.0,0.0,0.0,0.0,0.0,0.0043447800584557,0.0010889044784308,0.0045252198736101,0.0011341269568823,0.0,0.0,0.0,0.0,sx2992657a,PQ,1.0,1.0,1.0,104.0,1000000.0,0.9,1.05,s1s2,a,True,True,False,46.672,-119.1256,default
4908,0.0,0.0,0.0,0.0,0.0,0.0,0.0,0.0,0.0,0.0,0.0,0.0,0.0,0.0,x2879794a,PQ,1.0,1.0,1.0,104.0,1000000.0,0.9,1.05,s1s2,a,False,False,False,46.673,-119.1248,default
4909,0.0,0.0,0.0,0.0,0.0,0.0,0.0059318456628484,0.0014866605917087,0.0073681542229981,0.0018466334316964,0.0,0.0,0.0,0.0,sx2879794a,PQ,1.0,1.0,1.0,104.0,1000000.0,0.9,1.05,s1s2,a,False,True,False,46.6731,-119.1251,default
4910,0.0,0.0,0.0,0.0,0.0,0.0,0.0,0.0,0.0,0.0,0.0,0.0,0.0,0.0,x2936271a,PQ,1.0,1.0,1.0,104.0,1000000.0,0.9,1.05,s1s2,a,False,False,False,46.6743,-119.126,default
4911,0.0,0.0,0.0,0.0,0.0,0.0,0.0032463330357856,0.0008136077139699,0.0020736669208507,0.0005197098957713,0.0,0.0,0.0,0.0,sx2936271a,PQ,1.0,1.0,1.0,104.0,1000000.0,0.9,1.05,s1s2,a,False,True,False,46.6744,-119.1263,default
4912,0.0,0.0,0.0,0.0,0.0,0.0,0.0,0.0,0.0,0.0,0.0,0.0,0.0,0.0,l2955074,PQ,1.0,1.0,1.0,7199.557856794634,1000000.0,0.9,1.05,abc,,False,False,False,46.67500784,-119.1275139,default
4913,0.0,0.0,0.0,0.0,0.0,0.0,0.0,0.0,0.0,0.0,0.0,0.0,0.0,0.0,l3030199,PQ,1.0,1.0,1.0,7199.557856794634,1000000.0,0.9,1.05,abc,,False,False,False,46.67408098,-119.1285621,default
4914,0.0,0.0,0.0,0.0,0.0,0.0,0.0,0.0,0.0,0.0,0.0,0.0,0.0,0.0,m1125934,PQ,1.0,1.0,1.0,7199.557856794634,1000000.0,0.9,1.05,abc,,False,False,False,46.67378164,-119.1289129,default
4915,0.0,0.0,0.0,0.0,0.0,0.0,0.0,0.0,0.0,0.0,0.0,0.0,0.0,0.0,l2730163,PQ,1.0,1.0,1.0,7199.557856794634,1000000.0,0.9,1.05,abc,,False,False,False,46.67312682,-119.129663,default
4916,0.0,0.0,0.0,0.0,0.0,0.0,0.0,0.0,0.0,0.0,0.0,0.0,0.0,0.0,l2992624,PQ,1.0,1.0,1.0,7199.557856794634,1000000.0,0.9,1.05,abc,,False,False,False,46.67247992,-119.1308861,default
4917,0.0,0.0,0.0,0.0,0.0,0.0,0.0,0.0,0.0,0.0,0.0,0.0,0.0,0.0,m1125919,PQ,1.0,1.0,1.0,7199.557856794634,1000000.0,0.9,1.05,abc,,False,False,False,46.67209128,-119.1316263,default
4918,0.0,0.0,0.0,0.0,0.0,0.0,0.0,0.0,0.0,0.0,0.0,0.0,0.0,0.0,m1125917,PQ,1.0,1.0,1.0,7199.557856794634,1000000.0,0.9,1.05,abc,,False,False,False,46.67181416,-119.1322256,default
4919,0.0,0.0,0.0,0.0,0.0,0.0,0.0,0.0,0.0,0.0,0.0,0.0,0.0,0.0,m1125914,PQ,1.0,1.0,1.0,7199.557856794634,1000000.0,0.9,1.05,abc,,False,False,False,46.6711636,-119.1335746,default
4920,0.0,0.0,0.0,0.0,0.0,0.0,0.0,0.0,0.0,0.0,0.0,0.0,0.0,0.0,l2917328,PQ,1.0,1.0,1.0,7199.557856794634,1000000.0,0.9,1.05,abc,,False,False,False,46.6708684,-119.1342011,default
4921,0.0,0.0,0.0,0.0,0.0,0.0,0.0,0.0,0.0,0.0,0.0,0.0,0.0,0.0,l2861218,PQ,1.0,1.0,1.0,7199.557856794634,1000000.0,0.9,1.05,abc,,False,False,False,46.67041432,-119.1351648,default
4922,0.0,0.0,0.0,0.0,0.0,0.0,0.0,0.0,0.0,0.0,0.0,0.0,0.0,0.0,d5958866-1_int,PQ,1.0,1.0,1.0,7199.557856794634,1000000.0,0.9,1.05,abc,,False,False,False,46.66995952,-119.136505,default
4923,0.0,0.0,0.0,0.0,0.0,0.0,0.0,0.0,0.0,0.0,0.0,0.0,0.0,0.0,x2861218c,PQ,1.0,1.0,1.0,104.0,1000000.0,0.9,1.05,s1s2,c,False,False,False,46.6701,-119.1352,default
4924,0.0,0.0,0.0,0.0,0.0,0.0,0.0006446013064443,0.0001615523331548,0.0095253988219885,0.002387290252674,0.0,0.0,0.0,0.0,sx2861218c,PQ,1.0,1.0,1.0,104.0,1000000.0,0.9,1.05,s1s2,c,False,True,False,46.6701,-119.1354,default
4925,0.0,0.0,0.0,0.0,0.0,0.0,0.0,0.0,0.0,0.0,0.0,0.0,0.0,0.0,x2917328b,PQ,1.0,1.0,1.0,104.0,1000000.0,0.9,1.05,s1s2,b,False,False,False,46.6705,-119.1342,default
4926,0.0,0.0,0.0,0.0,0.0,0.0,0.0014999283197108,0.0003759174860155,0.0082300717902912,0.0020626505036698,0.0,0.0,0.0,0.0,sx2917328b,PQ,1.0,1.0,1.0,104.0,1000000.0,0.9,1.05,s1s2,b,False,True,False,46.6706,-119.1345,default
4927,0.0,0.0,0.0,0.0,0.0,0.0,0.0,0.0,0.0,0.0,0.0,0.0,0.0,0.0,p829963,PQ,1.0,1.0,1.0,7199.557856794634,1000000.0,0.9,1.05,b,,False,False,False,46.67120372,-119.1336319,default
4928,0.0,0.0,0.0,0.0,0.0,0.0,0.0,0.0,0.0,0.0,0.0,0.0,0.0,0.0,m1125916,PQ,1.0,1.0,1.0,7199.557856794634,1000000.0,0.9,1.05,b,,False,False,False,46.67126508,-119.1337195,default
4929,0.0,0.0,0.0,0.0,0.0,0.0,0.0,0.0,0.0,0.0,0.0,0.0,0.0,0.0,l2879767,PQ,1.0,1.0,1.0,7199.557856794634,1000000.0,0.9,1.05,b,,False,False,False,46.6719025,-119.1346294,default
4930,0.0,0.0,0.0,0.0,0.0,0.0,0.0,0.0,0.0,0.0,0.0,0.0,0.0,0.0,l2767407,PQ,1.0,1.0,1.0,7199.557856794634,1000000.0,0.9,1.05,b,,False,False,False,46.67281484,-119.1351299,default
4931,0.0,0.0,0.0,0.0,0.0,0.0,0.0,0.0,0.0,0.0,0.0,0.0,0.0,0.0,x2767407b,PQ,1.0,1.0,1.0,104.0,1000000.0,0.9,1.05,s1s2,b,False,False,False,46.6725,-119.1351,default
4932,0.0,0.0,0.0,0.0,0.0,0.0,0.0003851085235478,9.65172976544186e-05,0.0035048915180927,0.0008784086501786,0.0,0.0,0.0,0.0,sx2767407b,PQ,1.0,1.0,1.0,104.0,1000000.0,0.9,1.05,s1s2,b,False,True,False,46.6725,-119.1354,default
4933,0.0,0.0,0.0,0.0,0.0,0.0,0.0,0.0,0.0,0.0,0.0,0.0,0.0,0.0,x2879767b,PQ,1.0,1.0,1.0,104.0,1000000.0,0.9,1.05,s1s2,b,False,False,False,46.6716,-119.1346,default
4934,0.0,0.0,0.0,0.0,0.0,0.0,0.0028604371522215,0.0007168931546212,0.0010295628882568,0.0002580327925411,0.0,0.0,0.0,0.0,sx2879767b,PQ,1.0,1.0,1.0,104.0,1000000.0,0.9,1.05,s1s2,b,False,True,False,46.6716,-119.1349,default
4935,0.0,0.0,0.0,0.0,0.0,0.0,0.0,0.0,0.0,0.0,0.0,0.0,0.0,0.0,m1125913,PQ,1.0,1.0,1.0,7199.557856794634,1000000.0,0.9,1.05,b,,False,False,False,46.6710472,-119.1335393,default
4936,0.0,0.0,0.0,0.0,0.0,0.0,0.0,0.0,0.0,0.0,0.0,0.0,0.0,0.0,l3068944,PQ,1.0,1.0,1.0,7199.557856794634,1000000.0,0.9,1.05,b,,False,False,False,46.67050858,-119.1333253,default
4937,0.0,0.0,0.0,0.0,0.0,0.0,0.0,0.0,0.0,0.0,0.0,0.0,0.0,0.0,m1125911,PQ,1.0,1.0,1.0,7199.557856794634,1000000.0,0.9,1.05,b,,False,False,False,46.67047748,-119.1333179,default
4938,0.0,0.0,0.0,0.0,0.0,0.0,0.0,0.0,0.0,0.0,0.0,0.0,0.0,0.0,l2711224,PQ,1.0,1.0,1.0,7199.557856794634,1000000.0,0.9,1.05,b,,False,False,False,46.66904064,-119.1327737,default
4939,0.0,0.0,0.0,0.0,0.0,0.0,0.0,0.0,0.0,0.0,0.0,0.0,0.0,0.0,m1125905,PQ,1.0,1.0,1.0,7199.557856794634,1000000.0,0.9,1.05,b,,False,False,False,46.66927986,-119.1316417,default
4940,0.0,0.0,0.0,0.0,0.0,0.0,0.0,0.0,0.0,0.0,0.0,0.0,0.0,0.0,l2748839,PQ,1.0,1.0,1.0,7199.557856794634,1000000.0,0.9,1.05,b,,False,False,False,46.66961902,-119.1302336,default
4941,0.0,0.0,0.0,0.0,0.0,0.0,0.0,0.0,0.0,0.0,0.0,0.0,0.0,0.0,x2748839b,PQ,1.0,1.0,1.0,104.0,1000000.0,0.9,1.05,s1s2,b,False,False,False,46.6693,-119.1302,default
4942,0.0,0.0,0.0,0.0,0.0,0.0,0.0019922437718379,0.0004993033742397,0.0018977562682273,0.0004756225726828,0.0,0.0,0.0,0.0,sx2748839b,PQ,1.0,1.0,1.0,104.0,1000000.0,0.9,1.05,s1s2,b,False,True,False,46.6693,-119.1305,default
4943,0.0,0.0,0.0,0.0,0.0,0.0,0.0,0.0,0.0,0.0,0.0,0.0,0.0,0.0,l2917310,PQ,1.0,1.0,1.0,7199.557856794634,1000000.0,0.9,1.05,b,,False,False,False,46.66905388,-119.1294063,default
4944,0.0,0.0,0.0,0.0,0.0,0.0,0.0,0.0,0.0,0.0,0.0,0.0,0.0,0.0,x2917310b,PQ,1.0,1.0,1.0,104.0,1000000.0,0.9,1.05,s1s2,b,False,False,False,46.6687,-119.1294,default
4945,0.0,0.0,0.0,0.0,0.0,0.0,0.0050076087028506,0.0012550250925837,0.0008323913608237,0.0002086169477397,0.0,0.0,0.0,0.0,sx2917310b,PQ,1.0,1.0,1.0,104.0,1000000.0,0.9,1.05,s1s2,b,False,True,False,46.6687,-119.1297,default
4946,0.0,0.0,0.0,0.0,0.0,0.0,0.0,0.0,0.0,0.0,0.0,0.0,0.0,0.0,l3142079,PQ,1.0,1.0,1.0,7199.557856794634,1000000.0,0.9,1.05,b,,False,False,False,46.6663978,-119.1311485,default
4947,0.0,0.0,0.0,0.0,0.0,0.0,0.0,0.0,0.0,0.0,0.0,0.0,0.0,0.0,m3036162,PQ,1.0,1.0,1.0,7199.557856794634,1000000.0,0.9,1.05,b,,False,False,False,46.66637048,-119.1311206,default
4948,0.0,0.0,0.0,0.0,0.0,0.0,0.0,0.0,0.0,0.0,0.0,0.0,0.0,0.0,l2879753,PQ,1.0,1.0,1.0,7199.557856794634,1000000.0,0.9,1.05,b,,False,False,False,46.665645,-119.1315936,default
4949,0.0,0.0,0.0,0.0,0.0,0.0,0.0,0.0,0.0,0.0,0.0,0.0,0.0,0.0,x2879753b,PQ,1.0,1.0,1.0,104.0,1000000.0,0.9,1.05,s1s2,b,False,False,False,46.6653,-119.1316,default
4950,0.0,0.0,0.0,0.0,0.0,0.0,0.0025289763990428,0.0006338212553266,0.0072010237080411,0.0018047467327779,0.0,0.0,0.0,0.0,sx2879753b,PQ,1.0,1.0,1.0,104.0,1000000.0,0.9,1.05,s1s2,b,False,True,False,46.6653,-119.1319,default
4951,0.0,0.0,0.0,0.0,0.0,0.0,0.0,0.0,0.0,0.0,0.0,0.0,0.0,0.0,l2955055,PQ,1.0,1.0,1.0,7199.557856794634,1000000.0,0.9,1.05,b,,False,False,False,46.66666468,-119.1304726,default
4952,0.0,0.0,0.0,0.0,0.0,0.0,0.0,0.0,0.0,0.0,0.0,0.0,0.0,0.0,x2955055b,PQ,1.0,1.0,1.0,104.0,1000000.0,0.9,1.05,s1s2,b,False,False,False,46.6663,-119.1305,default
4953,0.0,0.0,0.0,0.0,0.0,0.0,0.0057214105639723,0.0014339207083985,0.0040085895401725,0.00100464727807,0.0,0.0,0.0,0.0,sx2955055b,PQ,1.0,1.0,1.0,104.0,1000000.0,0.9,1.05,s1s2,b,False,True,False,46.6663,-119.1308,default
4954,0.0,0.0,0.0,0.0,0.0,0.0,0.0,0.0,0.0,0.0,0.0,0.0,0.0,0.0,x3142079b,PQ,1.0,1.0,1.0,104.0,1000000.0,0.9,1.05,s1s2,b,False,False,False,46.666,-119.1311,default
4955,0.0,0.0,0.0,0.0,0.0,0.0,0.0042369004804239,0.0010618673965285,0.0016030995816025,0.000401774642877,0.0,0.0,0.0,0.0,sx3142079b,PQ,1.0,1.0,1.0,104.0,1000000.0,0.9,1.05,s1s2,b,False,True,False,46.6661,-119.1314,default
4956,0.0,0.0,0.0,0.0,0.0,0.0,0.0,0.0,0.0,0.0,0.0,0.0,0.0,0.0,l3142098,PQ,1.0,1.0,1.0,7199.557856794634,1000000.0,0.9,1.05,b,,False,False,False,46.66895378,-119.1314461,default
4957,0.0,0.0,0.0,0.0,0.0,0.0,0.0,0.0,0.0,0.0,0.0,0.0,0.0,0.0,x3142098b,PQ,1.0,1.0,1.0,104.0,1000000.0,0.9,1.05,s1s2,b,False,False,False,46.6686,-119.1314,default
4958,0.0,0.0,0.0,0.0,0.0,0.0,0.0004861254708528,0.0001218345319911,0.0092438746446573,0.0023167334607575,0.0,0.0,0.0,0.0,sx3142098b,PQ,1.0,1.0,1.0,104.0,1000000.0,0.9,1.05,s1s2,b,False,True,False,46.6686,-119.1317,default
4959,0.0,0.0,0.0,0.0,0.0,0.0,0.0,0.0,0.0,0.0,0.0,0.0,0.0,0.0,x2711224b,PQ,1.0,1.0,1.0,104.0,1000000.0,0.9,1.05,s1s2,b,False,False,False,46.6687,-119.1328,default
4960,0.0,0.0,0.0,0.0,0.0,0.0,0.001028938020013,0.0002578761858026,0.0028610620206096,0.0007170497614417,0.0,0.0,0.0,0.0,sx2711224b,PQ,1.0,1.0,1.0,104.0,1000000.0,0.9,1.05,s1s2,b,False,True,False,46.6687,-119.1331,default
4961,0.0,0.0,0.0,0.0,0.0,0.0,0.0,0.0,0.0,0.0,0.0,0.0,0.0,0.0,x3068944b,PQ,1.0,1.0,1.0,104.0,1000000.0,0.9,1.05,s1s2,b,False,False,False,46.6702,-119.1333,default
4962,0.0,0.0,0.0,0.0,0.0,0.0,0.0061612950459177,0.0015441661546357,0.0084287051139708,0.0021124327072473,0.0,0.0,0.0,0.0,sx3068944b,PQ,1.0,1.0,1.0,104.0,1000000.0,0.9,1.05,s1s2,b,False,True,False,46.6702,-119.1336,default
4963,0.0,0.0,0.0,0.0,0.0,0.0,0.0,0.0,0.0,0.0,0.0,0.0,0.0,0.0,p1197121,PQ,1.0,1.0,1.0,7199.557856794634,1000000.0,0.9,1.05,c,,False,False,False,46.67189274,-119.1323307,default
4964,0.0,0.0,0.0,0.0,0.0,0.0,0.0,0.0,0.0,0.0,0.0,0.0,0.0,0.0,l2805031,PQ,1.0,1.0,1.0,7199.557856794634,1000000.0,0.9,1.05,c,,False,False,False,46.67235206,-119.1329453,default
4965,0.0,0.0,0.0,0.0,0.0,0.0,0.0,0.0,0.0,0.0,0.0,0.0,0.0,0.0,x2805031c,PQ,1.0,1.0,1.0,104.0,1000000.0,0.9,1.05,s1s2,c,False,False,False,46.672,-119.1329,default
4966,0.0,0.0,0.0,0.0,0.0,0.0,0.0022206966358348,0.0005565590990834,0.0130393035729853,0.0032679579013255,0.0,0.0,0.0,0.0,sx2805031c,PQ,1.0,1.0,1.0,104.0,1000000.0,0.9,1.05,s1s2,c,False,True,False,46.672,-119.1332,default
4967,0.0,0.0,0.0,0.0,0.0,0.0,0.0,0.0,0.0,0.0,0.0,0.0,0.0,0.0,p829961,PQ,1.0,1.0,1.0,7199.557856794634,1000000.0,0.9,1.05,a,,False,False,False,46.67222976,-119.1316932,default
4968,0.0,0.0,0.0,0.0,0.0,0.0,0.0,0.0,0.0,0.0,0.0,0.0,0.0,0.0,n1141476,PQ,1.0,1.0,1.0,7199.557856794634,1000000.0,0.9,1.05,a,,False,False,False,46.67236082,-119.1317566,default
4969,0.0,0.0,0.0,0.0,0.0,0.0,0.0,0.0,0.0,0.0,0.0,0.0,0.0,0.0,l2692654,PQ,1.0,1.0,1.0,7199.557856794634,1000000.0,0.9,1.05,a,,False,False,False,46.67337324,-119.132246,default
4970,0.0,0.0,0.0,0.0,0.0,0.0,0.0,0.0,0.0,0.0,0.0,0.0,0.0,0.0,m1125929,PQ,1.0,1.0,1.0,7199.557856794634,1000000.0,0.9,1.05,a,,False,False,False,46.67340404,-119.1322629,default
4971,0.0,0.0,0.0,0.0,0.0,0.0,0.0,0.0,0.0,0.0,0.0,0.0,0.0,0.0,l2842379,PQ,1.0,1.0,1.0,7199.557856794634,1000000.0,0.9,1.05,a,,False,False,False,46.67481866,-119.1342313,default
4972,0.0,0.0,0.0,0.0,0.0,0.0,0.0,0.0,0.0,0.0,0.0,0.0,0.0,0.0,x2842379a,PQ,1.0,1.0,1.0,104.0,1000000.0,0.9,1.05,s1s2,a,False,False,False,46.6745,-119.1342,default
4973,0.0,0.0,0.0,0.0,0.0,0.0,0.0025263356314102,0.0006331593640889,0.0107736642464996,0.0027001346547739,0.0,0.0,0.0,0.0,sx2842379a,PQ,1.0,1.0,1.0,104.0,1000000.0,0.9,1.05,s1s2,a,False,True,False,46.6745,-119.1345,default
4974,0.0,0.0,0.0,0.0,0.0,0.0,0.0,0.0,0.0,0.0,0.0,0.0,0.0,0.0,x2692654a,PQ,1.0,1.0,1.0,104.0,1000000.0,0.9,1.05,s1s2,a,False,False,False,46.673,-119.1322,default
4975,0.0,0.0,0.0,0.0,0.0,0.0,0.0041568505456522,0.0010418049014269,0.0011631494098384,0.0002915127075568,0.0,0.0,0.0,0.0,sx2692654a,PQ,1.0,1.0,1.0,104.0,1000000.0,0.9,1.05,s1s2,a,False,True,False,46.6731,-119.1325,default
4976,0.0,0.0,0.0,0.0,0.0,0.0,0.0,0.0,0.0,0.0,0.0,0.0,0.0,0.0,x2992624a,PQ,1.0,1.0,1.0,104.0,1000000.0,0.9,1.05,s1s2,a,False,False,False,46.6721,-119.1309,default
4977,0.0,0.0,0.0,0.0,0.0,0.0,0.001183323419483,0.0002965687907474,0.0041366765360741,0.0010367488182935,0.0,0.0,0.0,0.0,sx2992624a,PQ,1.0,1.0,1.0,104.0,1000000.0,0.9,1.05,s1s2,a,False,True,False,46.6722,-119.1312,default
4978,0.0,0.0,0.0,0.0,0.0,0.0,0.0,0.0,0.0,0.0,0.0,0.0,0.0,0.0,x2730163c,PQ,1.0,1.0,1.0,104.0,1000000.0,0.9,1.05,s1s2,c,False,False,False,46.6728,-119.1297,default
4979,0.0,0.0,0.0,0.0,0.0,0.0,0.0096915040604161,0.0024289201546369,0.0004784960706757,0.0001199224324184,0.0,0.0,0.0,0.0,sx2730163c,PQ,1.0,1.0,1.0,104.0,1000000.0,0.9,1.05,s1s2,c,False,True,False,46.6728,-119.1299,default
4980,0.0,0.0,0.0,0.0,0.0,0.0,0.0,0.0,0.0,0.0,0.0,0.0,0.0,0.0,x3030199c,PQ,1.0,1.0,1.0,104.0,1000000.0,0.9,1.05,s1s2,c,False,False,False,46.6737,-119.1286,default
4981,0.0,0.0,0.0,0.0,0.0,0.0,0.0054407915000612,0.001363591037052,0.0047292085953427,0.0011852515298543,0.0,0.0,0.0,0.0,sx3030199c,PQ,1.0,1.0,1.0,104.0,1000000.0,0.9,1.05,s1s2,c,False,True,False,46.6738,-119.1288,default
4982,0.0,0.0,0.0,0.0,0.0,0.0,0.0,0.0,0.0,0.0,0.0,0.0,0.0,0.0,x2955074a,PQ,1.0,1.0,1.0,104.0,1000000.0,0.9,1.05,s1s2,a,False,False,False,46.6747,-119.1275,default
4983,0.0,0.0,0.0,0.0,0.0,0.0,0.0102035140630698,0.0025572415567316,0.0030964858173467,0.0007760524637153,0.0,0.0,0.0,0.0,sx2955074a,PQ,1.0,1.0,1.0,104.0,1000000.0,0.9,1.05,s1s2,a,False,True,False,46.6747,-119.1278,default
4984,0.0,0.0,0.0,0.0,0.0,0.0,0.0,0.0,0.0,0.0,0.0,0.0,0.0,0.0,p829960,PQ,1.0,1.0,1.0,7199.557856794634,1000000.0,0.9,1.05,b,,False,False,False,46.6768164,-119.1256068,default
4985,0.0,0.0,0.0,0.0,0.0,0.0,0.0,0.0,0.0,0.0,0.0,0.0,0.0,0.0,n1141478,PQ,1.0,1.0,1.0,7199.557856794634,1000000.0,0.9,1.05,b,,False,False,False,46.6770131,-119.1257969,default
4986,0.0,0.0,0.0,0.0,0.0,0.0,0.0,0.0,0.0,0.0,0.0,0.0,0.0,0.0,m1142826,PQ,1.0,1.0,1.0,7199.557856794634,1000000.0,0.9,1.05,b,,False,False,False,46.67839922,-119.1271365,default
4987,0.0,0.0,0.0,0.0,0.0,0.0,0.0,0.0,0.0,0.0,0.0,0.0,0.0,0.0,l3160864,PQ,1.0,1.0,1.0,7199.557856794634,1000000.0,0.9,1.05,b,,False,False,False,46.67912766,-119.125837,default
4988,0.0,0.0,0.0,0.0,0.0,0.0,0.0,0.0,0.0,0.0,0.0,0.0,0.0,0.0,x3160864b,PQ,1.0,1.0,1.0,104.0,1000000.0,0.9,1.05,s1s2,b,False,False,False,46.6788,-119.1258,default
4989,0.0,0.0,0.0,0.0,0.0,0.0,0.0023117824883655,0.0005793873283755,0.0035282175719928,0.000884254710019,0.0,0.0,0.0,0.0,sx3160864b,PQ,1.0,1.0,1.0,104.0,1000000.0,0.9,1.05,s1s2,b,False,True,False,46.6788,-119.1261,default
4990,0.0,0.0,0.0,0.0,0.0,0.0,0.0,0.0,0.0,0.0,0.0,0.0,0.0,0.0,m1125940,PQ,1.0,1.0,1.0,7199.557856794634,1000000.0,0.9,1.05,b,,False,False,False,46.67904166,-119.1319858,default
4991,0.0,0.0,0.0,0.0,0.0,0.0,0.0,0.0,0.0,0.0,0.0,0.0,0.0,0.0,l3048963,PQ,1.0,1.0,1.0,7199.557856794634,1000000.0,0.9,1.05,b,,False,False,False,46.6786682,-119.1323463,default
4992,0.0,0.0,0.0,0.0,0.0,0.0,0.0,0.0,0.0,0.0,0.0,0.0,0.0,0.0,x3048963b,PQ,1.0,1.0,1.0,104.0,1000000.0,0.9,1.05,s1s2,b,False,False,False,46.6783,-119.1323,default
4993,0.0,0.0,0.0,0.0,0.0,0.0,0.0046644333153463,0.0011690172293625,0.0011755667467922,0.0002946248100452,0.0,0.0,0.0,0.0,sx3048963b,PQ,1.0,1.0,1.0,104.0,1000000.0,0.9,1.05,s1s2,b,False,True,False,46.6784,-119.1326,default
4994,0.0,0.0,0.0,0.0,0.0,0.0,0.0,0.0,0.0,0.0,0.0,0.0,0.0,0.0,l3254915,PQ,1.0,1.0,1.0,7199.557856794634,1000000.0,0.9,1.05,b,,False,False,False,46.68111136,-119.1337445,default
4995,0.0,0.0,0.0,0.0,0.0,0.0,0.0,0.0,0.0,0.0,0.0,0.0,0.0,0.0,x3254915b,PQ,1.0,1.0,1.0,104.0,1000000.0,0.9,1.05,s1s2,b,False,False,False,46.6808,-119.1337,default
4996,0.0,0.0,0.0,0.0,0.0,0.0,0.0012127879266402,0.0003039533176422,0.0007372120930791,0.0001847627738649,0.0,0.0,0.0,0.0,sx3254915b,PQ,1.0,1.0,1.0,104.0,1000000.0,0.9,1.05,s1s2,b,False,True,False,46.6808,-119.134,default
4997,0.0,0.0,0.0,0.0,0.0,0.0,0.0,0.0,0.0,0.0,0.0,0.0,0.0,0.0,x2711226b,PQ,1.0,1.0,1.0,104.0,1000000.0,0.9,1.05,s1s2,b,False,False,False,46.6773,-119.1247,default
4998,0.0,0.0,0.0,0.0,0.0,0.0,0.0053785660088151,0.0013479957595203,0.0043514340934782,0.0010905722257995,0.0,0.0,0.0,0.0,sx2711226b,PQ,1.0,1.0,1.0,104.0,1000000.0,0.9,1.05,s1s2,b,False,True,False,46.6773,-119.125,default
4999,0.0,0.0,0.0,0.0,0.0,0.0,0.0,0.0,0.0,0.0,0.0,0.0,0.0,0.0,x2692655c,PQ,1.0,1.0,1.0,104.0,1000000.0,0.9,1.05,s1s2,c,False,False,False,46.6779,-119.1241,default
5000,0.0,0.0,0.0,0.0,0.0,0.0,0.004761415504809,0.0011933233428115,0.0054085845905691,0.0013555192233324,0.0,0.0,0.0,0.0,sx2692655c,PQ,1.0,1.0,1.0,104.0,1000000.0,0.9,1.05,s1s2,c,False,True,False,46.6779,-119.1244,default
5001,0.0,0.0,0.0,0.0,0.0,0.0,0.0,0.0,0.0,0.0,0.0,0.0,0.0,0.0,x2674047c,PQ,1.0,1.0,1.0,104.0,1000000.0,0.9,1.05,s1s2,c,False,False,False,46.6786,-119.1235,default
5002,0.0,0.0,0.0,0.0,0.0,0.0,0.0050260691924705,0.0012596518195084,0.0010739308675899,0.0002691524757557,0.0,0.0,0.0,0.0,sx2674047c,PQ,1.0,1.0,1.0,104.0,1000000.0,0.9,1.05,s1s2,c,False,True,False,46.6786,-119.1237,default
5003,0.0,0.0,0.0,0.0,0.0,0.0,0.0,0.0,0.0,0.0,0.0,0.0,0.0,0.0,x3160865a,PQ,1.0,1.0,1.0,104.0,1000000.0,0.9,1.05,s1s2,a,False,False,False,46.6801,-119.1222,default
5004,0.0,0.0,0.0,0.0,0.0,0.0,0.0018802777867924,0.0004712420127019,0.0069897221368202,0.0017517894144323,0.0,0.0,0.0,0.0,sx3160865a,PQ,1.0,1.0,1.0,104.0,1000000.0,0.9,1.05,s1s2,a,False,True,False,46.6801,-119.1225,default
5005,0.0,0.0,0.0,0.0,0.0,0.0,0.0,0.0,0.0,0.0,0.0,0.0,0.0,0.0,p829962,PQ,1.0,1.0,1.0,7199.557856794634,1000000.0,0.9,1.05,c,,False,False,False,46.68076592,-119.1210984,default
5006,0.0,0.0,0.0,0.0,0.0,0.0,0.0,0.0,0.0,0.0,0.0,0.0,0.0,0.0,m1142835,PQ,1.0,1.0,1.0,7199.557856794634,1000000.0,0.9,1.05,c,,False,False,False,46.68084476,-119.1211441,default
5007,0.0,0.0,0.0,0.0,0.0,0.0,0.0,0.0,0.0,0.0,0.0,0.0,0.0,0.0,l3104853,PQ,1.0,1.0,1.0,7199.557856794634,1000000.0,0.9,1.05,c,,False,False,False,46.68132554,-119.1214225,default
5008,0.0,0.0,0.0,0.0,0.0,0.0,0.0,0.0,0.0,0.0,0.0,0.0,0.0,0.0,x3104853c,PQ,1.0,1.0,1.0,104.0,1000000.0,0.9,1.05,s1s2,c,False,False,False,46.681,-119.1214,default
5009,0.0,0.0,0.0,0.0,0.0,0.0,0.0095763330336414,0.0024000555693593,0.0005936670956837,0.0001487870151664,0.0,0.0,0.0,0.0,sx3104853c,PQ,1.0,1.0,1.0,104.0,1000000.0,0.9,1.05,s1s2,c,False,True,False,46.681,-119.1217,default
5010,0.0,0.0,0.0,0.0,0.0,0.0,0.0,0.0,0.0,0.0,0.0,0.0,0.0,0.0,m1142833,PQ,1.0,1.0,1.0,7199.557856794634,1000000.0,0.9,1.05,c,,False,False,False,46.68075822,-119.121257,default
5011,0.0,0.0,0.0,0.0,0.0,0.0,0.0,0.0,0.0,0.0,0.0,0.0,0.0,0.0,l2767408,PQ,1.0,1.0,1.0,7199.557856794634,1000000.0,0.9,1.05,c,,False,False,False,46.68098486,-119.1221089,default
5012,0.0,0.0,0.0,0.0,0.0,0.0,0.0,0.0,0.0,0.0,0.0,0.0,0.0,0.0,l3217053,PQ,1.0,1.0,1.0,7199.557856794634,1000000.0,0.9,1.05,c,,False,False,False,46.6812067,-119.1228389,default
5013,0.0,0.0,0.0,0.0,0.0,0.0,0.0,0.0,0.0,0.0,0.0,0.0,0.0,0.0,m3037455,PQ,1.0,1.0,1.0,7199.557856794634,1000000.0,0.9,1.05,c,,False,False,False,46.68121968,-119.1228817,default
5014,0.0,0.0,0.0,0.0,0.0,0.0,0.0,0.0,0.0,0.0,0.0,0.0,0.0,0.0,l3086074,PQ,1.0,1.0,1.0,7199.557856794634,1000000.0,0.9,1.05,c,,False,False,False,46.6822612,-119.1237196,default
5015,0.0,0.0,0.0,0.0,0.0,0.0,0.0,0.0,0.0,0.0,0.0,0.0,0.0,0.0,x3086074c,PQ,1.0,1.0,1.0,104.0,1000000.0,0.9,1.05,s1s2,c,False,False,False,46.6819,-119.1237,default
5016,0.0,0.0,0.0,0.0,0.0,0.0,0.0035026962302682,0.000877858521789,0.0025973038238297,0.0006509457696713,0.0,0.0,0.0,0.0,sx3086074c,PQ,1.0,1.0,1.0,104.0,1000000.0,0.9,1.05,s1s2,c,False,True,False,46.6819,-119.124,default
5017,0.0,0.0,0.0,0.0,0.0,0.0,0.0,0.0,0.0,0.0,0.0,0.0,0.0,0.0,l3217052,PQ,1.0,1.0,1.0,7199.557856794634,1000000.0,0.9,1.05,c,,False,False,False,46.6812625,-119.1241023,default
5018,0.0,0.0,0.0,0.0,0.0,0.0,0.0,0.0,0.0,0.0,0.0,0.0,0.0,0.0,x3217052c,PQ,1.0,1.0,1.0,104.0,1000000.0,0.9,1.05,s1s2,c,False,False,False,46.6809,-119.1241,default
5019,0.0,0.0,0.0,0.0,0.0,0.0,0.0063558554429898,0.0015929277050254,0.0038141446552858,0.0009559148620936,0.0,0.0,0.0,0.0,sx3217052c,PQ,1.0,1.0,1.0,104.0,1000000.0,0.9,1.05,s1s2,c,False,True,False,46.6809,-119.1244,default
5020,0.0,0.0,0.0,0.0,0.0,0.0,0.0,0.0,0.0,0.0,0.0,0.0,0.0,0.0,x3217053c,PQ,1.0,1.0,1.0,104.0,1000000.0,0.9,1.05,s1s2,c,False,False,False,46.6809,-119.1228,default
5021,0.0,0.0,0.0,0.0,0.0,0.0,0.0034297395635057,0.0008595738565906,0.0006402604747223,0.0001604644182754,0.0,0.0,0.0,0.0,sx3217053c,PQ,1.0,1.0,1.0,104.0,1000000.0,0.9,1.05,s1s2,c,False,True,False,46.6809,-119.1231,default
5022,0.0,0.0,0.0,0.0,0.0,0.0,0.0,0.0,0.0,0.0,0.0,0.0,0.0,0.0,x2767408c,PQ,1.0,1.0,1.0,104.0,1000000.0,0.9,1.05,s1s2,c,False,False,False,46.6806,-119.1221,default
5023,0.0,0.0,0.0,0.0,0.0,0.0,3.103808185991884e-05,7.778877412575234e-06,0.0060689619871553,0.0015210254227858,0.0,0.0,0.0,0.0,sx2767408c,PQ,1.0,1.0,1.0,104.0,1000000.0,0.9,1.05,s1s2,c,False,True,False,46.6807,-119.1224,default
5024,0.0,0.0,0.0,0.0,0.0,0.0,0.0,0.0,0.0,0.0,0.0,0.0,0.0,0.0,x3081380a,PQ,1.0,1.0,1.0,104.0,1000000.0,0.9,1.05,s1s2,a,False,False,False,46.6811,-119.1173,default
5025,0.0,0.0,0.0,0.0,0.0,0.0,0.0043004775971508,0.0010778012325418,0.0010195223588041,0.0002555163772587,0.0,0.0,0.0,0.0,sx3081380a,PQ,1.0,1.0,1.0,104.0,1000000.0,0.9,1.05,s1s2,a,False,True,False,46.6812,-119.1176,default
5026,0.0,0.0,0.0,0.0,0.0,0.0,0.0,0.0,0.0,0.0,0.0,0.0,0.0,0.0,p829976,PQ,1.0,1.0,1.0,7199.557856794634,1000000.0,0.9,1.05,a,,False,False,False,46.6818716,-119.1155788,default
5027,0.0,0.0,0.0,0.0,0.0,0.0,0.0,0.0,0.0,0.0,0.0,0.0,0.0,0.0,l2955078,PQ,1.0,1.0,1.0,7199.557856794634,1000000.0,0.9,1.05,a,,False,False,False,46.68121912,-119.116098,default
5028,0.0,0.0,0.0,0.0,0.0,0.0,0.0,0.0,0.0,0.0,0.0,0.0,0.0,0.0,x2955078a,PQ,1.0,1.0,1.0,104.0,1000000.0,0.9,1.05,s1s2,a,False,False,False,46.6809,-119.1161,default
5029,0.0,0.0,0.0,0.0,0.0,0.0,0.002074952137777,0.000520032002045,0.0067950477870729,0.0017029994261432,0.0,0.0,0.0,0.0,sx2955078a,PQ,1.0,1.0,1.0,104.0,1000000.0,0.9,1.05,s1s2,a,False,True,False,46.6809,-119.1164,default
5030,0.0,0.0,0.0,0.0,0.0,0.0,0.0,0.0,0.0,0.0,0.0,0.0,0.0,0.0,x3048965b,PQ,1.0,1.0,1.0,104.0,1000000.0,0.9,1.05,s1s2,b,False,False,False,46.6817,-119.1146,default
5031,0.0,0.0,0.0,0.0,0.0,0.0,0.0069717875050839,0.0017472947148111,0.0076182126330354,0.0019093041293032,0.0,0.0,0.0,0.0,sx3048965b,PQ,1.0,1.0,1.0,104.0,1000000.0,0.9,1.05,s1s2,b,True,True,False,46.6818,-119.1149,default
5032,0.0,0.0,0.0,0.0,0.0,0.0,0.0,0.0,0.0,0.0,0.0,0.0,0.0,0.0,p829975,PQ,1.0,1.0,1.0,7199.557856794634,1000000.0,0.9,1.05,c,,False,False,False,46.6823162,-119.1115866,default
5033,0.0,0.0,0.0,0.0,0.0,0.0,0.0,0.0,0.0,0.0,0.0,0.0,0.0,0.0,l3160871,PQ,1.0,1.0,1.0,7199.557856794634,1000000.0,0.9,1.05,c,,False,False,False,46.68246466,-119.1114689,default
5034,0.0,0.0,0.0,0.0,0.0,0.0,0.0,0.0,0.0,0.0,0.0,0.0,0.0,0.0,l3030203,PQ,1.0,1.0,1.0,7199.557856794634,1000000.0,0.9,1.05,c,,False,False,False,46.68370602,-119.1118364,default
5035,0.0,0.0,0.0,0.0,0.0,0.0,0.0,0.0,0.0,0.0,0.0,0.0,0.0,0.0,l3179673,PQ,1.0,1.0,1.0,7199.557856794634,1000000.0,0.9,1.05,c,,False,False,False,46.68445132,-119.1120871,default
5036,0.0,0.0,0.0,0.0,0.0,0.0,0.0,0.0,0.0,0.0,0.0,0.0,0.0,0.0,x3179673c,PQ,1.0,1.0,1.0,104.0,1000000.0,0.9,1.05,s1s2,c,False,False,False,46.6841,-119.1121,default
5037,0.0,0.0,0.0,0.0,0.0,0.0,0.0009225512274067,0.0002312131567652,0.0051774488329626,0.0012975911339003,0.0,0.0,0.0,0.0,sx3179673c,PQ,1.0,1.0,1.0,104.0,1000000.0,0.9,1.05,s1s2,c,False,True,False,46.6841,-119.1124,default
5038,0.0,0.0,0.0,0.0,0.0,0.0,0.0,0.0,0.0,0.0,0.0,0.0,0.0,0.0,x3030203c,PQ,1.0,1.0,1.0,104.0,1000000.0,0.9,1.05,s1s2,c,False,False,False,46.6834,-119.1118,default
5039,0.0,0.0,0.0,0.0,0.0,0.0,0.0054321540513753,0.001361426283188,0.0047378460429191,0.0011874162742456,0.0,0.0,0.0,0.0,sx3030203c,PQ,1.0,1.0,1.0,104.0,1000000.0,0.9,1.05,s1s2,c,False,True,False,46.6834,-119.1121,default
5040,0.0,0.0,0.0,0.0,0.0,0.0,0.0,0.0,0.0,0.0,0.0,0.0,0.0,0.0,x3160871c,PQ,1.0,1.0,1.0,104.0,1000000.0,0.9,1.05,s1s2,c,False,False,False,46.6821,-119.1115,default
5041,0.0,0.0,0.0,0.0,0.0,0.0,0.0010158042577534,0.0002545845713576,0.009154195863427,0.0022942580011832,0.0,0.0,0.0,0.0,sx3160871c,PQ,1.0,1.0,1.0,104.0,1000000.0,0.9,1.05,s1s2,c,False,True,False,46.6821,-119.1117,default
5042,0.0,0.0,0.0,0.0,0.0,0.0,0.0,0.0,0.0,0.0,0.0,0.0,0.0,0.0,p829974,PQ,1.0,1.0,1.0,7199.557856794634,1000000.0,0.9,1.05,a,,False,False,False,46.68220684,-119.1109185,default
5043,0.0,0.0,0.0,0.0,0.0,0.0,0.0,0.0,0.0,0.0,0.0,0.0,0.0,0.0,l2805034,PQ,1.0,1.0,1.0,7199.557856794634,1000000.0,0.9,1.05,a,,False,False,False,46.68128346,-119.1106745,default
5044,0.0,0.0,0.0,0.0,0.0,0.0,0.0,0.0,0.0,0.0,0.0,0.0,0.0,0.0,x2805034a,PQ,1.0,1.0,1.0,104.0,1000000.0,0.9,1.05,s1s2,a,False,False,False,46.6809,-119.1107,default
5045,0.0,0.0,0.0,0.0,0.0,0.0,0.00215223589691,0.000539401137309,0.001397764076397,0.0003503126835609,0.0,0.0,0.0,0.0,sx2805034a,PQ,1.0,1.0,1.0,104.0,1000000.0,0.9,1.05,s1s2,a,False,True,False,46.681,-119.111,default
5046,0.0,0.0,0.0,0.0,0.0,0.0,0.0,0.0,0.0,0.0,0.0,0.0,0.0,0.0,x2842384c,PQ,1.0,1.0,1.0,104.0,1000000.0,0.9,1.05,s1s2,c,False,False,False,46.682,-119.1098,default
5047,0.0,0.0,0.0,0.0,0.0,0.0,0.0011007363439569,0.0002758705610755,0.0029692636915358,0.0007441677079096,0.0,0.0,0.0,0.0,sx2842384c,PQ,1.0,1.0,1.0,104.0,1000000.0,0.9,1.05,s1s2,c,False,True,False,46.682,-119.1101,default
5048,0.0,0.0,0.0,0.0,0.0,0.0,0.0,0.0,0.0,0.0,0.0,0.0,0.0,0.0,x2842383a,PQ,1.0,1.0,1.0,104.0,1000000.0,0.9,1.05,s1s2,a,False,False,False,46.682,-119.108,default
5049,0.0,0.0,0.0,0.0,0.0,0.0,0.004969707981459,0.0012455261722054,0.0003502919769409,8.779144115228509e-05,0.0,0.0,0.0,0.0,sx2842383a,PQ,1.0,1.0,1.0,104.0,1000000.0,0.9,1.05,s1s2,a,False,True,False,46.6821,-119.1083,default
5050,0.0,0.0,0.0,0.0,0.0,0.0,0.0,0.0,0.0,0.0,0.0,0.0,0.0,0.0,p895080,PQ,1.0,1.0,1.0,7199.557856794634,1000000.0,0.9,1.05,a,,False,False,False,46.68219676,-119.1064137,default
5051,0.0,0.0,0.0,0.0,0.0,0.0,0.0,0.0,0.0,0.0,0.0,0.0,0.0,0.0,l2917333,PQ,1.0,1.0,1.0,7199.557856794634,1000000.0,0.9,1.05,a,,False,False,False,46.68339366,-119.1064526,default
5052,0.0,0.0,0.0,0.0,0.0,0.0,0.0,0.0,0.0,0.0,0.0,0.0,0.0,0.0,x2917333a,PQ,1.0,1.0,1.0,104.0,1000000.0,0.9,1.05,s1s2,a,False,False,False,46.683,-119.1065,default
5053,0.0,0.0,0.0,0.0,0.0,0.0,0.0059794692821144,0.0014985961994772,0.0028905306518392,0.0007244352380461,0.0,0.0,0.0,0.0,sx2917333a,PQ,1.0,1.0,1.0,104.0,1000000.0,0.9,1.05,s1s2,a,False,True,False,46.6831,-119.1067,default
5054,0.0,0.0,0.0,0.0,0.0,0.0,0.0,0.0,0.0,0.0,0.0,0.0,0.0,0.0,x2786266a,PQ,1.0,1.0,1.0,104.0,1000000.0,0.9,1.05,s1s2,a,False,False,False,46.6816,-119.1058,default
5055,0.0,0.0,0.0,0.0,0.0,0.0,0.0006065378268047,0.0001520127021689,0.0047134621333238,0.0011813049127914,0.0,0.0,0.0,0.0,sx2786266a,PQ,1.0,1.0,1.0,104.0,1000000.0,0.9,1.05,s1s2,a,False,True,False,46.6817,-119.1061,default
5056,0.0,0.0,0.0,0.0,0.0,0.0,0.0,0.0,0.0,0.0,0.0,0.0,0.0,0.0,x2973833b,PQ,1.0,1.0,1.0,104.0,1000000.0,0.9,1.05,s1s2,b,False,False,False,46.6815,-119.1038,default
5057,0.0,0.0,0.0,0.0,0.0,0.0,0.0058135917738071,0.0014570234996251,2.640828153630107e-05,6.61853948599556e-06,0.0,0.0,0.0,0.0,sx2973833b,PQ,1.0,1.0,1.0,104.0,1000000.0,0.9,1.05,s1s2,b,False,True,False,46.6815,-119.1041,default
5058,0.0,0.0,0.0,0.0,0.0,0.0,0.0,0.0,0.0,0.0,0.0,0.0,0.0,0.0,l3086098,PQ,1.0,1.0,1.0,7199.557856794634,1000000.0,0.9,1.05,a,,False,False,False,46.68090962,-119.1020226,default
5059,0.0,0.0,0.0,0.0,0.0,0.0,0.0,0.0,0.0,0.0,0.0,0.0,0.0,0.0,x3086098a,PQ,1.0,1.0,1.0,104.0,1000000.0,0.9,1.05,s1s2,a,False,False,False,46.6806,-119.102,default
5060,0.0,0.0,0.0,0.0,0.0,0.0,0.0059806673062507,0.0014988964565842,0.011759332561054,0.0029471664253008,0.0,0.0,0.0,0.0,sx3086098a,PQ,1.0,1.0,1.0,104.0,1000000.0,0.9,1.05,s1s2,a,False,True,False,46.6806,-119.1023,default
5061,0.0,0.0,0.0,0.0,0.0,0.0,0.0,0.0,0.0,0.0,0.0,0.0,0.0,0.0,p830058,PQ,1.0,1.0,1.0,7199.557856794634,1000000.0,0.9,1.05,c,,False,False,False,46.6816545,-119.1013184,default
5062,0.0,0.0,0.0,0.0,0.0,0.0,0.0,0.0,0.0,0.0,0.0,0.0,0.0,0.0,m1166370,PQ,1.0,1.0,1.0,7199.557856794634,1000000.0,0.9,1.05,c,,False,False,False,46.68178112,-119.1013127,default
5063,0.0,0.0,0.0,0.0,0.0,0.0,0.0,0.0,0.0,0.0,0.0,0.0,0.0,0.0,l3067506,PQ,1.0,1.0,1.0,7199.557856794634,1000000.0,0.9,1.05,c,,False,False,False,46.68529536,-119.1012812,default
5064,0.0,0.0,0.0,0.0,0.0,0.0,0.0,0.0,0.0,0.0,0.0,0.0,0.0,0.0,m1166386,PQ,1.0,1.0,1.0,7199.557856794634,1000000.0,0.9,1.05,c,,False,False,False,46.68486282,-119.102033,default
5065,0.0,0.0,0.0,0.0,0.0,0.0,0.0,0.0,0.0,0.0,0.0,0.0,0.0,0.0,l2898515,PQ,1.0,1.0,1.0,7199.557856794634,1000000.0,0.9,1.05,c,,False,False,False,46.6875866,-119.1024577,default
5066,0.0,0.0,0.0,0.0,0.0,0.0,0.0,0.0,0.0,0.0,0.0,0.0,0.0,0.0,m1166387,PQ,1.0,1.0,1.0,7199.557856794634,1000000.0,0.9,1.05,c,,False,False,False,46.68843754,-119.1025047,default
5067,0.0,0.0,0.0,0.0,0.0,0.0,0.0,0.0,0.0,0.0,0.0,0.0,0.0,0.0,l3048946,PQ,1.0,1.0,1.0,7199.557856794634,1000000.0,0.9,1.05,c,,False,False,False,46.68965676,-119.1025821,default
5068,0.0,0.0,0.0,0.0,0.0,0.0,0.0,0.0,0.0,0.0,0.0,0.0,0.0,0.0,x3048946c,PQ,1.0,1.0,1.0,104.0,1000000.0,0.9,1.05,s1s2,c,False,False,False,46.6893,-119.1026,default
5069,0.0,0.0,0.0,0.0,0.0,0.0,0.0037648426931547,0.0009435586162974,0.0023351573595427,0.0005852456593526,0.0,0.0,0.0,0.0,sx3048946c,PQ,1.0,1.0,1.0,104.0,1000000.0,0.9,1.05,s1s2,c,False,True,False,46.6893,-119.1029,default
5070,0.0,0.0,0.0,0.0,0.0,0.0,0.0,0.0,0.0,0.0,0.0,0.0,0.0,0.0,l3198347,PQ,1.0,1.0,1.0,7199.557856794634,1000000.0,0.9,1.05,c,,False,False,False,46.68887796,-119.1044357,default
5071,0.0,0.0,0.0,0.0,0.0,0.0,0.0,0.0,0.0,0.0,0.0,0.0,0.0,0.0,x3198347c,PQ,1.0,1.0,1.0,104.0,1000000.0,0.9,1.05,s1s2,c,False,False,False,46.6885,-119.1044,default
5072,0.0,0.0,0.0,0.0,0.0,0.0,0.000962270706861,0.0002411677945196,0.0051377293422957,0.0012876364717401,0.0,0.0,0.0,0.0,sx3198347c,PQ,1.0,1.0,1.0,104.0,1000000.0,0.9,1.05,s1s2,c,True,True,False,46.6886,-119.1047,default
5073,0.0,0.0,0.0,0.0,0.0,0.0,0.0,0.0,0.0,0.0,0.0,0.0,0.0,0.0,x2898515c,PQ,1.0,1.0,1.0,104.0,1000000.0,0.9,1.05,s1s2,c,False,False,False,46.6872,-119.1025,default
5074,0.0,0.0,0.0,0.0,0.0,0.0,0.0034649272166301,0.0008683927033114,0.0067050728794491,0.0016804498376572,0.0,0.0,0.0,0.0,sx2898515c,PQ,1.0,1.0,1.0,104.0,1000000.0,0.9,1.05,s1s2,c,False,True,False,46.6873,-119.1027,default
5075,0.0,0.0,0.0,0.0,0.0,0.0,0.0,0.0,0.0,0.0,0.0,0.0,0.0,0.0,l3048966,PQ,1.0,1.0,1.0,7199.557856794634,1000000.0,0.9,1.05,c,,False,False,False,46.6842702,-119.1028479,default
5076,0.0,0.0,0.0,0.0,0.0,0.0,0.0,0.0,0.0,0.0,0.0,0.0,0.0,0.0,x3048966c,PQ,1.0,1.0,1.0,104.0,1000000.0,0.9,1.05,s1s2,c,False,False,False,46.6839,-119.1028,default
5077,0.0,0.0,0.0,0.0,0.0,0.0,0.005762198866708,0.0014441433133164,0.0003378011965078,8.46609685245007e-05,0.0,0.0,0.0,0.0,sx3048966c,PQ,1.0,1.0,1.0,104.0,1000000.0,0.9,1.05,s1s2,c,False,True,False,46.684,-119.1031,default
5078,0.0,0.0,0.0,0.0,0.0,0.0,0.0,0.0,0.0,0.0,0.0,0.0,0.0,0.0,x3067506c,PQ,1.0,1.0,1.0,104.0,1000000.0,0.9,1.05,s1s2,c,False,False,False,46.6849,-119.1013,default
5079,0.0,0.0,0.0,0.0,0.0,0.0,0.0001087758214864,2.72617933215366e-05,0.0039612242181534,0.0009927764723997,0.0,0.0,0.0,0.0,sx3067506c,PQ,1.0,1.0,1.0,104.0,1000000.0,0.9,1.05,s1s2,c,False,True,False,46.685,-119.1016,default
5080,0.0,0.0,0.0,0.0,0.0,0.0,0.0,0.0,0.0,0.0,0.0,0.0,0.0,0.0,m1166364,PQ,1.0,1.0,1.0,7199.557856794634,1000000.0,0.9,1.05,c,,False,False,False,46.68128628,-119.1013504,default
5081,0.0,0.0,0.0,0.0,0.0,0.0,0.0,0.0,0.0,0.0,0.0,0.0,0.0,0.0,m1166358,PQ,1.0,1.0,1.0,7199.557856794634,1000000.0,0.9,1.05,c,,False,False,False,46.68022404,-119.1014661,default
5082,0.0,0.0,0.0,0.0,0.0,0.0,0.0,0.0,0.0,0.0,0.0,0.0,0.0,0.0,l3030205,PQ,1.0,1.0,1.0,7199.557856794634,1000000.0,0.9,1.05,c,,False,False,False,46.6797476,-119.1023517,default
5083,0.0,0.0,0.0,0.0,0.0,0.0,0.0,0.0,0.0,0.0,0.0,0.0,0.0,0.0,x3030205c,PQ,1.0,1.0,1.0,104.0,1000000.0,0.9,1.05,s1s2,c,False,False,False,46.6794,-119.1024,default
5084,0.0,0.0,0.0,0.0,0.0,0.0,0.0065045954598967,0.0016302054546107,0.0036654046342743,0.0009186370853619,0.0,0.0,0.0,0.0,sx3030205c,PQ,1.0,1.0,1.0,104.0,1000000.0,0.9,1.05,s1s2,c,False,True,False,46.6794,-119.1026,default
5085,0.0,0.0,0.0,0.0,0.0,0.0,0.0,0.0,0.0,0.0,0.0,0.0,0.0,0.0,m3032981,PQ,1.0,1.0,1.0,7199.557856794634,1000000.0,0.9,1.05,abc,,False,False,False,46.6797604,-119.0910751,default
5086,0.0,0.0,0.0,0.0,0.0,0.0,0.0,0.0,0.0,0.0,0.0,0.0,0.0,0.0,d6504019-6_int,PQ,1.0,1.0,1.0,7199.557856794634,1000000.0,0.9,1.05,abc,,False,False,False,46.6795426,-119.0900308,default
5087,0.0,0.0,0.0,0.0,0.0,0.0,0.0,0.0,0.0,0.0,0.0,0.0,0.0,0.0,m1186065,PQ,1.0,1.0,1.0,7199.557856794634,1000000.0,0.9,1.05,abc,,False,False,False,46.67936536,-119.0893628,default
5088,0.0,0.0,0.0,0.0,0.0,0.0,0.0,0.0,0.0,0.0,0.0,0.0,0.0,0.0,m1186064,PQ,1.0,1.0,1.0,7199.557856794634,1000000.0,0.9,1.05,abc,,False,False,False,46.67886708,-119.0883409,default
5089,0.0,0.0,0.0,0.0,0.0,0.0,0.0,0.0,0.0,0.0,0.0,0.0,0.0,0.0,m1186063,PQ,1.0,1.0,1.0,7199.557856794634,1000000.0,0.9,1.05,abc,,False,False,False,46.67883856,-119.0882596,default
5090,0.0,0.0,0.0,0.0,0.0,0.0,0.0,0.0,0.0,0.0,0.0,0.0,0.0,0.0,m1209776,PQ,1.0,1.0,1.0,7199.557856794634,1000000.0,0.9,1.05,abc,,False,False,False,46.67858826,-119.0872573,default
5091,0.0,0.0,0.0,0.0,0.0,0.0,0.0,0.0,0.0,0.0,0.0,0.0,0.0,0.0,m1209775,PQ,1.0,1.0,1.0,7199.557856794634,1000000.0,0.9,1.05,abc,,False,False,False,46.67848398,-119.0861252,default
5092,0.0,0.0,0.0,0.0,0.0,0.0,0.0,0.0,0.0,0.0,0.0,0.0,0.0,0.0,m1209774,PQ,1.0,1.0,1.0,7199.557856794634,1000000.0,0.9,1.05,abc,,False,False,False,46.67811852,-119.0833936,default
5093,0.0,0.0,0.0,0.0,0.0,0.0,0.0,0.0,0.0,0.0,0.0,0.0,0.0,0.0,221-242079,PQ,1.0,1.0,1.0,7199.557856794634,1000000.0,0.9,1.05,abc,,False,False,False,46.6781802,-119.0833869,default
5094,0.0,0.0,0.0,0.0,0.0,0.0,0.0,0.0,0.0,0.0,0.0,0.0,0.0,0.0,l3011293,PQ,1.0,1.0,1.0,7199.557856794634,1000000.0,0.9,1.05,abc,,False,False,False,46.67891052,-119.0831217,default
5095,0.0,0.0,0.0,0.0,0.0,0.0,0.0,0.0,0.0,0.0,0.0,0.0,0.0,0.0,x3011293a,PQ,1.0,1.0,1.0,104.0,1000000.0,0.9,1.05,s1s2,a,False,False,False,46.6786,-119.0831,default
5096,0.0,0.0,0.0,0.0,0.0,0.0,0.0104856059870765,0.0026279404776595,0.007254393901277,0.0018181224250347,0.0,0.0,0.0,0.0,sx3011293a,PQ,1.0,1.0,1.0,104.0,1000000.0,0.9,1.05,s1s2,a,False,True,False,46.6786,-119.0834,default
5097,0.0,0.0,0.0,0.0,0.0,0.0,0.0,0.0,0.0,0.0,0.0,0.0,0.0,0.0,x3011293b,PQ,1.0,1.0,1.0,104.0,1000000.0,0.9,1.05,s1s2,b,False,False,False,46.6786,-119.0831,default
5098,0.0,0.0,0.0,0.0,0.0,0.0,3.7217340093427134e-05,9.327545013655977e-06,0.0194127828632532,0.0048653022077719,0.0,0.0,0.0,0.0,sx3011293b,PQ,1.0,1.0,1.0,104.0,1000000.0,0.9,1.05,s1s2,b,False,True,False,46.6786,-119.0834,default
5099,0.0,0.0,0.0,0.0,0.0,0.0,0.0,0.0,0.0,0.0,0.0,0.0,0.0,0.0,x3011293c,PQ,1.0,1.0,1.0,104.0,1000000.0,0.9,1.05,s1s2,c,False,False,False,46.6786,-119.0831,default
5100,0.0,0.0,0.0,0.0,0.0,0.0,0.0175202071330451,0.0043909782046198,0.0028197930676229,0.0007067068173892,0.0,0.0,0.0,0.0,sx3011293c,PQ,1.0,1.0,1.0,104.0,1000000.0,0.9,1.05,s1s2,c,True,True,False,46.6786,-119.0834,default
5101,0.0,0.0,0.0,0.0,0.0,0.0,0.0,0.0,0.0,0.0,0.0,0.0,0.0,0.0,l3123509,PQ,1.0,1.0,1.0,7199.557856794634,1000000.0,0.9,1.05,abc,,False,False,False,46.67801428,-119.0823296,default
5102,0.0,0.0,0.0,0.0,0.0,0.0,0.0,0.0,0.0,0.0,0.0,0.0,0.0,0.0,m1209772,PQ,1.0,1.0,1.0,7199.557856794634,1000000.0,0.9,1.05,abc,,False,False,False,46.67790804,-119.0807731,default
5103,0.0,0.0,0.0,0.0,0.0,0.0,0.0,0.0,0.0,0.0,0.0,0.0,0.0,0.0,e192258,PQ,1.0,1.0,1.0,7199.557856794634,1000000.0,0.9,1.05,abc,,False,False,False,46.67772024,-119.0777952,default
5104,0.0,0.0,0.0,0.0,0.0,0.0,0.0,0.0,0.0,0.0,0.0,0.0,0.0,0.0,m1209der480-1,PQ,1.0,1.0,1.0,277.1281292110204,1000000.0,0.9,1.05,abc,,False,False,False,46.6777131,-119.0767151,default
5105,0.0,0.0,0.0,0.0,0.0,0.0,0.0,0.0,0.0,0.0,0.0,0.0,0.0,0.0,m1209-dies1,PQ,1.0,1.0,1.0,277.1281292110204,1000000.0,0.9,1.05,abc,,True,False,False,46.6777131,-119.0761929,default
5106,0.0,0.0,0.0,0.0,0.0,0.0,0.0,0.0,0.0,0.0,0.0,0.0,0.0,0.0,x3123509c,PQ,1.0,1.0,1.0,104.0,1000000.0,0.9,1.05,s1s2,c,False,False,False,46.6777,-119.0823,default
5107,0.0,0.0,0.0,0.0,0.0,0.0,0.0011868544960106,0.0002974538028501,0.004913145558653,0.0012313504643675,0.0,0.0,0.0,0.0,sx3123509c,PQ,1.0,1.0,1.0,104.0,1000000.0,0.9,1.05,s1s2,c,False,True,False,46.6777,-119.0826,default
5108,0.0,0.0,0.0,0.0,0.0,0.0,0.0,0.0,0.0,0.0,0.0,0.0,0.0,0.0,p829979,PQ,1.0,1.0,1.0,7199.557856794634,1000000.0,0.9,1.05,b,,False,False,False,46.67878262,-119.0882564,default
5109,0.0,0.0,0.0,0.0,0.0,0.0,0.0,0.0,0.0,0.0,0.0,0.0,0.0,0.0,m3036172,PQ,1.0,1.0,1.0,7199.557856794634,1000000.0,0.9,1.05,b,,False,False,False,46.67831776,-119.0882291,default
5110,0.0,0.0,0.0,0.0,0.0,0.0,0.0,0.0,0.0,0.0,0.0,0.0,0.0,0.0,l3086079,PQ,1.0,1.0,1.0,7199.557856794634,1000000.0,0.9,1.05,b,,False,False,False,46.67830164,-119.0882712,default
5111,0.0,0.0,0.0,0.0,0.0,0.0,0.0,0.0,0.0,0.0,0.0,0.0,0.0,0.0,l2936276,PQ,1.0,1.0,1.0,7199.557856794634,1000000.0,0.9,1.05,b,,False,False,False,46.67786608,-119.0894096,default
5112,0.0,0.0,0.0,0.0,0.0,0.0,0.0,0.0,0.0,0.0,0.0,0.0,0.0,0.0,x2936276b,PQ,1.0,1.0,1.0,104.0,1000000.0,0.9,1.05,s1s2,b,False,False,False,46.6775,-119.0894,default
5113,0.0,0.0,0.0,0.0,0.0,0.0,0.0005016389206869,0.0001257225693967,0.0033883611078997,0.0008492033759033,0.0,0.0,0.0,0.0,sx2936276b,PQ,1.0,1.0,1.0,104.0,1000000.0,0.9,1.05,s1s2,b,False,True,False,46.6776,-119.0897,default
5114,0.0,0.0,0.0,0.0,0.0,0.0,0.0,0.0,0.0,0.0,0.0,0.0,0.0,0.0,x3086079b,PQ,1.0,1.0,1.0,104.0,1000000.0,0.9,1.05,s1s2,b,False,False,False,46.678,-119.0883,default
5115,0.0,0.0,0.0,0.0,0.0,0.0,0.0029003162595917,0.0007268878020796,0.0009896837683384,0.000248038142838,0.0,0.0,0.0,0.0,sx3086079b,PQ,1.0,1.0,1.0,104.0,1000000.0,0.9,1.05,s1s2,b,False,True,False,46.678,-119.0886,default
5116,0.0,0.0,0.0,0.0,0.0,0.0,0.0,0.0,0.0,0.0,0.0,0.0,0.0,0.0,m1209763,PQ,1.0,1.0,1.0,7199.557856794634,1000000.0,0.9,1.05,b,,False,False,False,46.67749588,-119.0863755,default
5117,0.0,0.0,0.0,0.0,0.0,0.0,0.0,0.0,0.0,0.0,0.0,0.0,0.0,0.0,l2936275,PQ,1.0,1.0,1.0,7199.557856794634,1000000.0,0.9,1.05,b,,False,False,False,46.67682492,-119.0847642,default
5118,0.0,0.0,0.0,0.0,0.0,0.0,0.0,0.0,0.0,0.0,0.0,0.0,0.0,0.0,l3179674,PQ,1.0,1.0,1.0,7199.557856794634,1000000.0,0.9,1.05,b,,False,False,False,46.67624654,-119.0833718,default
5119,0.0,0.0,0.0,0.0,0.0,0.0,0.0,0.0,0.0,0.0,0.0,0.0,0.0,0.0,m1209758,PQ,1.0,1.0,1.0,7199.557856794634,1000000.0,0.9,1.05,b,,False,False,False,46.6753494,-119.0816256,default
5120,0.0,0.0,0.0,0.0,0.0,0.0,0.0,0.0,0.0,0.0,0.0,0.0,0.0,0.0,m1209753,PQ,1.0,1.0,1.0,7199.557856794634,1000000.0,0.9,1.05,b,,False,False,False,46.67362044,-119.0817037,default
5121,0.0,0.0,0.0,0.0,0.0,0.0,0.0,0.0,0.0,0.0,0.0,0.0,0.0,0.0,m1209748,PQ,1.0,1.0,1.0,7199.557856794634,1000000.0,0.9,1.05,b,,False,False,False,46.6706806,-119.0818341,default
5122,0.0,0.0,0.0,0.0,0.0,0.0,0.0,0.0,0.0,0.0,0.0,0.0,0.0,0.0,l3142099,PQ,1.0,1.0,1.0,7199.557856794634,1000000.0,0.9,1.05,b,,False,False,False,46.67072098,-119.0832084,default
5123,0.0,0.0,0.0,0.0,0.0,0.0,0.0,0.0,0.0,0.0,0.0,0.0,0.0,0.0,x3142099b,PQ,1.0,1.0,1.0,104.0,1000000.0,0.9,1.05,s1s2,b,False,False,False,46.6704,-119.0832,default
5124,0.0,0.0,0.0,0.0,0.0,0.0,0.0091485680024699,0.0022928473650885,0.0005814320780978,0.0001457206204158,0.0,0.0,0.0,0.0,sx3142099b,PQ,1.0,1.0,1.0,104.0,1000000.0,0.9,1.05,s1s2,b,False,True,False,46.6704,-119.0835,default
5125,0.0,0.0,0.0,0.0,0.0,0.0,0.0,0.0,0.0,0.0,0.0,0.0,0.0,0.0,m1209752,PQ,1.0,1.0,1.0,7199.557856794634,1000000.0,0.9,1.05,b,,False,False,False,46.6728463,-119.0838684,default
5126,0.0,0.0,0.0,0.0,0.0,0.0,0.0,0.0,0.0,0.0,0.0,0.0,0.0,0.0,m1209751,PQ,1.0,1.0,1.0,7199.557856794634,1000000.0,0.9,1.05,b,,False,False,False,46.67201596,-119.0863755,default
5127,0.0,0.0,0.0,0.0,0.0,0.0,0.0,0.0,0.0,0.0,0.0,0.0,0.0,0.0,m1209750,PQ,1.0,1.0,1.0,7199.557856794634,1000000.0,0.9,1.05,b,,False,False,False,46.6719961,-119.086437,default
5128,0.0,0.0,0.0,0.0,0.0,0.0,0.0,0.0,0.0,0.0,0.0,0.0,0.0,0.0,l3086075,PQ,1.0,1.0,1.0,7199.557856794634,1000000.0,0.9,1.05,b,,False,False,False,46.67353218,-119.0871542,default
5129,0.0,0.0,0.0,0.0,0.0,0.0,0.0,0.0,0.0,0.0,0.0,0.0,0.0,0.0,x3086075b,PQ,1.0,1.0,1.0,104.0,1000000.0,0.9,1.05,s1s2,b,False,False,False,46.6732,-119.0872,default
5130,0.0,0.0,0.0,0.0,0.0,0.0,0.0012749899235941,0.0003195426083322,0.0045650101197513,0.0011440994278634,0.0,0.0,0.0,0.0,sx3086075b,PQ,1.0,1.0,1.0,104.0,1000000.0,0.9,1.05,s1s2,b,False,True,False,46.6732,-119.0874,default
5131,0.0,0.0,0.0,0.0,0.0,0.0,0.0,0.0,0.0,0.0,0.0,0.0,0.0,0.0,m1209749,PQ,1.0,1.0,1.0,7199.557856794634,1000000.0,0.9,1.05,b,,False,False,False,46.6718856,-119.0863755,default
5132,0.0,0.0,0.0,0.0,0.0,0.0,0.0,0.0,0.0,0.0,0.0,0.0,0.0,0.0,l2748840,PQ,1.0,1.0,1.0,7199.557856794634,1000000.0,0.9,1.05,b,,False,False,False,46.6693056,-119.084784,default
5133,0.0,0.0,0.0,0.0,0.0,0.0,0.0,0.0,0.0,0.0,0.0,0.0,0.0,0.0,x2748840b,PQ,1.0,1.0,1.0,104.0,1000000.0,0.9,1.05,s1s2,b,False,False,False,46.669,-119.0848,default
5134,0.0,0.0,0.0,0.0,0.0,0.0,0.0013988985300532,0.0003505970336143,0.0044411015130994,0.0011130450024723,0.0,0.0,0.0,0.0,sx2748840b,PQ,1.0,1.0,1.0,104.0,1000000.0,0.9,1.05,s1s2,b,False,True,False,46.669,-119.0851,default
5135,0.0,0.0,0.0,0.0,0.0,0.0,0.0,0.0,0.0,0.0,0.0,0.0,0.0,0.0,x3179674b,PQ,1.0,1.0,1.0,104.0,1000000.0,0.9,1.05,s1s2,b,False,False,False,46.6759,-119.0834,default
5136,0.0,0.0,0.0,0.0,0.0,0.0,0.0081786299129798,0.0020497579549521,0.0015513701637903,0.0003888100284057,0.0,0.0,0.0,0.0,sx3179674b,PQ,1.0,1.0,1.0,104.0,1000000.0,0.9,1.05,s1s2,b,False,True,False,46.6759,-119.0837,default
5137,0.0,0.0,0.0,0.0,0.0,0.0,0.0,0.0,0.0,0.0,0.0,0.0,0.0,0.0,x2936275b,PQ,1.0,1.0,1.0,104.0,1000000.0,0.9,1.05,s1s2,b,False,False,False,46.6765,-119.0848,default
5138,0.0,0.0,0.0,0.0,0.0,0.0,0.0020409985621608,0.000511522477451,0.0018490014653596,0.0004634034672276,0.0,0.0,0.0,0.0,sx2936275b,PQ,1.0,1.0,1.0,104.0,1000000.0,0.9,1.05,s1s2,b,False,True,False,46.6765,-119.085,default
5139,0.0,0.0,0.0,0.0,0.0,0.0,0.0,0.0,0.0,0.0,0.0,0.0,0.0,0.0,p829977,PQ,1.0,1.0,1.0,7199.557856794634,1000000.0,0.9,1.05,abc,,False,False,False,46.6784125,-119.0904562,default
5140,0.0,0.0,0.0,0.0,0.0,0.0,0.0,0.0,0.0,0.0,0.0,0.0,0.0,0.0,m1186061,PQ,1.0,1.0,1.0,7199.557856794634,1000000.0,0.9,1.05,abc,,False,False,False,46.67759044,-119.0912744,default
5141,0.0,0.0,0.0,0.0,0.0,0.0,0.0,0.0,0.0,0.0,0.0,0.0,0.0,0.0,l2861223,PQ,1.0,1.0,1.0,7199.557856794634,1000000.0,0.9,1.05,b,,False,False,False,46.6772668,-119.0917642,default
5142,0.0,0.0,0.0,0.0,0.0,0.0,0.0,0.0,0.0,0.0,0.0,0.0,0.0,0.0,x2861223b,PQ,1.0,1.0,1.0,104.0,1000000.0,0.9,1.05,s1s2,b,False,False,False,46.6769,-119.0918,default
5143,0.0,0.0,0.0,0.0,0.0,0.0,0.0044613120129872,0.0011181102305177,0.0052686880588159,0.0013204577496622,0.0,0.0,0.0,0.0,sx2861223b,PQ,1.0,1.0,1.0,104.0,1000000.0,0.9,1.05,s1s2,b,False,True,False,46.677,-119.092,default
5144,0.0,0.0,0.0,0.0,0.0,0.0,0.0,0.0,0.0,0.0,0.0,0.0,0.0,0.0,l3139366,PQ,1.0,1.0,1.0,7199.557856794634,1000000.0,0.9,1.05,abc,,False,False,False,46.67571756,-119.0903993,default
5145,0.0,0.0,0.0,0.0,0.0,0.0,0.0,0.0,0.0,0.0,0.0,0.0,0.0,0.0,m4362177,PQ,1.0,1.0,1.0,7199.557856794634,1000000.0,0.9,1.05,abc,,False,False,False,46.67407694,-119.0901658,default
5146,0.0,0.0,0.0,0.0,0.0,0.0,0.0,0.0,0.0,0.0,0.0,0.0,0.0,0.0,m1186052,PQ,1.0,1.0,1.0,7199.557856794634,1000000.0,0.9,1.05,abc,,False,False,False,46.67314206,-119.0901074,default
5147,0.0,0.0,0.0,0.0,0.0,0.0,0.0,0.0,0.0,0.0,0.0,0.0,0.0,0.0,198-5320,PQ,1.0,1.0,1.0,7199.557856794634,1000000.0,0.9,1.05,abc,,False,False,False,46.67307142,-119.0901606,default
5148,0.0,0.0,0.0,0.0,0.0,0.0,0.0,0.0,0.0,0.0,0.0,0.0,0.0,0.0,221-311359,PQ,1.0,1.0,1.0,7199.557856794634,1000000.0,0.9,1.05,abc,,False,False,False,46.67302432,-119.090196,default
5149,0.0,0.0,0.0,0.0,0.0,0.0,0.0,0.0,0.0,0.0,0.0,0.0,0.0,0.0,l3234149,PQ,1.0,1.0,1.0,7199.557856794634,1000000.0,0.9,1.05,abc,,False,False,False,46.67244114,-119.0906349,default
5150,0.0,0.0,0.0,0.0,0.0,0.0,0.0,0.0,0.0,0.0,0.0,0.0,0.0,0.0,x3234149a,PQ,1.0,1.0,1.0,104.0,1000000.0,0.9,1.05,s1s2,a,False,False,False,46.6721,-119.0906,default
5151,0.0,0.0,0.0,0.0,0.0,0.0,0.0443019212619006,0.0111031076478443,0.0443780782018236,0.0111221943753997,0.0,0.0,0.0,0.0,sx3234149a,PQ,1.0,1.0,1.0,104.0,1000000.0,0.9,1.05,s1s2,a,False,True,False,46.6721,-119.0909,default
5152,0.0,0.0,0.0,0.0,0.0,0.0,0.0,0.0,0.0,0.0,0.0,0.0,0.0,0.0,x3234149b,PQ,1.0,1.0,1.0,104.0,1000000.0,0.9,1.05,s1s2,b,False,False,False,46.6721,-119.0906,default
5153,0.0,0.0,0.0,0.0,0.0,0.0,0.0206629767667395,0.0051786303348209,0.0765970240116075,0.0191970245710466,0.0,0.0,0.0,0.0,sx3234149b,PQ,1.0,1.0,1.0,104.0,1000000.0,0.9,1.05,s1s2,b,False,True,False,46.6721,-119.0909,default
5154,0.0,0.0,0.0,0.0,0.0,0.0,0.0,0.0,0.0,0.0,0.0,0.0,0.0,0.0,x3234149c,PQ,1.0,1.0,1.0,104.0,1000000.0,0.9,1.05,s1s2,c,False,False,False,46.6721,-119.0906,default
5155,0.0,0.0,0.0,0.0,0.0,0.0,0.0937317388021639,0.0234913904956509,0.0079682624904255,0.0019970350153592,0.0,0.0,0.0,0.0,sx3234149c,PQ,1.0,1.0,1.0,104.0,1000000.0,0.9,1.05,s1s2,c,False,True,False,46.6721,-119.0909,default
5156,0.0,0.0,0.0,0.0,0.0,0.0,0.0,0.0,0.0,0.0,0.0,0.0,0.0,0.0,x3139366a,PQ,1.0,1.0,1.0,104.0,1000000.0,0.9,1.05,s1s2,a,False,False,False,46.6754,-119.0904,default
5157,0.0,0.0,0.0,0.0,0.0,0.0,0.0032626249266963,0.000817690853667,0.005607375019503,0.0014053405976062,0.0,0.0,0.0,0.0,sx3139366a,PQ,1.0,1.0,1.0,104.0,1000000.0,0.9,1.05,s1s2,a,False,True,False,46.6754,-119.0907,default
5158,0.0,0.0,0.0,0.0,0.0,0.0,0.0,0.0,0.0,0.0,0.0,0.0,0.0,0.0,x3030204a,PQ,1.0,1.0,1.0,104.0,1000000.0,0.9,1.05,s1s2,a,False,False,False,46.6813,-119.0895,default
5159,0.0,0.0,0.0,0.0,0.0,0.0,0.0020154931911838,0.0005051301904332,0.0068545067575727,0.0017179012638866,0.0,0.0,0.0,0.0,sx3030204a,PQ,1.0,1.0,1.0,104.0,1000000.0,0.9,1.05,s1s2,a,False,True,False,46.6813,-119.0898,default
5160,0.0,0.0,0.0,0.0,0.0,0.0,0.0,0.0,0.0,0.0,0.0,0.0,0.0,0.0,x2823611a,PQ,1.0,1.0,1.0,104.0,1000000.0,0.9,1.05,s1s2,a,False,False,False,46.6819,-119.0883,default
5161,0.0,0.0,0.0,0.0,0.0,0.0,0.0007669532475639,0.0001922165958456,0.0045530467230769,0.0011411010304596,0.0,0.0,0.0,0.0,sx2823611a,PQ,1.0,1.0,1.0,104.0,1000000.0,0.9,1.05,s1s2,a,False,True,False,46.682,-119.0886,default
5162,0.0,0.0,0.0,0.0,0.0,0.0,0.0,0.0,0.0,0.0,0.0,0.0,0.0,0.0,m1209795,PQ,1.0,1.0,1.0,7199.557856794634,1000000.0,0.9,1.05,c,,False,False,False,46.68456954,-119.0852669,default
5163,0.0,0.0,0.0,0.0,0.0,0.0,0.0,0.0,0.0,0.0,0.0,0.0,0.0,0.0,l2936268,PQ,1.0,1.0,1.0,7199.557856794634,1000000.0,0.9,1.05,c,,False,False,False,46.68537016,-119.0857426,default
5164,0.0,0.0,0.0,0.0,0.0,0.0,0.0,0.0,0.0,0.0,0.0,0.0,0.0,0.0,x2936268c,PQ,1.0,1.0,1.0,104.0,1000000.0,0.9,1.05,s1s2,c,False,False,False,46.685,-119.0857,default
5165,0.0,0.0,0.0,0.0,0.0,0.0,0.0031705539178673,0.0007946157830965,0.002929446129839,0.0007341884700197,0.0,0.0,0.0,0.0,sx2936268c,PQ,1.0,1.0,1.0,104.0,1000000.0,0.9,1.05,s1s2,c,False,True,False,46.6851,-119.086,default
5166,0.0,0.0,0.0,0.0,0.0,0.0,0.0,0.0,0.0,0.0,0.0,0.0,0.0,0.0,p903354,PQ,1.0,1.0,1.0,7199.557856794634,1000000.0,0.9,1.05,a,,False,False,False,46.68428048,-119.0829151,default
5167,0.0,0.0,0.0,0.0,0.0,0.0,0.0,0.0,0.0,0.0,0.0,0.0,0.0,0.0,l2936270,PQ,1.0,1.0,1.0,7199.557856794634,1000000.0,0.9,1.05,a,,False,False,False,46.6836912,-119.0826115,default
5168,0.0,0.0,0.0,0.0,0.0,0.0,0.0,0.0,0.0,0.0,0.0,0.0,0.0,0.0,l3086078,PQ,1.0,1.0,1.0,7199.557856794634,1000000.0,0.9,1.05,a,,False,False,False,46.68288854,-119.0822217,default
5169,0.0,0.0,0.0,0.0,0.0,0.0,0.0,0.0,0.0,0.0,0.0,0.0,0.0,0.0,m4118755,PQ,1.0,1.0,1.0,7199.557856794634,1000000.0,0.9,1.05,a,,False,False,False,46.68191154,-119.0817472,default
5170,0.0,0.0,0.0,0.0,0.0,0.0,0.0,0.0,0.0,0.0,0.0,0.0,0.0,0.0,m1209782,PQ,1.0,1.0,1.0,7199.557856794634,1000000.0,0.9,1.05,a,,False,False,False,46.68128676,-119.0816437,default
5171,0.0,0.0,0.0,0.0,0.0,0.0,0.0,0.0,0.0,0.0,0.0,0.0,0.0,0.0,l3217056,PQ,1.0,1.0,1.0,7199.557856794634,1000000.0,0.9,1.05,a,,False,False,False,46.68100206,-119.0804285,default
5172,0.0,0.0,0.0,0.0,0.0,0.0,0.0,0.0,0.0,0.0,0.0,0.0,0.0,0.0,x3217056a,PQ,1.0,1.0,1.0,104.0,1000000.0,0.9,1.05,s1s2,a,False,False,False,46.6807,-119.0804,default
5173,0.0,0.0,0.0,0.0,0.0,0.0,0.0117821742510352,0.0029528911140585,0.00595782565805,0.0014931718105987,0.0,0.0,0.0,0.0,sx3217056a,PQ,1.0,1.0,1.0,104.0,1000000.0,0.9,1.05,s1s2,a,False,True,False,46.6807,-119.0807,default
5174,0.0,0.0,0.0,0.0,0.0,0.0,0.0,0.0,0.0,0.0,0.0,0.0,0.0,0.0,l3217057,PQ,1.0,1.0,1.0,7199.557856794634,1000000.0,0.9,1.05,a,,False,False,False,46.68073364,-119.0816104,default
5175,0.0,0.0,0.0,0.0,0.0,0.0,0.0,0.0,0.0,0.0,0.0,0.0,0.0,0.0,x3217057a,PQ,1.0,1.0,1.0,104.0,1000000.0,0.9,1.05,s1s2,a,False,False,False,46.6804,-119.0816,default
5176,0.0,0.0,0.0,0.0,0.0,0.0,0.0019275314361478,0.0004830848984036,0.001622468547587,0.0004066289342052,0.0,0.0,0.0,0.0,sx3217057a,PQ,1.0,1.0,1.0,104.0,1000000.0,0.9,1.05,s1s2,a,False,True,False,46.6804,-119.0819,default
5177,0.0,0.0,0.0,0.0,0.0,0.0,0.0,0.0,0.0,0.0,0.0,0.0,0.0,0.0,x3086078a,PQ,1.0,1.0,1.0,104.0,1000000.0,0.9,1.05,s1s2,a,False,False,False,46.6825,-119.0822,default
5178,0.0,0.0,0.0,0.0,0.0,0.0,0.0015173336141976,0.0003802796372318,0.0073526663414393,0.0018427518247276,0.0,0.0,0.0,0.0,sx3086078a,PQ,1.0,1.0,1.0,104.0,1000000.0,0.9,1.05,s1s2,a,False,True,False,46.6826,-119.0825,default
5179,0.0,0.0,0.0,0.0,0.0,0.0,0.0,0.0,0.0,0.0,0.0,0.0,0.0,0.0,x2936270a,PQ,1.0,1.0,1.0,104.0,1000000.0,0.9,1.05,s1s2,a,False,False,False,46.6833,-119.0826,default
5180,0.0,0.0,0.0,0.0,0.0,0.0,0.0048681028019739,0.0012200615271318,0.0040018971560289,0.0010029699361197,0.0,0.0,0.0,0.0,sx2936270a,PQ,1.0,1.0,1.0,104.0,1000000.0,0.9,1.05,s1s2,a,False,True,False,46.6834,-119.0829,default
5181,0.0,0.0,0.0,0.0,0.0,0.0,0.0,0.0,0.0,0.0,0.0,0.0,0.0,0.0,p829957,PQ,1.0,1.0,1.0,7199.557856794634,1000000.0,0.9,1.05,c,,False,False,False,46.68607652,-119.0816759,default
5182,0.0,0.0,0.0,0.0,0.0,0.0,0.0,0.0,0.0,0.0,0.0,0.0,0.0,0.0,d5746703-1_int,PQ,1.0,1.0,1.0,7199.557856794634,1000000.0,0.9,1.05,c,,False,False,False,46.6873833,-119.082198,default
5183,0.0,0.0,0.0,0.0,0.0,0.0,0.0,0.0,0.0,0.0,0.0,0.0,0.0,0.0,l3160863,PQ,1.0,1.0,1.0,7199.557856794634,1000000.0,0.9,1.05,c,,False,False,False,46.6875899,-119.0820659,default
5184,0.0,0.0,0.0,0.0,0.0,0.0,0.0,0.0,0.0,0.0,0.0,0.0,0.0,0.0,l2730108,PQ,1.0,1.0,1.0,7199.557856794634,1000000.0,0.9,1.05,c,,False,False,False,46.69159994,-119.0844061,default
5185,0.0,0.0,0.0,0.0,0.0,0.0,0.0,0.0,0.0,0.0,0.0,0.0,0.0,0.0,l2786204,PQ,1.0,1.0,1.0,7199.557856794634,1000000.0,0.9,1.05,c,,False,False,False,46.69269538,-119.0850096,default
5186,0.0,0.0,0.0,0.0,0.0,0.0,0.0,0.0,0.0,0.0,0.0,0.0,0.0,0.0,m1209819,PQ,1.0,1.0,1.0,7199.557856794634,1000000.0,0.9,1.05,c,,False,False,False,46.69363256,-119.0854995,default
5187,0.0,0.0,0.0,0.0,0.0,0.0,0.0,0.0,0.0,0.0,0.0,0.0,0.0,0.0,l2936216,PQ,1.0,1.0,1.0,7199.557856794634,1000000.0,0.9,1.05,c,,False,False,False,46.69434362,-119.0855799,default
5188,0.0,0.0,0.0,0.0,0.0,0.0,0.0,0.0,0.0,0.0,0.0,0.0,0.0,0.0,226-23745,PQ,1.0,1.0,1.0,7199.557856794634,1000000.0,0.9,1.05,c,,False,False,False,46.69567794,-119.0857062,default
5189,0.0,0.0,0.0,0.0,0.0,0.0,0.0,0.0,0.0,0.0,0.0,0.0,0.0,0.0,m1209822,PQ,1.0,1.0,1.0,7199.557856794634,1000000.0,0.9,1.05,c,,False,False,False,46.7030783,-119.0866104,default
5190,0.0,0.0,0.0,0.0,0.0,0.0,0.0,0.0,0.0,0.0,0.0,0.0,0.0,0.0,l2992556,PQ,1.0,1.0,1.0,7199.557856794634,1000000.0,0.9,1.05,c,,False,False,False,46.7043255,-119.0856707,default
5191,0.0,0.0,0.0,0.0,0.0,0.0,0.0,0.0,0.0,0.0,0.0,0.0,0.0,0.0,x2992556c,PQ,1.0,1.0,1.0,104.0,1000000.0,0.9,1.05,s1s2,c,False,False,False,46.704,-119.0857,default
5192,0.0,0.0,0.0,0.0,0.0,0.0,0.002263779880673,0.00056735676346,0.0038362201764783,0.0009614474817703,0.0,0.0,0.0,0.0,sx2992556c,PQ,1.0,1.0,1.0,104.0,1000000.0,0.9,1.05,s1s2,c,True,True,False,46.704,-119.086,default
5193,0.0,0.0,0.0,0.0,0.0,0.0,0.0,0.0,0.0,0.0,0.0,0.0,0.0,0.0,m1209823,PQ,1.0,1.0,1.0,7199.557856794634,1000000.0,0.9,1.05,c,,False,False,False,46.70386394,-119.0868673,default
5194,0.0,0.0,0.0,0.0,0.0,0.0,0.0,0.0,0.0,0.0,0.0,0.0,0.0,0.0,m1209824,PQ,1.0,1.0,1.0,7199.557856794634,1000000.0,0.9,1.05,c,,False,False,False,46.70517564,-119.0870043,default
5195,0.0,0.0,0.0,0.0,0.0,0.0,0.0,0.0,0.0,0.0,0.0,0.0,0.0,0.0,m1209828,PQ,1.0,1.0,1.0,7199.557856794634,1000000.0,0.9,1.05,c,,False,False,False,46.70876206,-119.0868213,default
5196,0.0,0.0,0.0,0.0,0.0,0.0,0.0,0.0,0.0,0.0,0.0,0.0,0.0,0.0,l2861157,PQ,1.0,1.0,1.0,7199.557856794634,1000000.0,0.9,1.05,c,,False,False,False,46.70902464,-119.0880439,default
5197,0.0,0.0,0.0,0.0,0.0,0.0,0.0,0.0,0.0,0.0,0.0,0.0,0.0,0.0,p901951,PQ,1.0,1.0,1.0,7199.557856794634,1000000.0,0.9,1.05,c,,False,False,False,46.70986304,-119.0898638,default
5198,0.0,0.0,0.0,0.0,0.0,0.0,0.0,0.0,0.0,0.0,0.0,0.0,0.0,0.0,m1186078,PQ,1.0,1.0,1.0,7199.557856794634,1000000.0,0.9,1.05,c,,False,False,False,46.712111,-119.0911846,default
5199,0.0,0.0,0.0,0.0,0.0,0.0,0.0,0.0,0.0,0.0,0.0,0.0,0.0,0.0,l2806553,PQ,1.0,1.0,1.0,7199.557856794634,1000000.0,0.9,1.05,c,,False,False,False,46.71317582,-119.0918029,default
5200,0.0,0.0,0.0,0.0,0.0,0.0,0.0,0.0,0.0,0.0,0.0,0.0,0.0,0.0,m1166391,PQ,1.0,1.0,1.0,7199.557856794634,1000000.0,0.9,1.05,c,,False,False,False,46.71669726,-119.1017149,default
5201,0.0,0.0,0.0,0.0,0.0,0.0,0.0,0.0,0.0,0.0,0.0,0.0,0.0,0.0,l3254873,PQ,1.0,1.0,1.0,7199.557856794634,1000000.0,0.9,1.05,c,,False,False,False,46.71704652,-119.1034851,default
5202,0.0,0.0,0.0,0.0,0.0,0.0,0.0,0.0,0.0,0.0,0.0,0.0,0.0,0.0,m1166393,PQ,1.0,1.0,1.0,7199.557856794634,1000000.0,0.9,1.05,c,,False,False,False,46.7172401,-119.1040179,default
5203,0.0,0.0,0.0,0.0,0.0,0.0,0.0,0.0,0.0,0.0,0.0,0.0,0.0,0.0,l2745811,PQ,1.0,1.0,1.0,7199.557856794634,1000000.0,0.9,1.05,c,,False,False,False,46.716076,-119.1055504,default
5204,0.0,0.0,0.0,0.0,0.0,0.0,0.0,0.0,0.0,0.0,0.0,0.0,0.0,0.0,m4122657,PQ,1.0,1.0,1.0,7199.557856794634,1000000.0,0.9,1.05,c,,False,False,False,46.71553226,-119.1062174,default
5205,0.0,0.0,0.0,0.0,0.0,0.0,0.0,0.0,0.0,0.0,0.0,0.0,0.0,0.0,l3027124,PQ,1.0,1.0,1.0,7199.557856794634,1000000.0,0.9,1.05,c,,False,False,False,46.71412868,-119.1085821,default
5206,0.0,0.0,0.0,0.0,0.0,0.0,0.0,0.0,0.0,0.0,0.0,0.0,0.0,0.0,x3027124c,PQ,1.0,1.0,1.0,104.0,1000000.0,0.9,1.05,s1s2,c,False,False,False,46.7138,-119.1086,default
5207,0.0,0.0,0.0,0.0,0.0,0.0,0.0081506116009889,0.0020427360107243,0.0020193885579556,0.0005061065237625,0.0,0.0,0.0,0.0,sx3027124c,PQ,1.0,1.0,1.0,104.0,1000000.0,0.9,1.05,s1s2,c,False,True,False,46.7138,-119.1089,default
5208,0.0,0.0,0.0,0.0,0.0,0.0,0.0,0.0,0.0,0.0,0.0,0.0,0.0,0.0,x2745811c,PQ,1.0,1.0,1.0,104.0,1000000.0,0.9,1.05,s1s2,c,False,False,False,46.7157,-119.1056,default
5209,0.0,0.0,0.0,0.0,0.0,0.0,0.0082485083376865,0.002067271248118,0.0019214918221785,0.0004815712868258,0.0,0.0,0.0,0.0,sx2745811c,PQ,1.0,1.0,1.0,104.0,1000000.0,0.9,1.05,s1s2,c,False,True,False,46.7158,-119.1058,default
5210,0.0,0.0,0.0,0.0,0.0,0.0,0.0,0.0,0.0,0.0,0.0,0.0,0.0,0.0,m1166395,PQ,1.0,1.0,1.0,7199.557856794634,1000000.0,0.9,1.05,c,,False,False,False,46.71780292,-119.103118,default
5211,0.0,0.0,0.0,0.0,0.0,0.0,0.0,0.0,0.0,0.0,0.0,0.0,0.0,0.0,m1166396,PQ,1.0,1.0,1.0,7199.557856794634,1000000.0,0.9,1.05,c,,False,False,False,46.71787584,-119.1032177,default
5212,0.0,0.0,0.0,0.0,0.0,0.0,0.0,0.0,0.0,0.0,0.0,0.0,0.0,0.0,m1166399,PQ,1.0,1.0,1.0,7199.557856794634,1000000.0,0.9,1.05,c,,False,False,False,46.71840648,-119.1041778,default
5213,0.0,0.0,0.0,0.0,0.0,0.0,0.0,0.0,0.0,0.0,0.0,0.0,0.0,0.0,l3048890,PQ,1.0,1.0,1.0,7199.557856794634,1000000.0,0.9,1.05,c,,False,False,False,46.71898146,-119.1054323,default
5214,0.0,0.0,0.0,0.0,0.0,0.0,0.0,0.0,0.0,0.0,0.0,0.0,0.0,0.0,m1166402,PQ,1.0,1.0,1.0,7199.557856794634,1000000.0,0.9,1.05,c,,False,False,False,46.7195368,-119.1062601,default
5215,0.0,0.0,0.0,0.0,0.0,0.0,0.0,0.0,0.0,0.0,0.0,0.0,0.0,0.0,l3048889,PQ,1.0,1.0,1.0,7199.557856794634,1000000.0,0.9,1.05,c,,False,False,False,46.72044908,-119.1074316,default
5216,0.0,0.0,0.0,0.0,0.0,0.0,0.0,0.0,0.0,0.0,0.0,0.0,0.0,0.0,m1166407,PQ,1.0,1.0,1.0,7199.557856794634,1000000.0,0.9,1.05,c,,False,False,False,46.72095418,-119.1088023,default
5217,0.0,0.0,0.0,0.0,0.0,0.0,0.0,0.0,0.0,0.0,0.0,0.0,0.0,0.0,l2952007,PQ,1.0,1.0,1.0,7199.557856794634,1000000.0,0.9,1.05,c,,False,False,False,46.72097902,-119.1113805,default
5218,0.0,0.0,0.0,0.0,0.0,0.0,0.0,0.0,0.0,0.0,0.0,0.0,0.0,0.0,l2861158,PQ,1.0,1.0,1.0,7199.557856794634,1000000.0,0.9,1.05,c,,False,False,False,46.72103634,-119.1135474,default
5219,0.0,0.0,0.0,0.0,0.0,0.0,0.0,0.0,0.0,0.0,0.0,0.0,0.0,0.0,x2861158c,PQ,1.0,1.0,1.0,104.0,1000000.0,0.9,1.05,s1s2,c,False,False,False,46.7207,-119.1135,default
5220,0.0,0.0,0.0,0.0,0.0,0.0,0.0053694399858628,0.0013457086324429,0.0048005601588795,0.001203133894783,0.0,0.0,0.0,0.0,sx2861158c,PQ,1.0,1.0,1.0,104.0,1000000.0,0.9,1.05,s1s2,c,False,True,False,46.7207,-119.1138,default
5221,0.0,0.0,0.0,0.0,0.0,0.0,0.0,0.0,0.0,0.0,0.0,0.0,0.0,0.0,x2952007c,PQ,1.0,1.0,1.0,104.0,1000000.0,0.9,1.05,s1s2,c,False,False,False,46.7206,-119.1114,default
5222,0.0,0.0,0.0,0.0,0.0,0.0,0.0022414356532509,0.0005617567768377,0.0079285645068111,0.0019870857587371,0.0,0.0,0.0,0.0,sx2952007c,PQ,1.0,1.0,1.0,104.0,1000000.0,0.9,1.05,s1s2,c,False,True,False,46.7207,-119.1117,default
5223,0.0,0.0,0.0,0.0,0.0,0.0,0.0,0.0,0.0,0.0,0.0,0.0,0.0,0.0,l3064514,PQ,1.0,1.0,1.0,7199.557856794634,1000000.0,0.9,1.05,c,,False,False,False,46.72544138,-119.112272,default
5224,0.0,0.0,0.0,0.0,0.0,0.0,0.0,0.0,0.0,0.0,0.0,0.0,0.0,0.0,l3048888,PQ,1.0,1.0,1.0,7199.557856794634,1000000.0,0.9,1.05,c,,False,False,False,46.72618202,-119.1128654,default
5225,0.0,0.0,0.0,0.0,0.0,0.0,0.0,0.0,0.0,0.0,0.0,0.0,0.0,0.0,m1149249,PQ,1.0,1.0,1.0,7199.557856794634,1000000.0,0.9,1.05,c,,False,False,False,46.72746802,-119.113966,default
5226,0.0,0.0,0.0,0.0,0.0,0.0,0.0,0.0,0.0,0.0,0.0,0.0,0.0,0.0,m1142880,PQ,1.0,1.0,1.0,7199.557856794634,1000000.0,0.9,1.05,c,,False,False,False,46.73035614,-119.1158754,default
5227,0.0,0.0,0.0,0.0,0.0,0.0,0.0,0.0,0.0,0.0,0.0,0.0,0.0,0.0,l2764411,PQ,1.0,1.0,1.0,7199.557856794634,1000000.0,0.9,1.05,c,,False,False,False,46.73153992,-119.1174134,default
5228,0.0,0.0,0.0,0.0,0.0,0.0,0.0,0.0,0.0,0.0,0.0,0.0,0.0,0.0,l2767343,PQ,1.0,1.0,1.0,7199.557856794634,1000000.0,0.9,1.05,c,,False,False,False,46.73226614,-119.1177704,default
5229,0.0,0.0,0.0,0.0,0.0,0.0,0.0,0.0,0.0,0.0,0.0,0.0,0.0,0.0,l2804957,PQ,1.0,1.0,1.0,7199.557856794634,1000000.0,0.9,1.05,c,,False,False,False,46.73310458,-119.1183422,default
5230,0.0,0.0,0.0,0.0,0.0,0.0,0.0,0.0,0.0,0.0,0.0,0.0,0.0,0.0,l3048937,PQ,1.0,1.0,1.0,7199.557856794634,1000000.0,0.9,1.05,c,,False,False,False,46.73385528,-119.1188261,default
5231,0.0,0.0,0.0,0.0,0.0,0.0,0.0,0.0,0.0,0.0,0.0,0.0,0.0,0.0,l3176661,PQ,1.0,1.0,1.0,7199.557856794634,1000000.0,0.9,1.05,c,,False,False,False,46.73494074,-119.1201458,default
5232,0.0,0.0,0.0,0.0,0.0,0.0,0.0,0.0,0.0,0.0,0.0,0.0,0.0,0.0,l2970804,PQ,1.0,1.0,1.0,7199.557856794634,1000000.0,0.9,1.05,c,,False,False,False,46.73590344,-119.1207862,default
5233,0.0,0.0,0.0,0.0,0.0,0.0,0.0,0.0,0.0,0.0,0.0,0.0,0.0,0.0,x2970804c,PQ,1.0,1.0,1.0,104.0,1000000.0,0.9,1.05,s1s2,c,False,False,False,46.7356,-119.1208,default
5234,0.0,0.0,0.0,0.0,0.0,0.0,0.0083689307042101,0.0020974519439062,0.0018010694671041,0.0004513905975481,0.0,0.0,0.0,0.0,sx2970804c,PQ,1.0,1.0,1.0,104.0,1000000.0,0.9,1.05,s1s2,c,False,True,False,46.7356,-119.1211,default
5235,0.0,0.0,0.0,0.0,0.0,0.0,0.0,0.0,0.0,0.0,0.0,0.0,0.0,0.0,x3176661c,PQ,1.0,1.0,1.0,104.0,1000000.0,0.9,1.05,s1s2,c,False,False,False,46.7346,-119.1201,default
5236,0.0,0.0,0.0,0.0,0.0,0.0,0.003881536039208,0.0009728047216291,0.0001884640239669,4.723354098796868e-05,0.0,0.0,0.0,0.0,sx3176661c,PQ,1.0,1.0,1.0,104.0,1000000.0,0.9,1.05,s1s2,c,False,True,False,46.7346,-119.1204,default
5237,0.0,0.0,0.0,0.0,0.0,0.0,0.0,0.0,0.0,0.0,0.0,0.0,0.0,0.0,x3048937c,PQ,1.0,1.0,1.0,104.0,1000000.0,0.9,1.05,s1s2,c,False,False,False,46.7335,-119.1188,default
5238,0.0,0.0,0.0,0.0,0.0,0.0,0.0053478154396804,0.0013402890022316,0.000752184643543,0.0001885152569554,0.0,0.0,0.0,0.0,sx3048937c,PQ,1.0,1.0,1.0,104.0,1000000.0,0.9,1.05,s1s2,c,True,True,False,46.7335,-119.1191,default
5239,0.0,0.0,0.0,0.0,0.0,0.0,0.0,0.0,0.0,0.0,0.0,0.0,0.0,0.0,x2804957c,PQ,1.0,1.0,1.0,104.0,1000000.0,0.9,1.05,s1s2,c,False,False,False,46.7328,-119.1183,default
5240,0.0,0.0,0.0,0.0,0.0,0.0,0.0004033166016949,0.000101080677566,0.0036666834597645,0.0009189575840529,0.0,0.0,0.0,0.0,sx2804957c,PQ,1.0,1.0,1.0,104.0,1000000.0,0.9,1.05,s1s2,c,False,True,False,46.7328,-119.1186,default
5241,0.0,0.0,0.0,0.0,0.0,0.0,0.0,0.0,0.0,0.0,0.0,0.0,0.0,0.0,x2767343c,PQ,1.0,1.0,1.0,104.0,1000000.0,0.9,1.05,s1s2,c,False,False,False,46.7319,-119.1178,default
5242,0.0,0.0,0.0,0.0,0.0,0.0,0.009845767852166,0.0024675822536704,0.0054142323966866,0.0013569346671273,0.0,0.0,0.0,0.0,sx2767343c,PQ,1.0,1.0,1.0,104.0,1000000.0,0.9,1.05,s1s2,c,False,True,False,46.732,-119.1181,default
5243,0.0,0.0,0.0,0.0,0.0,0.0,0.0,0.0,0.0,0.0,0.0,0.0,0.0,0.0,x2764411c,PQ,1.0,1.0,1.0,104.0,1000000.0,0.9,1.05,s1s2,c,False,False,False,46.7312,-119.1174,default
5244,0.0,0.0,0.0,0.0,0.0,0.0,0.0012728856842587,0.0003190152522068,0.0048271144072795,0.0012097890208216,0.0,0.0,0.0,0.0,sx2764411c,PQ,1.0,1.0,1.0,104.0,1000000.0,0.9,1.05,s1s2,c,False,True,False,46.7312,-119.1177,default
5245,0.0,0.0,0.0,0.0,0.0,0.0,0.0,0.0,0.0,0.0,0.0,0.0,0.0,0.0,l2891575,PQ,1.0,1.0,1.0,7199.557856794634,1000000.0,0.9,1.05,c,,False,False,False,46.72949188,-119.1172165,default
5246,0.0,0.0,0.0,0.0,0.0,0.0,0.0,0.0,0.0,0.0,0.0,0.0,0.0,0.0,x2891575c,PQ,1.0,1.0,1.0,104.0,1000000.0,0.9,1.05,s1s2,c,False,False,False,46.7291,-119.1172,default
5247,0.0,0.0,0.0,0.0,0.0,0.0,0.0030731667953037,0.0007702082645528,0.0030268332789978,0.0007585959897741,0.0,0.0,0.0,0.0,sx2891575c,PQ,1.0,1.0,1.0,104.0,1000000.0,0.9,1.05,s1s2,c,True,True,False,46.7292,-119.1175,default
5248,0.0,0.0,0.0,0.0,0.0,0.0,0.0,0.0,0.0,0.0,0.0,0.0,0.0,0.0,x3048888c,PQ,1.0,1.0,1.0,104.0,1000000.0,0.9,1.05,s1s2,c,False,False,False,46.7258,-119.1129,default
5249,0.0,0.0,0.0,0.0,0.0,0.0,0.0032217039079312,0.0008074351836619,0.0028782961760222,0.0007213690851623,0.0,0.0,0.0,0.0,sx3048888c,PQ,1.0,1.0,1.0,104.0,1000000.0,0.9,1.05,s1s2,c,False,True,False,46.7259,-119.1131,default
5250,0.0,0.0,0.0,0.0,0.0,0.0,0.0,0.0,0.0,0.0,0.0,0.0,0.0,0.0,x3064514c,PQ,1.0,1.0,1.0,104.0,1000000.0,0.9,1.05,s1s2,c,False,False,False,46.7251,-119.1123,default
5251,0.0,0.0,0.0,0.0,0.0,0.0,0.0001638747174586,4.107087927519748e-05,0.0059361253826837,0.0014877333987011,0.0,0.0,0.0,0.0,sx3064514c,PQ,1.0,1.0,1.0,104.0,1000000.0,0.9,1.05,s1s2,c,False,True,False,46.7251,-119.1126,default
5252,0.0,0.0,0.0,0.0,0.0,0.0,0.0,0.0,0.0,0.0,0.0,0.0,0.0,0.0,x3048889c,PQ,1.0,1.0,1.0,104.0,1000000.0,0.9,1.05,s1s2,c,False,False,False,46.7201,-119.1074,default
5253,0.0,0.0,0.0,0.0,0.0,0.0,0.0083408245909806,0.0020904078855977,0.0018291755730074,0.0004584346520275,0.0,0.0,0.0,0.0,sx3048889c,PQ,1.0,1.0,1.0,104.0,1000000.0,0.9,1.05,s1s2,c,False,True,False,46.7201,-119.1077,default
5254,0.0,0.0,0.0,0.0,0.0,0.0,0.0,0.0,0.0,0.0,0.0,0.0,0.0,0.0,x3048890c,PQ,1.0,1.0,1.0,104.0,1000000.0,0.9,1.05,s1s2,c,False,False,False,46.7186,-119.1054,default
5255,0.0,0.0,0.0,0.0,0.0,0.0,0.0020776781482505,0.0005207152735684,0.0080923220115293,0.0020281272615927,0.0,0.0,0.0,0.0,sx3048890c,PQ,1.0,1.0,1.0,104.0,1000000.0,0.9,1.05,s1s2,c,False,True,False,46.7187,-119.1057,default
5256,0.0,0.0,0.0,0.0,0.0,0.0,0.0,0.0,0.0,0.0,0.0,0.0,0.0,0.0,m1166400,PQ,1.0,1.0,1.0,7199.557856794634,1000000.0,0.9,1.05,c,,False,False,False,46.71876628,-119.102353,default
5257,0.0,0.0,0.0,0.0,0.0,0.0,0.0,0.0,0.0,0.0,0.0,0.0,0.0,0.0,l3179637,PQ,1.0,1.0,1.0,7199.557856794634,1000000.0,0.9,1.05,c,,False,False,False,46.71964526,-119.1016563,default
5258,0.0,0.0,0.0,0.0,0.0,0.0,0.0,0.0,0.0,0.0,0.0,0.0,0.0,0.0,x3179637c,PQ,1.0,1.0,1.0,104.0,1000000.0,0.9,1.05,s1s2,c,False,False,False,46.7193,-119.1017,default
5259,0.0,0.0,0.0,0.0,0.0,0.0,0.0106882669221334,0.002678732443379,0.0045717333229677,0.0011457844751521,0.0,0.0,0.0,0.0,sx3179637c,PQ,1.0,1.0,1.0,104.0,1000000.0,0.9,1.05,s1s2,c,False,True,False,46.7193,-119.1019,default
5260,0.0,0.0,0.0,0.0,0.0,0.0,0.0,0.0,0.0,0.0,0.0,0.0,0.0,0.0,x3254873c,PQ,1.0,1.0,1.0,104.0,1000000.0,0.9,1.05,s1s2,c,False,False,False,46.7167,-119.1035,default
5261,0.0,0.0,0.0,0.0,0.0,0.0,0.006059695603009,0.0015187030168435,4.03044943449133e-05,1.0101259337710016e-05,0.0,0.0,0.0,0.0,sx3254873c,PQ,1.0,1.0,1.0,104.0,1000000.0,0.9,1.05,s1s2,c,False,True,False,46.7167,-119.1038,default
5262,0.0,0.0,0.0,0.0,0.0,0.0,0.0,0.0,0.0,0.0,0.0,0.0,0.0,0.0,m1166394,PQ,1.0,1.0,1.0,7199.557856794634,1000000.0,0.9,1.05,c,,False,False,False,46.71766214,-119.1026317,default
5263,0.0,0.0,0.0,0.0,0.0,0.0,0.0,0.0,0.0,0.0,0.0,0.0,0.0,0.0,m1166398,PQ,1.0,1.0,1.0,7199.557856794634,1000000.0,0.9,1.05,c,,False,False,False,46.71834258,-119.1018492,default
5264,0.0,0.0,0.0,0.0,0.0,0.0,0.0,0.0,0.0,0.0,0.0,0.0,0.0,0.0,l3142050,PQ,1.0,1.0,1.0,7199.557856794634,1000000.0,0.9,1.05,c,,False,False,False,46.7190103,-119.1009512,default
5265,0.0,0.0,0.0,0.0,0.0,0.0,0.0,0.0,0.0,0.0,0.0,0.0,0.0,0.0,x3142050c,PQ,1.0,1.0,1.0,104.0,1000000.0,0.9,1.05,s1s2,c,False,False,False,46.7187,-119.101,default
5266,0.0,0.0,0.0,0.0,0.0,0.0,0.0054020348293328,0.001353877673209,0.0006979652602397,0.0001749265986001,0.0,0.0,0.0,0.0,sx3142050c,PQ,1.0,1.0,1.0,104.0,1000000.0,0.9,1.05,s1s2,c,False,True,False,46.7187,-119.1012,default
5267,0.0,0.0,0.0,0.0,0.0,0.0,0.0,0.0,0.0,0.0,0.0,0.0,0.0,0.0,x2806553c,PQ,1.0,1.0,1.0,104.0,1000000.0,0.9,1.05,s1s2,c,False,False,False,46.7128,-119.0918,default
5268,0.0,0.0,0.0,0.0,0.0,0.0,0.0075824991828899,0.00190035359992,0.0025875009561678,0.0006484889239159,0.0,0.0,0.0,0.0,sx2806553c,PQ,1.0,1.0,1.0,104.0,1000000.0,0.9,1.05,s1s2,c,False,True,False,46.7129,-119.0921,default
5269,0.0,0.0,0.0,0.0,0.0,0.0,0.0,0.0,0.0,0.0,0.0,0.0,0.0,0.0,x2861157c,PQ,1.0,1.0,1.0,104.0,1000000.0,0.9,1.05,s1s2,c,False,False,False,46.7087,-119.088,default
5270,0.0,0.0,0.0,0.0,0.0,0.0,0.0027148689129479,0.0006804103452102,0.0074551312186478,0.0018684321743956,0.0,0.0,0.0,0.0,sx2861157c,PQ,1.0,1.0,1.0,104.0,1000000.0,0.9,1.05,s1s2,c,False,True,False,46.7087,-119.0883,default
5271,0.0,0.0,0.0,0.0,0.0,0.0,0.0,0.0,0.0,0.0,0.0,0.0,0.0,0.0,l3253570,PQ,1.0,1.0,1.0,7199.557856794634,1000000.0,0.9,1.05,c,,False,False,False,46.70898784,-119.0861886,default
5272,0.0,0.0,0.0,0.0,0.0,0.0,0.0,0.0,0.0,0.0,0.0,0.0,0.0,0.0,l2937757,PQ,1.0,1.0,1.0,7199.557856794634,1000000.0,0.9,1.05,c,,False,False,False,46.70993024,-119.085172,default
5273,0.0,0.0,0.0,0.0,0.0,0.0,0.0,0.0,0.0,0.0,0.0,0.0,0.0,0.0,l3067448,PQ,1.0,1.0,1.0,7199.557856794634,1000000.0,0.9,1.05,c,,False,False,False,46.71080208,-119.084263,default
5274,0.0,0.0,0.0,0.0,0.0,0.0,0.0,0.0,0.0,0.0,0.0,0.0,0.0,0.0,l2763407,PQ,1.0,1.0,1.0,7199.557856794634,1000000.0,0.9,1.05,c,,False,False,False,46.7116136,-119.0805461,default
5275,0.0,0.0,0.0,0.0,0.0,0.0,0.0,0.0,0.0,0.0,0.0,0.0,0.0,0.0,x2763407c,PQ,1.0,1.0,1.0,104.0,1000000.0,0.9,1.05,s1s2,c,False,False,False,46.7113,-119.0805,default
5276,0.0,0.0,0.0,0.0,0.0,0.0,0.0039869081746833,0.0009992134636113,0.0061830919489825,0.0015496290515821,0.0,0.0,0.0,0.0,sx2763407c,PQ,1.0,1.0,1.0,104.0,1000000.0,0.9,1.05,s1s2,c,False,True,False,46.7113,-119.0808,default
5277,0.0,0.0,0.0,0.0,0.0,0.0,0.0,0.0,0.0,0.0,0.0,0.0,0.0,0.0,x3067448c,PQ,1.0,1.0,1.0,104.0,1000000.0,0.9,1.05,s1s2,c,False,False,False,46.7105,-119.0843,default
5278,0.0,0.0,0.0,0.0,0.0,0.0,0.002581730128251,0.0006470426174584,0.0075882700039006,0.0019017999023759,0.0,0.0,0.0,0.0,sx3067448c,PQ,1.0,1.0,1.0,104.0,1000000.0,0.9,1.05,s1s2,c,False,True,False,46.7105,-119.0845,default
5279,0.0,0.0,0.0,0.0,0.0,0.0,0.0,0.0,0.0,0.0,0.0,0.0,0.0,0.0,x2937757c,PQ,1.0,1.0,1.0,104.0,1000000.0,0.9,1.05,s1s2,c,False,False,False,46.7096,-119.0852,default
5280,0.0,0.0,0.0,0.0,0.0,0.0,0.0079155564859215,0.0019838256347258,0.002254443649118,0.0005650168866739,0.0,0.0,0.0,0.0,sx2937757c,PQ,1.0,1.0,1.0,104.0,1000000.0,0.9,1.05,s1s2,c,False,True,False,46.7096,-119.0855,default
5281,0.0,0.0,0.0,0.0,0.0,0.0,0.0,0.0,0.0,0.0,0.0,0.0,0.0,0.0,x3253570c,PQ,1.0,1.0,1.0,104.0,1000000.0,0.9,1.05,s1s2,c,False,False,False,46.7086,-119.0862,default
5282,0.0,0.0,0.0,0.0,0.0,0.0,0.0006542068243302,0.0001639596992842,0.0095157933307734,0.0023848828331181,0.0,0.0,0.0,0.0,sx3253570c,PQ,1.0,1.0,1.0,104.0,1000000.0,0.9,1.05,s1s2,c,False,True,False,46.7087,-119.0865,default
5283,0.0,0.0,0.0,0.0,0.0,0.0,0.0,0.0,0.0,0.0,0.0,0.0,0.0,0.0,x2936216c,PQ,1.0,1.0,1.0,104.0,1000000.0,0.9,1.05,s1s2,c,False,False,False,46.694,-119.0856,default
5284,0.0,0.0,0.0,0.0,0.0,0.0,0.0039755317478619,0.0009963622623086,9.446829511982692e-05,2.367598849105941e-05,0.0,0.0,0.0,0.0,sx2936216c,PQ,1.0,1.0,1.0,104.0,1000000.0,0.9,1.05,s1s2,c,False,True,False,46.694,-119.0859,default
5285,0.0,0.0,0.0,0.0,0.0,0.0,0.0,0.0,0.0,0.0,0.0,0.0,0.0,0.0,x2786204c,PQ,1.0,1.0,1.0,104.0,1000000.0,0.9,1.05,s1s2,c,False,False,False,46.6923,-119.085,default
5286,0.0,0.0,0.0,0.0,0.0,0.0,0.0051633447156214,0.0012940562736177,0.0100966554503926,0.0025304606018381,0.0,0.0,0.0,0.0,sx2786204c,PQ,1.0,1.0,1.0,104.0,1000000.0,0.9,1.05,s1s2,c,False,True,False,46.6924,-119.0853,default
5287,0.0,0.0,0.0,0.0,0.0,0.0,0.0,0.0,0.0,0.0,0.0,0.0,0.0,0.0,x2730108c,PQ,1.0,1.0,1.0,104.0,1000000.0,0.9,1.05,s1s2,c,False,False,False,46.6912,-119.0844,default
5288,0.0,0.0,0.0,0.0,0.0,0.0,0.0040229856872022,0.0010082553396753,0.0020770143679963,0.0005205489123572,0.0,0.0,0.0,0.0,sx2730108c,PQ,1.0,1.0,1.0,104.0,1000000.0,0.9,1.05,s1s2,c,False,True,False,46.6913,-119.0847,default
5289,0.0,0.0,0.0,0.0,0.0,0.0,0.0,0.0,0.0,0.0,0.0,0.0,0.0,0.0,x3160863c,PQ,1.0,1.0,1.0,104.0,1000000.0,0.9,1.05,s1s2,c,False,False,False,46.6872,-119.0821,default
5290,0.0,0.0,0.0,0.0,0.0,0.0,0.0004809491964663,0.0001205372406365,0.0056190508619916,0.0014082670135165,0.0,0.0,0.0,0.0,sx3160863c,PQ,1.0,1.0,1.0,104.0,1000000.0,0.9,1.05,s1s2,c,False,True,False,46.6873,-119.0823,default
5291,0.0,0.0,0.0,0.0,0.0,0.0,0.0,0.0,0.0,0.0,0.0,0.0,0.0,0.0,x2823592a,PQ,1.0,1.0,1.0,104.0,1000000.0,0.9,1.05,s1s2,a,False,False,False,46.6859,-119.0791,default
5292,0.0,0.0,0.0,0.0,0.0,0.0,0.0012163675388982,0.0003048504313424,0.0005536324538515,0.0001387533677089,0.0,0.0,0.0,0.0,sx2823592a,PQ,1.0,1.0,1.0,104.0,1000000.0,0.9,1.05,s1s2,a,False,True,False,46.6859,-119.0793,default
5293,0.0,0.0,0.0,0.0,0.0,0.0,0.0,0.0,0.0,0.0,0.0,0.0,0.0,0.0,x2801909c,PQ,1.0,1.0,1.0,104.0,1000000.0,0.9,1.05,s1s2,c,False,False,False,46.6909,-119.0759,default
5294,0.0,0.0,0.0,0.0,0.0,0.0,0.0036597390252586,0.0009172171285559,0.0004102610064632,0.0001028211079449,0.0,0.0,0.0,0.0,sx2801909c,PQ,1.0,1.0,1.0,104.0,1000000.0,0.9,1.05,s1s2,c,False,True,False,46.691,-119.0762,default
