id,name,p_a,p_b,p_c,q_a,q_b,q_c,s_a_max,s_b_max,s_c_max,p_s1,p_s2,q_s1,q_s2,s_s1_max,s_s2_max,primary_phase,phases,q_a_max,q_b_max,q_c_max,q_a_min,q_b_min,q_c_min,q_s1_max,q_s2_max,q_s1_min,q_s2_min,control_variable,gen_shape
10,pv_load_p1ulv4153,0.0026666666666666666,0.0026666666666666666,0.0026666666666666666,0.0,0.0,0.0,0.0024242424242424247,0.0024242424242424247,0.0024242424242424247,0.0,0.0,0.0,0.0,0.0,0.0,,abc,0.0024242424242424247,0.0024242424242424247,0.0024242424242424247,-0.0024242424242424247,-0.0024242424242424247,-0.0024242424242424247,0.0,0.0,0.0,0.0,,PV
46,pv_load_p1ulv4110,0.0,0.0,0.0,0.0,0.0,0.0,0.0,0.0,0.0,0.05,0.05,0.0,0.0,0.0478468899521531,0.0478468899521531,a,s1s2,0.0,0.0,0.0,0.0,0.0,0.0,0.0478468899521531,0.0478468899521531,-0.0478468899521531,-0.0478468899521531,,PV
75,pv_load_p1ulv7633,0.0,0.0,0.0,0.0,0.0,0.0,0.0,0.0,0.0,0.05,0.05,0.0,0.0,0.04545454545454545,0.04545454545454545,c,s1s2,0.0,0.0,0.0,0.0,0.0,0.0,0.04545454545454545,0.04545454545454545,-0.04545454545454545,-0.04545454545454545,,PV
82,pv_load_p1ulv4196,0.0,0.0,0.0,0.0,0.0,0.0,0.0,0.0,0.0,0.005,0.005,0.0,0.0,0.0046650717703349285,0.0046650717703349285,b,s1s2,0.0,0.0,0.0,0.0,0.0,0.0,0.0046650717703349285,0.0046650717703349285,-0.0046650717703349285,-0.0046650717703349285,,PV
84,pv_load_p1ulv4193,0.0,0.0,0.0,0.0,0.0,0.0,0.0,0.0,0.0,0.05,0.05,0.0,0.0,0.04545454545454545,0.04545454545454545,c,s1s2,0.0,0.0,0.0,0.0,0.0,0.0,0.04545454545454545,0.04545454545454545,-0.04545454545454545,-0.04545454545454545,,PV
