id,name,p_a,p_b,p_c,q_a,q_b,q_c,s_a_max,s_b_max,s_c_max,phases,q_a_max,q_b_max,q_c_max,q_a_min,q_b_min,q_c_min,control_variable,s_base,gen_shape
5,pv_load_p1ulv4110,0.05,0.05,0.0,0.0,0.0,0.0,0.0478468899521531,0.0478468899521531,0.0,ab,100,100,100,-100,-100,-100,PQ,1000000,PV
27,pv_load_p1ulv7633,0.05,0.05,0.0,0.0,0.0,0.0,0.04545454545454545,0.04545454545454545,0.0,ab,100,100,100,-100,-100,-100,PQ,1000000,PV
34,pv_load_p1ulv4193,0.05,0.05,0.0,0.0,0.0,0.0,0.04545454545454545,0.04545454545454545,0.0,ab,100,100,100,-100,-100,-100,PQ,1000000,PV
36,pv_load_p1ulv4196,0.005,0.005,0.0,0.0,0.0,0.0,0.0046650717703349285,0.0046650717703349285,0.0,abab,100,100,100,-100,-100,-100,PQ,1000000,PV
53,pv_load_p1ulv4153,0.0026666666666666666,0.0026666666666666666,0.0026666666666666666,0.0,0.0,0.0,0.0024242424242424247,0.0024242424242424247,0.0024242424242424247,abc,100,100,100,-100,-100,-100,PQ,1000000,PV
