fb,tb,raa,rab,rac,rbb,rbc,rcc,xaa,xab,xac,xbb,xbc,xcc,type,name,status,s_base,v_ln_base,z_base,phases,sa_max,sb_max,sc_max
1,2,0.001,0.0003,0.0003,0.001,0.0003,0.001,0.0015,0.0005,0.0005,0.0015,0.0005,0.0015,line,line_1_2,,1000000.0,2401.7771198288433,5.768533333333334,abc,2,2,2
2,3,0.001,0.0003,0.0003,0.001,0.0003,0.001,0.0015,0.0005,0.0005,0.0015,0.0005,0.0015,line,line_2_3,,1000000.0,2401.7771198288433,5.768533333333334,abc,0.3,0.3,0.3
2,5,0.001,0.0003,0.0003,0.001,0.0003,0.001,0.0015,0.0005,0.0005,0.0015,0.0005,0.0015,line,line_2_5,,1000000.0,2401.7771198288433,5.768533333333334,abc,0.4,0.4,0.4
2,7,0.001,0.0003,0.0003,0.001,0.0003,0.001,0.0015,0.0005,0.0005,0.0015,0.0005,0.0015,line,line_2_7,,1000000.0,2401.7771198288433,5.768533333333334,abc,0.5,0.5,0.5
3,4,0.001,0.0003,0.0003,0.001,0.0003,0.001,0.0015,0.0005,0.0005,0.0015,0.0005,0.0015,line,line_3_4,,1000000.0,2401.7771198288433,5.768533333333334,abc,2,2,2
5,6,0.001,0.0003,0.0003,0.001,0.0003,0.001,0.0015,0.0005,0.0005,0.0015,0.0005,0.0015,line,line_5_6,,1000000.0,2401.7771198288433,5.768533333333334,abc,2,2,2
7,8,0.001,0.0003,0.0003,0.001,0.0003,0.001,0.0015,0.0005,0.0005,0.0015,0.0005,0.0015,line,line_7_8,,1000000.0,2401.7771198288433,5.768533333333334,abc,2,2,2
